address,topics,data,blockNumber,blockHash,timeStamp,gasPrice,gasUsed,logIndex,transactionHash,transactionIndex,blockNumber_int,timeStamp_int,timeStamp_dt,sender,recipient,amount0,amount1,sqrtPriceX96,liquidity,tick
0x88e6a0c2ddd26feeb64f039a2c41296fcb3f5640,"['0xc42079f94a6350d7e6235f29174924f928cc2ac818eb64fed8004e115fbcca67', '0x000000000000000000000000def1c0ded9bec7f1a1670819833240f027b25eff', '0x000000000000000000000000b4eae88d1643e172518dde0ef213c20628798c65']",0xfffffffffffffffffffffffffffffffffffffffffffffffffffffffff94877c000000000000000000000000000000000000000000000000000f2be175640d9cd00000000000000000000000000000000000060293a273945d098e2b54427a91c0000000000000000000000000000000000000000000000024fe5b17ff3668ea900000000000000000000000000000000000000000000000000000000000315fa,0x112a881,0xd5ca78be6c6b42cf929074f502cef676372c26f8d0ba389b6f9b5d612d70f815,0x64ea269b,0x59357e7b1,0x3559a,0xbd,0x8187139f2cf5e1d2b0a817f2951f0592fccc43dabf71ebc93de0edb648bd3413,0x21,18000001,1693066907,2023-08-26 16:21:47,0xdef1c0ded9bec7f1a1670819833240f027b25eff,0xb4eae88d1643e172518dde0ef213c20628798c65,-112691264,68325951804594637,1950377674162784547402475521943836,42650691009184698025,202234
0x88e6a0c2ddd26feeb64f039a2c41296fcb3f5640,"['0xc42079f94a6350d7e6235f29174924f928cc2ac818eb64fed8004e115fbcca67', '0x0000000000000000000000003fc91a3afd70395cd496c647d5a6cc9d4b2b7fad', '0x000000000000000000000000a66cdad5facbcbf74d9b60dcc8034c2a485e63ff']",0x00000000000000000000000000000000000000000000000000000000401332c0fffffffffffffffffffffffffffffffffffffffffffffffff6f6b698605fa7e00000000000000000000000000000000000006029363eb5b8121655aa04c1a9370000000000000000000000000000000000000000000000024fe5b17ff3668ea900000000000000000000000000000000000000000000000000000000000315fa,0x112a882,0x5b94c39ad7eecbf043f62a4a76c5abee87195207df98ae16eb3f289b2267f141,0x64ea26a7,0x5760a9dc4,0x377b4,0xad,0x29ec08dc5eed0e1cd411b29c52607661155087ffa107bae7f5e4a79f5306be1d,0x2b,18000002,1693066919,2023-08-26 16:21:59,0x3fc91a3afd70395cd496c647d5a6cc9d4b2b7fad,0xa66cdad5facbcbf74d9b60dcc8034c2a485e63ff,1075000000,-651132330540292128,1950376464615720204913290619496759,42650691009184698025,202234
0x88e6a0c2ddd26feeb64f039a2c41296fcb3f5640,"['0xc42079f94a6350d7e6235f29174924f928cc2ac818eb64fed8004e115fbcca67', '0x000000000000000000000000e592427a0aece92de3edee1f18e0157c05861564', '0x000000000000000000000000def171fe48cf0115b1d80b88dc8eab59176fee57']",0x00000000000000000000000000000000000000000000000000000001270b0180ffffffffffffffffffffffffffffffffffffffffffffffffd664289744e30afa0000000000000000000000000000000000006029243fb55ca06713afd232bc8b0000000000000000000000000000000000000000000000024fe5b17ff3668ea900000000000000000000000000000000000000000000000000000000000315fa,0x112a88d,0xf68f282d1fc1e116c64443efd6ef0a0e1048bf21017d443db4dd8f67ae14f575,0x64ea272b,0x46c7cfe00,0x2ea32,0xe7,0xcf7b968094b30c7a7e1c88003e8496c621b73ef284e41019c53101548ae20825,0x5e,18000013,1693067051,2023-08-26 16:24:11,0xe592427a0aece92de3edee1f18e0157c05861564,0xdef171fe48cf0115b1d80b88dc8eab59176fee57,4950000000,-2998226821761004806,1950370895092782394767185122868363,42650691009184698025,202234
0x88e6a0c2ddd26feeb64f039a2c41296fcb3f5640,"['0xc42079f94a6350d7e6235f29174924f928cc2ac818eb64fed8004e115fbcca67', '0x0000000000000000000000003fc91a3afd70395cd496c647d5a6cc9d4b2b7fad', '0x0000000000000000000000003fc91a3afd70395cd496c647d5a6cc9d4b2b7fad']",0x000000000000000000000000000000000000000000000000000000001dcd6500fffffffffffffffffffffffffffffffffffffffffffffffffbcc0f4f3d5042ad0000000000000000000000000000000000006029226e5b31fb8909eb975215260000000000000000000000000000000000000000000000024fe5b17ff3668ea900000000000000000000000000000000000000000000000000000000000315fa,0x112a88f,0x943f087b63585553db2d5a45f7550e41557405aa9ab475e29a2fdd0b008d001a,0x64ea2743,0x43c08918f,0x31ab2,0x109,0x070379239598fdeaed5cf8910f87135c55783fb75778715c16400ea4a4e96b7b,0x75,18000015,1693067075,2023-08-26 16:24:35,0x3fc91a3afd70395cd496c647d5a6cc9d4b2b7fad,0x3fc91a3afd70395cd496c647d5a6cc9d4b2b7fad,500000000,-302850241935162707,1950370332516476647311649558107430,42650691009184698025,202234
0x88e6a0c2ddd26feeb64f039a2c41296fcb3f5640,"['0xc42079f94a6350d7e6235f29174924f928cc2ac818eb64fed8004e115fbcca67', '0x0000000000000000000000003fc91a3afd70395cd496c647d5a6cc9d4b2b7fad', '0x00000000000000000000000081a460ea6fd96a73d5672f1f4aa684697d4b44cc']",0x000000000000000000000000000000000000000000000000000000012a05f200ffffffffffffffffffffffffffffffffffffffffffffffffd5f8a1d5b147957700000000000000000000000000000000000060291040d94f30bc0760988c158e0000000000000000000000000000000000000000000000024fe5b17ff3668ea900000000000000000000000000000000000000000000000000000000000315fa,0x112a89d,0x6ac7fe3575dfb18c5dc8b746acd0d472e78230a30ea1c67d1c6354b963d4f33b,0x64ea27eb,0x490b2770e,0x3024a,0xe9,0xb3bb64bb54d6465a80bfa0fe396868c08c40595b84e9d49ee493ff0b056d8f34,0x4d,18000029,1693067243,2023-08-26 16:27:23,0x3fc91a3afd70395cd496c647d5a6cc9d4b2b7fad,0x81a460ea6fd96a73d5672f1f4aa684697d4b44cc,5000000000,-3028492810232294025,1950364706771269126652095168779662,42650691009184698025,202234
0x88e6a0c2ddd26feeb64f039a2c41296fcb3f5640,"['0xc42079f94a6350d7e6235f29174924f928cc2ac818eb64fed8004e115fbcca67', '0x0000000000000000000000003fc91a3afd70395cd496c647d5a6cc9d4b2b7fad', '0x0000000000000000000000003fc91a3afd70395cd496c647d5a6cc9d4b2b7fad']",0x00000000000000000000000000000000000000000000000000000000093d1cc0fffffffffffffffffffffffffffffffffffffffffffffffffeb275e92a7ba98c00000000000000000000000000000000000060290fb0972f487dd75ae4934a090000000000000000000000000000000000000000000000024fe5b17ff3668ea900000000000000000000000000000000000000000000000000000000000315fa,0x112a89e,0x2dbbc8eff60fcd4972f1148182e80c64a1ef0eaebd6e6068337b96562b83c817,0x64ea27f7,0x47a9e8d5c,0x2bde5,0x13d,0xf2a7a81d39cfa4e64b67d33a2c4e63cc7291fd931ebae2754240d9a9ecbb47b4,0x76,18000030,1693067255,2023-08-26 16:27:35,0x3fc91a3afd70395cd496c647d5a6cc9d4b2b7fad,0x3fc91a3afd70395cd496c647d5a6cc9d4b2b7fad,155000000,-93882997920781940,1950364532373686330343746023148041,42650691009184698025,202234
0x88e6a0c2ddd26feeb64f039a2c41296fcb3f5640,"['0xc42079f94a6350d7e6235f29174924f928cc2ac818eb64fed8004e115fbcca67', '0x0000000000000000000000003fc91a3afd70395cd496c647d5a6cc9d4b2b7fad', '0x0000000000000000000000003aaf77ba7da262e34dffb9b10fc6777bfda79ab7']",0xfffffffffffffffffffffffffffffffffffffffffffffffffffffffffe592ebf000000000000000000000000000000000000000000000000003baff8fcd9044e00000000000000000000000000000000000060290fca64954debbfb7493538bc0000000000000000000000000000000000000000000000024fe5b17ff3668ea900000000000000000000000000000000000000000000000000000000000315fa,0x112a89f,0x7e1dabcde7950f21ee505dc6d8afb9be5e90e4082537b1e6ddc42c1bd26dac72,0x64ea2803,0x466fc897b,0x34744,0x15c,0xfb0800075a5b48d32e9766962bded29a59ed1a4231d4124c63585f035ef58f49,0x4b,18000031,1693067267,2023-08-26 16:27:47,0x3fc91a3afd70395cd496c647d5a6cc9d4b2b7fad,0x3aaf77ba7da262e34dffb9b10fc6777bfda79ab7,-27709761,16800507554759758,1950364563566798908817497207945404,42650691009184698025,202234
0x88e6a0c2ddd26feeb64f039a2c41296fcb3f5640,"['0xc42079f94a6350d7e6235f29174924f928cc2ac818eb64fed8004e115fbcca67', '0x000000000000000000000000cb3702bc25b0f284b032e5edf1a1ebea2fe43255', '0x000000000000000000000000cb3702bc25b0f284b032e5edf1a1ebea2fe43255']",0xfffffffffffffffffffffffffffffffffffffffffffffffffffffffff60dcbd100000000000000000000000000000000000000000000000001676fea0000000000000000000000000000000000000000000060291065c64212eb03a16c0683b20000000000000000000000000000000000000000000000024fe5b17ff3668ea900000000000000000000000000000000000000000000000000000000000315fa,0x112a8a0,0x71ed471996c09b4e7167186f25bd7ae6eee5ff6688a1d4bfda7b5b6dc53a5bb0,0x64ea280f,0x45937c5ae,0x669d0,0x1c,0x195b32039fe91b7d662827637e7fac59ebde269aa223cfb3164556b7d243b40c,0x2,18000032,1693067279,2023-08-26 16:27:59,0xcb3702bc25b0f284b032e5edf1a1ebea2fe43255,0xcb3702bc25b0f284b032e5edf1a1ebea2fe43255,-166868015,101172567452155904,1950364751411557533043276296651698,42650691009184698025,202234
0x88e6a0c2ddd26feeb64f039a2c41296fcb3f5640,"['0xc42079f94a6350d7e6235f29174924f928cc2ac818eb64fed8004e115fbcca67', '0x000000000000000000000000def1c0ded9bec7f1a1670819833240f027b25eff', '0x000000000000000000000000def1c0ded9bec7f1a1670819833240f027b25eff']",0x0000000000000000000000000000000000000000000000000000000007156b84ffffffffffffffffffffffffffffffffffffffffffffffffff00434a7445e71300000000000000000000000000000000000060290ff72a8cc3d28200771eb9a40000000000000000000000000000000000000000000000024fe5b17ff3668ea900000000000000000000000000000000000000000000000000000000000315fa,0x112a8a1,0x0304c77dfd4b2ca9da6a15f2e6ffbaec258e9c6934e41a58be1a7c9a378c535a,0x64ea281b,0x45c32b62e,0x48b91,0x182,0xf28c37f6f39da97a1e5d1b9df4ca35ac8dc5217fb51c587a6fd5d1c54da7741f,0x86,18000033,1693067291,2023-08-26 16:28:11,0xdef1c0ded9bec7f1a1670819833240f027b25eff,0xdef1c0ded9bec7f1a1670819833240f027b25eff,118844292,-71983606980548845,1950364617694406010464073901062564,42650691009184698025,202234
0x88e6a0c2ddd26feeb64f039a2c41296fcb3f5640,"['0xc42079f94a6350d7e6235f29174924f928cc2ac818eb64fed8004e115fbcca67', '0x00000000000000000000000068b3465833fb72a70ecdf485e0e4c7bd8665fc45', '0x0000000000000000000000009e0905249ceefffb9605e034b534544684a58be6']",0x000000000000000000000000000000000000000000000000000000002ac95019fffffffffffffffffffffffffffffffffffffffffffffffff9f74fefbe615ce500000000000000000000000000000000000060290d5b13c0e6a8594265c61acb0000000000000000000000000000000000000000000000024fe5b17ff3668ea900000000000000000000000000000000000000000000000000000000000315fa,0x112a8a6,0xe4ad7c08e013c29860653e2eadabfcd60d2eed5f9a6201ee2292fd160ea45997,0x64ea2857,0x476ea04df,0x34744,0x192,0xa8c4873c8540e31366847b146c17b7f81a8ea89399faf8f1087526ab6adb5ef0,0x6f,18000038,1693067351,2023-08-26 16:29:11,0x68b3465833fb72a70ecdf485e0e4c7bd8665fc45,0x9e0905249ceefffb9605e034b534544684a58be6,717836313,-434790947908133659,1950363810024305819626661759818443,42650691009184698025,202234
0x88e6a0c2ddd26feeb64f039a2c41296fcb3f5640,"['0xc42079f94a6350d7e6235f29174924f928cc2ac818eb64fed8004e115fbcca67', '0x0000000000000000000000003fc91a3afd70395cd496c647d5a6cc9d4b2b7fad', '0x000000000000000000000000c9746d57fc7c345f2c38ac5d70c7cbf0c9f003d7']",0xffffffffffffffffffffffffffffffffffffffffffffffffffffffffc503d5010000000000000000000000000000000000000000000000000853a0d2313c0000000000000000000000000000000000000000602910f48fb7744afb7530ea9e4c0000000000000000000000000000000000000000000000024fe5b17ff3668ea900000000000000000000000000000000000000000000000000000000000315fa,0x112a8a8,0x6482da3c6866f077af65226e64d12404bdd8e76f912588a085816d8a13ba843e,0x64ea286f,0x489ad48e8,0x21b24,0x19f,0x576d098aa850b1a9a6d4cec157a3cfc1153eec103e81ed7fc055773e23eef160,0x60,18000040,1693067375,2023-08-26 16:29:35,0x3fc91a3afd70395cd496c647d5a6cc9d4b2b7fad,0xc9746d57fc7c345f2c38ac5d70c7cbf0c9f003d7,-989604607,600000000000000000,1950364924030384867033275190386252,42650691009184698025,202234
0x88e6a0c2ddd26feeb64f039a2c41296fcb3f5640,"['0xc42079f94a6350d7e6235f29174924f928cc2ac818eb64fed8004e115fbcca67', '0x000000000000000000000000def1c0ded9bec7f1a1670819833240f027b25eff', '0x000000000000000000000000def1c0ded9bec7f1a1670819833240f027b25eff']",0x0000000000000000000000000000000000000000000000000000000020c85580fffffffffffffffffffffffffffffffffffffffffffffffffb60791ab99e35a800000000000000000000000000000000000060290ef4ad56ebfd64585b22ab040000000000000000000000000000000000000000000000024fe5b17ff3668ea900000000000000000000000000000000000000000000000000000000000315fa,0x112a8aa,0x753e6966e1c458a359ecf097862df3ad70af307c057590e09a03cd873a7ade74,0x64ea2887,0x500c2616d,0x6734d,0x33,0xa7082b7b8f569d53499eb79fca2b2c8126458727a59472af96b511d37be8066e,0x23,18000042,1693067399,2023-08-26 16:29:59,0xdef1c0ded9bec7f1a1670819833240f027b25eff,0xdef1c0ded9bec7f1a1670819833240f027b25eff,550000000,-333133216735152728,1950364305200255509725638513830660,42650691009184698025,202234
0x88e6a0c2ddd26feeb64f039a2c41296fcb3f5640,"['0xc42079f94a6350d7e6235f29174924f928cc2ac818eb64fed8004e115fbcca67', '0x0000000000000000000000003fc91a3afd70395cd496c647d5a6cc9d4b2b7fad', '0x0000000000000000000000007f4aa49cbb69442276b9cc8f5faaf08c14f4bc59']",0xffffffffffffffffffffffffffffffffffffffffffffffffffffffffec569c8000000000000000000000000000000000000000000000000002c68af0bb14000000000000000000000000000000000000000060291027d6a91b339a6949842c2f0000000000000000000000000000000000000000000000024fe5b17ff3668ea900000000000000000000000000000000000000000000000000000000000315fa,0x112a8aa,0x753e6966e1c458a359ecf097862df3ad70af307c057590e09a03cd873a7ade74,0x64ea2887,0x48f82ae6d,0x2f8c9,0x12e,0x493308c5c6517d181e3a697f2b77a7ebd327ef9c4d616bc48dbf02e528696bdd,0x70,18000042,1693067399,2023-08-26 16:29:59,0x3fc91a3afd70395cd496c647d5a6cc9d4b2b7fad,0x7f4aa49cbb69442276b9cc8f5faaf08c14f4bc59,-329868160,200000000000000000,1950364676535615192194509657353263,42650691009184698025,202234
0x88e6a0c2ddd26feeb64f039a2c41296fcb3f5640,"['0xc42079f94a6350d7e6235f29174924f928cc2ac818eb64fed8004e115fbcca67', '0x00000000000000000000000051c72848c68a965f66fa7a88855f9f7784502a7f', '0x00000000000000000000000051c72848c68a965f66fa7a88855f9f7784502a7f']",0xffffffffffffffffffffffffffffffffffffffffffffffffffffffef1998b19900000000000000000000000000000000000000000000000262c429b0cfa9c000000000000000000000000000000000000000602a182f3d7ff3d38be18bc6b43c0000000000000000000000000000000000000000000000024fe5b17ff3668ea900000000000000000000000000000000000000000000000000000000000315fa,0x112a8b8,0xbd51727d598f366a4a705985d584f01fbd39340dd9e0e4accaec48a43eef2f6c,0x64ea292f,0x6ed9ae10f,0x1c14b,0x14,0xf880a2f80e3340a3de91561d4e071cda46ec7c9d82d679f1032d5b2d4f0dd5a6,0x3,18000056,1693067567,2023-08-26 16:32:47,0x51c72848c68a965f66fa7a88855f9f7784502a7f,0x51c72848c68a965f66fa7a88855f9f7784502a7f,-72585006695,44010347297946320896,1950446389526333358539867177792572,42650691009184698025,202234
0x88e6a0c2ddd26feeb64f039a2c41296fcb3f5640,"['0xc42079f94a6350d7e6235f29174924f928cc2ac818eb64fed8004e115fbcca67', '0x0000000000000000000000003fc91a3afd70395cd496c647d5a6cc9d4b2b7fad', '0x0000000000000000000000003fc91a3afd70395cd496c647d5a6cc9d4b2b7fad']",0x000000000000000000000000000000000000000000000000000000006c3d0b48fffffffffffffffffffffffffffffffffffffffffffffffff0bc03d3fb120000000000000000000000000000000000000000602a119501e263294cb9c7d8ef1d0000000000000000000000000000000000000000000000024fe5b17ff3668ea900000000000000000000000000000000000000000000000000000000000315fa,0x112a8b9,0xa238c846d60eca792f56fc54f74ee3e3a65208f5a6c6bc303629554e6c708e5d,0x64ea293b,0x51894c700,0x2c40e,0xa4,0x66894f5531f22491de9e534d16332f2f7657ea2a4ee851184f12f8d52333aac7,0x45,18000057,1693067579,2023-08-26 16:32:59,0x3fc91a3afd70395cd496c647d5a6cc9d4b2b7fad,0x3fc91a3afd70395cd496c647d5a6cc9d4b2b7fad,1815939912,-1100000000000000000,1950444346160172024293952931295005,42650691009184698025,202234
0x88e6a0c2ddd26feeb64f039a2c41296fcb3f5640,"['0xc42079f94a6350d7e6235f29174924f928cc2ac818eb64fed8004e115fbcca67', '0x0000000000000000000000003fc91a3afd70395cd496c647d5a6cc9d4b2b7fad', '0x0000000000000000000000003416cf6c708da44db2624d63ea0aaef7113527c6']",0xfffffffffffffffffffffffffffffffffffffffffffffffffffffffac3a300e4000000000000000000000000000000000000000000000000bd3b442ecf314cb0000000000000000000000000000000000000602a63629b9343b3c9c8fdd8fbef0000000000000000000000000000000000000000000000024fe5b17ff3668ea900000000000000000000000000000000000000000000000000000000000315fb,0x112a8ba,0x8259c9a3c858e2621674b8249785a984e1e8d87350d91084588e9c140c2cb23b,0x64ea2947,0x4dd170c06,0x3a013,0x11b,0x6e4eda20b7cfa9b6d1e36e71fcebad75c3d03a7faaf4e490aaa1c033012d3656,0x71,18000058,1693067591,2023-08-26 16:33:11,0x3fc91a3afd70395cd496c647d5a6cc9d4b2b7fad,0x3416cf6c708da44db2624d63ea0aaef7113527c6,-22487564060,13635567264629607600,1950469663001545452961644617989103,42650691009184698025,202235
0x88e6a0c2ddd26feeb64f039a2c41296fcb3f5640,"['0xc42079f94a6350d7e6235f29174924f928cc2ac818eb64fed8004e115fbcca67', '0x000000000000000000000000e8cfad4c75a5e1caf939fd80afcf837dde340a69', '0x000000000000000000000000e8cfad4c75a5e1caf939fd80afcf837dde340a69']",0xffffffffffffffffffffffffffffffffffffffffffffffffffffff9dcabbcf6500000000000000000000000000000000000000000000000dde560c1ffa3961a70000000000000000000000000000000000006030622a18ce93fffffff8df528d0000000000000000000000000000000000000000000000024fe5b17ff3668ea900000000000000000000000000000000000000000000000000000000000315ff,0x112a8c1,0xbd4f083f7252f72ec0f84887d42e855f235585dc7d64d28b4166bae38ac7f1c0,0x64ea299b,0x38e5e5d377,0x1f9c4,0xa,0x525bde5f069dac2457e3dccda54bdbef9bf268a3ac953b49ae6f2cca7008b106,0x3,18000065,1693067675,2023-08-26 16:34:35,0xe8cfad4c75a5e1caf939fd80afcf837dde340a69,0xe8cfad4c75a5e1caf939fd80afcf837dde340a69,-421800456347,255828679014122873255,1950944654174239453926559745790605,42650691009184698025,202239
0x88e6a0c2ddd26feeb64f039a2c41296fcb3f5640,"['0xc42079f94a6350d7e6235f29174924f928cc2ac818eb64fed8004e115fbcca67', '0x0000000000000000000000003fc91a3afd70395cd496c647d5a6cc9d4b2b7fad', '0x000000000000000000000000a02b3603baf16227b19766ec7b25908e25a6993a']",0xffffffffffffffffffffffffffffffffffffffffffffffffffffffff9abc5a470000000000000000000000000000000000000000000000000e4db72d29ee815b000000000000000000000000000000000000603068590645bf37ec71437a29fb0000000000000000000000000000000000000000000000024fe5b17ff3668ea900000000000000000000000000000000000000000000000000000000000315ff,0x112a8c5,0x6e5195edc5b4cff579ab9b2508162c7698eabaca8ca788819ede7540fdefdd5e,0x64ea29cb,0x43a7b9994,0x1c6aa,0x211,0x4cafa490b98c87c5d1867ff279e222ca01dfdb20393ce63d3533d9e2332a9050,0x47,18000069,1693067723,2023-08-26 16:35:23,0x3fc91a3afd70395cd496c647d5a6cc9d4b2b7fad,0xa02b3603baf16227b19766ec7b25908e25a6993a,-1698932153,1030681294342619483,1950946567816285217472430160357883,42650691009184698025,202239
0x88e6a0c2ddd26feeb64f039a2c41296fcb3f5640,"['0xc42079f94a6350d7e6235f29174924f928cc2ac818eb64fed8004e115fbcca67', '0x000000000000000000000000def1c0ded9bec7f1a1670819833240f027b25eff', '0x000000000000000000000000def1c0ded9bec7f1a1670819833240f027b25eff']",0x0000000000000000000000000000000000000000000000000000000035a4e900fffffffffffffffffffffffffffffffffffffffffffffffff86e2a26b58e22b100000000000000000000000000000000000060306512e56b18592c70b305194d0000000000000000000000000000000000000000000000024fe5b17ff3668ea900000000000000000000000000000000000000000000000000000000000315ff,0x112a8c5,0x6e5195edc5b4cff579ab9b2508162c7698eabaca8ca788819ede7540fdefdd5e,0x64ea29cb,0x43a7b9994,0x32758,0x236,0x7ae4087e67a5d95f9c58afc03b282c3f5d90c4ce9d0260ecb79a7ba986220fcd,0x53,18000069,1693067723,2023-08-26 16:35:23,0xdef1c0ded9bec7f1a1670819833240f027b25eff,0xdef1c0ded9bec7f1a1670819833240f027b25eff,900000000,-545452159122136399,1950945554581299238494120645564749,42650691009184698025,202239
0x88e6a0c2ddd26feeb64f039a2c41296fcb3f5640,"['0xc42079f94a6350d7e6235f29174924f928cc2ac818eb64fed8004e115fbcca67', '0x0000000000000000000000003fc91a3afd70395cd496c647d5a6cc9d4b2b7fad', '0x000000000000000000000000b305551d328c1f4b5ceec1d35078879d2e5b373f']",0xffffffffffffffffffffffffffffffffffffffffffffffffffffffff26de4caf0000000000000000000000000000000000000000000000001eab7f4a799d0000000000000000000000000000000000000000603073113ca661fd11efe6f89717000000000000000000000000000000000000000000000001e9c8de46f1657d570000000000000000000000000000000000000000000000000000000000031600,0x112a8c7,0xf7a263f83ef235b2027ca554f3475bbd76d335ad7ff0db8f1010e118c3269d29,0x64ea29e3,0x43a43dd77,0x2b1c6,0x94,0x78fe21e7565ae57985b71664d79c1ec2991d0e500c5c858ef943c7279d1e298e,0x4b,18000071,1693067747,2023-08-26 16:35:47,0x3fc91a3afd70395cd496c647d5a6cc9d4b2b7fad,0xb305551d328c1f4b5ceec1d35078879d2e5b373f,-3642864465,2210000000000000000,1950949885365524646342952908003095,35292702876167929175,202240
0x88e6a0c2ddd26feeb64f039a2c41296fcb3f5640,"['0xc42079f94a6350d7e6235f29174924f928cc2ac818eb64fed8004e115fbcca67', '0x0000000000000000000000003fc91a3afd70395cd496c647d5a6cc9d4b2b7fad', '0x0000000000000000000000003fc91a3afd70395cd496c647d5a6cc9d4b2b7fad']",0x000000000000000000000000000000000000000000000000000000001d9ec703fffffffffffffffffffffffffffffffffffffffffffffffffbd1ffc379b8f219000000000000000000000000000000000000603070e1f86071fb916b716e425c000000000000000000000000000000000000000000000001e9c8de46f1657d570000000000000000000000000000000000000000000000000000000000031600,0x112a8cc,0xfb301b27ff6ee407bc42f2f5e1839a55cbcaedcef21887f00625eb9af674226c,0x64ea2a1f,0x49f25600c,0x2660c,0xb3,0xf30a9820f35e96a345c7385f4fc5817607dda9ba0ba3a19e18e0b7213a11d287,0x5f,18000076,1693067807,2023-08-26 16:36:47,0x3fc91a3afd70395cd496c647d5a6cc9d4b2b7fad,0x3fc91a3afd70395cd496c647d5a6cc9d4b2b7fad,496944899,-301178485031243239,1950949209253580441343671938204252,35292702876167929175,202240
0x88e6a0c2ddd26feeb64f039a2c41296fcb3f5640,"['0xc42079f94a6350d7e6235f29174924f928cc2ac818eb64fed8004e115fbcca67', '0x0000000000000000000000003fc91a3afd70395cd496c647d5a6cc9d4b2b7fad', '0x0000000000000000000000003fc91a3afd70395cd496c647d5a6cc9d4b2b7fad']",0x0000000000000000000000000000000000000000000000000000000001405ec6ffffffffffffffffffffffffffffffffffffffffffffffffffd2caf38ed530f9000000000000000000000000000000000000603070ca57640748641815d6de06000000000000000000000000000000000000000000000001e9c8de46f1657d570000000000000000000000000000000000000000000000000000000000031600,0x112a8cf,0x6c3492f0b478c1ca519e4b7c2e81bf71081c2b6528baf70dec643f0ce15fc496,0x64ea2a43,0x46c206add,0x2a8a8,0x165,0x260b99ad20aee1eae6ab1e764ba1b3a6bf946c3da605e0a5256e90e754ec330f,0x67,18000079,1693067843,2023-08-26 16:37:23,0x3fc91a3afd70395cd496c647d5a6cc9d4b2b7fad,0x3fc91a3afd70395cd496c647d5a6cc9d4b2b7fad,20995782,-12724701506490119,1950949180688051684902657985011206,35292702876167929175,202240
0x88e6a0c2ddd26feeb64f039a2c41296fcb3f5640,"['0xc42079f94a6350d7e6235f29174924f928cc2ac818eb64fed8004e115fbcca67', '0x0000000000000000000000003fc91a3afd70395cd496c647d5a6cc9d4b2b7fad', '0x000000000000000000000000ad13d813f2243c02f383bf417b6d71c5db3c75ad']",0xffffffffffffffffffffffffffffffffffffffffffffffffffffffeda389cfba00000000000000000000000000000000000000000000000297faaf4ae5ff03d10000000000000000000000000000000000006031cbaa2844123d9dda2b8cb997000000000000000000000000000000000000000000000001e9c8de46f1657d570000000000000000000000000000000000000000000000000000000000031601,0x112a8d0,0x3c48723f514d9f663ab011cee184e4feb2b4d81827449e90098e1dc282d7dfdc,0x64ea2a4f,0x45e6148d3,0x23e35,0x121,0x380b9c771c20e3aee11096f12896a6e35335a62ff6983d60e5b7aa62e746df77,0x60,18000080,1693067855,2023-08-26 16:37:35,0x3fc91a3afd70395cd496c647d5a6cc9d4b2b7fad,0xad13d813f2243c02f383bf417b6d71c5db3c75ad,-78860660806,47844746327545021393,1951056533078292733068955286813079,35292702876167929175,202241
0x88e6a0c2ddd26feeb64f039a2c41296fcb3f5640,"['0xc42079f94a6350d7e6235f29174924f928cc2ac818eb64fed8004e115fbcca67', '0x0000000000000000000000003fc91a3afd70395cd496c647d5a6cc9d4b2b7fad', '0x0000000000000000000000001a80afe14143637c0b7609e6e276464e4f748014']",0x000000000000000000000000000000000000000000000000000000004d3f0febfffffffffffffffffffffffffffffffffffffffffffffffff5193ffc7f7a07670000000000000000000000000000000000006031c5f77dde94786eb72d61059a000000000000000000000000000000000000000000000001e9c8de46f1657d570000000000000000000000000000000000000000000000000000000000031601,0x112a8d5,0xb65c26b3c2aa485c5cfea879010d2aa477d1ab8334b11b789a3f6f86bbf3c741,0x64ea2a8b,0x427869418,0x3da7a,0x113,0x18a1e99d1e4df854f2b8d81df65f5e68355a491a80101d1c2ff74607753d2a60,0x61,18000085,1693067915,2023-08-26 16:38:35,0x3fc91a3afd70395cd496c647d5a6cc9d4b2b7fad,0x1a80afe14143637c0b7609e6e276464e4f748014,1295978475,-785526306296428697,1951054769659773248998681721505178,35292702876167929175,202241
0x88e6a0c2ddd26feeb64f039a2c41296fcb3f5640,"['0xc42079f94a6350d7e6235f29174924f928cc2ac818eb64fed8004e115fbcca67', '0x000000000000000000000000e592427a0aece92de3edee1f18e0157c05861564', '0x000000000000000000000000e592427a0aece92de3edee1f18e0157c05861564']",0xffffffffffffffffffffffffffffffffffffffffffffffffffffffffb41747260000000000000000000000000000000000000000000000000ab92e8e59f1c0000000000000000000000000000000000000006031cb919f51b1d298e763ff9e5d000000000000000000000000000000000000000000000001e9c8de46f1657d570000000000000000000000000000000000000000000000000000000000031601,0x112a8d6,0xbaa365dcb89de8afb7212c12d3da1beea54ea138b1852a1ff471c82ae8c03d61,0x64ea2a97,0x49918bdf1,0x2fc6c,0x13,0x22ade2cb421bc5be2c24dbbde8b89f8b9b66e4465d9cbcfe90378eee829092af,0x9,18000086,1693067927,2023-08-26 16:38:47,0xe592427a0aece92de3edee1f18e0157c05861564,0xe592427a0aece92de3edee1f18e0157c05861564,-1273542874,772700000000000000,1951056503417360160929454707678813,35292702876167929175,202241
0x88e6a0c2ddd26feeb64f039a2c41296fcb3f5640,"['0xc42079f94a6350d7e6235f29174924f928cc2ac818eb64fed8004e115fbcca67', '0x000000000000000000000000e592427a0aece92de3edee1f18e0157c05861564', '0x000000000000000000000000e592427a0aece92de3edee1f18e0157c05861564']",0x000000000000000000000000000000000000000000000000000000004be8b8dafffffffffffffffffffffffffffffffffffffffffffffffff5499008f5dfd0d80000000000000000000000000000000000006031c5f83570332da2ed52a1e519000000000000000000000000000000000000000000000001e9c8de46f1657d570000000000000000000000000000000000000000000000000000000000031601,0x112a8d6,0xbaa365dcb89de8afb7212c12d3da1beea54ea138b1852a1ff471c82ae8c03d61,0x64ea2a97,0x49918bdf1,0x2fc6c,0x16,0x22ade2cb421bc5be2c24dbbde8b89f8b9b66e4465d9cbcfe90378eee829092af,0x9,18000086,1693067927,2023-08-26 16:38:47,0xe592427a0aece92de3edee1f18e0157c05861564,0xe592427a0aece92de3edee1f18e0157c05861564,1273542874,-771927492958105384,1951054770526652529358750615725337,35292702876167929175,202241
0x88e6a0c2ddd26feeb64f039a2c41296fcb3f5640,"['0xc42079f94a6350d7e6235f29174924f928cc2ac818eb64fed8004e115fbcca67', '0x0000000000000000000000003fc91a3afd70395cd496c647d5a6cc9d4b2b7fad', '0x0000000000000000000000003fc91a3afd70395cd496c647d5a6cc9d4b2b7fad']",0x0000000000000000000000000000000000000000000000000000000068cc19dbfffffffffffffffffffffffffffffffffffffffffffffffff135e65fd703bdd10000000000000000000000000000000000006031be3d4b7c29348670ab711266000000000000000000000000000000000000000000000001e9c8de46f1657d570000000000000000000000000000000000000000000000000000000000031601,0x112a8d9,0xfbd637ca042e8e6dc45887357b8a9ea4431b4853683d206aa2268c693bb4c3c7,0x64ea2abb,0x3e0c439a6,0x46abd,0xf7,0xdc2426005a5726dcd39619da157d6410d3a7d0862efb5be1cab2729c8ff7e30b,0x63,18000089,1693067963,2023-08-26 16:39:23,0x3fc91a3afd70395cd496c647d5a6cc9d4b2b7fad,0x3fc91a3afd70395cd496c647d5a6cc9d4b2b7fad,1758206427,-1065692437499626031,1951052378166568216922693332701798,35292702876167929175,202241
0x88e6a0c2ddd26feeb64f039a2c41296fcb3f5640,"['0xc42079f94a6350d7e6235f29174924f928cc2ac818eb64fed8004e115fbcca67', '0x0000000000000000000000003fc91a3afd70395cd496c647d5a6cc9d4b2b7fad', '0x0000000000000000000000003fc91a3afd70395cd496c647d5a6cc9d4b2b7fad']",0x000000000000000000000000000000000000000000000000000000000a78baa5fffffffffffffffffffffffffffffffffffffffffffffffffe85af26b8fa03ea0000000000000000000000000000000000006031bd778ea79451b8f5adad82b4000000000000000000000000000000000000000000000001e9c8de46f1657d570000000000000000000000000000000000000000000000000000000000031601,0x112a8de,0xcdca66833f7a3998a8fef9f2da8cad8b4df6a5162e3e2743722bd7980d785368,0x64ea2af7,0x4462e9c18,0x3e2d2,0x8d,0x5a647a4cdfa8501c729007530bfe4ad283ebbff20e624e2cb81c041481206a91,0x42,18000094,1693068023,2023-08-26 16:40:23,0x3fc91a3afd70395cd496c647d5a6cc9d4b2b7fad,0x3fc91a3afd70395cd496c647d5a6cc9d4b2b7fad,175684261,-106486435326327830,1951052139116455415954435713368756,35292702876167929175,202241
0x88e6a0c2ddd26feeb64f039a2c41296fcb3f5640,"['0xc42079f94a6350d7e6235f29174924f928cc2ac818eb64fed8004e115fbcca67', '0x0000000000000000000000003fc91a3afd70395cd496c647d5a6cc9d4b2b7fad', '0x0000000000000000000000003fc91a3afd70395cd496c647d5a6cc9d4b2b7fad']",0x0000000000000000000000000000000000000000000000000000000035a4e900fffffffffffffffffffffffffffffffffffffffffffffffff86df483a57bf2f30000000000000000000000000000000000006031b982951ceb2f9081a58015d7000000000000000000000000000000000000000000000001e9c8de46f1657d570000000000000000000000000000000000000000000000000000000000031601,0x112a8de,0xcdca66833f7a3998a8fef9f2da8cad8b4df6a5162e3e2743722bd7980d785368,0x64ea2af7,0x3d4eee918,0x2a9de,0x152,0x6a138e9b9dadcb92fcf5397a284c4f69c2cd556296bb47617350a1be267a2952,0x87,18000094,1693068023,2023-08-26 16:40:23,0x3fc91a3afd70395cd496c647d5a6cc9d4b2b7fad,0x3fc91a3afd70395cd496c647d5a6cc9d4b2b7fad,900000000,-545511133587705101,1951050914505098873684976897889751,35292702876167929175,202241
0x88e6a0c2ddd26feeb64f039a2c41296fcb3f5640,"['0xc42079f94a6350d7e6235f29174924f928cc2ac818eb64fed8004e115fbcca67', '0x000000000000000000000000def1c0ded9bec7f1a1670819833240f027b25eff', '0x000000000000000000000000def1c0ded9bec7f1a1670819833240f027b25eff']",0x000000000000000000000000000000000000000000000000000000000ee6b280fffffffffffffffffffffffffffffffffffffffffffffffffde5a79632a5b3160000000000000000000000000000000000006031b8693368bf44a95d7f6f61c7000000000000000000000000000000000000000000000001e9c8de46f1657d570000000000000000000000000000000000000000000000000000000000031601,0x112a8e1,0xed21faecef2352139c804d10e7989fcb0505030bafb147350519ba7c006ff8f8,0x64ea2b1b,0x462d188d5,0x2fdc1,0x6b,0x86f7537300feab454a095009b6f3a18193620f49e9274c48a032d9e8924b5f96,0xc,18000097,1693068059,2023-08-26 16:40:59,0xdef1c0ded9bec7f1a1670819833240f027b25eff,0xdef1c0ded9bec7f1a1670819833240f027b25eff,250000000,-151530748910390506,1951050574335550434606724875772359,35292702876167929175,202241
0x88e6a0c2ddd26feeb64f039a2c41296fcb3f5640,"['0xc42079f94a6350d7e6235f29174924f928cc2ac818eb64fed8004e115fbcca67', '0x000000000000000000000000bc2c6cd5013585ac720160efcb1feced30837177', '0x000000000000000000000000bc2c6cd5013585ac720160efcb1feced30837177']",0xffffffffffffffffffffffffffffffffffffffffffffffffffffffcf2573d0cd000000000000000000000000000000000000000000000006e6ffb1a4d2cdc6be00000000000000000000000000000000000060355385943b7000000001edd8bd000000000000000000000000000000000000000000000001e9c8de46f1657d570000000000000000000000000000000000000000000000000000000000031603,0x112a8e2,0x589e73c56a4a66246668d34a68f0d1ed727bf1fd90ff3a8bca87059f06f41023,0x64ea2b27,0xc0e4ac18f,0x1ee44,0x19,0x58d84eb8673cb03710908308f10440a3eff9f055583cad6933609353df84e6ff,0x4,18000098,1693068071,2023-08-26 16:41:11,0xbc2c6cd5013585ac720160efcb1feced30837177,0xbc2c6cd5013585ac720160efcb1feced30837177,-209825050419,127325682511511406270,1951336263306772218793366981040317,35292702876167929175,202243
0x88e6a0c2ddd26feeb64f039a2c41296fcb3f5640,"['0xc42079f94a6350d7e6235f29174924f928cc2ac818eb64fed8004e115fbcca67', '0x000000000000000000000000e8cfad4c75a5e1caf939fd80afcf837dde340a69', '0x000000000000000000000000e8cfad4c75a5e1caf939fd80afcf837dde340a69']",0xffffffffffffffffffffffffffffffffffffffffffffffffffffff860340b4cc0000000000000000000000000000000000000000000000113e70acd9e036be21000000000000000000000000000000000000603e48f34cd593ffffff6a92b894000000000000000000000000000000000000000000000001f9a7224dcf442f0e000000000000000000000000000000000000000000000000000000000003160b,0x112a8e3,0x6465b61ca3573982c1ab3d33b9422c5ce34f5f61b551a8e7b684203e0ec3be60,0x64ea2b33,0x97c6c186fc,0x26f2a,0x8,0xd71237977566fc90f775c31715f7d443e46eb7e356726552d08600347cf0d9a5,0x2,18000099,1693068083,2023-08-26 16:41:23,0xe8cfad4c75a5e1caf939fd80afcf837dde340a69,0xe8cfad4c75a5e1caf939fd80afcf837dde340a69,-523931437876,318093935332575067681,1952046045078965726539281763317908,36436129027849465614,202251
0x88e6a0c2ddd26feeb64f039a2c41296fcb3f5640,"['0xc42079f94a6350d7e6235f29174924f928cc2ac818eb64fed8004e115fbcca67', '0x0000000000000000000000003fc91a3afd70395cd496c647d5a6cc9d4b2b7fad', '0x00000000000000000000000021bd72a7e219b836680201c25b61a4aa407f7bfd']",0xfffffffffffffffffffffffffffffffffffffffffffffffffffffffc2a9ec4b40000000000000000000000000000000000000000000000008ac7230489e80000000000000000000000000000000000000000603e8f2cd98ddd7b7338f8da3496000000000000000000000000000000000000000000000001f9a7224dcf442f0e000000000000000000000000000000000000000000000000000000000003160b,0x112a8e3,0x6465b61ca3573982c1ab3d33b9422c5ce34f5f61b551a8e7b684203e0ec3be60,0x64ea2b33,0x4a817c800,0x1d850,0x22,0x03dc807b461f4c252ee47091162c3e3f22efbcba33efc0badb8a71c5d1e0b687,0xe,18000099,1693068083,2023-08-26 16:41:23,0x3fc91a3afd70395cd496c647d5a6cc9d4b2b7fad,0x21bd72a7e219b836680201c25b61a4aa407f7bfd,-16464821068,10000000000000000000,1952067778602955742191746285188246,36436129027849465614,202251
0x88e6a0c2ddd26feeb64f039a2c41296fcb3f5640,"['0xc42079f94a6350d7e6235f29174924f928cc2ac818eb64fed8004e115fbcca67', '0x0000000000000000000000003fc91a3afd70395cd496c647d5a6cc9d4b2b7fad', '0x000000000000000000000000d40b58c69beb07d7479b873368caa7c088c1ac23']",0xffffffffffffffffffffffffffffffffffffffffffffffffffffffffff05cdf90000000000000000000000000000000000000000000000000023617a5f0e4691000000000000000000000000000000000000603e8f3ec0d8c166314b380688d9000000000000000000000000000000000000000000000001f9a7224dcf442f0e000000000000000000000000000000000000000000000000000000000003160b,0x112a8e6,0x1f14f58fee1a0119b5207a4d12380bf9321b1f7d582afa9ae0734984046b246d,0x64ea2b57,0x452c52c71,0x4436d,0x108,0x43a55f779e0c1f301ae486239cbbc6532071934e27143d1e2ec187be9a66744f,0x34,18000102,1693068119,2023-08-26 16:41:59,0x3fc91a3afd70395cd496c647d5a6cc9d4b2b7fad,0xd40b58c69beb07d7479b873368caa7c088c1ac23,-16396807,9958802393548433,1952067800246942815392761544870105,36436129027849465614,202251
0x88e6a0c2ddd26feeb64f039a2c41296fcb3f5640,"['0xc42079f94a6350d7e6235f29174924f928cc2ac818eb64fed8004e115fbcca67', '0x00000000000000000000000000fc00900000002c00be4ef8f49c000211000c43', '0x00000000000000000000000000fc00900000002c00be4ef8f49c000211000c43']",0x000000000000000000000000000000000000000000000000000000001f81fc0ffffffffffffffffffffffffffffffffffffffffffffffffffb8c825f47966e3a000000000000000000000000000000000000603e8cfddb3639c5d18608f32c16000000000000000000000000000000000000000000000001f9a7224dcf442f0e000000000000000000000000000000000000000000000000000000000003160b,0x112a8e7,0x3e5cc3eb8212cafaa93589700b2310a1fec0ed4598164eff62d3abd9a16ce4b2,0x64ea2b63,0x10d71c9a3b,0x927bf,0x20,0x76971a4f00a0a836322c9825b6edf06c8c49bf4261ef86fc88893154283a7124,0x1,18000103,1693068131,2023-08-26 16:42:11,0x00fc00900000002c00be4ef8f49c000211000c43,0x00fc00900000002c00be4ef8f49c000211000c43,528612367,-320738127715602886,1952067102821250647332775315844118,36436129027849465614,202251
0x88e6a0c2ddd26feeb64f039a2c41296fcb3f5640,"['0xc42079f94a6350d7e6235f29174924f928cc2ac818eb64fed8004e115fbcca67', '0x00000000000000000000000000fc00900000002c00be4ef8f49c000211000c43', '0x00000000000000000000000000fc00900000002c00be4ef8f49c000211000c43']",0x000000000000000000000000000000000000000000000000000000000c87f950fffffffffffffffffffffffffffffffffffffffffffffffffe3ace5f47966e3a000000000000000000000000000000000000603e8c186a4038279ad2b93e2e6a000000000000000000000000000000000000000000000001f9a7224dcf442f0e000000000000000000000000000000000000000000000000000000000003160b,0x112a8e7,0x3e5cc3eb8212cafaa93589700b2310a1fec0ed4598164eff62d3abd9a16ce4b2,0x64ea2b63,0x10d71c9a3b,0x927bf,0x2f,0x76971a4f00a0a836322c9825b6edf06c8c49bf4261ef86fc88893154283a7124,0x1,18000103,1693068131,2023-08-26 16:42:11,0x00fc00900000002c00be4ef8f49c000211000c43,0x00fc00900000002c00be4ef8f49c000211000c43,210237776,-127562730808381894,1952066825443794893868377371979370,36436129027849465614,202251
0x88e6a0c2ddd26feeb64f039a2c41296fcb3f5640,"['0xc42079f94a6350d7e6235f29174924f928cc2ac818eb64fed8004e115fbcca67', '0x0000000000000000000000003fc91a3afd70395cd496c647d5a6cc9d4b2b7fad', '0x000000000000000000000000f90321d0ecad58ab2b0c8c79db8aaeeefa023578']",0xffffffffffffffffffffffffffffffffffffffffffffffffffffffffde157ef000000000000000000000000000000000000000000000000004cbd078919d4e08000000000000000000000000000000000000603e8e85b7a684fcfca5da98f7db000000000000000000000000000000000000000000000001f9a7224dcf442f0e000000000000000000000000000000000000000000000000000000000003160b,0x112a8e7,0x3e5cc3eb8212cafaa93589700b2310a1fec0ed4598164eff62d3abd9a16ce4b2,0x64ea2b63,0x3dd03127b,0x3a6aa,0x1b9,0x3702ac58120bfc9f8ae33e5b09e8ba41d8a558af492ef2ffc61439ae8fb4011f,0xae,18000103,1693068131,2023-08-26 16:42:11,0x3fc91a3afd70395cd496c647d5a6cc9d4b2b7fad,0xf90321d0ecad58ab2b0c8c79db8aaeeefa023578,-569016592,345599012681633288,1952067576552238198068452267718619,36436129027849465614,202251
0x88e6a0c2ddd26feeb64f039a2c41296fcb3f5640,"['0xc42079f94a6350d7e6235f29174924f928cc2ac818eb64fed8004e115fbcca67', '0x0000000000000000000000003fc91a3afd70395cd496c647d5a6cc9d4b2b7fad', '0x0000000000000000000000003fc91a3afd70395cd496c647d5a6cc9d4b2b7fad']",0xfffffffffffffffffffffffffffffffffffffffffffffffffffffffaa21acd16000000000000000000000000000000000000000000000000c249fdd327780000000000000000000000000000000000000000603ef0d6497552436ac33b637244000000000000000000000000000000000000000000000001f9a7224dcf442f0e000000000000000000000000000000000000000000000000000000000003160b,0x112a8eb,0xff5c805b88e2d585dfdd54793931059c8eeb6675e8900e767520bee21ad7c5c3,0x64ea2b93,0x3f2658dc2,0x30843,0xa4,0xcd34ba3181b7ad68bf2af259c997089535ec1d85671101a5c3e831423fe45b59,0x46,18000107,1693068179,2023-08-26 16:42:59,0x3fc91a3afd70395cd496c647d5a6cc9d4b2b7fad,0x3fc91a3afd70395cd496c647d5a6cc9d4b2b7fad,-23050138346,14000000000000000000,1952098003485824219981902598337092,36436129027849465614,202251
0x88e6a0c2ddd26feeb64f039a2c41296fcb3f5640,"['0xc42079f94a6350d7e6235f29174924f928cc2ac818eb64fed8004e115fbcca67', '0x000000000000000000000000e592427a0aece92de3edee1f18e0157c05861564', '0x0000000000000000000000009008d19f58aabd9ed0d60971565aa8510560ab41']",0x000000000000000000000000000000000000000000000000000000035d8833c8ffffffffffffffffffffffffffffffffffffffffffffffff8649abbf9c0ac4f5000000000000000000000000000000000000603eb337913643b3dc4c8721fd97000000000000000000000000000000000000000000000001f9a7224dcf442f0e000000000000000000000000000000000000000000000000000000000003160b,0x112a8f2,0x6c73b5d2c20f3947bf26e632789a898c1fc09aafb0fd2cc4e108b72fd7733cc4,0x64ea2be7,0x3fbbd31d6,0x870af,0x4a,0xf894655f111385850ba55f530542a86dbed9800a948ee4d6bd1db5fb8c7d3bb5,0xb,18000114,1693068263,2023-08-26 16:44:23,0xe592427a0aece92de3edee1f18e0157c05861564,0x9008d19f58aabd9ed0d60971565aa8510560ab41,14454109128,-8770289959882275595,1952078933019866991882763679956375,36436129027849465614,202251
0x88e6a0c2ddd26feeb64f039a2c41296fcb3f5640,"['0xc42079f94a6350d7e6235f29174924f928cc2ac818eb64fed8004e115fbcca67', '0x0000000000000000000000003fc91a3afd70395cd496c647d5a6cc9d4b2b7fad', '0x0000000000000000000000003fc91a3afd70395cd496c647d5a6cc9d4b2b7fad']",0x00000000000000000000000000000000000000000000000000000002ad7647fdffffffffffffffffffffffffffffffffffffffffffffffff9f29e2f22cd6e998000000000000000000000000000000000000603e8230ec621b0ee934e2637880000000000000000000000000000000000000000000000001f9a7224dcf442f0e000000000000000000000000000000000000000000000000000000000003160b,0x112a8f4,0x7882a70ae1060b2c8b84e848d61ca949faf4a6f02eba8e8e6750218a943269f1,0x64ea2bff,0x37c66dd36,0x212b2,0x48,0x5d8ce7a9cc0a44022130c006e997d1edf71d88215cdbb3bf5ae63393fc7fdc4f,0xf,18000116,1693068287,2023-08-26 16:44:47,0x3fc91a3afd70395cd496c647d5a6cc9d4b2b7fad,0x3fc91a3afd70395cd496c647d5a6cc9d4b2b7fad,11500144637,-6977796617871627880,1952063760222449086619432306047104,36436129027849465614,202251
0x88e6a0c2ddd26feeb64f039a2c41296fcb3f5640,"['0xc42079f94a6350d7e6235f29174924f928cc2ac818eb64fed8004e115fbcca67', '0x0000000000000000000000003fc91a3afd70395cd496c647d5a6cc9d4b2b7fad', '0x000000000000000000000000e75acaefef42662e901cb90e882443f22ba8f1ba']",0xfffffffffffffffffffffffffffffffffffffffffffffffffffffffffa922f9b00000000000000000000000000000000000000000000000000c4894e8a19ba57000000000000000000000000000000000000603e8294601359216907d934f085000000000000000000000000000000000000000000000001f9a7224dcf442f0e000000000000000000000000000000000000000000000000000000000003160b,0x112a8f4,0x7882a70ae1060b2c8b84e848d61ca949faf4a6f02eba8e8e6750218a943269f1,0x64ea2bff,0x3796becb6,0x24baf,0x12b,0xcadb0ff4f2c3a74fc03168bf290283b47dbeff068c07c9f784da8d3caf04e88f,0xae,18000116,1693068287,2023-08-26 16:44:47,0x3fc91a3afd70395cd496c647d5a6cc9d4b2b7fad,0xe75acaefef42662e901cb90e882443f22ba8f1ba,-91082853,55320065852684887,1952063880452446920476700385276037,36436129027849465614,202251
0x88e6a0c2ddd26feeb64f039a2c41296fcb3f5640,"['0xc42079f94a6350d7e6235f29174924f928cc2ac818eb64fed8004e115fbcca67', '0x0000000000000000000000003fc91a3afd70395cd496c647d5a6cc9d4b2b7fad', '0x0000000000000000000000003fc91a3afd70395cd496c647d5a6cc9d4b2b7fad']",0x000000000000000000000000000000000000000000000000000000000b06e040fffffffffffffffffffffffffffffffffffffffffffffffffe7135ec616b522f000000000000000000000000000000000000603e81ca7a4d4db8cceef91b1783000000000000000000000000000000000000000000000001f9a7224dcf442f0e000000000000000000000000000000000000000000000000000000000003160b,0x112a8f5,0xcc7baf718a434b1a8ea00a4c0fe99e528e573e70db69d60a305f877439860eb6,0x64ea2c0b,0x3728cb609,0x22566,0xd7,0xee1b9c9440f80f0b0f6caadbc009d06195f5d8f38aa365b8fa1e7290f09d2f85,0x71,18000117,1693068299,2023-08-26 16:44:59,0x3fc91a3afd70395cd496c647d5a6cc9d4b2b7fad,0x3fc91a3afd70395cd496c647d5a6cc9d4b2b7fad,185000000,-112249226344574417,1952063636373281975953930376124291,36436129027849465614,202251
0x88e6a0c2ddd26feeb64f039a2c41296fcb3f5640,"['0xc42079f94a6350d7e6235f29174924f928cc2ac818eb64fed8004e115fbcca67', '0x000000000000000000000000e8cfad4c75a5e1caf939fd80afcf837dde340a69', '0x000000000000000000000000e8cfad4c75a5e1caf939fd80afcf837dde340a69']",0xffffffffffffffffffffffffffffffffffffffffffffffffffffffd7ecafa85c000000000000000000000000000000000000000000000005aaf55e3fd08ef8cd000000000000000000000000000000000000604160026430d3ffffffdd9da3fc000000000000000000000000000000000000000000000001f9a7224dcf442f0e000000000000000000000000000000000000000000000000000000000003160d,0x112a8fd,0x7621b10aafb635fb79a00c4427ef2ca951cf2c30d9e1bf150dd752671206d4cb,0x64ea2c6b,0xbd0388fb3,0x1f616,0x37,0xffb1cb00b80d185b8d825d6caf9ee86dbff622359cc18cd9457865a20f26fe24,0x7,18000125,1693068395,2023-08-26 16:46:35,0xe8cfad4c75a5e1caf939fd80afcf837dde340a69,0xe8cfad4c75a5e1caf939fd80afcf837dde340a69,-172122724260,104552576352464599245,1952290865965919399210810452321276,36436129027849465614,202253
0x88e6a0c2ddd26feeb64f039a2c41296fcb3f5640,"['0xc42079f94a6350d7e6235f29174924f928cc2ac818eb64fed8004e115fbcca67', '0x0000000000000000000000003fc91a3afd70395cd496c647d5a6cc9d4b2b7fad', '0x000000000000000000000000acbe74e26bd2fb9a56a8905e5a3fac9cb54647a6']",0xffffffffffffffffffffffffffffffffffffffffffffffffffffffcea9afed71000000000000000000000000000000000000000000000006fabfc32ac03472d40000000000000000000000000000000000006044e82541c1ebcab34de635465f000000000000000000000000000000000000000000000001f9a7224dcf442f0e0000000000000000000000000000000000000000000000000000000000031610,0x112a900,0x8056c51ec05440242a56b95ab411ecdd2f6388086c8f4e0656074fe10f39af29,0x64ea2c8f,0x3922a384c,0x317bf,0xba,0x99f2d76d7522b8fe92295e957fc635930416e842645bdba7c44540c8c9f4cb99,0x51,18000128,1693068431,2023-08-26 16:47:11,0x3fc91a3afd70395cd496c647d5a6cc9d4b2b7fad,0xacbe74e26bd2fb9a56a8905e5a3fac9cb54647a6,-211901485711,128748839260671734484,1952570682564595247034964972488287,36436129027849465614,202256
0x88e6a0c2ddd26feeb64f039a2c41296fcb3f5640,"['0xc42079f94a6350d7e6235f29174924f928cc2ac818eb64fed8004e115fbcca67', '0x0000000000000000000000003fc91a3afd70395cd496c647d5a6cc9d4b2b7fad', '0x0000000000000000000000003fc91a3afd70395cd496c647d5a6cc9d4b2b7fad']",0x000000000000000000000000000000000000000000000000000000001fa3876ffffffffffffffffffffffffffffffffffffffffffffffffffb872e48379a63500000000000000000000000000000000000006044e5e1a9842cd063b86f8b488d000000000000000000000000000000000000000000000001f9a7224dcf442f0e0000000000000000000000000000000000000000000000000000000000031610,0x112a902,0x98d45f645c444407b444616b8c3425192059fab4c6598e16d0e847f640b38e28,0x64ea2ca7,0x33d953d0c,0x21288,0x26f,0x732cdf51f30f7af1ccff43fd0dac476298e0cb6578a72c457e3860ef9be03429,0xb4,18000130,1693068455,2023-08-26 16:47:35,0x3fc91a3afd70395cd496c647d5a6cc9d4b2b7fad,0x3fc91a3afd70395cd496c647d5a6cc9d4b2b7fad,530810735,-322237960628313264,1952569981877606971980875718936717,36436129027849465614,202256
0x88e6a0c2ddd26feeb64f039a2c41296fcb3f5640,"['0xc42079f94a6350d7e6235f29174924f928cc2ac818eb64fed8004e115fbcca67', '0x0000000000000000000000003fc91a3afd70395cd496c647d5a6cc9d4b2b7fad', '0x0000000000000000000000003fc91a3afd70395cd496c647d5a6cc9d4b2b7fad']",0x0000000000000000000000000000000000000000000000000000000053ff03f7fffffffffffffffffffffffffffffffffffffffffffffffff420aef41f1b32690000000000000000000000000000000000006044dfdeedb84c1c0053b0fc7c10000000000000000000000000000000000000000000000001f9a7224dcf442f0e0000000000000000000000000000000000000000000000000000000000031610,0x112a907,0x5f726da5e2588137685c3cc7398909819434959b9cd7e8a67a2bfa1b2ca62e29,0x64ea2ce3,0x335569a91,0x36747,0xe1,0xc8ac88a39a545751dc62b112c3de1db843d56a9ca411a2b4ba8459f2bcff6541,0x6b,18000135,1693068515,2023-08-26 16:48:35,0x3fc91a3afd70395cd496c647d5a6cc9d4b2b7fad,0x3fc91a3afd70395cd496c647d5a6cc9d4b2b7fad,1409221623,-855491565683264919,1952568121662852991661773678214160,36436129027849465614,202256
0x88e6a0c2ddd26feeb64f039a2c41296fcb3f5640,"['0xc42079f94a6350d7e6235f29174924f928cc2ac818eb64fed8004e115fbcca67', '0x0000000000000000000000003fc91a3afd70395cd496c647d5a6cc9d4b2b7fad', '0x0000000000000000000000003fc91a3afd70395cd496c647d5a6cc9d4b2b7fad']",0x00000000000000000000000000000000000000000000000000000004a817c800ffffffffffffffffffffffffffffffffffffffffffffffff5781f04a134d495300000000000000000000000000000000000060448a912e527f9a6a23e061b352000000000000000000000000000000000000000000000001f9a7224dcf442f0e0000000000000000000000000000000000000000000000000000000000031610,0x112a90d,0xc7ca17d8f7a66fb684373b2f18a80c243b023c9b830dc883981ca39558ecfd4c,0x64ea2d2b,0x46c7cfe00,0x51cf3,0x9,0x9598e17e87c83ee5ab502311cb8063dcc3745d212385a9c305933ad8ce73897a,0x2,18000141,1693068587,2023-08-26 16:49:47,0x3fc91a3afd70395cd496c647d5a6cc9d4b2b7fad,0x3fc91a3afd70395cd496c647d5a6cc9d4b2b7fad,20000000000,-12141158919472068269,1952541721445880211400350878511954,36436129027849465614,202256
0x88e6a0c2ddd26feeb64f039a2c41296fcb3f5640,"['0xc42079f94a6350d7e6235f29174924f928cc2ac818eb64fed8004e115fbcca67', '0x0000000000000000000000003fc91a3afd70395cd496c647d5a6cc9d4b2b7fad', '0x0000000000000000000000003fc91a3afd70395cd496c647d5a6cc9d4b2b7fad']",0x000000000000000000000000000000000000000000000000000000009502f900ffffffffffffffffffffffffffffffffffffffffffffffffeaf0530812a00bad00000000000000000000000000000000000060447fe78106e9dd4b20f85b4675000000000000000000000000000000000000000000000001f9a7224dcf442f0e0000000000000000000000000000000000000000000000000000000000031610,0x112a90f,0x1ff455b87bdbf8dd1a57e671f5e6510ea82af65e44a0e5b405410e82ebf8fddc,0x64ea2d43,0x46c7cfe00,0x30998,0x2c,0xb329b1d898100e577ce2a09ee9e0fe32688eab4243fc5a0ead99242640242c5c,0x6,18000143,1693068611,2023-08-26 16:50:11,0x3fc91a3afd70395cd496c647d5a6cc9d4b2b7fad,0x3fc91a3afd70395cd496c647d5a6cc9d4b2b7fad,2500000000,-1517621780286534739,1952538421468954785920976674309749,36436129027849465614,202256
0x88e6a0c2ddd26feeb64f039a2c41296fcb3f5640,"['0xc42079f94a6350d7e6235f29174924f928cc2ac818eb64fed8004e115fbcca67', '0x0000000000000000000000003fc91a3afd70395cd496c647d5a6cc9d4b2b7fad', '0x0000000000000000000000003fc91a3afd70395cd496c647d5a6cc9d4b2b7fad']",0x000000000000000000000000000000000000000000000000000000002cb41780fffffffffffffffffffffffffffffffffffffffffffffffff9ae803820723dc600000000000000000000000000000000000060447cb49a4c8d617783f64ede0f000000000000000000000000000000000000000000000001f9a7224dcf442f0e0000000000000000000000000000000000000000000000000000000000031610,0x112a911,0x85a1810784df3baecece8c821a09f2d68275477a5a531be5f656f72b15273613,0x64ea2d5b,0x42847dbb9,0x309dc,0x4f,0x3a2a6429696d8d338cf43ff6917fffcd5518781d215e0f882a9f98b094f73d97,0xa,18000145,1693068635,2023-08-26 16:50:35,0x3fc91a3afd70395cd496c647d5a6cc9d4b2b7fad,0x3fc91a3afd70395cd496c647d5a6cc9d4b2b7fad,750000000,-455285533766959674,1952537431478052291543838466432527,36436129027849465614,202256
0x88e6a0c2ddd26feeb64f039a2c41296fcb3f5640,"['0xc42079f94a6350d7e6235f29174924f928cc2ac818eb64fed8004e115fbcca67', '0x0000000000000000000000003fc91a3afd70395cd496c647d5a6cc9d4b2b7fad', '0x0000000000000000000000003fc91a3afd70395cd496c647d5a6cc9d4b2b7fad']",0x00000000000000000000000000000000000000000000000000000002540be400ffffffffffffffffffffffffffffffffffffffffffffffffabc180614d4ae7550000000000000000000000000000000000006044520dff92acade7c2f088412e000000000000000000000000000000000000000000000001f9a7224dcf442f0e0000000000000000000000000000000000000000000000000000000000031610,0x112a912,0xf389ed7051bd291910dd0414c36802cc68f14484409a06d0767eb52fca721fcc,0x64ea2d67,0x3535a71a8,0x31ae2,0x1f4,0xd4eadacf87abc21534452b083017a6f580b60790cb16387fc67aab340fe2f6bd,0x75,18000146,1693068647,2023-08-26 16:50:47,0x3fc91a3afd70395cd496c647d5a6cc9d4b2b7fad,0x3fc91a3afd70395cd496c647d5a6cc9d4b2b7fad,10000000000,-6070429667321780395,1952524231695280461563802879017262,36436129027849465614,202256
0x88e6a0c2ddd26feeb64f039a2c41296fcb3f5640,"['0xc42079f94a6350d7e6235f29174924f928cc2ac818eb64fed8004e115fbcca67', '0x0000000000000000000000003fc91a3afd70395cd496c647d5a6cc9d4b2b7fad', '0x0000000000000000000000003fc91a3afd70395cd496c647d5a6cc9d4b2b7fad']",0x0000000000000000000000000000000000000000000000000000000097498da0ffffffffffffffffffffffffffffffffffffffffffffffffea9e14b470343c170000000000000000000000000000000000006044473aaef943650d4a586b8895000000000000000000000000000000000000000000000001f9a7224dcf442f0e0000000000000000000000000000000000000000000000000000000000031610,0x112a913,0xb90ddd47853551ad9a73d7fa65742231e0dbd3cb05c18e9e0d99f578d39d56a8,0x64ea2d73,0x42193d024,0x51807,0xed,0xdf3fce9c2894bc2651657f203b7d5e21729853cf49b22e33469206b31829beba,0x6d,18000147,1693068659,2023-08-26 16:50:59,0x3fc91a3afd70395cd496c647d5a6cc9d4b2b7fad,0x3fc91a3afd70395cd496c647d5a6cc9d4b2b7fad,2538180000,-1540771257304990697,1952520881381215052399726801160341,36436129027849465614,202256
0x88e6a0c2ddd26feeb64f039a2c41296fcb3f5640,"['0xc42079f94a6350d7e6235f29174924f928cc2ac818eb64fed8004e115fbcca67', '0x0000000000000000000000003fc91a3afd70395cd496c647d5a6cc9d4b2b7fad', '0x0000000000000000000000003fc91a3afd70395cd496c647d5a6cc9d4b2b7fad']",0x000000000000000000000000000000000000000000000000000000007d31764effffffffffffffffffffffffffffffffffffffffffffffffee4e3d39c712a5d400000000000000000000000000000000000060443e455f9d6ec3ee404623524c000000000000000000000000000000000000000000000001f9a7224dcf442f0e0000000000000000000000000000000000000000000000000000000000031610,0x112a91d,0x4688cec66304aa1f55239c402e85e7da82b3471f79ebf8ee213f1d82d3bc568b,0x64ea2deb,0x30ad951ba,0x2128e,0xf5,0x6b151915ab904885bd144d0ebdec52f00770fcf5488979107b5a1adaad2b1ef4,0x63,18000157,1693068779,2023-08-26 16:52:59,0x3fc91a3afd70395cd496c647d5a6cc9d4b2b7fad,0x3fc91a3afd70395cd496c647d5a6cc9d4b2b7fad,2100393550,-1275014326136953388,1952518108939549748636084250825292,36436129027849465614,202256
0x88e6a0c2ddd26feeb64f039a2c41296fcb3f5640,"['0xc42079f94a6350d7e6235f29174924f928cc2ac818eb64fed8004e115fbcca67', '0x0000000000000000000000003fc91a3afd70395cd496c647d5a6cc9d4b2b7fad', '0x0000000000000000000000007b412f141996411401f57e2ba1bc2235af807d4d']",0x000000000000000000000000000000000000000000000000000000001bd664abfffffffffffffffffffffffffffffffffffffffffffffffffc10c82550ef661a00000000000000000000000000000000000060443c477163ab37142800b53237000000000000000000000000000000000000000000000001f9a7224dcf442f0e0000000000000000000000000000000000000000000000000000000000031610,0x112a91e,0xc2e8a37d2d9d7502f2bdae8d57f189652ef5ab862d90e0dfde8185aa2b8a2c89,0x64ea2df7,0x2f8bc8d03,0x2e927,0xb9,0x1037323d011b7da15164f43ee60204a5272324fde0839ecfb381589c4cd13d85,0x4f,18000158,1693068791,2023-08-26 16:53:11,0x3fc91a3afd70395cd496c647d5a6cc9d4b2b7fad,0x7b412f141996411401f57e2ba1bc2235af807d4d,467035307,-283506713927129574,1952517492471318786577525405725239,36436129027849465614,202256
0x88e6a0c2ddd26feeb64f039a2c41296fcb3f5640,"['0xc42079f94a6350d7e6235f29174924f928cc2ac818eb64fed8004e115fbcca67', '0x00000000000000000000000051c72848c68a965f66fa7a88855f9f7784502a7f', '0x00000000000000000000000051c72848c68a965f66fa7a88855f9f7784502a7f']",0x00000000000000000000000000000000000000000000000000000014c5da1630fffffffffffffffffffffffffffffffffffffffffffffffd1070a12a7642cb770000000000000000000000000000000000006042bfc839b2ebbd7c25d47321ca000000000000000000000000000000000000000000000001f9a7224dcf442f0e000000000000000000000000000000000000000000000000000000000003160e,0x112a923,0xa478d49979e846e663016b15055454581a64763b9e3fcbba084bc89e2e6a1579,0x64ea2e33,0x985ec9b24,0x1ec25,0x5,0x86a0b6cc9204c53a5bc90ea979e56dcc27d88380715af598cd2048940e172165,0x1,18000163,1693068851,2023-08-26 16:54:11,0x51c72848c68a965f66fa7a88855f9f7784502a7f,0x51c72848c68a965f66fa7a88855f9f7784502a7f,89218750000,-54155608315385427081,1952399734371017003652632907293130,36436129027849465614,202254
0x88e6a0c2ddd26feeb64f039a2c41296fcb3f5640,"['0xc42079f94a6350d7e6235f29174924f928cc2ac818eb64fed8004e115fbcca67', '0x0000000000000000000000003fc91a3afd70395cd496c647d5a6cc9d4b2b7fad', '0x0000000000000000000000003fc91a3afd70395cd496c647d5a6cc9d4b2b7fad']",0x0000000000000000000000000000000000000000000000000000000003dfd240ffffffffffffffffffffffffffffffffffffffffffffffffff73d62aba2320220000000000000000000000000000000000006042bf814394e7abde09244d12bc000000000000000000000000000000000000000000000001f9a7224dcf442f0e000000000000000000000000000000000000000000000000000000000003160e,0x112a923,0xa478d49979e846e663016b15055454581a64763b9e3fcbba084bc89e2e6a1579,0x64ea2e33,0x35e23fe8f,0x34bc0,0x59,0xcfbdc68ea784e3a4d232b5d4074c890dd00d86cfc64113f1173edfc9653f6e9b,0x1d,18000163,1693068851,2023-08-26 16:54:11,0x3fc91a3afd70395cd496c647d5a6cc9d4b2b7fad,0x3fc91a3afd70395cd496c647d5a6cc9d4b2b7fad,65000000,-39452492716367838,1952399648583953780331149861393084,36436129027849465614,202254
0x88e6a0c2ddd26feeb64f039a2c41296fcb3f5640,"['0xc42079f94a6350d7e6235f29174924f928cc2ac818eb64fed8004e115fbcca67', '0x000000000000000000000000e8cfad4c75a5e1caf939fd80afcf837dde340a69', '0x000000000000000000000000e8cfad4c75a5e1caf939fd80afcf837dde340a69']",0x0000000000000000000000000000000000000000000000000000002d0129d993fffffffffffffffffffffffffffffffffffffffffffffff9a40d0b5e9a52bae4000000000000000000000000000000000000603f875028a2b2ef19f5989b5401000000000000000000000000000000000000000000000001f9a7224dcf442f0e000000000000000000000000000000000000000000000000000000000003160c,0x112a924,0x037fb6e5a65ca2f1d352d99286d0fee5a1fbccb904b24a2aa25bfa8d1b52e655,0x64ea2e3f,0xe342a1a28,0x202db,0x36,0xd65039ae0a0f4067f56dc01ed0a13c216d78b77ca854dc30ba3a4e18cc8bcb9d,0x7,18000164,1693068863,2023-08-26 16:54:23,0xe8cfad4c75a5e1caf939fd80afcf837dde340a69,0xe8cfad4c75a5e1caf939fd80afcf837dde340a69,193293048211,-117306091418105496860,1952144573571246390129468773192705,36436129027849465614,202252
0x88e6a0c2ddd26feeb64f039a2c41296fcb3f5640,"['0xc42079f94a6350d7e6235f29174924f928cc2ac818eb64fed8004e115fbcca67', '0x000000000000000000000000e592427a0aece92de3edee1f18e0157c05861564', '0x000000000000000000000000def171fe48cf0115b1d80b88dc8eab59176fee57']",0x000000000000000000000000000000000000000000000000000000008f0d1800ffffffffffffffffffffffffffffffffffffffffffffffffebca18ae2c012569000000000000000000000000000000000000603f7d14bc0f2f0991d7b1a5a8a1000000000000000000000000000000000000000000000001f9a7224dcf442f0e000000000000000000000000000000000000000000000000000000000003160c,0x112a926,0x9a6d0b09c58765d19b13fb9637cc3241b5ec09fd7d6ca26129c07334ba7b4d6e,0x64ea2e57,0x3f5476a00,0x2c02d,0x42,0x9c95e05b60f70a5304b25cd8b43d8174303466caeefb577bea489b85f9ce4c48,0x8,18000166,1693068887,2023-08-26 16:54:47,0xe592427a0aece92de3edee1f18e0157c05861564,0xdef171fe48cf0115b1d80b88dc8eab59176fee57,2400000000,-1456324393159285399,1952141406881788063734652584962209,36436129027849465614,202252
0x88e6a0c2ddd26feeb64f039a2c41296fcb3f5640,"['0xc42079f94a6350d7e6235f29174924f928cc2ac818eb64fed8004e115fbcca67', '0x0000000000000000000000003fc91a3afd70395cd496c647d5a6cc9d4b2b7fad', '0x000000000000000000000000b514548d3f63b09bd38c076af09c7f31dd777a3a']",0xfffffffffffffffffffffffffffffffffffffffffffffffffffffffe777bdaa00000000000000000000000000000000000000000000000003782dace9d900000000000000000000000000000000000000000603f992bc125b2d48cbb8428a708000000000000000000000000000000000000000000000001f9a7224dcf442f0e000000000000000000000000000000000000000000000000000000000003160c,0x112a929,0xc97074ade6e1aa5afbd71edf1a501b7a8d0c186a8d058865422aa096ba0ec24d,0x64ea2e7b,0x2e2d9d8da,0x21b0c,0x158,0x5e9f7952f40f32892545aff4baee384e6656ff50f3ffa4bc9c07c1c4b52c66f9,0x63,18000169,1693068923,2023-08-26 16:55:23,0x3fc91a3afd70395cd496c647d5a6cc9d4b2b7fad,0xb514548d3f63b09bd38c076af09c7f31dd777a3a,-6585328992,4000000000000000000,1952150100291384069995638393710344,36436129027849465614,202252
0x88e6a0c2ddd26feeb64f039a2c41296fcb3f5640,"['0xc42079f94a6350d7e6235f29174924f928cc2ac818eb64fed8004e115fbcca67', '0x0000000000000000000000003fc91a3afd70395cd496c647d5a6cc9d4b2b7fad', '0x000000000000000000000000ce08da644e21bb88ea3a8a31008705ed6c3ecda9']",0xffffffffffffffffffffffffffffffffffffffffffffffffffffffff11945b6100000000000000000000000000000000000000000000000021b7f51645df0000000000000000000000000000000000000000603faa3bb9493df55e4c479372e8000000000000000000000000000000000000000000000001f9a7224dcf442f0e000000000000000000000000000000000000000000000000000000000003160c,0x112a92e,0x96572fa609b7060160b10b04f7ee38b46f13e119445e22ab450dea1d852bb69b,0x64ea2eb7,0x39da8fc32,0x1d834,0x41,0x970edb6941bad61ccb264f40571160ef6048b8f56cd2df19460d873e60a0c8b1,0x18,18000174,1693068983,2023-08-26 16:56:23,0x3fc91a3afd70395cd496c647d5a6cc9d4b2b7fad,0xce08da644e21bb88ea3a8a31008705ed6c3ecda9,-4000031903,2429680000000000000,1952155380842240876118686393660136,36436129027849465614,202252
0x88e6a0c2ddd26feeb64f039a2c41296fcb3f5640,"['0xc42079f94a6350d7e6235f29174924f928cc2ac818eb64fed8004e115fbcca67', '0x000000000000000000000000784fa7faf8b160a0b5bcd84ab974c5aad742f108', '0x000000000000000000000000784fa7faf8b160a0b5bcd84ab974c5aad742f108']",0xfffffffffffffffffffffffffffffffffffffffffffffffffffffffffe5457a9000000000000000000000000000000000000000000000000003c7b48b9c5c27b000000000000000000000000000000000000603faa5a542f3ec58030a63564fd000000000000000000000000000000000000000000000001f9a7224dcf442f0e000000000000000000000000000000000000000000000000000000000003160c,0x112a92f,0xeabf7eac11e78a6a3d9cc1e1dc3bbf1aa1237f47ea530d57c975c661f78a82c8,0x64ea2ec3,0x3296e58b2,0x54377,0x149,0xdb850d4101c6b3beb498adb3574f1b079a3dcea3318cd4e292d63a43fe862ab9,0x77,18000175,1693068995,2023-08-26 16:56:35,0x784fa7faf8b160a0b5bcd84ab974c5aad742f108,0x784fa7faf8b160a0b5bcd84ab974c5aad742f108,-28026967,17024050887246459,1952155417841502712640500074374397,36436129027849465614,202252
0x88e6a0c2ddd26feeb64f039a2c41296fcb3f5640,"['0xc42079f94a6350d7e6235f29174924f928cc2ac818eb64fed8004e115fbcca67', '0x0000000000000000000000003fc91a3afd70395cd496c647d5a6cc9d4b2b7fad', '0x0000000000000000000000003fc91a3afd70395cd496c647d5a6cc9d4b2b7fad']",0x00000000000000000000000000000000000000000000000000000000c473f786ffffffffffffffffffffffffffffffffffffffffffffffffe43e9298b1380000000000000000000000000000000000000000603f9c4d052f613e890580223959000000000000000000000000000000000000000000000001f9a7224dcf442f0e000000000000000000000000000000000000000000000000000000000003160c,0x112a931,0x176da3053728b65bc9e7fef7218375d4d2c8060db6f008e52186f856c8435f70,0x64ea2edb,0x2e5da7d48,0x23e45,0x1c1,0x0280ac166e91306e9a5b9146b03bd3f5b2b9ad7d8c78c1b3feecfcc72d5b94ca,0xc4,18000177,1693069019,2023-08-26 16:56:59,0x3fc91a3afd70395cd496c647d5a6cc9d4b2b7fad,0x3fc91a3afd70395cd496c647d5a6cc9d4b2b7fad,3295934342,-2000000000000000000,1952151068962265090699036438182233,36436129027849465614,202252
0x88e6a0c2ddd26feeb64f039a2c41296fcb3f5640,"['0xc42079f94a6350d7e6235f29174924f928cc2ac818eb64fed8004e115fbcca67', '0x00000000000000000000000068b3465833fb72a70ecdf485e0e4c7bd8665fc45', '0x0000000000000000000000004fd39c9e151e50580779bd04b1f7ecc310079fd3']",0x00000000000000000000000000000000000000000000000000000000191b9820fffffffffffffffffffffffffffffffffffffffffffffffffc73e3947310e031000000000000000000000000000000000000603f9a8143e97e2c1c1761f606e9000000000000000000000000000000000000000000000001f9a7224dcf442f0e000000000000000000000000000000000000000000000000000000000003160c,0x112a933,0xc4cb6e757ac14a39bbc91b1f36f80689082e912ea99efd2610098fdf912b3a10,0x64ea2ef3,0x30f45a1c4,0x4892e,0xb0,0x83fdb1a5da8d089a9593dd08b9c9f0af68bc55da37be748afd3fd2365be6e609,0x42,18000179,1693069043,2023-08-26 16:57:23,0x68b3465833fb72a70ecdf485e0e4c7bd8665fc45,0x4fd39c9e151e50580779bd04b1f7ecc310079fd3,421238816,-255610527104835535,1952150513152607968789151608080105,36436129027849465614,202252
0x88e6a0c2ddd26feeb64f039a2c41296fcb3f5640,"['0xc42079f94a6350d7e6235f29174924f928cc2ac818eb64fed8004e115fbcca67', '0x00000000000000000000000023ebcd701fd92867235aeb0174b7c444b9b2b3ad', '0x00000000000000000000000023ebcd701fd92867235aeb0174b7c444b9b2b3ad']",0x0000000000000000000000000000000000000000000000000000000030d7e4ecfffffffffffffffffffffffffffffffffffffffffffffffff9196952cfd5aed8000000000000000000000000000000000000603f9702e231ae9daa758793c68b000000000000000000000000000000000000000000000001f9a7224dcf442f0e000000000000000000000000000000000000000000000000000000000003160c,0x112a934,0x9f2e97179c2a9988853a97345fdb15486eca6d6ece4f8259ba63f7364efcff06,0x64ea2eff,0x306dc4200,0x4b78b,0x42,0x095747863ec868cf114920f89ed71cb6b202ba333698da42b477f67a0171ce6d,0x5,18000180,1693069055,2023-08-26 16:57:35,0x23ebcd701fd92867235aeb0174b7c444b9b2b3ad,0x23ebcd701fd92867235aeb0174b7c444b9b2b3ad,819455212,-497250479452606760,1952149431911464974290472475543179,36436129027849465614,202252
0x88e6a0c2ddd26feeb64f039a2c41296fcb3f5640,"['0xc42079f94a6350d7e6235f29174924f928cc2ac818eb64fed8004e115fbcca67', '0x000000000000000000000000e592427a0aece92de3edee1f18e0157c05861564', '0x000000000000000000000000def171fe48cf0115b1d80b88dc8eab59176fee57']",0x000000000000000000000000000000000000000000000000000000174e7daddbfffffffffffffffffffffffffffffffffffffffffffffffcb50992c80c1e3106000000000000000000000000000000000000603f8ed38901f61f53cc68d50bd6000000000000000000000000000000000000000000000066fd419daf204bdd84000000000000000000000000000000000000000000000000000000000003160c,0x112a937,0xa15f8e5bca3dbb74fb2b9abae8ae6a1d825a12c8e45ce401e155432344cbf9bf,0x64ea2f23,0x2e6a1c824,0x70593,0x34,0x47923e680c5b276593275e006e6c32d51ff8198d8bab888ae470142b206619c7,0x5,18000183,1693069091,2023-08-26 16:58:11,0xe592427a0aece92de3edee1f18e0157c05861564,0xdef171fe48cf0115b1d80b88dc8eab59176fee57,100101107163,-60741857111288434426,1952146898790701973537054283598806,1899816936058942905732,202252
0x88e6a0c2ddd26feeb64f039a2c41296fcb3f5640,"['0xc42079f94a6350d7e6235f29174924f928cc2ac818eb64fed8004e115fbcca67', '0x0000000000000000000000003fc91a3afd70395cd496c647d5a6cc9d4b2b7fad', '0x00000000000000000000000047d6c50bec0d34e34cf88888fff55c7739f9bb2c']",0xffffffffffffffffffffffffffffffffffffffffffffffffffffffffceef80e400000000000000000000000000000000000000000000000006f05b59d3b20000000000000000000000000000000000000000603f925669a4c698b328e3256ba2000000000000000000000000000000000000000000000001f9a7224dcf442f0e000000000000000000000000000000000000000000000000000000000003160c,0x112a93a,0x5816f7d7c20bd4a1dd20fe62d764e5111af88a20e89e953aac12bf894286ed5c,0x64ea2f47,0x2f6c27210,0x21b00,0xf1,0xf6dc2a86b386a50044a044fc19fed2a103aaa9db1c44c9982b42e2f238e5242a,0x57,18000186,1693069127,2023-08-26 16:58:47,0x3fc91a3afd70395cd496c647d5a6cc9d4b2b7fad,0x47d6c50bec0d34e34cf88888fff55c7739f9bb2c,-823164700,500000000000000000,1952147985466901474319677509692322,36436129027849465614,202252
0x88e6a0c2ddd26feeb64f039a2c41296fcb3f5640,"['0xc42079f94a6350d7e6235f29174924f928cc2ac818eb64fed8004e115fbcca67', '0x000000000000000000000000def1c0ded9bec7f1a1670819833240f027b25eff', '0x000000000000000000000000def1c0ded9bec7f1a1670819833240f027b25eff']",0xfffffffffffffffffffffffffffffffffffffffffffffffffffffffdcbe269fb0000000000000000000000000000000000000000000000004fc7b3dfb927886e000000000000000000000000000000000000603fbab546d74d1684c2edb8d166000000000000000000000000000000000000000000000001f9a7224dcf442f0e000000000000000000000000000000000000000000000000000000000003160c,0x112a93e,0x32c158d95d9fe7f3c08b477dd7f2e7c50f3598683183e723b3f974df859e19bd,0x64ea2f77,0x35face0f1,0xce20f,0x81,0x5ad8517a14e46d519c033aa7625097978ce94d9d3c30d894ccc63b40d21b60cf,0x1f,18000190,1693069175,2023-08-26 16:59:35,0xdef1c0ded9bec7f1a1670819833240f027b25eff,0xdef1c0ded9bec7f1a1670819833240f027b25eff,-9464288773,5748761222827182190,1952160479550896392947878696898918,36436129027849465614,202252
0x88e6a0c2ddd26feeb64f039a2c41296fcb3f5640,"['0xc42079f94a6350d7e6235f29174924f928cc2ac818eb64fed8004e115fbcca67', '0x000000000000000000000000e592427a0aece92de3edee1f18e0157c05861564', '0x000000000000000000000000e592427a0aece92de3edee1f18e0157c05861564']",0xffffffffffffffffffffffffffffffffffffffffffffffffffffffe9145caf840000000000000000000000000000000000000000000000033de4472a805c000000000000000000000000000000000000000060415ea7061b18fddec41278c656000000000000000000000000000000000000000000000001f9a7224dcf442f0e000000000000000000000000000000000000000000000000000000000003160d,0x112a93e,0x32c158d95d9fe7f3c08b477dd7f2e7c50f3598683183e723b3f974df859e19bd,0x64ea2f77,0x31b61cbdb,0x5077a,0xad,0x2c95a06264cd262e670215cbdc3d41d6fa6b6a1440229791be507f2968ed0eef,0x2e,18000190,1693069175,2023-08-26 16:59:35,0xe592427a0aece92de3edee1f18e0157c05861564,0xe592427a0aece92de3edee1f18e0157c05861564,-98442629244,59800000000000000000,1952290446024356686549616537683542,36436129027849465614,202253
0x88e6a0c2ddd26feeb64f039a2c41296fcb3f5640,"['0xc42079f94a6350d7e6235f29174924f928cc2ac818eb64fed8004e115fbcca67', '0x0000000000000000000000003fc91a3afd70395cd496c647d5a6cc9d4b2b7fad', '0x0000000000000000000000003fc91a3afd70395cd496c647d5a6cc9d4b2b7fad']",0x000000000000000000000000000000000000000000000000000000001dcd6500fffffffffffffffffffffffffffffffffffffffffffffffffbc9f0e14e1d561600000000000000000000000000000000000060415c853a6d60a99fd2eb3b7fed000000000000000000000000000000000000000000000001f9a7224dcf442f0e000000000000000000000000000000000000000000000000000000000003160d,0x112a93e,0x32c158d95d9fe7f3c08b477dd7f2e7c50f3598683183e723b3f974df859e19bd,0x64ea2f77,0x30a18bf5b,0x22176,0x11f,0x4abcb2865cb5cbd6b15ae500c799479a19cdeea4745f56f6af96b0bd5d7b9890,0x5a,18000190,1693069175,2023-08-26 16:59:35,0x3fc91a3afd70395cd496c647d5a6cc9d4b2b7fad,0x3fc91a3afd70395cd496c647d5a6cc9d4b2b7fad,500000000,-303446649401944554,1952289786197940031519020103204845,36436129027849465614,202253
0x88e6a0c2ddd26feeb64f039a2c41296fcb3f5640,"['0xc42079f94a6350d7e6235f29174924f928cc2ac818eb64fed8004e115fbcca67', '0x0000000000000000000000003fc91a3afd70395cd496c647d5a6cc9d4b2b7fad', '0x0000000000000000000000004859acf1f46d61191f7a27ffc6e4dfc8d86d2936']",0xffffffffffffffffffffffffffffffffffffffffffffffffffffffffe778ab5500000000000000000000000000000000000000000000000003782dace9d9000000000000000000000000000000000000000060415e46aabec8e64f812863afd3000000000000000000000000000000000000000000000001f9a7224dcf442f0e000000000000000000000000000000000000000000000000000000000003160d,0x112a93e,0x32c158d95d9fe7f3c08b477dd7f2e7c50f3598683183e723b3f974df859e19bd,0x64ea2f77,0x30a18bf5b,0x2172c,0x124,0xc023cebe1da997fb2c5f7b7d27d8174a0f3e6f22945fa16d7f79a87e08e9e654,0x5b,18000190,1693069175,2023-08-26 16:59:35,0x3fc91a3afd70395cd496c647d5a6cc9d4b2b7fad,0x4859acf1f46d61191f7a27ffc6e4dfc8d86d2936,-411522219,250000000000000000,1952290329536039781910331716251603,36436129027849465614,202253
0x88e6a0c2ddd26feeb64f039a2c41296fcb3f5640,"['0xc42079f94a6350d7e6235f29174924f928cc2ac818eb64fed8004e115fbcca67', '0x00000000000000000000000068b3465833fb72a70ecdf485e0e4c7bd8665fc45', '0x000000000000000000000000726c8f0630175dc0024a503dac01041d95670659']",0xfffffffffffffffffffffffffffffffffffffffffffffffffffffffb6c5e33d6000000000000000000000000000000000000000000000000a5b934807ab2c05a0000000000000000000000000000000000006041b222cc52abf13b4144c88774000000000000000000000000000000000000000000000001f9a7224dcf442f0e000000000000000000000000000000000000000000000000000000000003160e,0x112a93f,0xba663008ed1c6ee928af955d7b1901d4742d6e93e357cc2518a44f0763d2f437,0x64ea2f83,0x496f7d658,0x3ec87,0x2e,0x44f2a2acd80a702d83e0d8d36ac36455157cb8058bceb41c04b456d5428852e6,0x4,18000191,1693069187,2023-08-26 16:59:47,0x68b3465833fb72a70ecdf485e0e4c7bd8665fc45,0x726c8f0630175dc0024a503dac01041d95670659,-19656723498,11941633613368574042,1952316282914101394230794623944564,36436129027849465614,202254
0x88e6a0c2ddd26feeb64f039a2c41296fcb3f5640,"['0xc42079f94a6350d7e6235f29174924f928cc2ac818eb64fed8004e115fbcca67', '0x0000000000000000000000003fc91a3afd70395cd496c647d5a6cc9d4b2b7fad', '0x0000000000000000000000003fc91a3afd70395cd496c647d5a6cc9d4b2b7fad']",0x000000000000000000000000000000000000000000000000000000013be79500ffffffffffffffffffffffffffffffffffffffffffffffffd35c4efd5edf02a800000000000000000000000000000000000060419b893aef0c97904f68c1429a000000000000000000000000000000000000000000000001f9a7224dcf442f0e000000000000000000000000000000000000000000000000000000000003160d,0x112a940,0xca83987befcfcee63a30749fe998c026bf22ad0b1a204530ec0dc8b6066b6fb0,0x64ea2f8f,0x2e2fe5a79,0x29c2e,0xbe,0xcd4e5e8d059b2651d75baf029b3d1397706fe8fe23def11611e81523e921d192,0x38,18000192,1693069199,2023-08-26 16:59:59,0x3fc91a3afd70395cd496c647d5a6cc9d4b2b7fad,0x3fc91a3afd70395cd496c647d5a6cc9d4b2b7fad,5300000000,-3216609183724010840,1952309288591654073524942434026138,36436129027849465614,202253
0x88e6a0c2ddd26feeb64f039a2c41296fcb3f5640,"['0xc42079f94a6350d7e6235f29174924f928cc2ac818eb64fed8004e115fbcca67', '0x0000000000000000000000003fc91a3afd70395cd496c647d5a6cc9d4b2b7fad', '0x0000000000000000000000003fc91a3afd70395cd496c647d5a6cc9d4b2b7fad']",0x000000000000000000000000000000000000000000000000000000000a8cce40fffffffffffffffffffffffffffffffffffffffffffffffffe825c117f222ed400000000000000000000000000000000000060419ac803c9369980ce6f2c00b9000000000000000000000000000000000000000000000001f9a7224dcf442f0e000000000000000000000000000000000000000000000000000000000003160d,0x112a944,0x72f74b3674871896c1501df52a6310275b79dbe197ce7d3287a87d3d5a9af5da,0x64ea2fbf,0x324dc4ed5,0x2bcf7,0x175,0xc8fd3ffc8b3afac75783eafb0172302d19cca6f9fed1305829589716a4efdcec,0x81,18000196,1693069247,2023-08-26 17:00:47,0x3fc91a3afd70395cd496c647d5a6cc9d4b2b7fad,0x3fc91a3afd70395cd496c647d5a6cc9d4b2b7fad,177000000,-107422210886324524,1952309055008542782033733194875065,36436129027849465614,202253
0x88e6a0c2ddd26feeb64f039a2c41296fcb3f5640,"['0xc42079f94a6350d7e6235f29174924f928cc2ac818eb64fed8004e115fbcca67', '0x0000000000000000000000003fc91a3afd70395cd496c647d5a6cc9d4b2b7fad', '0x00000000000000000000000009d1d767edf8fa23a64c51fa559e0688e526812f']",0x000000000000000000000000000000000000000000000000000000003b9aca00fffffffffffffffffffffffffffffffffffffffffffffffff793d76c95c674950000000000000000000000000000000000006041968467322757caf42f47bb8d000000000000000000000000000000000000000000000001f9a7224dcf442f0e000000000000000000000000000000000000000000000000000000000003160d,0x112a945,0xa39b8e2b2ab863de9983e20d95d334f0d3df440648f3014713504e5d3cd90be6,0x64ea2fcb,0x34b80901e,0x33d60,0xc8,0xa8e795aa9b8e1ee7f5010ad32c8d724cfaaf885cdc989befb1a4313f792d67d9,0x4a,18000197,1693069259,2023-08-26 17:00:59,0x3fc91a3afd70395cd496c647d5a6cc9d4b2b7fad,0x09d1d767edf8fa23a64c51fa559e0688e526812f,1000000000,-606904663395634027,1952307735330997853430775760272269,36436129027849465614,202253
0x88e6a0c2ddd26feeb64f039a2c41296fcb3f5640,"['0xc42079f94a6350d7e6235f29174924f928cc2ac818eb64fed8004e115fbcca67', '0x0000000000000000000000003fc91a3afd70395cd496c647d5a6cc9d4b2b7fad', '0x0000000000000000000000003fc91a3afd70395cd496c647d5a6cc9d4b2b7fad']",0x0000000000000000000000000000000000000000000000000000000000fa3207ffffffffffffffffffffffffffffffffffffffffffffffffffdca55a6905e3d4000000000000000000000000000000000000604196728111acc63cd8c5ba26d6000000000000000000000000000000000000000000000001f9a7224dcf442f0e000000000000000000000000000000000000000000000000000000000003160d,0x112a945,0xa39b8e2b2ab863de9983e20d95d334f0d3df440648f3014713504e5d3cd90be6,0x64ea2fcb,0x3b0d4811e,0x2a9e0,0x10a,0x37e1ffced648a18173f21afe83eb69ce9d26382b9ef08dd729d846498c645eb1,0x52,18000197,1693069259,2023-08-26 17:00:59,0x3fc91a3afd70395cd496c647d5a6cc9d4b2b7fad,0x3fc91a3afd70395cd496c647d5a6cc9d4b2b7fad,16396807,-9951291433950252,1952307713692515501115110049064662,36436129027849465614,202253
0x88e6a0c2ddd26feeb64f039a2c41296fcb3f5640,"['0xc42079f94a6350d7e6235f29174924f928cc2ac818eb64fed8004e115fbcca67', '0x0000000000000000000000003fc91a3afd70395cd496c647d5a6cc9d4b2b7fad', '0x000000000000000000000000286d1f1e58ac07abca276f618ff258fc177c6509']",0xffffffffffffffffffffffffffffffffffffffffffffffffffffffffda45c85b00000000000000000000000000000000000000000000000005562127f4ab750200000000000000000000000000000000000060419925cc143d3759c3c9ab009a000000000000000000000000000000000000000000000001f9a7224dcf442f0e000000000000000000000000000000000000000000000000000000000003160d,0x112a948,0x6609d3329dbf9e51d181ad0019b8c2c018646e8fdb158244ad8500f7588228e5,0x64ea2ffb,0x3c4cb86b2,0x41ca3,0x63,0x927f271764ad52255f8bc124c4b44cb834d3344f88fac666a427297267ff121e,0x1e,18000200,1693069307,2023-08-26 17:01:47,0x3fc91a3afd70395cd496c647d5a6cc9d4b2b7fad,0x286d1f1e58ac07abca276f618ff258fc177c6509,-632960933,384531273679074562,1952308549414481642659250120097946,36436129027849465614,202253
0x88e6a0c2ddd26feeb64f039a2c41296fcb3f5640,"['0xc42079f94a6350d7e6235f29174924f928cc2ac818eb64fed8004e115fbcca67', '0x000000000000000000000000def1c0ded9bec7f1a1670819833240f027b25eff', '0x000000000000000000000000def1c0ded9bec7f1a1670819833240f027b25eff']",0x000000000000000000000000000000000000000000000000000000003b9aca00fffffffffffffffffffffffffffffffffffffffffffffffff793d7b5c61289d2000000000000000000000000000000000000604194e22fa23bb34f7801e4ea37000000000000000000000000000000000000000000000001f9a7224dcf442f0e000000000000000000000000000000000000000000000000000000000003160d,0x112a94a,0xff6cbed54d0bf24ed28d88afb87896ab2d144b0857ec7cbc474cc7e5754d67d5,0x64ea3013,0x3cb80caf6,0x3418f,0x23,0xe107ce8b47fa7d4e81f9d970858a87e68c2ae3a465a973e8372d3a117512a5ac,0x9,18000202,1693069331,2023-08-26 17:02:11,0xdef1c0ded9bec7f1a1670819833240f027b25eff,0xdef1c0ded9bec7f1a1670819833240f027b25eff,1000000000,-606904349052728878,1952307229737620233723141419231799,36436129027849465614,202253
0x88e6a0c2ddd26feeb64f039a2c41296fcb3f5640,"['0xc42079f94a6350d7e6235f29174924f928cc2ac818eb64fed8004e115fbcca67', '0x0000000000000000000000003fc91a3afd70395cd496c647d5a6cc9d4b2b7fad', '0x00000000000000000000000069e33abb1d0e5c5a3bcb000bebc962651f27dd97']",0xffffffffffffffffffffffffffffffffffffffffffffffffffffffffc4653600000000000000000000000000000000000000000000000000086e50ae4125a8120000000000000000000000000000000000006041992657e011faf247ae4ca5d1000000000000000000000000000000000000000000000001f9a7224dcf442f0e000000000000000000000000000000000000000000000000000000000003160d,0x112a94a,0xff6cbed54d0bf24ed28d88afb87896ab2d144b0857ec7cbc474cc7e5754d67d5,0x64ea3013,0x35a4117f6,0x35347,0xf1,0xc8dd1ba2ff36c620c2b2e83be6c9b2cdc4d500461a454a5358c6ab3dab3aa419,0x5a,18000202,1693069331,2023-08-26 17:02:11,0x3fc91a3afd70395cd496c647d5a6cc9d4b2b7fad,0x69e33abb1d0e5c5a3bcb000bebc962651f27dd97,-1000000000,607511709089114130,1952308550074650604090342587016657,36436129027849465614,202253
0x88e6a0c2ddd26feeb64f039a2c41296fcb3f5640,"['0xc42079f94a6350d7e6235f29174924f928cc2ac818eb64fed8004e115fbcca67', '0x0000000000000000000000003fc91a3afd70395cd496c647d5a6cc9d4b2b7fad', '0x0000000000000000000000003fc91a3afd70395cd496c647d5a6cc9d4b2b7fad']",0x000000000000000000000000000000000000000000000000000000001dcd6500fffffffffffffffffffffffffffffffffffffffffffffffffbc9ebc2f5badb4a00000000000000000000000000000000000060419704899af4202f10ab81a328000000000000000000000000000000000000000000000001f9a7224dcf442f0e000000000000000000000000000000000000000000000000000000000003160d,0x112a94d,0x36518b4588029c023667917f6d0754519c49da5a80eb9bb031ce5388db36285a,0x64ea3037,0x3634ef553,0x30e11,0x2,0x4c7610aca523cd20f9585f61b6d8ddd41e55e96a8b1833974e1f0a81fee16021,0x,18000205,1693069367,2023-08-26 17:02:47,0x3fc91a3afd70395cd496c647d5a6cc9d4b2b7fad,0x3fc91a3afd70395cd496c647d5a6cc9d4b2b7fad,500000000,-303452277291951286,1952307890235996442058796438758184,36436129027849465614,202253
0x88e6a0c2ddd26feeb64f039a2c41296fcb3f5640,"['0xc42079f94a6350d7e6235f29174924f928cc2ac818eb64fed8004e115fbcca67', '0x0000000000000000000000003fc91a3afd70395cd496c647d5a6cc9d4b2b7fad', '0x0000000000000000000000000c5b2deba3b6424c45ef0671f336b9f3c894bf70']",0xfffffffffffffffffffffffffffffffffffffffffffffffffffffffa26a4fe3f000000000000000000000000000000000000000000000000d3ccf116929490f700000000000000000000000000000000000060420231954ba76d2fe09c945867000000000000000000000000000000000000000000000001f9a7224dcf442f0e000000000000000000000000000000000000000000000000000000000003160e,0x112a94d,0x36518b4588029c023667917f6d0754519c49da5a80eb9bb031ce5388db36285a,0x64ea3037,0x3634ef553,0x69654,0x54,0x8fc7610cd15af439756ef90bde37a5b55c20c86c821e7488b7aa95245efb1be7,0xc,18000205,1693069367,2023-08-26 17:02:47,0x3fc91a3afd70395cd496c647d5a6cc9d4b2b7fad,0x0c5b2deba3b6424c45ef0671f336b9f3c894bf70,-25121456577,15261838316502552823,1952341059588914786891800929130599,36436129027849465614,202254
0x88e6a0c2ddd26feeb64f039a2c41296fcb3f5640,"['0xc42079f94a6350d7e6235f29174924f928cc2ac818eb64fed8004e115fbcca67', '0x0000000000000000000000003fc91a3afd70395cd496c647d5a6cc9d4b2b7fad', '0x0000000000000000000000003fc91a3afd70395cd496c647d5a6cc9d4b2b7fad']",0x000000000000000000000000000000000000000000000000000000001dcd6500fffffffffffffffffffffffffffffffffffffffffffffffffbc9e291eff060900000000000000000000000000000000000006042000fc25f421292cfcb54a5f2000000000000000000000000000000000000000000000001f9a7224dcf442f0e000000000000000000000000000000000000000000000000000000000003160e,0x112a951,0x5e9c698f33f5afbe6f7c1935356d35cfb327c313b281d9de3fa3ddfadc8f0aa4,0x64ea3067,0x33ce16a26,0x30de9,0x46,0xfac701f6a5840af0961d5dad1c63e3b79ff92b38793d8227c0736b3fafb5f56b,0x7,18000209,1693069415,2023-08-26 17:03:35,0x3fc91a3afd70395cd496c647d5a6cc9d4b2b7fad,0x3fc91a3afd70395cd496c647d5a6cc9d4b2b7fad,500000000,-303462383447154544,1952340399728285400592438474876402,36436129027849465614,202254
0x88e6a0c2ddd26feeb64f039a2c41296fcb3f5640,"['0xc42079f94a6350d7e6235f29174924f928cc2ac818eb64fed8004e115fbcca67', '0x0000000000000000000000003fc91a3afd70395cd496c647d5a6cc9d4b2b7fad', '0x000000000000000000000000c8c3ba3a9dbb7b197adb1fec09b4220b19052fd7']",0xffffffffffffffffffffffffffffffffffffffffffffffffffffffff8d47ffc6000000000000000000000000000000000000000000000000103a2b5fa780539f00000000000000000000000000000000000060420845dd5cff723b1abb636883000000000000000000000000000000000000000000000001f9a7224dcf442f0e000000000000000000000000000000000000000000000000000000000003160e,0x112a953,0xce8d552637ddb6f4051838ae99678055d4c4ad88bb5612c161ab2c9645c70d1f,0x64ea307f,0x338ecc9bc,0x39a9c,0x151,0xa38bb754f88e9bee528beaa76258d4e4dca91cdf1b8d529cf78f24ffc9700128,0x6b,18000211,1693069439,2023-08-26 17:03:59,0x3fc91a3afd70395cd496c647d5a6cc9d4b2b7fad,0xc8c3ba3a9dbb7b197adb1fec09b4220b19052fd7,-1924661306,1169294743088157599,1952342941017820431158658763810947,36436129027849465614,202254
0x88e6a0c2ddd26feeb64f039a2c41296fcb3f5640,"['0xc42079f94a6350d7e6235f29174924f928cc2ac818eb64fed8004e115fbcca67', '0x00000000000000000000000068b3465833fb72a70ecdf485e0e4c7bd8665fc45', '0x0000000000000000000000004d072332e4aceb63693f29aab588eea5d78d81a5']",0xffffffffffffffffffffffffffffffffffffffffffffffffffffffff31f89a3e0000000000000000000000000000000000000000000000001d24b2dfac52000000000000000000000000000000000000000060421705266f37d66538bd1b6146000000000000000000000000000000000000000000000001f9a7224dcf442f0e000000000000000000000000000000000000000000000000000000000003160e,0x112a954,0x9033a6eb383211eaa0dff3da4a644d83413ef3afe7c572662c385b1ca539a73d,0x64ea308b,0x326ce2bb6,0x21b9e,0x122,0xee157e8a2ace74d9b18c4abdcfbff431ab49d0026f6049dc5620112ad024881c,0x6d,18000212,1693069451,2023-08-26 17:04:11,0x68b3465833fb72a70ecdf485e0e4c7bd8665fc45,0x4d072332e4aceb63693f29aab588eea5d78d81a5,-3456591298,2100000000000000000,1952347505057858334445676313403718,36436129027849465614,202254
0x88e6a0c2ddd26feeb64f039a2c41296fcb3f5640,"['0xc42079f94a6350d7e6235f29174924f928cc2ac818eb64fed8004e115fbcca67', '0x0000000000000000000000006b75d8af000000e20b7a7ddf000ba900b4009a80', '0x0000000000000000000000006b75d8af000000e20b7a7ddf000ba900b4009a80']",0x00000000000000000000000000000000000000000000000000000000112343affffffffffffffffffffffffffffffffffffffffffffffffffd94074af5f47967000000000000000000000000000000000000604215cb45f8d2a7adb9b26ddac4000000000000000000000000000000000000000000000001f9a7224dcf442f0e000000000000000000000000000000000000000000000000000000000003160e,0x112a956,0x8481c3d5ebe9a05f76e7eebf044e2f852e9483d0cdf81b964cd5840dc51b09cf,0x64ea30a3,0x324026c96,0x694a2,0x10,0x7169335cbb860f6e2c7d2ade89de2c1f47d442fbc3cdb8912d686b27d8fc253b,0x,18000214,1693069475,2023-08-26 17:04:35,0x6b75d8af000000e20b7a7ddf000ba900b4009a80,0x6b75d8af000000e20b7a7ddf000ba900b4009a80,287523759,-174506467025192601,1952347125604082696136643348126404,36436129027849465614,202254
0x88e6a0c2ddd26feeb64f039a2c41296fcb3f5640,"['0xc42079f94a6350d7e6235f29174924f928cc2ac818eb64fed8004e115fbcca67', '0x00000000000000000000000068b3465833fb72a70ecdf485e0e4c7bd8665fc45', '0x00000000000000000000000068b3465833fb72a70ecdf485e0e4c7bd8665fc45']",0x00000000000000000000000000000000000000000000000000000000912f6895ffffffffffffffffffffffffffffffffffffffffffffffffeb7bd282eff0cc2d00000000000000000000000000000000000060420b68388c57d260d7939f81a1000000000000000000000000000000000000000000000001f9a7224dcf442f0e000000000000000000000000000000000000000000000000000000000003160e,0x112a958,0x37bc71378d0a6adf17de2617b4eab55a9cc73ce77fe29c69731b341701d1f592,0x64ea30bb,0x377b04ccb,0x22d9f,0xd7,0x40b43a49dcde771393da385f6c6e117d13debf42c34ca109b1530980804412cd,0x2d,18000216,1693069499,2023-08-26 17:04:59,0x68b3465833fb72a70ecdf485e0e4c7bd8665fc45,0x68b3465833fb72a70ecdf485e0e4c7bd8665fc45,2435803285,-1478356592847958995,1952343911006936477135225055314337,36436129027849465614,202254
0x88e6a0c2ddd26feeb64f039a2c41296fcb3f5640,"['0xc42079f94a6350d7e6235f29174924f928cc2ac818eb64fed8004e115fbcca67', '0x0000000000000000000000003fc91a3afd70395cd496c647d5a6cc9d4b2b7fad', '0x00000000000000000000000052db713d60249e52024dfb54a5b4c32fe0893f54']",0x00000000000000000000000000000000000000000000000000000000335c44c4fffffffffffffffffffffffffffffffffffffffffffffffff8be0112fae3229d000000000000000000000000000000000000604207bb8fd7692cb3db738bdb9c000000000000000000000000000000000000000000000001f9a7224dcf442f0e000000000000000000000000000000000000000000000000000000000003160e,0x112a960,0x180e7888d2d3831cad718482ff62f9237687f508ac9ab44e25cffcaa900fd52f,0x64ea311b,0x329d36395,0x4eb0b,0x2b,0x00d52c676ef34a986fce6449064b3f09292255c14723346170e089c215150089,0x3,18000224,1693069595,2023-08-26 17:06:35,0x3fc91a3afd70395cd496c647d5a6cc9d4b2b7fad,0x52db713d60249e52024dfb54a5b4c32fe0893f54,861684932,-522979325698170211,1952342773819970859987481662315420,36436129027849465614,202254
0x88e6a0c2ddd26feeb64f039a2c41296fcb3f5640,"['0xc42079f94a6350d7e6235f29174924f928cc2ac818eb64fed8004e115fbcca67', '0x0000000000000000000000003fc91a3afd70395cd496c647d5a6cc9d4b2b7fad', '0x0000000000000000000000007777f6f7b62d2c6fef11860c93a204ed9df7eb8d']",0xffffffffffffffffffffffffffffffffffffffffffffffffffffffffc16f8d2800000000000000000000000000000000000000000000000008d991108a0d724c00000000000000000000000000000000000060420c35fda5536cb1a84bba522b000000000000000000000000000000000000000000000001f9a7224dcf442f0e000000000000000000000000000000000000000000000000000000000003160e,0x112a960,0x180e7888d2d3831cad718482ff62f9237687f508ac9ab44e25cffcaa900fd52f,0x64ea311b,0x32cce5415,0x3c7b3,0x157,0xae2f933f0b5c0300e9db7c14f3082bd00d949b58a23296c31e38092e4011d892,0x75,18000224,1693069595,2023-08-26 17:06:35,0x3fc91a3afd70395cd496c647d5a6cc9d4b2b7fad,0x7777f6f7b62d2c6fef11860c93a204ed9df7eb8d,-1049653976,637700322471277132,1952344159767496547009402311954987,36436129027849465614,202254
0x88e6a0c2ddd26feeb64f039a2c41296fcb3f5640,"['0xc42079f94a6350d7e6235f29174924f928cc2ac818eb64fed8004e115fbcca67', '0x0000000000000000000000006719c6ebf80d6499ca9ce170cda72beb3f1d1a54', '0x0000000000000000000000006719c6ebf80d6499ca9ce170cda72beb3f1d1a54']",0xffffffffffffffffffffffffffffffffffffffffffffffffffffffffd94945950000000000000000000000000000000000000000000000000579e61c358844e000000000000000000000000000000000000060420efb62491a78dd0f87cd767d000000000000000000000000000000000000000000000001f9a7224dcf442f0e000000000000000000000000000000000000000000000000000000000003160e,0x112a963,0x442a6d1fea2a41a068c942eb5af1b44716703ec50c42fece6ac6964c6a95a7bf,0x64ea313f,0x6085faeaa,0x2cda4,0x8,0x888bc67d49a47506555453a4d05d8b1ae78d90ce2f6a400052e3534ba776a894,0x1,18000227,1693069631,2023-08-26 17:07:11,0x6719c6ebf80d6499ca9ce170cda72beb3f1d1a54,0x6719c6ebf80d6499ca9ce170cda72beb3f1d1a54,-649509483,394599451203224800,1952345017371160464239102014617213,36436129027849465614,202254
0x88e6a0c2ddd26feeb64f039a2c41296fcb3f5640,"['0xc42079f94a6350d7e6235f29174924f928cc2ac818eb64fed8004e115fbcca67', '0x0000000000000000000000003fc91a3afd70395cd496c647d5a6cc9d4b2b7fad', '0x00000000000000000000000081a460ea6fd96a73d5672f1f4aa684697d4b44cc']",0x0000000000000000000000000000000000000000000000000000000077359400ffffffffffffffffffffffffffffffffffffffffffffffffef2786ec748aa54b0000000000000000000000000000000000006042067414e47ad223d4f5c3e8bf000000000000000000000000000000000000000000000001f9a7224dcf442f0e000000000000000000000000000000000000000000000000000000000003160e,0x112a963,0x442a6d1fea2a41a068c942eb5af1b44716703ec50c42fece6ac6964c6a95a7bf,0x64ea313f,0x430e23400,0x3c8f9,0x4a,0x7cb6acd783ba1ae309624fe951708b7a0976edc22876abd21151bfb13e0c1412,0x13,18000227,1693069631,2023-08-26 17:07:11,0x3fc91a3afd70395cd496c647d5a6cc9d4b2b7fad,0x81a460ea6fd96a73d5672f1f4aa684697d4b44cc,2000000000,-1213853224427412149,1952342377920617847829320620566719,36436129027849465614,202254
0x88e6a0c2ddd26feeb64f039a2c41296fcb3f5640,"['0xc42079f94a6350d7e6235f29174924f928cc2ac818eb64fed8004e115fbcca67', '0x0000000000000000000000001111111254eeb25477b68fb85ed929f73a960582', '0x000000000000000000000000972c3ebcb5419a42b5cbc43e21c9e9c7dad75e3f']",0xfffffffffffffffffffffffffffffffffffffffffffffffffffffffed9d8e073000000000000000000000000000000000000000000000000299bd6a96657200000000000000000000000000000000000000060421b822844d1e8e0146d9d2168000000000000000000000000000000000000000000000001f9a7224dcf442f0e000000000000000000000000000000000000000000000000000000000003160e,0x112a963,0x442a6d1fea2a41a068c942eb5af1b44716703ec50c42fece6ac6964c6a95a7bf,0x64ea313f,0x327296a4c,0x1abb1,0xe6,0xb6efbc2203d64fc6a954ca6b6567ac29288245f545c013df5dd67a7336dbcc64,0x5d,18000227,1693069631,2023-08-26 17:07:11,0x1111111254eeb25477b68fb85ed929f73a960582,0x972c3ebcb5419a42b5cbc43e21c9e9c7dad75e3f,-4935065485,2998226000000000000,1952348894122287696696283229921640,36436129027849465614,202254
0x88e6a0c2ddd26feeb64f039a2c41296fcb3f5640,"['0xc42079f94a6350d7e6235f29174924f928cc2ac818eb64fed8004e115fbcca67', '0x0000000000000000000000003fc91a3afd70395cd496c647d5a6cc9d4b2b7fad', '0x000000000000000000000000e18a1aa3d31ad8edc0ef624bed9d9fff9f745147']",0xffffffffffffffffffffffffffffffffffffffffffffffffffffffffd7538f9800000000000000000000000000000000000000000000000005c0dfd78b3fc71e00000000000000000000000000000000000060421e6b773621ff24e5c71460b8000000000000000000000000000000000000000000000001f9a7224dcf442f0e000000000000000000000000000000000000000000000000000000000003160e,0x112a964,0x0189501a6c0d52a8e692b57efb0f8d7eb13b9c4666c461bfa704155f329a7870,0x64ea314b,0x32d0fac58,0x3aaef,0x108,0x9823bea583f340e2f68bc24a22b1658e4039da2be10a13cef6168bc62ac5f984,0x5e,18000228,1693069643,2023-08-26 17:07:23,0x3fc91a3afd70395cd496c647d5a6cc9d4b2b7fad,0xe18a1aa3d31ad8edc0ef624bed9d9fff9f745147,-682389608,414577282565261086,1952349795144819331456253176340664,36436129027849465614,202254
0x88e6a0c2ddd26feeb64f039a2c41296fcb3f5640,"['0xc42079f94a6350d7e6235f29174924f928cc2ac818eb64fed8004e115fbcca67', '0x0000000000000000000000003fc91a3afd70395cd496c647d5a6cc9d4b2b7fad', '0x0000000000000000000000003fc91a3afd70395cd496c647d5a6cc9d4b2b7fad']",0x000000000000000000000000000000000000000000000000000000007eab2d49ffffffffffffffffffffffffffffffffffffffffffffffffee19a8506952a4440000000000000000000000000000000000006042155b88e9f548174415073836000000000000000000000000000000000000000000000001f9a7224dcf442f0e000000000000000000000000000000000000000000000000000000000003160e,0x112a964,0x0189501a6c0d52a8e692b57efb0f8d7eb13b9c4666c461bfa704155f329a7870,0x64ea314b,0x32d0fac58,0x3d6c7,0x115,0x85705b8e3354bd2c6f9cfb5d721e356bd648b35727daf8d63c6b6bda5b378839,0x65,18000228,1693069643,2023-08-26 17:07:23,0x3fc91a3afd70395cd496c647d5a6cc9d4b2b7fad,0x3fc91a3afd70395cd496c647d5a6cc9d4b2b7fad,2125147465,-1289814754947062716,1952346990520515247599573010954294,36436129027849465614,202254
0x88e6a0c2ddd26feeb64f039a2c41296fcb3f5640,"['0xc42079f94a6350d7e6235f29174924f928cc2ac818eb64fed8004e115fbcca67', '0x0000000000000000000000003fc91a3afd70395cd496c647d5a6cc9d4b2b7fad', '0x00000000000000000000000040032c7981be8f9dc3ed3f5eca25ba4177454435']",0xfffffffffffffffffffffffffffffffffffffffffffffffffffffffefb2bfe9800000000000000000000000000000000000000000000000024e52105526c3f9700000000000000000000000000000000000060422806fcd8dae066384b148250000000000000000000000000000000000000000000000001f9a7224dcf442f0e000000000000000000000000000000000000000000000000000000000003160e,0x112a965,0x93f2cdf5651aac401a66b9aaa8f8ed00de7d1f172fca93c1312aff68042bd647,0x64ea3157,0x3314f703c,0x3c7fa,0xd9,0x7874151f1afc3a9039774aa8a631470d50b453958ecbf138c3a8734100fb49ce,0x3b,18000229,1693069655,2023-08-26 17:07:35,0x3fc91a3afd70395cd496c647d5a6cc9d4b2b7fad,0x40032c7981be8f9dc3ed3f5eca25ba4177454435,-4375970152,2658567461773524887,1952352768524486200591992935973456,36436129027849465614,202254
0x88e6a0c2ddd26feeb64f039a2c41296fcb3f5640,"['0xc42079f94a6350d7e6235f29174924f928cc2ac818eb64fed8004e115fbcca67', '0x0000000000000000000000003fc91a3afd70395cd496c647d5a6cc9d4b2b7fad', '0x0000000000000000000000001c9d31413166cb137769385530c7ebe386723e58']",0xfffffffffffffffffffffffffffffffffffffffffffffffffffffffe62211c030000000000000000000000000000000000000000000000003a8b3b34ca261ff5000000000000000000000000000000000000604245a6df3a53a81012ff7994c9000000000000000000000000000000000000000000000001f9a7224dcf442f0e000000000000000000000000000000000000000000000000000000000003160e,0x112a970,0x8dd5e4613a53ae3829caaf74f60e045f63bba1518fcfce1629af51d004f0cac6,0x64ea31db,0x34f06761f,0x35598,0xd9,0xf54cbfe1220c0ad4f9eea2175787fc872b66b3e6cf84af27b7bf7c8348ffb8b5,0x5c,18000240,1693069787,2023-08-26 17:09:47,0x3fc91a3afd70395cd496c647d5a6cc9d4b2b7fad,0x1c9d31413166cb137769385530c7ebe386723e58,-6943597565,4218530573878435829,1952361936878029200740276088968393,36436129027849465614,202254
0x88e6a0c2ddd26feeb64f039a2c41296fcb3f5640,"['0xc42079f94a6350d7e6235f29174924f928cc2ac818eb64fed8004e115fbcca67', '0x0000000000000000000000003fc91a3afd70395cd496c647d5a6cc9d4b2b7fad', '0x0000000000000000000000001cbc8997415b66473eeeca0a400789181eabd85d']",0xfffffffffffffffffffffffffffffffffffffffffffffffffffffffdf6d7820c00000000000000000000000000000000000000000000000049b8908ef0fff50400000000000000000000000000000000000060426af4d31244f8ae8cf6aa8ea2000000000000000000000000000000000000000000000001f9a7224dcf442f0e000000000000000000000000000000000000000000000000000000000003160e,0x112a972,0x7bc587073432a16cfb879c56b1585bcc118beb1a5c55047785ef4ae48a49a46f,0x64ea31f3,0x31ffb7c59,0x38c5a,0x102,0x734f144821fa621360673c5321f24a923d5c237fa325565db7f80f6e72942eaa,0x72,18000242,1693069811,2023-08-26 17:10:11,0x3fc91a3afd70395cd496c647d5a6cc9d4b2b7fad,0x1cbc8997415b66473eeeca0a400789181eabd85d,-8743583220,5312154704086562052,1952373482062199194719844651667106,36436129027849465614,202254
0x88e6a0c2ddd26feeb64f039a2c41296fcb3f5640,"['0xc42079f94a6350d7e6235f29174924f928cc2ac818eb64fed8004e115fbcca67', '0x0000000000000000000000003fc91a3afd70395cd496c647d5a6cc9d4b2b7fad', '0x0000000000000000000000003fc91a3afd70395cd496c647d5a6cc9d4b2b7fad']",0x000000000000000000000000000000000000000000000000000000019ddee3fdffffffffffffffffffffffffffffffffffffffffffffffffc5839339e377a7a400000000000000000000000000000000000060424d58a47930ee29a397310cfb000000000000000000000000000000000000000000000001f9a7224dcf442f0e000000000000000000000000000000000000000000000000000000000003160e,0x112a974,0xea5efd9a081efc2fe756cb8bc5947b7b699ec8bb970e769464392d9df28e7f28,0x64ea320b,0x35b87e2a4,0x4091b,0x3c,0x8eefcb14bdd2bf21a51b6ee5d78dd7af8445a34eda0a9f1e7bd8b93792ebef25,0x6,18000244,1693069835,2023-08-26 17:10:35,0x3fc91a3afd70395cd496c647d5a6cc9d4b2b7fad,0x3fc91a3afd70395cd496c647d5a6cc9d4b2b7fad,6943597565,-4214362949449963612,1952364318184433861662650747915515,36436129027849465614,202254
0x88e6a0c2ddd26feeb64f039a2c41296fcb3f5640,"['0xc42079f94a6350d7e6235f29174924f928cc2ac818eb64fed8004e115fbcca67', '0x0000000000000000000000003fc91a3afd70395cd496c647d5a6cc9d4b2b7fad', '0x0000000000000000000000003fc91a3afd70395cd496c647d5a6cc9d4b2b7fad']",0x0000000000000000000000000000000000000000000000000000000002faf080ffffffffffffffffffffffffffffffffffffffffffffffffff942f974c21ebea00000000000000000000000000000000000060424d2211d8fcfe74d90655d1c3000000000000000000000000000000000000000000000001f9c11cc7d5be17a2000000000000000000000000000000000000000000000000000000000003160e,0x112a974,0xea5efd9a081efc2fe756cb8bc5947b7b699ec8bb970e769464392d9df28e7f28,0x64ea320b,0x35b87e2a4,0x344a8,0x193,0x1cdcba53bc0db8e7f5103a5ef18fb10ff0367871a0422ce4bce88f30c36d0a57,0x70,18000244,1693069835,2023-08-26 17:10:35,0x3fc91a3afd70395cd496c647d5a6cc9d4b2b7fad,0x3fc91a3afd70395cd496c647d5a6cc9d4b2b7fad,50000000,-30346970620892182,1952364252210018874513316109472195,36443441304268838818,202254
0x88e6a0c2ddd26feeb64f039a2c41296fcb3f5640,"['0xc42079f94a6350d7e6235f29174924f928cc2ac818eb64fed8004e115fbcca67', '0x0000000000000000000000001111111254eeb25477b68fb85ed929f73a960582', '0x0000000000000000000000001111111254eeb25477b68fb85ed929f73a960582']",0x000000000000000000000000000000000000000000000000000000003b154650fffffffffffffffffffffffffffffffffffffffffffffffff7a69646d896240f000000000000000000000000000000000000604248e82a91c46a866e4fd5434c000000000000000000000000000000000000000000000001f9c132b4fffd5341000000000000000000000000000000000000000000000000000000000003160e,0x112a97c,0x46cd4dea2ef11130533df567a8ad09b2320f72844e37f97d4f4a17facde75b97,0x64ea326b,0x32f028fd0,0x43569,0x51,0x8e13f117ce28e90bb2af2556c3281c5d302fd73a0703e5ecde0090e6330fdc73,0x1e,18000252,1693069931,2023-08-26 17:12:11,0x1111111254eeb25477b68fb85ed929f73a960582,0x1111111254eeb25477b68fb85ed929f73a960582,991250000,-601628269181787121,1952362944269027417862827033314124,36443465412629058369,202254
0x88e6a0c2ddd26feeb64f039a2c41296fcb3f5640,"['0xc42079f94a6350d7e6235f29174924f928cc2ac818eb64fed8004e115fbcca67', '0x0000000000000000000000003fc91a3afd70395cd496c647d5a6cc9d4b2b7fad', '0x0000000000000000000000004d649775a8e33a2beafb7871354047d839206031']",0xffffffffffffffffffffffffffffffffffffffffffffffffffffffffffe6e27300000000000000000000000000000000000000000000000000038d7ea4c68000000000000000000000000000000000000000604248e9f6b3b81b158ac4b0da55000000000000000000000000000000000000000000000001f9c132b4fffd5341000000000000000000000000000000000000000000000000000000000003160e,0x112a97d,0xfae6e64e64dc904cc0fc10e385747177627cfde4de845258a1e11881e8cbf300,0x64ea3277,0x31d008bd9,0x21b08,0xea,0x4e52d6e610ab61697570ba1ae35ae70b637e1deb663dc6429b747c7ffa0c1dae,0x4b,18000253,1693069943,2023-08-26 17:12:23,0x3fc91a3afd70395cd496c647d5a6cc9d4b2b7fad,0x4d649775a8e33a2beafb7871354047d839206031,-1645965,1000000000000000,1952362946441942302229595746785877,36443465412629058369,202254
0x88e6a0c2ddd26feeb64f039a2c41296fcb3f5640,"['0xc42079f94a6350d7e6235f29174924f928cc2ac818eb64fed8004e115fbcca67', '0x0000000000000000000000001111111254eeb25477b68fb85ed929f73a960582', '0x0000000000000000000000003a23f943181408eac424116af7b7790c94cb97a5']",0xfffffffffffffffffffffffffffffffffffffffffffffffffffffffea2d5adba0000000000000000000000000000000000000000000000003164388652025a5b000000000000000000000000000000000000604261e6f153222fa225280bd2d7000000000000000000000000000000000000000000000001f9c132b4fffd5341000000000000000000000000000000000000000000000000000000000003160e,0x112a97d,0xfae6e64e64dc904cc0fc10e385747177627cfde4de845258a1e11881e8cbf300,0x64ea3277,0x32092b8eb,0x79f4c,0x170,0xc7758b27d0f9ca08b6e89ef5e52de54a98b27a8d8c379c2f05a23042f3593447,0x8f,18000253,1693069943,2023-08-26 17:12:23,0x1111111254eeb25477b68fb85ed929f73a960582,0x3a23f943181408eac424116af7b7790c94cb97a5,-5858021958,3559031755082193499,1952370679915016854311990563951319,36443465412629058369,202254
0x88e6a0c2ddd26feeb64f039a2c41296fcb3f5640,"['0xc42079f94a6350d7e6235f29174924f928cc2ac818eb64fed8004e115fbcca67', '0x0000000000000000000000003fc91a3afd70395cd496c647d5a6cc9d4b2b7fad', '0x0000000000000000000000003fc91a3afd70395cd496c647d5a6cc9d4b2b7fad']",0x00000000000000000000000000000000000000000000000000000000b87440e0ffffffffffffffffffffffffffffffffffffffffffffffffe5ef1539c54c4297000000000000000000000000000000000000604254b548a846c43fc18aef8d5d000000000000000000000000000000000000000000000001f9c132b4fffd5341000000000000000000000000000000000000000000000000000000000003160e,0x112a97d,0xfae6e64e64dc904cc0fc10e385747177627cfde4de845258a1e11881e8cbf300,0x64ea3277,0x32092b8eb,0x2256a,0x193,0xf0ded0afaad60954689e9f7b522cce9699ae4ba716bdd519199040f56dd6c404,0x95,18000253,1693069943,2023-08-26 17:12:23,0x3fc91a3afd70395cd496c647d5a6cc9d4b2b7fad,0x3fc91a3afd70395cd496c647d5a6cc9d4b2b7fad,3094626528,-1878259181722778985,1952366596576014689255539770101085,36443465412629058369,202254
0x88e6a0c2ddd26feeb64f039a2c41296fcb3f5640,"['0xc42079f94a6350d7e6235f29174924f928cc2ac818eb64fed8004e115fbcca67', '0x0000000000000000000000003fc91a3afd70395cd496c647d5a6cc9d4b2b7fad', '0x0000000000000000000000003fc91a3afd70395cd496c647d5a6cc9d4b2b7fad']",0x000000000000000000000000000000000000000000000000000000002faf0800fffffffffffffffffffffffffffffffffffffffffffffffff942f8a633c092aa0000000000000000000000000000000000006042514c1e625502458f85d04582000000000000000000000000000000000000000000000001f9c132b4fffd5341000000000000000000000000000000000000000000000000000000000003160e,0x112a982,0xd7ed8ee404afdf6e53b0c49dd1444f40a51823b2e4040000eab78fd05f68aec4,0x64ea32b3,0x3fcab6e6d,0x2255e,0x2c,0xb7c21bf9046e85469642212f2f7d54af9fe8aa12145839525369fb5fc63f049e,0x8,18000258,1693070003,2023-08-26 17:13:23,0x3fc91a3afd70395cd496c647d5a6cc9d4b2b7fad,0x3fc91a3afd70395cd496c647d5a6cc9d4b2b7fad,800000000,-485552417086074198,1952365540984144527582732806538626,36443465412629058369,202254
0x88e6a0c2ddd26feeb64f039a2c41296fcb3f5640,"['0xc42079f94a6350d7e6235f29174924f928cc2ac818eb64fed8004e115fbcca67', '0x0000000000000000000000003fc91a3afd70395cd496c647d5a6cc9d4b2b7fad', '0x0000000000000000000000003fc91a3afd70395cd496c647d5a6cc9d4b2b7fad']",0x0000000000000000000000000000000000000000000000000000000077359400ffffffffffffffffffffffffffffffffffffffffffffffffef276fb656b0d6bb000000000000000000000000000000000000604248c535c230a1eac42ef20fd0000000000000000000000000000000000000000000000001f9c132b4fffd5341000000000000000000000000000000000000000000000000000000000003160e,0x112a983,0x9a1f809669a449cac00697bf584988730a0cfba2f8078fc29d962396e64cb891,0x64ea32bf,0x37df174a1,0x52af1,0x11e,0xb9f51b7e21bbc085c1fc461f2ce2862bf4fbb77664c73080d436ab9f9f3b6b12,0x6e,18000259,1693070015,2023-08-26 17:13:35,0x3fc91a3afd70395cd496c647d5a6cc9d4b2b7fad,0x3fc91a3afd70395cd496c647d5a6cc9d4b2b7fad,2000000000,-1213878745623898437,1952362902009463004189509867933648,36443465412629058369,202254
0x88e6a0c2ddd26feeb64f039a2c41296fcb3f5640,"['0xc42079f94a6350d7e6235f29174924f928cc2ac818eb64fed8004e115fbcca67', '0x0000000000000000000000003fc91a3afd70395cd496c647d5a6cc9d4b2b7fad', '0x000000000000000000000000f379499258fb25924848a34a7d0abd1ca446edb6']",0xfffffffffffffffffffffffffffffffffffffffffffffffffffffffffe22ce76000000000000000000000000000000000000000000000000004380663abb8000000000000000000000000000000000000000604248e75c4746bc89e0db3e4588000000000000000000000000000000000000000000000001f9c132b4fffd5341000000000000000000000000000000000000000000000000000000000003160e,0x112a986,0xa9305b0647f79c4e3086d74aed7dc1bc03755bd4e28a4098a20f4aed63fa8b12,0x64ea32e3,0x336c78a9e,0x21b14,0xfa,0x886f602129a4ac35d9d84963cc8aa7cb34b23e23a6559a0503f2f31bdacdb667,0x54,18000262,1693070051,2023-08-26 17:14:11,0x3fc91a3afd70395cd496c647d5a6cc9d4b2b7fad,0xf379499258fb25924848a34a7d0abd1ca446edb6,-31273354,19000000000000000,1952362943294845807158115423896968,36443465412629058369,202254
0x88e6a0c2ddd26feeb64f039a2c41296fcb3f5640,"['0xc42079f94a6350d7e6235f29174924f928cc2ac818eb64fed8004e115fbcca67', '0x0000000000000000000000003fc91a3afd70395cd496c647d5a6cc9d4b2b7fad', '0x0000000000000000000000003fc91a3afd70395cd496c647d5a6cc9d4b2b7fad']",0x00000000000000000000000000000000000000000000000000000009e5328900fffffffffffffffffffffffffffffffffffffffffffffffe9a08c670c6903517000000000000000000000000000000000000604193b5f19cec615a5da61e220a000000000000000000000000000000000000000000000001f9c132b4fffd5341000000000000000000000000000000000000000000000000000000000003160d,0x112a98a,0x533d81267438e6e689b7a04529d363a7284b2983ead9ff0e94255bff3b71f183,0x64ea3313,0x36828e7f9,0x593bc,0xe,0xf035dbd383a11b403d2a2345698170f71b2a9c59abe0a3f5984fb36d90a3b2a9,0x1,18000266,1693070099,2023-08-26 17:14:59,0x3fc91a3afd70395cd496c647d5a6cc9d4b2b7fad,0x3fc91a3afd70395cd496c647d5a6cc9d4b2b7fad,42500000000,-25794148678094539497,1952306866766989678057206788792842,36443465412629058369,202253
0x88e6a0c2ddd26feeb64f039a2c41296fcb3f5640,"['0xc42079f94a6350d7e6235f29174924f928cc2ac818eb64fed8004e115fbcca67', '0x0000000000000000000000002684e2d55e30680186ca2d5f5393ac0fb808f011', '0x0000000000000000000000002684e2d55e30680186ca2d5f5393ac0fb808f011']",0x00000000000000000000000000000000000000000000000000000000cac602f5ffffffffffffffffffffffffffffffffffffffffffffffffe358d5034c8869ed0000000000000000000000000000000000006041853512142d78a4a6de32e3ab000000000000000000000000000000000000000000000001f9c132b4fffd5341000000000000000000000000000000000000000000000000000000000003160d,0x112a98f,0x539bc097315702f91a44aece3cb42325cfbc01dce86575f7b47c44457b9b6da6,0x64ea334f,0x2f52dbd66,0x39617,0x13a,0xd3ed40d860aceeb057f6f0bbc15a9845c0fb23ec4052ce200cac7b1cdb3f603b,0x53,18000271,1693070159,2023-08-26 17:15:59,0x2684e2d55e30680186ca2d5f5393ac0fb808f011,0x2684e2d55e30680186ca2d5f5393ac0fb808f011,3401974517,-2064666219003745811,1952302378178737029234896451855275,36443465412629058369,202253
0x88e6a0c2ddd26feeb64f039a2c41296fcb3f5640,"['0xc42079f94a6350d7e6235f29174924f928cc2ac818eb64fed8004e115fbcca67', '0x0000000000000000000000003fc91a3afd70395cd496c647d5a6cc9d4b2b7fad', '0x00000000000000000000000003dff868e1c7837bf578078530acb94efc45681f']",0xfffffffffffffffffffffffffffffffffffffffffffffffffffffffffa9a909400000000000000000000000000000000000000000000000000c3663566a5800000000000000000000000000000000000000060418597ed5f886763c3f96056c1000000000000000000000000000000000000000000000001f9c132b4fffd5341000000000000000000000000000000000000000000000000000000000003160d,0x112a98f,0x539bc097315702f91a44aece3cb42325cfbc01dce86575f7b47c44457b9b6da6,0x64ea334f,0x2f52dbd66,0x33192,0x14c,0x2f0dbe52e60e61f6a51c3bbb87e5d56cda13fde4cb872cfc7773ffbfffee9bdf,0x57,18000271,1693070159,2023-08-26 17:15:59,0x3fc91a3afd70395cd496c647d5a6cc9d4b2b7fad,0x03dff868e1c7837bf578078530acb94efc45681f,-90533740,55000000000000000,1952302497689055669407175692801729,36443465412629058369,202253
0x88e6a0c2ddd26feeb64f039a2c41296fcb3f5640,"['0xc42079f94a6350d7e6235f29174924f928cc2ac818eb64fed8004e115fbcca67', '0x0000000000000000000000003fc91a3afd70395cd496c647d5a6cc9d4b2b7fad', '0x0000000000000000000000003fc91a3afd70395cd496c647d5a6cc9d4b2b7fad']",0x0000000000000000000000000000000000000000000000000000000000989680ffffffffffffffffffffffffffffffffffffffffffffffffffea704483303bdf0000000000000000000000000000000000006041858d036d3e86240c23f2f62b000000000000000000000000000000000000000000000001f9c132b4fffd5341000000000000000000000000000000000000000000000000000000000003160d,0x112a993,0xdfbc425c1f3ad99e792f66b86e6c621ae0afe4c1c282a0fc583436a7dc966cd2,0x64ea337f,0x2c988775a,0x2a639,0x4a0,0x9ec5c87effb833c1c72cdcbdaea38b78db14ad66cd7cd1bbe3f0584c43d1e9e7,0x73,18000275,1693070207,2023-08-26 17:16:47,0x3fc91a3afd70395cd496c647d5a6cc9d4b2b7fad,0x3fc91a3afd70395cd496c647d5a6cc9d4b2b7fad,10000000,-6069009926571041,1952302484495016647080125578540587,36443465412629058369,202253
0x88e6a0c2ddd26feeb64f039a2c41296fcb3f5640,"['0xc42079f94a6350d7e6235f29174924f928cc2ac818eb64fed8004e115fbcca67', '0x0000000000000000000000006352a56caadc4f1e25cd6c75970fa768a3304e64', '0x0000000000000000000000006352a56caadc4f1e25cd6c75970fa768a3304e64']",0x000000000000000000000000000000000000000000000000000000001cb62c3cfffffffffffffffffffffffffffffffffffffffffffffffffbf16211f94558210000000000000000000000000000000000006041837f4ad03db5db77e78b59de000000000000000000000000000000000000000000000001f9c132b4fffd5341000000000000000000000000000000000000000000000000000000000003160d,0x112a995,0x27e15f82bb0349e3ba3f51379d3dbe6946e0392f54097b1d8b4f1122457ced94,0x64ea3397,0x327477856,0x46045,0x131,0xbc3223aa8ae14e1c453ff1e44d4c0ad25285f70115d154f380ec30cb0a0e1a0b,0x7a,18000277,1693070231,2023-08-26 17:17:11,0x6352a56caadc4f1e25cd6c75970fa768a3304e64,0x6352a56caadc4f1e25cd6c75970fa768a3304e64,481700924,-292344671466334175,1952301848937149719105625077275102,36443465412629058369,202253
0x88e6a0c2ddd26feeb64f039a2c41296fcb3f5640,"['0xc42079f94a6350d7e6235f29174924f928cc2ac818eb64fed8004e115fbcca67', '0x0000000000000000000000003fc91a3afd70395cd496c647d5a6cc9d4b2b7fad', '0x00000000000000000000000081a460ea6fd96a73d5672f1f4aa684697d4b44cc']",0x00000000000000000000000000000000000000000000000000000000c242cb49ffffffffffffffffffffffffffffffffffffffffffffffffe48ccd8752daeede0000000000000000000000000000000000006041759a4e519fd0c38771c17699000000000000000000000000000000000000000000000001f9c132b4fffd5341000000000000000000000000000000000000000000000000000000000003160d,0x112a997,0xef78e07fc5cd646b36584ace2faac6ecf39083e7de75f5f7072e899fb1c2f7a4,0x64ea33af,0x342770c00,0x35632,0x97,0x763ac2c9bc5cebe9cc988ec5d7f6477ec3265682af4ccca15f7dbc7537a18fc4,0x11,18000279,1693070255,2023-08-26 17:17:35,0x3fc91a3afd70395cd496c647d5a6cc9d4b2b7fad,0x81a460ea6fd96a73d5672f1f4aa684697d4b44cc,3259157321,-1977980155228131618,1952297548804563148521486667576985,36443465412629058369,202253
0x88e6a0c2ddd26feeb64f039a2c41296fcb3f5640,"['0xc42079f94a6350d7e6235f29174924f928cc2ac818eb64fed8004e115fbcca67', '0x0000000000000000000000003fc91a3afd70395cd496c647d5a6cc9d4b2b7fad', '0x000000000000000000000000f379499258fb25924848a34a7d0abd1ca446edb6']",0x0000000000000000000000000000000000000000000000000000000001dd318affffffffffffffffffffffffffffffffffffffffffffffffffbc920892f154d9000000000000000000000000000000000000604175782cc178eff3ef40f40309000000000000000000000000000000000000000000000001f9c132b4fffd5341000000000000000000000000000000000000000000000000000000000003160d,0x112a997,0xef78e07fc5cd646b36584ace2faac6ecf39083e7de75f5f7072e899fb1c2f7a4,0x64ea33af,0x2f8101c8b,0x2675f,0x12d,0x0cea66eea0cb1d2e0e47c8893d612920e5d29f532b2b54cc7a9738b5ab3ec09f,0x51,18000279,1693070255,2023-08-26 17:17:35,0x3fc91a3afd70395cd496c647d5a6cc9d4b2b7fad,0xf379499258fb25924848a34a7d0abd1ca446edb6,31273354,-18979732893641511,1952297507542588055075561474884361,36443465412629058369,202253
0x88e6a0c2ddd26feeb64f039a2c41296fcb3f5640,"['0xc42079f94a6350d7e6235f29174924f928cc2ac818eb64fed8004e115fbcca67', '0x0000000000000000000000003fc91a3afd70395cd496c647d5a6cc9d4b2b7fad', '0x000000000000000000000000dd2621f9e9520c151ffb131398a51dc405a189ca']",0xffffffffffffffffffffffffffffffffffffffffffffffffffffffffff04d426000000000000000000000000000000000000000000000000002386f26fc100000000000000000000000000000000000000006041758a2614fdd58b0bd187e96a000000000000000000000000000000000000000000000001f9c132b4fffd5341000000000000000000000000000000000000000000000000000000000003160d,0x112a999,0xb2408f71278dd8258fd060808f24910e1c64c365163af9caa957f1d8ebc92b84,0x64ea33c7,0x3163d703d,0x1d43c,0xaf,0x65e97aea2723fa3d7dcac3f1e16b2e5c5ea36ceb1332e02a28ed0de14a7eebd1,0x41,18000281,1693070279,2023-08-26 17:17:59,0x3fc91a3afd70395cd496c647d5a6cc9d4b2b7fad,0xdd2621f9e9520c151ffb131398a51dc405a189ca,-16460762,10000000000000000,1952297529271736898743248609601898,36443465412629058369,202253
0x88e6a0c2ddd26feeb64f039a2c41296fcb3f5640,"['0xc42079f94a6350d7e6235f29174924f928cc2ac818eb64fed8004e115fbcca67', '0x0000000000000000000000003fc91a3afd70395cd496c647d5a6cc9d4b2b7fad', '0x000000000000000000000000dc308f2d2f00889041e74b9c3d6e6b8ad57d81de']",0xffffffffffffffffffffffffffffffffffffffffffffffffffffffff794a188a000000000000000000000000000000000000000000000000130de529d8fa04e800000000000000000000000000000000000060417f2dfaac821de1d57ef4e039000000000000000000000000000000000000000000000001f9c132b4fffd5341000000000000000000000000000000000000000000000000000000000003160d,0x112a99a,0xf246e8bb99200313c2243d6522b100953b9768bd3c9a601a0c449cab320c9461,0x64ea33d3,0x30299176d,0x3b154,0x182,0xcb8274871f2049f23ca995fee0248bc0e1c2112571810673d8d22f13f8f7d3b7,0x86,18000282,1693070291,2023-08-26 17:18:11,0x3fc91a3afd70395cd496c647d5a6cc9d4b2b7fad,0xdc308f2d2f00889041e74b9c3d6e6b8ad57d81de,-2260068214,1373005429314553064,1952300512695670572720953065005113,36443465412629058369,202253
0x88e6a0c2ddd26feeb64f039a2c41296fcb3f5640,"['0xc42079f94a6350d7e6235f29174924f928cc2ac818eb64fed8004e115fbcca67', '0x0000000000000000000000003fc91a3afd70395cd496c647d5a6cc9d4b2b7fad', '0x000000000000000000000000e5a6b4497ed1ab0f3c851089fa4d7b7ba31c76d9']",0xfffffffffffffffffffffffffffffffffffffffffffffffffffffffefdaace38000000000000000000000000000000000000000000000000248a524154ab272b000000000000000000000000000000000000604191aa87445aa0b22404e324e5000000000000000000000000000000000000000000000001f9c132b4fffd5341000000000000000000000000000000000000000000000000000000000003160d,0x112a9a1,0x3f63ea646549cbb2a0488eb3bf55e848ee916628a5bcabbd2bb51f1cbd29a2b6,0x64ea3427,0x2d65bd4d4,0x398e7,0x112,0x6809610dba7611a1bebfa4b41d91b03781476ed52545f69913ef7b64c50b0bce,0x56,18000289,1693070375,2023-08-26 17:19:35,0x3fc91a3afd70395cd496c647d5a6cc9d4b2b7fad,0xe5a6b4497ed1ab0f3c851089fa4d7b7ba31c76d9,-4334105032,2633007372698330923,1952306233996581356364183084672229,36443465412629058369,202253
0x88e6a0c2ddd26feeb64f039a2c41296fcb3f5640,"['0xc42079f94a6350d7e6235f29174924f928cc2ac818eb64fed8004e115fbcca67', '0x0000000000000000000000001111111254eeb25477b68fb85ed929f73a960582', '0x0000000000000000000000003a23f943181408eac424116af7b7790c94cb97a5']",0xfffffffffffffffffffffffffffffffffffffffffffffffffffffffe95142598000000000000000000000000000000000000000000000000335599c86e905a5b0000000000000000000000000000000000006041aba324750943824e5054b6b8000000000000000000000000000000000000000000000001f9c132b4fffd5341000000000000000000000000000000000000000000000000000000000003160d,0x112a9a4,0xc4cfaf433b62c78fdba503fb98f5810d49c3a8635087ada105070f1a1c0cda03,0x64ea344b,0x306dc4200,0x79f56,0xb1,0x9be5d36bac1f592090e4aef370ba82230495d65879076129f12e8d401d907e66,0x4b,18000292,1693070411,2023-08-26 17:20:11,0x1111111254eeb25477b68fb85ed929f73a960582,0x3a23f943181408eac424116af7b7790c94cb97a5,-6088809064,3699031755082193499,1952314271677739719794197787883192,36443465412629058369,202253
0x88e6a0c2ddd26feeb64f039a2c41296fcb3f5640,"['0xc42079f94a6350d7e6235f29174924f928cc2ac818eb64fed8004e115fbcca67', '0x0000000000000000000000003fc91a3afd70395cd496c647d5a6cc9d4b2b7fad', '0x0000000000000000000000003fc91a3afd70395cd496c647d5a6cc9d4b2b7fad']",0x00000000000000000000000000000000000000000000000000000001270b0180ffffffffffffffffffffffffffffffffffffffffffffffffd64efca43692906000000000000000000000000000000000000060419688bce7c8dc732284396456000000000000000000000000000000000000000000000001f9c132b4fffd5341000000000000000000000000000000000000000000000000000000000003160d,0x112a9aa,0x70b2cfed48b7b680c5d9b6b3d2ee11b69f3087ed6bde30d4dcfc87634cd860d0,0x64ea3493,0x316cf259e,0x85e3b,0x36,0xebf7e1bbbfea45d75088dd4c60bdac69ef235e59f191e2c6d58c67e1f60a4027,0x3,18000298,1693070483,2023-08-26 17:21:23,0x3fc91a3afd70395cd496c647d5a6cc9d4b2b7fad,0x3fc91a3afd70395cd496c647d5a6cc9d4b2b7fad,4950000000,-3004186119189131168,1952307740571452782222807710393430,36443465412629058369,202253
0x88e6a0c2ddd26feeb64f039a2c41296fcb3f5640,"['0xc42079f94a6350d7e6235f29174924f928cc2ac818eb64fed8004e115fbcca67', '0x0000000000000000000000003fc91a3afd70395cd496c647d5a6cc9d4b2b7fad', '0x000000000000000000000000ed570270189b24cd2c08c8219bde64b197ec5f16']",0xfffffffffffffffffffffffffffffffffffffffffffffffffffffffff1acf0190000000000000000000000000000000000000000000000000206b239f93500000000000000000000000000000000000000006041978f2844c38e115d297587e1000000000000000000000000000000000000000000000001f9c132b4fffd5341000000000000000000000000000000000000000000000000000000000003160d,0x112a9ab,0xeb3e242280019c70d65bcf5f04cbb5a1a8e8cf01fe05129efb280aa323a61e9b,0x64ea349f,0x33ae482b7,0x21b1e,0x14d,0x87ca3789964c941907506d4717df2b0f57fc354cbb9378e682f8e55f9e993ab9,0x79,18000299,1693070495,2023-08-26 17:21:35,0x3fc91a3afd70395cd496c647d5a6cc9d4b2b7fad,0xed570270189b24cd2c08c8219bde64b197ec5f16,-240324583,146000000000000000,1952308057817025899771039877269473,36443465412629058369,202253
0x88e6a0c2ddd26feeb64f039a2c41296fcb3f5640,"['0xc42079f94a6350d7e6235f29174924f928cc2ac818eb64fed8004e115fbcca67', '0x000000000000000000000000def1c0ded9bec7f1a1670819833240f027b25eff', '0x0000000000000000000000007cb198aa0bc9f3d5cf7c4bac63003982a42a0c0f']",0xffffffffffffffffffffffffffffffffffffffffffffffffffffffff0d917df6000000000000000000000000000000000000000000000000224a9a3ac4e1ce220000000000000000000000000000000000006041a8e87029b3fdec5f760fc8f1000000000000000000000000000000000000000000000001f9c132b4fffd5341000000000000000000000000000000000000000000000000000000000003160d,0x112a9af,0x8d665f4cac62c72f0a4caf940d125fb08d96eaebd0f3bc2c0f82df2a2459b1b9,0x64ea34cf,0x3177c9a41,0x5a00f,0x26,0xf18fe167685ad3d915b2e2102bf4844ec3595eba1f35b7fe948e1ed97faddaec,0xd,18000303,1693070543,2023-08-26 17:22:23,0xdef1c0ded9bec7f1a1670819833240f027b25eff,0x7cb198aa0bc9f3d5cf7c4bac63003982a42a0c0f,-4067328522,2470956922768051746,1952313426996102011578849774520561,36443465412629058369,202253
0x88e6a0c2ddd26feeb64f039a2c41296fcb3f5640,"['0xc42079f94a6350d7e6235f29174924f928cc2ac818eb64fed8004e115fbcca67', '0x0000000000000000000000003fc91a3afd70395cd496c647d5a6cc9d4b2b7fad', '0x0000000000000000000000003fc91a3afd70395cd496c647d5a6cc9d4b2b7fad']",0xffffffffffffffffffffffffffffffffffffffffffffffffffffffff5935a76a00000000000000000000000000000000000000000000000017979cfe362a00000000000000000000000000000000000000006041b4d8019ff47445577846c581000000000000000000000000000000000000000000000001f9c132b4fffd5341000000000000000000000000000000000000000000000000000000000003160e,0x112a9b2,0x8948a837ce13815b5665aafc0d4d9f138be407c2c3b784dbd0f3d39364b30fc3,0x64ea34f3,0x2eda90a53,0x35d1e,0x115,0x9d109084b90efd1d2c9e44bd668bb3177fa5525d670d8a39f566e4c99c6bd395,0x66,18000306,1693070579,2023-08-26 17:22:59,0x3fc91a3afd70395cd496c647d5a6cc9d4b2b7fad,0x3fc91a3afd70395cd496c647d5a6cc9d4b2b7fad,-2798278806,1700000000000000000,1952317120951405435085662676501889,36443465412629058369,202254
0x88e6a0c2ddd26feeb64f039a2c41296fcb3f5640,"['0xc42079f94a6350d7e6235f29174924f928cc2ac818eb64fed8004e115fbcca67', '0x0000000000000000000000001111111254eeb25477b68fb85ed929f73a960582', '0x0000000000000000000000001111111254eeb25477b68fb85ed929f73a960582']",0x0000000000000000000000000000000000000000000000000000000059223d3afffffffffffffffffffffffffffffffffffffffffffffffff3679ec9262e2a2d0000000000000000000000000000000000006041ae77e887cc05463e5d26b4e2000000000000000000000000000000000000000000000001f9c132b4fffd5341000000000000000000000000000000000000000000000000000000000003160e,0x112a9b3,0xa314965c01379a353e980abcaa1d1ac907d8ac73351fe806c6adf79cec2de5cb,0x64ea34ff,0x376061ef8,0x3b3e6,0x69,0x260398b8246b60c58f652b4ba14e897b26f1093eb511f3242af84411bb5d9936,0x1a,18000307,1693070591,2023-08-26 17:23:11,0x1111111254eeb25477b68fb85ed929f73a960582,0x1111111254eeb25477b68fb85ed929f73a960582,1495416122,-907582213125690835,1952315147865963026534847146800354,36443465412629058369,202254
0x88e6a0c2ddd26feeb64f039a2c41296fcb3f5640,"['0xc42079f94a6350d7e6235f29174924f928cc2ac818eb64fed8004e115fbcca67', '0x0000000000000000000000003fc91a3afd70395cd496c647d5a6cc9d4b2b7fad', '0x000000000000000000000000bc0c3c4e293c92cac58f4e6febd6c6f4ba06ea2a']",0xffffffffffffffffffffffffffffffffffffffffffffffffffffffffb182ad0d0000000000000000000000000000000000000000000000000b1a2bc2ec5000000000000000000000000000000000000000006041b415d2a153c47f2b8b5eb344000000000000000000000000000000000000000000000001f9c132b4fffd5341000000000000000000000000000000000000000000000000000000000003160e,0x112a9b4,0x7809cb5911d7c21eea0f5144cc5344b8dd150e49de4690f1e3dc9aff17d4bc8c,0x64ea350b,0x30b42d316,0x28982,0xcf,0x1e9ac737726f56b905e1812e04665967f35904ffd5ed33c3bf28c8c3e4e6a2fe,0x5b,18000308,1693070603,2023-08-26 17:23:23,0x3fc91a3afd70395cd496c647d5a6cc9d4b2b7fad,0xbc0c3c4e293c92cac58f4e6febd6c6f4ba06ea2a,-1316836083,800000000000000000,1952316886197870519949817924203332,36443465412629058369,202254
0x88e6a0c2ddd26feeb64f039a2c41296fcb3f5640,"['0xc42079f94a6350d7e6235f29174924f928cc2ac818eb64fed8004e115fbcca67', '0x0000000000000000000000001111111254eeb25477b68fb85ed929f73a960582', '0x000000000000000000000000393ad9d01f799c583de1dd5dda845a0158df4081']",0xfffffffffffffffffffffffffffffffffffffffffffffffffffffffe8b2d331500000000000000000000000000000000000000000000000034bc4fdde27c00000000000000000000000000000000000000006041cec3ea9a9890cd9226e8ab96000000000000000000000000000000000000000000000001f9c132b4fffd5341000000000000000000000000000000000000000000000000000000000003160e,0x112a9b7,0xa3fcdbb17baafb94cb161417f586ed9300c96b6b9971e0b37abb67a29883a880,0x64ea352f,0x2e525a117,0x37d13,0xdf,0x7e93d28e6147bde5d45a635cad5b165fac2aab65f800740f3b6155d1d1d9d154,0x67,18000311,1693070639,2023-08-26 17:23:59,0x1111111254eeb25477b68fb85ed929f73a960582,0x393ad9d01f799c583de1dd5dda845a0158df4081,-6254939371,3800000000000000000,1952325143274431113670929116867478,36443465412629058369,202254
0x88e6a0c2ddd26feeb64f039a2c41296fcb3f5640,"['0xc42079f94a6350d7e6235f29174924f928cc2ac818eb64fed8004e115fbcca67', '0x0000000000000000000000001111111254eeb25477b68fb85ed929f73a960582', '0x000000000000000000000000393ad9d01f799c583de1dd5dda845a0158df4081']",0xffffffffffffffffffffffffffffffffffffffffffffffffffffffff4f6688c100000000000000000000000000000000000000000000000018fae27693b400000000000000000000000000000000000000006041db67395409ff0da7cee6a7f3000000000000000000000000000000000000000000000001f9c132b4fffd5341000000000000000000000000000000000000000000000000000000000003160e,0x112a9b9,0xa9a1c3d8e6a917b9e105c8ea027ee2da2abf8205268cce6183ab62f6ecb9554a,0x64ea3547,0x2d3fadae3,0x37cef,0x74,0xfd6d18354d694b7730386980ca696509ebac7e0aa7fcd2002f4626a31bd2b5f5,0x2f,18000313,1693070663,2023-08-26 17:24:23,0x1111111254eeb25477b68fb85ed929f73a960582,0x393ad9d01f799c583de1dd5dda845a0158df4081,-2962847551,1800000000000000000,1952329054521222973854613366024179,36443465412629058369,202254
0x88e6a0c2ddd26feeb64f039a2c41296fcb3f5640,"['0xc42079f94a6350d7e6235f29174924f928cc2ac818eb64fed8004e115fbcca67', '0x000000000000000000000000def1c0ded9bec7f1a1670819833240f027b25eff', '0x000000000000000000000000def1c0ded9bec7f1a1670819833240f027b25eff']",0xfffffffffffffffffffffffffffffffffffffffffffffffffffffffffd0553f0000000000000000000000000000000000000000000000000006be15a9f6f76710000000000000000000000000000000000006041db9dcd884860c7d931c1d323000000000000000000000000000000000000000000000001f9c132b4fffd5341000000000000000000000000000000000000000000000000000000000003160e,0x112a9bd,0x7ece23a7e786b48d3587f300532954e7111b51895d7bebc69a9ab4ae42a97e09,0x64ea3577,0x33399cdb2,0x305a6,0x127,0x2916ec11be95c558ec19dc2ce31422f6dc424e53a93c93c90027bf4ba76fe29e,0x7f,18000317,1693070711,2023-08-26 17:25:11,0xdef1c0ded9bec7f1a1670819833240f027b25eff,0xdef1c0ded9bec7f1a1670819833240f027b25eff,-49982480,30365601846228593,1952329120503091198279753555628835,36443465412629058369,202254
0x88e6a0c2ddd26feeb64f039a2c41296fcb3f5640,"['0xc42079f94a6350d7e6235f29174924f928cc2ac818eb64fed8004e115fbcca67', '0x000000000000000000000000a69babef1ca67a37ffaf7a485dfff3382056e78c', '0x000000000000000000000000a69babef1ca67a37ffaf7a485dfff3382056e78c']",0xffffffffffffffffffffffffffffffffffffffffffffffffffffffe2358a0bb000000000000000000000000000000000000000000000000436dc0204da1830970000000000000000000000000000000000006043fd6f29cba102518beec5611f000000000000000000000000000000000000000000000001f9c132b4fffd5341000000000000000000000000000000000000000000000000000000000003160f,0x112a9be,0x24113bf18364d9bc1ae678622bb1e251728a3fc9b75201db8c1d629ebef08c1a,0x64ea3583,0x2ab4f66f5,0x1e334,0x2,0xe24b27392adb9d96fc8eaee48b1a1e4580d7d537e984aae25e0e23197178f98a,0x,18000318,1693070723,2023-08-26 17:25:23,0xa69babef1ca67a37ffaf7a485dfff3382056e78c,0xa69babef1ca67a37ffaf7a485dfff3382056e78c,-127950779472,77740013087624802455,1952498042934640165613799330898207,36443465412629058369,202255
0x88e6a0c2ddd26feeb64f039a2c41296fcb3f5640,"['0xc42079f94a6350d7e6235f29174924f928cc2ac818eb64fed8004e115fbcca67', '0x000000000000000000000000e592427a0aece92de3edee1f18e0157c05861564', '0x000000000000000000000000def171fe48cf0115b1d80b88dc8eab59176fee57']",0x00000000000000000000000000000000000000000000000000000001294735e0ffffffffffffffffffffffffffffffffffffffffffffffffd5fc1b3ba64553430000000000000000000000000000000000006043e82ace89a526822dc79ac67d000000000000000000000000000000000000000000000001f9c132b4fffd5341000000000000000000000000000000000000000000000000000000000003160f,0x112a9bf,0x70f4dec003d7245bb4a2469ee27e42f0a257bad0bddff1ee60c5fd2e2dc556c1,0x64ea358f,0x3f5476a00,0x97847,0x93,0x03003223099163e6ce2dfebd3c4ef691c6aa68fc22e59faf9cd824ca70448627,0x10,18000319,1693070735,2023-08-26 17:25:35,0xe592427a0aece92de3edee1f18e0157c05861564,0xdef171fe48cf0115b1d80b88dc8eab59176fee57,4987500000,-3027514906493234365,1952491461111525646939516684650109,36443465412629058369,202255
0x88e6a0c2ddd26feeb64f039a2c41296fcb3f5640,"['0xc42079f94a6350d7e6235f29174924f928cc2ac818eb64fed8004e115fbcca67', '0x000000000000000000000000e8cfad4c75a5e1caf939fd80afcf837dde340a69', '0x000000000000000000000000e8cfad4c75a5e1caf939fd80afcf837dde340a69']",0xffffffffffffffffffffffffffffffffffffffffffffffffffffffbb49b9ee6f000000000000000000000000000000000000000000000009b90fe6c86e565ead0000000000000000000000000000000000006048d36fba29a3ffffffba9a54cc000000000000000000000000000000000000000000000001f9c132b4fffd53410000000000000000000000000000000000000000000000000000000000031613,0x112a9c1,0x7a34cc3de89c67a7577967196825157a8b4c482b09a73fe81adde74dd64c463b,0x64ea35a7,0x20c6a8e4f0,0x1f9e0,0x2,0x1b47852ee249cf5d95c34ca4b24b1fe2ac22ad75dd2576548b221c232ce6345c,0x,18000321,1693070759,2023-08-26 17:25:59,0xe8cfad4c75a5e1caf939fd80afcf837dde340a69,0xe8cfad4c75a5e1caf939fd80afcf837dde340a69,-295115821457,179355827433572294317,1952881186058553973805207766324428,36443465412629058369,202259
0x88e6a0c2ddd26feeb64f039a2c41296fcb3f5640,"['0xc42079f94a6350d7e6235f29174924f928cc2ac818eb64fed8004e115fbcca67', '0x0000000000000000000000003fc91a3afd70395cd496c647d5a6cc9d4b2b7fad', '0x0000000000000000000000002cad29e9640b9bcfb1d8d25cf3e4bd05f55cce70']",0x000000000000000000000000000000000000000000000000000000000a99db5dfffffffffffffffffffffffffffffffffffffffffffffffffe804a6cd14122b70000000000000000000000000000000000006048d2ad80e163bd2df9ce41a4b1000000000000000000000000000000000000000000000001f9c132b4fffd53410000000000000000000000000000000000000000000000000000000000031613,0x112a9c1,0x7a34cc3de89c67a7577967196825157a8b4c482b09a73fe81adde74dd64c463b,0x64ea35a7,0x2cedeb5c4,0x2edab,0xdc,0xa175103c0a59eb239417f64e323cbe263f41ad3b6fb3dc583c654face2ef5d62,0x56,18000321,1693070759,2023-08-26 17:25:59,0x3fc91a3afd70395cd496c647d5a6cc9d4b2b7fad,0x2cad29e9640b9bcfb1d8d25cf3e4bd05f55cce70,177855325,-108004559829261641,1952880951256437282975981236233393,36443465412629058369,202259
0x88e6a0c2ddd26feeb64f039a2c41296fcb3f5640,"['0xc42079f94a6350d7e6235f29174924f928cc2ac818eb64fed8004e115fbcca67', '0x00000000000000000000000024902aa0cf0000a08c0ea0b003b0c0bf600000e0', '0x00000000000000000000000024902aa0cf0000a08c0ea0b003b0c0bf600000e0']",0x00000000000000000000000000000000000000000000000000000001515dfddcffffffffffffffffffffffffffffffffffffffffffffffffd04cdab89694dba40000000000000000000000000000000000006048ba88892e4054753d847a0ead000000000000000000000000000000000000000000000001f9c132b4fffd53410000000000000000000000000000000000000000000000000000000000031613,0x112a9c2,0xa37516e2e46040ecb06af7b64541fbe47ac63804e4ba30f87a0efb8402bd68d3,0x64ea35b3,0x2ac62041b,0x5947b,0xad,0x12665665eaa61b69107d5b646ae404961e3a1dff9828612be7733b6db9258fce,0x44,18000322,1693070771,2023-08-26 17:26:11,0x24902aa0cf0000a08c0ea0b003b0c0bf600000e0,0x24902aa0cf0000a08c0ea0b003b0c0bf600000e0,5660081628,-3437131929255355484,1952873478925143024617377437978285,36443465412629058369,202259
0x88e6a0c2ddd26feeb64f039a2c41296fcb3f5640,"['0xc42079f94a6350d7e6235f29174924f928cc2ac818eb64fed8004e115fbcca67', '0x000000000000000000000000e8cfad4c75a5e1caf939fd80afcf837dde340a69', '0x000000000000000000000000e8cfad4c75a5e1caf939fd80afcf837dde340a69']",0xffffffffffffffffffffffffffffffffffffffffffffffffffffffdd9abc8f3a000000000000000000000000000000000000000000000004de545a94aa6e031d000000000000000000000000000000000000604b3d8d3be353ffffff654facc4000000000000000000000000000000000000000000000001ee68beb003d90e120000000000000000000000000000000000000000000000000000000000031615,0x112a9c5,0x4de46b356e2b3b1be149374849259ec324f028854ca2d70df9d733805ee7219d,0x64ea35d7,0x7c2a253ca,0x26d44,0xd,0xa1af6dc67e8aab348a283c7e390b57e24a40c320c363403ee8d74a0a610fa8be,0x1,18000325,1693070807,2023-08-26 17:26:47,0xe8cfad4c75a5e1caf939fd80afcf837dde340a69,0xe8cfad4c75a5e1caf939fd80afcf837dde340a69,-147727806662,89807505663862899485,1953072483466082939962295491472580,35625934515502386706,202261
0x88e6a0c2ddd26feeb64f039a2c41296fcb3f5640,"['0xc42079f94a6350d7e6235f29174924f928cc2ac818eb64fed8004e115fbcca67', '0x0000000000000000000000003fc91a3afd70395cd496c647d5a6cc9d4b2b7fad', '0x0000000000000000000000003fc91a3afd70395cd496c647d5a6cc9d4b2b7fad']",0xffffffffffffffffffffffffffffffffffffffffffffffffffffffffe750d903000000000000000000000000000000000000000000000000037e871df3bc5eba000000000000000000000000000000000000604b3f5c2dffc37b2ecd15689a79000000000000000000000000000000000000000000000001ee68beb003d90e120000000000000000000000000000000000000000000000000000000000031615,0x112a9cf,0x8d4d84b12cb011c991514634dd4533b75e574ffe328f879f849d3354c9a04c0b,0x64ea364f,0x2d9991aba,0x94742,0x128,0xef59c863eb3b5d99cdeb393850890ee1882e38c6f8b9dcef2efe1fa514bc1da2,0x66,18000335,1693070927,2023-08-26 17:28:47,0x3fc91a3afd70395cd496c647d5a6cc9d4b2b7fad,0x3fc91a3afd70395cd496c647d5a6cc9d4b2b7fad,-414131965,251787191892336314,1953073043133148832675313517894265,35625934515502386706,202261
0x88e6a0c2ddd26feeb64f039a2c41296fcb3f5640,"['0xc42079f94a6350d7e6235f29174924f928cc2ac818eb64fed8004e115fbcca67', '0x0000000000000000000000003208684f96458c540eb08f6f01b9e9afb2b7d4f0', '0x0000000000000000000000003208684f96458c540eb08f6f01b9e9afb2b7d4f0']",0x0000000000000000000000000000000000000000000000000000000814e111a9fffffffffffffffffffffffffffffffffffffffffffffffedb6ed46ac365d610000000000000000000000000000000000000604aa7df31201ba71c8bc4e9e93d000000000000000000000000000000000000000000000001ee68beb003d90e120000000000000000000000000000000000000000000000000000000000031615,0x112a9d1,0xa0f8aa3c88dbc790cdf69551c102b779afe4f2328386627634552a7e78af7a45,0x64ea3667,0x31e374d99,0x5e3df,0xb0,0x7edb9f8195d3da78e20305b4877187dbd03605e7e16701ae7a82b5f183d6f0e1,0x43,18000337,1693070951,2023-08-26 17:29:11,0x3208684f96458c540eb08f6f01b9e9afb2b7d4f0,0x3208684f96458c540eb08f6f01b9e9afb2b7d4f0,34710032809,-21081679250664860144,1953026159795702106433359459248445,35625934515502386706,202261
0x88e6a0c2ddd26feeb64f039a2c41296fcb3f5640,"['0xc42079f94a6350d7e6235f29174924f928cc2ac818eb64fed8004e115fbcca67', '0x000000000000000000000000def1c0ded9bec7f1a1670819833240f027b25eff', '0x000000000000000000000000def1c0ded9bec7f1a1670819833240f027b25eff']",0x00000000000000000000000000000000000000000000000000000001039a1ca9ffffffffffffffffffffffffffffffffffffffffffffffffdb4a3113d0c6ee99000000000000000000000000000000000000604a94dd1a5e20ef6cbc7ad969b0000000000000000000000000000000000000000000000001ee68beb003d90e120000000000000000000000000000000000000000000000000000000000031615,0x112a9d1,0xa0f8aa3c88dbc790cdf69551c102b779afe4f2328386627634552a7e78af7a45,0x64ea3667,0x3c2a71362,0x7575b,0x217,0xd16fc3be88add16a6ab40915188a08feca5c17da344db60b5b6e5e7ac44ff7e8,0x9a,18000337,1693070951,2023-08-26 17:29:11,0xdef1c0ded9bec7f1a1670819833240f027b25eff,0xdef1c0ded9bec7f1a1670819833240f027b25eff,4355398825,-2645247869949907303,1953020277055193511316702145112496,35625934515502386706,202261
0x88e6a0c2ddd26feeb64f039a2c41296fcb3f5640,"['0xc42079f94a6350d7e6235f29174924f928cc2ac818eb64fed8004e115fbcca67', '0x000000000000000000000000d7f3fbe8c72a961a5515203eada59750437fa762', '0x0000000000000000000000001c09a10047fcc944efde9226e259eddfde2c1cf0']",0xffffffffffffffffffffffffffffffffffffffffffffffffffffffd46069a6000000000000000000000000000000000000000000000000062cfbc7386abaac1e000000000000000000000000000000000000604dc7124a4b78b4f8e9b15e8590000000000000000000000000000000000000000000000001ee68beb003d90e120000000000000000000000000000000000000000000000000000000000031617,0x112a9d3,0xecc8e20d71f733829cd460f12317a1ba4ccae694c0f0c71bc7083c8f00850acd,0x64ea367f,0x2ee81d487,0x1e092,0x2,0x1dc89006065dd8d752f374722b12badd4b4ee6b9666d2642a015167295140cc8,0x,18000339,1693070975,2023-08-26 17:29:35,0xd7f3fbe8c72a961a5515203eada59750437fa762,0x1c09a10047fcc944efde9226e259eddfde2c1cf0,-187361024512,113921867844203228190,1953273500092625238813985292060048,35625934515502386706,202263
0x88e6a0c2ddd26feeb64f039a2c41296fcb3f5640,"['0xc42079f94a6350d7e6235f29174924f928cc2ac818eb64fed8004e115fbcca67', '0x000000000000000000000000827179dd56d07a7eea32e3873493835da2866976', '0x000000000000000000000000827179dd56d07a7eea32e3873493835da2866976']",0x000000000000000000000000000000000000000000000000000000002ab57f33fffffffffffffffffffffffffffffffffffffffffffffffff9f58110c2ee1cd6000000000000000000000000000000000000604dc3f187cf389d313f2904a1f0000000000000000000000000000000000000000000000001ee68beb003d90e120000000000000000000000000000000000000000000000000000000000031617,0x112a9d3,0xecc8e20d71f733829cd460f12317a1ba4ccae694c0f0c71bc7083c8f00850acd,0x64ea367f,0x2f477b587,0x31799,0xd9,0xcf03831658d3b2084cdc1149f57aa6f13298e6ab1ba15dc5040bb30733f8654d,0x65,18000339,1693070975,2023-08-26 17:29:35,0x827179dd56d07a7eea32e3873493835da2866976,0x827179dd56d07a7eea32e3873493835da2866976,716537651,-435299879981540138,1953272532033538434789316233568752,35625934515502386706,202263
0x88e6a0c2ddd26feeb64f039a2c41296fcb3f5640,"['0xc42079f94a6350d7e6235f29174924f928cc2ac818eb64fed8004e115fbcca67', '0x0000000000000000000000001111111254fb6c44bac0bed2854e76f90643097d', '0x0000000000000000000000001111111254fb6c44bac0bed2854e76f90643097d']",0x000000000000000000000000000000000000000000000000000000004190ab00fffffffffffffffffffffffffffffffffffffffffffffffff6b9e261aca8ffa3000000000000000000000000000000000000604dbf243cda83b620bf8a9e6800000000000000000000000000000000000000000000000001ee68beb003d90e120000000000000000000000000000000000000000000000000000000000031617,0x112a9d4,0xd5acf90f8e38fe6ce4ca9970f6e53be7857426fbaf28c3aab7d0072844834497,0x64ea368b,0x2dda8dfdf,0x2077c,0xcf,0xf721ef884a08332139876dd3e0b50cde1ecd61250906b00c22b1edb8dabbf7a1,0x3b,18000340,1693070987,2023-08-26 17:29:47,0x1111111254fb6c44bac0bed2854e76f90643097d,0x1111111254fb6c44bac0bed2854e76f90643097d,1100000000,-668254160551346269,1953271045909736967717934891689984,35625934515502386706,202263
0x88e6a0c2ddd26feeb64f039a2c41296fcb3f5640,"['0xc42079f94a6350d7e6235f29174924f928cc2ac818eb64fed8004e115fbcca67', '0x000000000000000000000000d7f3fbe8c72a961a5515203eada59750437fa762', '0x0000000000000000000000001c09a10047fcc944efde9226e259eddfde2c1cf0']",0xffffffffffffffffffffffffffffffffffffffffffffffffffffffd86398028b0000000000000000000000000000000000000000000000059beb0b805b0644560000000000000000000000000000000000006050a64604ec754fd1296554a423000000000000000000000000000000000000000000000001ee68beb003d90e12000000000000000000000000000000000000000000000000000000000003161a,0x112a9d7,0xb41eaf0f8c6e415d44188475c2642e6faeee5d76a9172990ed90c94f86802283,0x64ea36af,0x2ff8827c5,0x1e096,0x2,0x4f72251f16ec57b6f497a4eec9f77e3731f52a2f66d8d2b30c99ee608f7001db,0x,18000343,1693071023,2023-08-26 17:30:23,0xd7f3fbe8c72a961a5515203eada59750437fa762,0x1c09a10047fcc944efde9226e259eddfde2c1cf0,-170127785333,103468806709864449110,1953501034111390574749745539228707,35625934515502386706,202266
0x88e6a0c2ddd26feeb64f039a2c41296fcb3f5640,"['0xc42079f94a6350d7e6235f29174924f928cc2ac818eb64fed8004e115fbcca67', '0x0000000000000000000000003fc91a3afd70395cd496c647d5a6cc9d4b2b7fad', '0x0000000000000000000000003fc91a3afd70395cd496c647d5a6cc9d4b2b7fad']",0x0000000000000000000000000000000000000000000000000000000165a0bc00ffffffffffffffffffffffffffffffffffffffffffffffffcd674abb1c02dde000000000000000000000000000000000000060508c133d5830bd0cd531e36c3a000000000000000000000000000000000000000000000001ee68beb003d90e12000000000000000000000000000000000000000000000000000000000003161a,0x112a9df,0xafda8ef09e1824be0f5f1c2fb9e41b9d1bb13329f841da50978d26726313d4ab,0x64ea370f,0x357c038d0,0x31731,0x50,0x9bef805f5f7974ed226c3f2a25a9c0544217132a8d3d3e8b0b3dba2efc819bd2,0x18,18000351,1693071119,2023-08-26 17:31:59,0x3fc91a3afd70395cd496c647d5a6cc9d4b2b7fad,0x3fc91a3afd70395cd496c647d5a6cc9d4b2b7fad,6000000000,-3645863205843837472,1953492926112358249604924450237498,35625934515502386706,202266
0x88e6a0c2ddd26feeb64f039a2c41296fcb3f5640,"['0xc42079f94a6350d7e6235f29174924f928cc2ac818eb64fed8004e115fbcca67', '0x0000000000000000000000003fc91a3afd70395cd496c647d5a6cc9d4b2b7fad', '0x0000000000000000000000003fc91a3afd70395cd496c647d5a6cc9d4b2b7fad']",0x0000000000000000000000000000000000000000000000000000000002f71b6cffffffffffffffffffffffffffffffffffffffffffffffffff949a78f911273c00000000000000000000000000000000000060508bdba17a3ecec0387bb2af8e000000000000000000000000000000000000000000000001ee68beb003d90e12000000000000000000000000000000000000000000000000000000000003161a,0x112a9e1,0x885e5408d0a6b4d22bb71bf1fe6ad96cc6898fe5f2707a3a2b27b189f06f308c,0x64ea3727,0x2e279cbac,0x2976e,0xc5,0x32e056bfa71389f067dbe2fca552a4ee696f833d45330e99c77153573f9a3a9a,0x56,18000353,1693071143,2023-08-26 17:32:23,0x3fc91a3afd70395cd496c647d5a6cc9d4b2b7fad,0x3fc91a3afd70395cd496c647d5a6cc9d4b2b7fad,49748844,-30229453119346884,1953492858885377202559791469342606,35625934515502386706,202266
0x88e6a0c2ddd26feeb64f039a2c41296fcb3f5640,"['0xc42079f94a6350d7e6235f29174924f928cc2ac818eb64fed8004e115fbcca67', '0x0000000000000000000000003fc91a3afd70395cd496c647d5a6cc9d4b2b7fad', '0x0000000000000000000000003fc91a3afd70395cd496c647d5a6cc9d4b2b7fad']",0x00000000000000000000000000000000000000000000000000000000573abcc1fffffffffffffffffffffffffffffffffffffffffffffffff3a8b4b98095534400000000000000000000000000000000000060508577c7d9cfeb971e3db3bb98000000000000000000000000000000000000000000000001ee68beb003d90e12000000000000000000000000000000000000000000000000000000000003161a,0x112a9ea,0xd7caac8d83e7a8c18d238d1259bc978214d767ff8c35a43c92b1dc1ec5068eb0,0x64ea3793,0x3e81f0bc1,0x23837,0x35,0xa163053ce9539cb15cd23068b2a0d23ddf662da2543a9440520fddbb434f88ba,0x9,18000362,1693071251,2023-08-26 17:34:11,0x3fc91a3afd70395cd496c647d5a6cc9d4b2b7fad,0x3fc91a3afd70395cd496c647d5a6cc9d4b2b7fad,1463467201,-889262217586453692,1953490881263949136531227713715096,35625934515502386706,202266
0x88e6a0c2ddd26feeb64f039a2c41296fcb3f5640,"['0xc42079f94a6350d7e6235f29174924f928cc2ac818eb64fed8004e115fbcca67', '0x0000000000000000000000003208684f96458c540eb08f6f01b9e9afb2b7d4f0', '0x000000000000000000000000b49159afeb54f8922b0a82a5d58bd4728b8c20bb']",0x000000000000000000000000000000000000000000000000000000019b84e8d2ffffffffffffffffffffffffffffffffffffffffffffffffc5c7996f234f38e0000000000000000000000000000000000000605067526f4457a511e2735b1127000000000000000000000000000000000000000000000001ee68beb003d90e120000000000000000000000000000000000000000000000000000000000031619,0x112a9ef,0x7023889c2790d650c2fa30d8b49ff7dccf10f1a111b53af3029d00eee10b4ed4,0x64ea37cf,0x3179f69ca,0x4a6e0,0xa2,0x5968ae2dc36c23ee9f681ea2f0fa16e7edc55a830668755ea23ef90e626c257a,0x45,18000367,1693071311,2023-08-26 17:35:11,0x3208684f96458c540eb08f6f01b9e9afb2b7d4f0,0xb49159afeb54f8922b0a82a5d58bd4728b8c20bb,6904146130,-4195215825259513632,1953481551565073688317350238687527,35625934515502386706,202265
0x88e6a0c2ddd26feeb64f039a2c41296fcb3f5640,"['0xc42079f94a6350d7e6235f29174924f928cc2ac818eb64fed8004e115fbcca67', '0x0000000000000000000000001111111254fb6c44bac0bed2854e76f90643097d', '0x000000000000000000000000456325f2ac7067234dd71e01bebe032b0255e039']",0xffffffffffffffffffffffffffffffffffffffffffffffffffffffffaf4f325a0000000000000000000000000000000000000000000000000b6d5de420ee7e3700000000000000000000000000000000000060506d3c66f85ac02df7b8edf206000000000000000000000000000000000000000000000001ee68beb003d90e120000000000000000000000000000000000000000000000000000000000031619,0x112a9f2,0x927b32ed3a3563487ac527a76d4d211dbbdb7d2443287b6926b8625b21b21ca9,0x64ea37f3,0x35a4e9000,0x2ddf1,0xa7,0xe9c57da0327fe47665dd0be782030faff674436f0d96ecfdead4acba449e7ecc,0x3a,18000370,1693071347,2023-08-26 17:35:47,0x1111111254fb6c44bac0bed2854e76f90643097d,0x456325f2ac7067234dd71e01bebe032b0255e039,-1353764262,823417541265096247,1953483381839583924256845828321798,35625934515502386706,202265
0x88e6a0c2ddd26feeb64f039a2c41296fcb3f5640,"['0xc42079f94a6350d7e6235f29174924f928cc2ac818eb64fed8004e115fbcca67', '0x0000000000000000000000003fc91a3afd70395cd496c647d5a6cc9d4b2b7fad', '0x0000000000000000000000003fc91a3afd70395cd496c647d5a6cc9d4b2b7fad']",0x00000000000000000000000000000000000000000000000000000000013b9737ffffffffffffffffffffffffffffffffffffffffffffffffffd359f8991b7b5000000000000000000000000000000000000060506d25489e42fada05d2132ff9000000000000000000000000000000000000000000000001ee68beb003d90e120000000000000000000000000000000000000000000000000000000000031619,0x112a9f8,0x0caf2c0856aff8b19f98c2050073f6d9e2bb375736575320678f9cb1e55cecb9,0x64ea383b,0x2fbede410,0x4839d,0x145,0x5d70fc4fd264d8e0071d64d444b4906a4949e7a63e7a6f815f9ed27f93b0b638,0x6a,18000376,1693071419,2023-08-26 17:36:59,0x3fc91a3afd70395cd496c647d5a6cc9d4b2b7fad,0x3fc91a3afd70395cd496c647d5a6cc9d4b2b7fad,20682551,-12567449696502960,1953483353890957158800119884361721,35625934515502386706,202265
0x88e6a0c2ddd26feeb64f039a2c41296fcb3f5640,"['0xc42079f94a6350d7e6235f29174924f928cc2ac818eb64fed8004e115fbcca67', '0x0000000000000000000000003b3ae790df4f312e745d270119c6052904fb6790', '0x0000000000000000000000003b3ae790df4f312e745d270119c6052904fb6790']",0x0000000000000000000000000000000000000000000000000000000002766e64ffffffffffffffffffffffffffffffffffffffffffffffffffa6cf1c7efbf62f00000000000000000000000000000000000060506cf719fb75800be0cb25a4f4000000000000000000000000000000000000000000000001ee68beb003d90e120000000000000000000000000000000000000000000000000000000000031619,0x112a9fb,0x48288b2426f96620abe3b19f795d4033df6d48c51864243fde6dc4a6205536d2,0x64ea385f,0x32924233c,0x2ac5c,0x3d,0xb8b58f9e2c1de2e0e8403dc0d4fc8e25b6b526f60828da6657dc3ee46e46ac29,0x24,18000379,1693071455,2023-08-26 17:37:35,0x3b3ae790df4f312e745d270119c6052904fb6790,0x3b3ae790df4f312e745d270119c6052904fb6790,41315940,-25105026607483345,1953483298060137419401849861416180,35625934515502386706,202265
0x88e6a0c2ddd26feeb64f039a2c41296fcb3f5640,"['0xc42079f94a6350d7e6235f29174924f928cc2ac818eb64fed8004e115fbcca67', '0x0000000000000000000000003fc91a3afd70395cd496c647d5a6cc9d4b2b7fad', '0x0000000000000000000000003fc91a3afd70395cd496c647d5a6cc9d4b2b7fad']",0x000000000000000000000000000000000000000000000000000000012a05f200ffffffffffffffffffffffffffffffffffffffffffffffffd5d643df7828f1d6000000000000000000000000000000000000605057223752cf745606fe75d661000000000000000000000000000000000000000000000001ee68beb003d90e120000000000000000000000000000000000000000000000000000000000031619,0x112a9fb,0x48288b2426f96620abe3b19f795d4033df6d48c51864243fde6dc4a6205536d2,0x64ea385f,0x3085bcdbc,0x2979c,0x6a,0x89a1ac6b54792e45a2662dc3262bf6824f924b0752218f544e41afca885b31ad,0x38,18000379,1693071455,2023-08-26 17:37:35,0x3fc91a3afd70395cd496c647d5a6cc9d4b2b7fad,0x3fc91a3afd70395cd496c647d5a6cc9d4b2b7fad,5000000000,-3038166271542103594,1953476541512291569864316493878881,35625934515502386706,202265
0x88e6a0c2ddd26feeb64f039a2c41296fcb3f5640,"['0xc42079f94a6350d7e6235f29174924f928cc2ac818eb64fed8004e115fbcca67', '0x0000000000000000000000003fc91a3afd70395cd496c647d5a6cc9d4b2b7fad', '0x0000000000000000000000006796e9e98ac0c554589c9578820cf461662082f0']",0xfffffffffffffffffffffffffffffffffffffffffffffffffffffffa04c43414000000000000000000000000000000000000000000000000d8da26bfc70261820000000000000000000000000000000000006050c75c80bc6edd5173b7be5469000000000000000000000000000000000000000000000001ee68beb003d90e12000000000000000000000000000000000000000000000000000000000003161a,0x112a9fb,0x48288b2426f96620abe3b19f795d4033df6d48c51864243fde6dc4a6205536d2,0x64ea385f,0x3085bcdbc,0x5f2ed,0x7b,0x22205d41579d4c83772e1829e0093faa3b4d878d7685533fd10fe2bf9103ba36,0x3a,18000379,1693071455,2023-08-26 17:37:35,0x3fc91a3afd70395cd496c647d5a6cc9d4b2b7fad,0x6796e9e98ac0c554589c9578820cf461662082f0,-25689836524,15625844462234788226,1953511274297770246245023397860457,35625934515502386706,202266
0x88e6a0c2ddd26feeb64f039a2c41296fcb3f5640,"['0xc42079f94a6350d7e6235f29174924f928cc2ac818eb64fed8004e115fbcca67', '0x000000000000000000000000def1c0ded9bec7f1a1670819833240f027b25eff', '0x0000000000000000000000009008d19f58aabd9ed0d60971565aa8510560ab41']",0x00000000000000000000000000000000000000000000000000000001222f2e02ffffffffffffffffffffffffffffffffffffffffffffffffd6f1df20e65a8a1a0000000000000000000000000000000000006050b21a774caf5ea4c3f17db7cb000000000000000000000000000000000000000000000001ee68beb003d90e12000000000000000000000000000000000000000000000000000000000003161a,0x112a9fc,0x56826fe836fb12cfb8975084297a30aec4a40aae346d8c396aaa12499da5e035,0x64ea386b,0x323c84bb9,0xad1ec,0xf6,0x4a9b840f618dfc08bcd3f6ee41e3fbe7ec6add37d55bd7fde625af267b23a96e,0x26,18000380,1693071467,2023-08-26 17:37:47,0xdef1c0ded9bec7f1a1670819833240f027b25eff,0x9008d19f58aabd9ed0d60971565aa8510560ab41,4868484610,-2958338147809064422,1953504695278897217838866824542155,35625934515502386706,202266
0x88e6a0c2ddd26feeb64f039a2c41296fcb3f5640,"['0xc42079f94a6350d7e6235f29174924f928cc2ac818eb64fed8004e115fbcca67', '0x0000000000000000000000003fc91a3afd70395cd496c647d5a6cc9d4b2b7fad', '0x000000000000000000000000518054516d80d750b949c19014c70e41c83136cb']",0xffffffffffffffffffffffffffffffffffffffffffffffffffffffff94b62e000000000000000000000000000000000000000000000000000f31bc99e7089e1a0000000000000000000000000000000000006050b9f7865ae4f37f9cf324a0b9000000000000000000000000000000000000000000000001ee68beb003d90e12000000000000000000000000000000000000000000000000000000000003161a,0x112a9fc,0x56826fe836fb12cfb8975084297a30aec4a40aae346d8c396aaa12499da5e035,0x64ea386b,0x2d9acbf27,0x27327,0x22f,0xe0608f3cf95f967685813c6aacac344583ad2f8c47411dd410a37dab0027cb17,0x78,18000380,1693071467,2023-08-26 17:37:47,0x3fc91a3afd70395cd496c647d5a6cc9d4b2b7fad,0x518054516d80d750b949c19014c70e41c83136cb,-1800000000,1094863553619861018,1953507128917669714698878253834425,35625934515502386706,202266
0x88e6a0c2ddd26feeb64f039a2c41296fcb3f5640,"['0xc42079f94a6350d7e6235f29174924f928cc2ac818eb64fed8004e115fbcca67', '0x000000000000000000000000d7f3fbe8c72a961a5515203eada59750437fa762', '0x0000000000000000000000001c09a10047fcc944efde9226e259eddfde2c1cf0']",0xfffffffffffffffffffffffffffffffffffffffffffffffffffffff0a1b31f0e0000000000000000000000000000000000000000000000022d34a645352f57e30000000000000000000000000000000000006051da56889d08c0f94ab434e97f000000000000000000000000000000000000000000000001ee68beb003d90e12000000000000000000000000000000000000000000000000000000000003161b,0x112a9ff,0xf559d22364eb5ead2d6c507a250145ec5547ebad3a5cdb07c498f959ea807517,0x64ea388f,0x2eab3c0e4,0x1e086,0x85,0x37f9d7d5e3be12363e1fa508d065864b11c1e6141e49a1b054dba536b268f1a3,0xf,18000383,1693071503,2023-08-26 17:38:23,0xd7f3fbe8c72a961a5515203eada59750437fa762,0x1c09a10047fcc944efde9226e259eddfde2c1cf0,-66006606066,40150899394090063843,1953596375459115923394995437234559,35625934515502386706,202267
0x88e6a0c2ddd26feeb64f039a2c41296fcb3f5640,"['0xc42079f94a6350d7e6235f29174924f928cc2ac818eb64fed8004e115fbcca67', '0x00000000000000000000000023ebcd701fd92867235aeb0174b7c444b9b2b3ad', '0x00000000000000000000000023ebcd701fd92867235aeb0174b7c444b9b2b3ad']",0xffffffffffffffffffffffffffffffffffffffffffffffffffffffff7e6d4ae4000000000000000000000000000000000000000000000000125a1c5455b62b170000000000000000000000000000000000006051e3d5f36f824690df786525a3000000000000000000000000000000000000000000000001ee68beb003d90e12000000000000000000000000000000000000000000000000000000000003161b,0x112aa02,0x8a9381bec8dbe17e21c7ee731e2fea5e9ef50e36dbe5e6ae883248923d5edc08,0x64ea38b3,0x2dea6b248,0x73df4,0x31,0xd6e7f7a8c4fb94154bddb7b6aceb2a4b4f448c8dff331817edbddefd7ccabd0a,0x9,18000386,1693071539,2023-08-26 17:38:59,0x23ebcd701fd92867235aeb0174b7c444b9b2b3ad,0x23ebcd701fd92867235aeb0174b7c444b9b2b3ad,-2173875484,1322400589127494423,1953599314862236826569896240686499,35625934515502386706,202267
0x88e6a0c2ddd26feeb64f039a2c41296fcb3f5640,"['0xc42079f94a6350d7e6235f29174924f928cc2ac818eb64fed8004e115fbcca67', '0x0000000000000000000000003fc91a3afd70395cd496c647d5a6cc9d4b2b7fad', '0x0000000000000000000000003fc91a3afd70395cd496c647d5a6cc9d4b2b7fad']",0x00000000000000000000000000000000000000000000000000000000012463eeffffffffffffffffffffffffffffffffffffffffffffffffffd6a0fb3b3022980000000000000000000000000000000000006051e3c08783bc360987ac3fcbe6000000000000000000000000000000000000000000000001ee68beb003d90e12000000000000000000000000000000000000000000000000000000000003161b,0x112aa02,0x8a9381bec8dbe17e21c7ee731e2fea5e9ef50e36dbe5e6ae883248923d5edc08,0x64ea38b3,0x2e110f702,0x3b701,0x16f,0x9d8c832cbb7a8851e1c388f95699905743aebfa2b0805344df6de13c5568f99b,0x6e,18000386,1693071539,2023-08-26 17:38:59,0x3fc91a3afd70395cd496c647d5a6cc9d4b2b7fad,0x3fc91a3afd70395cd496c647d5a6cc9d4b2b7fad,19162094,-11644948131601768,1953599288965152144082279495355366,35625934515502386706,202267
0x88e6a0c2ddd26feeb64f039a2c41296fcb3f5640,"['0xc42079f94a6350d7e6235f29174924f928cc2ac818eb64fed8004e115fbcca67', '0x000000000000000000000000bc2c6cd5013585ac720160efcb1feced30837177', '0x000000000000000000000000bc2c6cd5013585ac720160efcb1feced30837177']",0xffffffffffffffffffffffffffffffffffffffffffffffffffffffcd7d1c03f900000000000000000000000000000000000000000000000727bc54c48a8e780f000000000000000000000000000000000000605597bf72dff0000000366033b1000000000000000000000000000000000000000000000001ee4096ab6db5d28c000000000000000000000000000000000000000000000000000000000003161e,0x112aa03,0xc81d2922f9ba3a7790fce7d6f213ce993e6f2888f19b51dd842aaba7b868d145,0x64ea38bf,0xbf14848ce,0x2639a,0x15,0xdc6607026225773adbfec94384b9339cada5aa4f7d2752f26f63a9d8da22cd16,0x5,18000387,1693071551,2023-08-26 17:39:11,0xbc2c6cd5013585ac720160efcb1feced30837177,0xbc2c6cd5013585ac720160efcb1feced30837177,-216944344071,131990465182182569999,1953892679448068095692083969405873,35614631516270088844,202270
0x88e6a0c2ddd26feeb64f039a2c41296fcb3f5640,"['0xc42079f94a6350d7e6235f29174924f928cc2ac818eb64fed8004e115fbcca67', '0x0000000000000000000000003fc91a3afd70395cd496c647d5a6cc9d4b2b7fad', '0x0000000000000000000000003fc91a3afd70395cd496c647d5a6cc9d4b2b7fad']",0x000000000000000000000000000000000000000000000000000000000472aadcffffffffffffffffffffffffffffffffffffffffffffffffff5ed695a944e26d0000000000000000000000000000000000006055976bf96d7d713852e6b22577000000000000000000000000000000000000000000000001ee4096ab6db5d28c000000000000000000000000000000000000000000000000000000000003161e,0x112aa03,0xc81d2922f9ba3a7790fce7d6f213ce993e6f2888f19b51dd842aaba7b868d145,0x64ea38bf,0x2f488d97e,0x2e8c6,0x101,0xecd4dd57b380b6dfe9df38e453d61ebe1f6bbdc71ea10bf1f218881cfdc405e2,0x76,18000387,1693071551,2023-08-26 17:39:11,0x3fc91a3afd70395cd496c647d5a6cc9d4b2b7fad,0x3fc91a3afd70395cd496c647d5a6cc9d4b2b7fad,74623708,-45363007948791187,1953892578533707539671518312277367,35614631516270088844,202270
0x88e6a0c2ddd26feeb64f039a2c41296fcb3f5640,"['0xc42079f94a6350d7e6235f29174924f928cc2ac818eb64fed8004e115fbcca67', '0x0000000000000000000000003fc91a3afd70395cd496c647d5a6cc9d4b2b7fad', '0x00000000000000000000000029e6fcf815a356101a8ac1f1e2fa238cce39bb25']",0xfffffffffffffffffffffffffffffffffffffffffffffffffffffff6a9da8f0000000000000000000000000000000000000000000000000152a10dfc94d4565000000000000000000000000000000000000060559b9244ad27d6f8869dfdeed80000000000000000000000000000000000000000000000519091a203960c9567000000000000000000000000000000000000000000000000000000000003161e,0x112aa06,0x3bfa64e5f308509dbddb19fa2ac5dc0627e1096e61dbca535764689541f4abd1,0x64ea38e3,0x2ec169e51,0x27473,0x6,0xd4260c417599fc18ff99e9116a157a08be191b5be2f8e1645660016871bfd4bd,0x1,18000390,1693071587,2023-08-26 17:39:47,0x3fc91a3afd70395cd496c647d5a6cc9d4b2b7fad,0x29e6fcf815a356101a8ac1f1e2fa238cce39bb25,-40100000000,24400799634549921360,1953893862768279879930856389603032,1504603555519844357479,202270
0x88e6a0c2ddd26feeb64f039a2c41296fcb3f5640,"['0xc42079f94a6350d7e6235f29174924f928cc2ac818eb64fed8004e115fbcca67', '0x000000000000000000000000def1c0ded9bec7f1a1670819833240f027b25eff', '0x0000000000000000000000000e6ac8dd1ba5d5c16ef30e5f86b3a0804feab876']",0xfffffffffffffffffffffffffffffffffffffffffffffffffffffff8e912773a0000000000000000000000000000000000000000000000010123b021564798c2000000000000000000000000000000000000605620b0f0d023a2407d5d71042f000000000000000000000000000000000000000000000001ee4096ab6db5d28c000000000000000000000000000000000000000000000000000000000003161e,0x112aa07,0x1b86de2d7d0e93f764f81c3096be463bcf34c31bd2f8b4b760e50db7de578497,0x64ea38ef,0x2d9a190a2,0x7497e,0x6f,0x013ea455b1165d99dad0b01333f72e27b832f5c5d24108b39bb919bb0b00bbcb,0x10,18000391,1693071599,2023-08-26 17:39:59,0xdef1c0ded9bec7f1a1670819833240f027b25eff,0x0e6ac8dd1ba5d5c16ef30e5f86b3a0804feab876,-30449436870,18528846949160294594,1953935061355253075290606019871791,35614631516270088844,202270
0x88e6a0c2ddd26feeb64f039a2c41296fcb3f5640,"['0xc42079f94a6350d7e6235f29174924f928cc2ac818eb64fed8004e115fbcca67', '0x0000000000000000000000003fc91a3afd70395cd496c647d5a6cc9d4b2b7fad', '0x000000000000000000000000c5f69bce0f850d93ab9173c7131750cb774dd853']",0xffffffffffffffffffffffffffffffffffffffffffffffffffffffecdecee6c1000000000000000000000000000000000000000000000002b5e3af16b1880000000000000000000000000000000000000000605787ea10f3a8fca3ffeb02330f000000000000000000000000000000000000000000000001ee4096ab6db5d28c000000000000000000000000000000000000000000000000000000000003161f,0x112aa08,0xb05238e8f35838530a7b7f39ab1ec7e30c02b5fb2b21f1679b8b0280603e1cb4,0x64ea38fb,0x2c4ff6ce5,0x23e33,0x13b,0x1790be2ccf75ca200209611a03e3d838ba2f446eeee1a70b26f0cd731407e476,0x95,18000392,1693071611,2023-08-26 17:40:11,0x3fc91a3afd70395cd496c647d5a6cc9d4b2b7fad,0xc5f69bce0f850d93ab9173c7131750cb774dd853,-82161244479,50000000000000000000,1954046235534321628800716976042767,35614631516270088844,202271
0x88e6a0c2ddd26feeb64f039a2c41296fcb3f5640,"['0xc42079f94a6350d7e6235f29174924f928cc2ac818eb64fed8004e115fbcca67', '0x0000000000000000000000003fc91a3afd70395cd496c647d5a6cc9d4b2b7fad', '0x0000000000000000000000003637d7f6041d73917017e5d3e2259473215ecf6f']",0x00000000000000000000000000000000000000000000000000000001275db575ffffffffffffffffffffffffffffffffffffffffffffffffd63055dd62f7adb5000000000000000000000000000000000000605772420f323ead2f16d5df1759000000000000000000000000000000000000000000000001ee4096ab6db5d28c000000000000000000000000000000000000000000000000000000000003161f,0x112aa0d,0x5269c9cd34051a50c39e4f350b01332caacf6b5983640b205cd1d24d351a0a30,0x64ea3937,0x2f78246b0,0x34f72,0xd1,0x083a48ca9ba126e4d8976028b845d779c5e26514ff0a9b23805bca782fb3588d,0x68,18000397,1693071671,2023-08-26 17:41:11,0x3fc91a3afd70395cd496c647d5a6cc9d4b2b7fad,0x3637d7f6041d73917017e5d3e2259473215ecf6f,4955420021,-3012813741374329419,1954039533241287436737441205000025,35614631516270088844,202271
0x88e6a0c2ddd26feeb64f039a2c41296fcb3f5640,"['0xc42079f94a6350d7e6235f29174924f928cc2ac818eb64fed8004e115fbcca67', '0x0000000000000000000000003fc91a3afd70395cd496c647d5a6cc9d4b2b7fad', '0x0000000000000000000000003fc91a3afd70395cd496c647d5a6cc9d4b2b7fad']",0x000000000000000000000000000000000000000000000000000000001dcd6500fffffffffffffffffffffffffffffffffffffffffffffffffbc802254e19517500000000000000000000000000000000000060577012ac5c58a02e72815b94f8000000000000000000000000000000000000000000000001ee4096ab6db5d28c000000000000000000000000000000000000000000000000000000000003161f,0x112aa13,0x77ac490adcfb10fae451dfb65df44f8cb3d972fda302e01605f5aee53a47d7c2,0x64ea397f,0x2cb8c35b8,0x2384a,0x11d,0x12331e4e40b86c6b2fffbae7cfbc2631f81a4efa41080dc7598669d215e54039,0x80,18000403,1693071743,2023-08-26 17:42:23,0x3fc91a3afd70395cd496c647d5a6cc9d4b2b7fad,0x3fc91a3afd70395cd496c647d5a6cc9d4b2b7fad,500000000,-303990615600180875,1954038856985016623444297965606136,35614631516270088844,202271
0x88e6a0c2ddd26feeb64f039a2c41296fcb3f5640,"['0xc42079f94a6350d7e6235f29174924f928cc2ac818eb64fed8004e115fbcca67', '0x0000000000000000000000003fc91a3afd70395cd496c647d5a6cc9d4b2b7fad', '0x0000000000000000000000003fc91a3afd70395cd496c647d5a6cc9d4b2b7fad']",0x000000000000000000000000000000000000000000000000000000003b9328e0fffffffffffffffffffffffffffffffffffffffffffffffff7911957c9dfd2b400000000000000000000000000000000000060576bb4763089030e670c830169000000000000000000000000000000000000000000000001ee4096ab6db5d28c000000000000000000000000000000000000000000000000000000000003161f,0x112aa15,0x1e40a820db32875605c1744e7365d1a0a0a81741c42cf86828ee19b40aaf7466,0x64ea3997,0x2b9c96f1d,0x22596,0x167,0x92febe6cfdbd2b1726e1498cbf45f498077dfa839632c7fd95263451bd016b6b,0x73,18000405,1693071767,2023-08-26 17:42:47,0x3fc91a3afd70395cd496c647d5a6cc9d4b2b7fad,0x3fc91a3afd70395cd496c647d5a6cc9d4b2b7fad,999500000,-607676609878568268,1954037505150134334069979520106857,35614631516270088844,202271
0x88e6a0c2ddd26feeb64f039a2c41296fcb3f5640,"['0xc42079f94a6350d7e6235f29174924f928cc2ac818eb64fed8004e115fbcca67', '0x0000000000000000000000003208684f96458c540eb08f6f01b9e9afb2b7d4f0', '0x0000000000000000000000003208684f96458c540eb08f6f01b9e9afb2b7d4f0']",0x000000000000000000000000000000000000000000000000000000040fcb70dbffffffffffffffffffffffffffffffffffffffffffffffff6ccfe9a7c7543cbd00000000000000000000000000000000000060571fce02e10ab45b102204358a000000000000000000000000000000000000000000000001f0714ae7adfc2bfc000000000000000000000000000000000000000000000000000000000003161f,0x112aa18,0x5f40ebf12055b63c4b570354e88424c8a61900a669e9f9fe15df784a0d3b6b61,0x64ea39bb,0x342770c00,0x462de,0x8e,0x7e00e6f2cd865d3a4770fe537b2e2564d82be60654fae710d0611887e4e08b70,0x2c,18000408,1693071803,2023-08-26 17:43:23,0x3208684f96458c540eb08f6f01b9e9afb2b7d4f0,0x3208684f96458c540eb08f6f01b9e9afb2b7d4f0,17444860123,-10606001690621231939,1954014015176920682104199879865738,35772455674097445884,202271
0x88e6a0c2ddd26feeb64f039a2c41296fcb3f5640,"['0xc42079f94a6350d7e6235f29174924f928cc2ac818eb64fed8004e115fbcca67', '0x00000000000000000000000023ebcd701fd92867235aeb0174b7c444b9b2b3ad', '0x0000000000000000000000008dbee21e8586ee356130074aaa789c33159921ca']",0x00000000000000000000000000000000000000000000000000000000699d8d94fffffffffffffffffffffffffffffffffffffffffffffffff10cc1f040f80bb7000000000000000000000000000000000000605718186bd55fcd5e0810923008000000000000000000000000000000000000000000000001f0714ae7adfc2bfc000000000000000000000000000000000000000000000000000000000003161f,0x112aa1a,0xf9789d95f061da1af39394d5f1cd6bd0c85f6276f703ca0840c8ad1426a3a58d,0x64ea39d3,0x2f82a3c15,0x7dcbf,0xb9,0x5b82e3f1e9c3164de492c0f813e91052827d74485e74720f7e4d7239ddc28437,0x33,18000410,1693071827,2023-08-26 17:43:47,0x23ebcd701fd92867235aeb0174b7c444b9b2b3ad,0x8dbee21e8586ee356130074aaa789c33159921ca,1771933076,-1077272973222081609,1954011629252986014534268766793736,35772455674097445884,202271
0x88e6a0c2ddd26feeb64f039a2c41296fcb3f5640,"['0xc42079f94a6350d7e6235f29174924f928cc2ac818eb64fed8004e115fbcca67', '0x000000000000000000000000e592427a0aece92de3edee1f18e0157c05861564', '0x000000000000000000000000e592427a0aece92de3edee1f18e0157c05861564']",0x000000000000000000000000000000000000000000000000000000000678fee6ffffffffffffffffffffffffffffffffffffffffffffffffff1572a6cf4be2730000000000000000000000000000000000006057179f78500dbca37b9a9cc52e000000000000000000000000000000000000000000000001f0714ae7adfc2bfc000000000000000000000000000000000000000000000000000000000003161f,0x112aa1b,0x0748bbc33d5188922beadef115587ea987ff359ca9c2b83ee8c71332d6bf8d2a,0x64ea39df,0x359c41a0e,0x20b44,0x23,0xb206f297b52330a813b215aa19a44372a2f8c0c89953a2e12ffaa88559ac471e,0xa,18000411,1693071839,2023-08-26 17:43:59,0xe592427a0aece92de3edee1f18e0157c05861564,0xe592427a0aece92de3edee1f18e0157c05861564,108592870,-66020558759009677,1954011483031893275048217470092590,35772455674097445884,202271
0x88e6a0c2ddd26feeb64f039a2c41296fcb3f5640,"['0xc42079f94a6350d7e6235f29174924f928cc2ac818eb64fed8004e115fbcca67', '0x00000000000000000000000068b3465833fb72a70ecdf485e0e4c7bd8665fc45', '0x0000000000000000000000004fd39c9e151e50580779bd04b1f7ecc310079fd3']",0x0000000000000000000000000000000000000000000000000000000054c2746afffffffffffffffffffffffffffffffffffffffffffffffff40087818457848d0000000000000000000000000000000000006057116f9ba355df4e170e9f28b2000000000000000000000000000000000000000000000001f0714ae7adfc2bfc000000000000000000000000000000000000000000000000000000000003161f,0x112aa1c,0x0f3094db08dbf0cc54c4f90cfbae46551e05a175f13a7f3f28acfc7d0ab236a3,0x64ea39eb,0x2c4ee90ca,0x476ff,0x1b0,0xfa6e3e6db6a56d9f0b0338dc5a2917d5906f4246c5dc920d08deb8a73fd66abb,0x8c,18000412,1693071851,2023-08-26 17:44:11,0x68b3465833fb72a70ecdf485e0e4c7bd8665fc45,0x4fd39c9e151e50580779bd04b1f7ecc310079fd3,1422029930,-864542138114276211,1954009568260214110038664792713394,35772455674097445884,202271
0x88e6a0c2ddd26feeb64f039a2c41296fcb3f5640,"['0xc42079f94a6350d7e6235f29174924f928cc2ac818eb64fed8004e115fbcca67', '0x0000000000000000000000003fc91a3afd70395cd496c647d5a6cc9d4b2b7fad', '0x0000000000000000000000003fc91a3afd70395cd496c647d5a6cc9d4b2b7fad']",0x00000000000000000000000000000000000000000000000000000000a7ea4c5fffffffffffffffffffffffffffffffffffffffffffffffffe83b330f9319ae630000000000000000000000000000000000006057052ddd87c44262b06a3c21d8000000000000000000000000000000000000000000000001f0714ae7adfc2bfc000000000000000000000000000000000000000000000000000000000003161f,0x112aa23,0x2604e6aa859318b4c62044fcb981aaa9cb68bde423828bdad4ecbc02bcfdbab3,0x64ea3a3f,0x2d67fecce,0x254f1,0xc9,0x6140fecf7b012452f9f34080d1e7fde9f6f0734527b6a3cb754507ffc253ab7f,0x4f,18000419,1693071935,2023-08-26 17:45:35,0x3fc91a3afd70395cd496c647d5a6cc9d4b2b7fad,0x3fc91a3afd70395cd496c647d5a6cc9d4b2b7fad,2817150047,-1712719091298881949,1954005774962159792591663047385560,35772455674097445884,202271
0x88e6a0c2ddd26feeb64f039a2c41296fcb3f5640,"['0xc42079f94a6350d7e6235f29174924f928cc2ac818eb64fed8004e115fbcca67', '0x0000000000000000000000003fc91a3afd70395cd496c647d5a6cc9d4b2b7fad', '0x0000000000000000000000003fc91a3afd70395cd496c647d5a6cc9d4b2b7fad']",0x00000000000000000000000000000000000000000000000000000000513dbac0fffffffffffffffffffffffffffffffffffffffffffffffff4800bdb7d3cb2b90000000000000000000000000000000000006056ff3fc28897a519e312e1ef71000000000000000000000000000000000000000000000001f0714ae7adfc2bfc000000000000000000000000000000000000000000000000000000000003161f,0x112aa24,0xb672ab522d829d3d192265edf4b167fbfcc914774b0e16f0030b2e8f1d27d8f5,0x64ea3a4b,0x2d37899a7,0x297b1,0x127,0x24188bbca2408c8c1212b141df0f42e6a7d9138cab7cd28a01cc7c0cd8b4fcd7,0x61,18000420,1693071947,2023-08-26 17:45:47,0x3fc91a3afd70395cd496c647d5a6cc9d4b2b7fad,0x3fc91a3afd70395cd496c647d5a6cc9d4b2b7fad,1363000000,-828649294109297991,1954003939685276954485413348765553,35772455674097445884,202271
0x88e6a0c2ddd26feeb64f039a2c41296fcb3f5640,"['0xc42079f94a6350d7e6235f29174924f928cc2ac818eb64fed8004e115fbcca67', '0x00000000000000000000000024902aa0cf0000a08c0ea0b003b0c0bf600000e0', '0x00000000000000000000000024902aa0cf0000a08c0ea0b003b0c0bf600000e0']",0x000000000000000000000000000000000000000000000000000000000b2f70a4fffffffffffffffffffffffffffffffffffffffffffffffffe6aacf8f38558270000000000000000000000000000000000006056fe6ebf29ee9449e64800d623000000000000000000000000000000000000000000000001f0714ae7adfc2bfc000000000000000000000000000000000000000000000000000000000003161f,0x112aa25,0x7ba1b830cdafd496ae523218059df42a52f86bdae976186638fc51aae5e7d7c8,0x64ea3a57,0x2d163276e,0x4e777,0xd8,0xd7bb9cdd6b9982d379f4db2e2b9e746ae0ee665f64a24ec733c97526971fc63c,0x27,18000421,1693071959,2023-08-26 17:45:59,0x24902aa0cf0000a08c0ea0b003b0c0bf600000e0,0x24902aa0cf0000a08c0ea0b003b0c0bf600000e0,187658404,-114088655307057113,1954003687003867379170701522032163,35772455674097445884,202271
0x88e6a0c2ddd26feeb64f039a2c41296fcb3f5640,"['0xc42079f94a6350d7e6235f29174924f928cc2ac818eb64fed8004e115fbcca67', '0x00000000000000000000000068b3465833fb72a70ecdf485e0e4c7bd8665fc45', '0x00000000000000000000000000ed26e794b949e18b142f9108429b74ce08ac99']",0x000000000000000000000000000000000000000000000000000000003e769177fffffffffffffffffffffffffffffffffffffffffffffffff728832fef0433670000000000000000000000000000000000006056f9df895986436bab6b05b01a000000000000000000000000000000000000000000000001f0714ae7adfc2bfc000000000000000000000000000000000000000000000000000000000003161f,0x112aa2b,0xadbab5f737027afbea68472b8b575252db3075759e3a5c149371ed6537fbf386,0x64ea3a9f,0x2fe8595fc,0x50f86,0xad,0xeece3147671f513da174e9d22025322ef2c57729c015e41986f8611be0dd4426,0x40,18000427,1693072031,2023-08-26 17:47:11,0x68b3465833fb72a70ecdf485e0e4c7bd8665fc45,0x00ed26e794b949e18b142f9108429b74ce08ac99,1047957879,-637115105376193689,1954002275933306025786909378588698,35772455674097445884,202271
0x88e6a0c2ddd26feeb64f039a2c41296fcb3f5640,"['0xc42079f94a6350d7e6235f29174924f928cc2ac818eb64fed8004e115fbcca67', '0x000000000000000000000000d1b47490209ccb7a806e8a45d9479490c040abf4', '0x000000000000000000000000d1b47490209ccb7a806e8a45d9479490c040abf4']",0x0000000000000000000000000000000000000000000000000000000023a7cec0fffffffffffffffffffffffffffffffffffffffffffffffffaf3f287d9cddf3c0000000000000000000000000000000000006056f74543df717d250d04edef03000000000000000000000000000000000000000000000001f0714ae7adfc2bfc000000000000000000000000000000000000000000000000000000000003161f,0x112aa2c,0xd42ed2331f378886ca4c81b39f7111ceca30bb310b74be44cc3640144966b2da,0x64ea3aab,0x2c0d10dec,0x846ef,0x76,0xaeae31f0acd0a29b5b979180131c7363b50181eda9db81a1d6e14cd09e224437,0x4d,18000428,1693072043,2023-08-26 17:47:23,0xd1b47490209ccb7a806e8a45d9479490c040abf4,0xd1b47490209ccb7a806e8a45d9479490c040abf4,598200000,-363680479598223556,1954001470460614875387308660354819,35772455674097445884,202271
0x88e6a0c2ddd26feeb64f039a2c41296fcb3f5640,"['0xc42079f94a6350d7e6235f29174924f928cc2ac818eb64fed8004e115fbcca67', '0x0000000000000000000000003fc91a3afd70395cd496c647d5a6cc9d4b2b7fad', '0x0000000000000000000000003fc91a3afd70395cd496c647d5a6cc9d4b2b7fad']",0x00000000000000000000000000000000000000000000000000000001c385ba43ffffffffffffffffffffffffffffffffffffffffffffffffc01638a4e46003810000000000000000000000000000000000006056d650010efb823a0fc0a1dccc000000000000000000000000000000000000000000000001f0714ae7adfc2bfc000000000000000000000000000000000000000000000000000000000003161f,0x112aa2c,0xd42ed2331f378886ca4c81b39f7111ceca30bb310b74be44cc3640144966b2da,0x64ea3aab,0x2bfa37865,0x23862,0xa6,0xc13e6d4d6ab6e2e8612e40e0bb3792be8e6c6e74104be8259f835c2b0a878e12,0x55,18000428,1693072043,2023-08-26 17:47:23,0x3fc91a3afd70395cd496c647d5a6cc9d4b2b7fad,0x3fc91a3afd70395cd496c647d5a6cc9d4b2b7fad,7575288387,-4605431288082463871,1953991270437953174758613384813772,35772455674097445884,202271
0x88e6a0c2ddd26feeb64f039a2c41296fcb3f5640,"['0xc42079f94a6350d7e6235f29174924f928cc2ac818eb64fed8004e115fbcca67', '0x0000000000000000000000003fc91a3afd70395cd496c647d5a6cc9d4b2b7fad', '0x0000000000000000000000009b3df8eae6e1ed1b931086852860d3c6375d7ae6']",0x000000000000000000000000000000000000000000000000000000009502f900ffffffffffffffffffffffffffffffffffffffffffffffffeae850eb007a72490000000000000000000000000000000000006056cb6f8e0d2bbcfcefcf362249000000000000000000000000000000000000000000000001f0714ae7adfc2bfc000000000000000000000000000000000000000000000000000000000003161f,0x112aa2e,0xf16d8dbd3de9cd1d2dd03a58ea698ca2b62330e79ad86ca1b6ce524c0b8b17bf,0x64ea3ac3,0x2b814ef78,0x2ece7,0x33,0x91302fe70b73b14f267217f3983cd838f0b2cc53d174c7fa4860366d5bedb1ea,0x9,18000430,1693072067,2023-08-26 17:47:47,0x3fc91a3afd70395cd496c647d5a6cc9d4b2b7fad,0x9b3df8eae6e1ed1b931086852860d3c6375d7ae6,2500000000,-1519875903981981111,1953987904245365803917164426961481,35772455674097445884,202271
0x88e6a0c2ddd26feeb64f039a2c41296fcb3f5640,"['0xc42079f94a6350d7e6235f29174924f928cc2ac818eb64fed8004e115fbcca67', '0x000000000000000000000000e592427a0aece92de3edee1f18e0157c05861564', '0x0000000000000000000000009f6facb42177f5af680f9f17cdf750bc7cf55973']",0x00000000000000000000000000000000000000000000000000000001a4f2f378ffffffffffffffffffffffffffffffffffffffffffffffffc46a4fbcd94f23cd0000000000000000000000000000000000006056acb5b39b8522691ca6cf78b6000000000000000000000000000000000000000000000001f0714ae7adfc2bfc000000000000000000000000000000000000000000000000000000000003161f,0x112aa34,0xc00a47e688fc78a4c01e895a5a802db2050c559252ed447fc2d4514b745416b3,0x64ea3b0b,0x31abf813b,0x4184a,0x96,0x0ca682ec07f145d8a93e1a0cf7caa1bdf4e0c91b53703cace3089313c3f03efb,0x24,18000436,1693072139,2023-08-26 17:48:59,0xe592427a0aece92de3edee1f18e0157c05861564,0x9f6facb42177f5af680f9f17cdf750bc7cf55973,7062352760,-4293531622226058291,1953978395012222154442501692291254,35772455674097445884,202271
0x88e6a0c2ddd26feeb64f039a2c41296fcb3f5640,"['0xc42079f94a6350d7e6235f29174924f928cc2ac818eb64fed8004e115fbcca67', '0x000000000000000000000000507888e987257a8dde6f8afa46375cefe2cbf504', '0x000000000000000000000000507888e987257a8dde6f8afa46375cefe2cbf504']",0x000000000000000000000000000000000000000000000000000000001b46dfaafffffffffffffffffffffffffffffffffffffffffffffffffc2396ebf3478a600000000000000000000000000000000000006056aab8024f4faf14aa4ccc4e7c000000000000000000000000000000000000000000000001f0714ae7adfc2bfc000000000000000000000000000000000000000000000000000000000003161f,0x112aa36,0xa63738a09a795295cb079159b0f88a62a82e5e4e412918e250c6b75ee722ca84,0x64ea3b23,0x39e76336a,0x3104f,0x1c,0xff65101ea5c2b1ff19adf971d9d096316b6b0883688d6761b4cf266522d8d092,0x5,18000438,1693072163,2023-08-26 17:49:23,0x507888e987257a8dde6f8afa46375cefe2cbf504,0x507888e987257a8dde6f8afa46375cefe2cbf504,457629610,-278212811823805856,1953977778831715299063766193032828,35772455674097445884,202271
0x88e6a0c2ddd26feeb64f039a2c41296fcb3f5640,"['0xc42079f94a6350d7e6235f29174924f928cc2ac818eb64fed8004e115fbcca67', '0x0000000000000000000000003fc91a3afd70395cd496c647d5a6cc9d4b2b7fad', '0x000000000000000000000000120e76021669e8200f3ca924658f178de2a80813']",0xfffffffffffffffffffffffffffffffffffffffffffffffffffffffcd75ac04a0000000000000000000000000000000000000000000000007293dc65d5cc927e0000000000000000000000000000000000006056e5c5f9c7ee2831deb0eda595000000000000000000000000000000000000000000000001f0714ae7adfc2bfc000000000000000000000000000000000000000000000000000000000003161f,0x112aa38,0xdbf6467c0b9a17db34f16d54cdc1e13fc9612e24d560e8b28e0abfb55231c255,0x64ea3b3b,0x2d3acf3cf,0x301fc,0x84,0xbc0f7a58d0b427500088819ba00623f2ab006d75d85dc71d2e43ef41015265e8,0x3b,18000440,1693072187,2023-08-26 17:49:47,0x3fc91a3afd70395cd496c647d5a6cc9d4b2b7fad,0x120e76021669e8200f3ca924658f178de2a80813,-13566820278,8256184871837012606,1953996055331979963161088770286997,35772455674097445884,202271
0x88e6a0c2ddd26feeb64f039a2c41296fcb3f5640,"['0xc42079f94a6350d7e6235f29174924f928cc2ac818eb64fed8004e115fbcca67', '0x000000000000000000000000d1b47490209ccb7a806e8a45d9479490c040abf4', '0x000000000000000000000000d1b47490209ccb7a806e8a45d9479490c040abf4']",0x000000000000000000000000000000000000000000000000000000001378ae41fffffffffffffffffffffffffffffffffffffffffffffffffd3e6aa3c7f459790000000000000000000000000000000000006056e45a20d4d6075311f61711b1000000000000000000000000000000000000000000000001f0714ae7adfc2bfc000000000000000000000000000000000000000000000000000000000003161f,0x112aa3a,0x945af6e362ae810dfea23baf923b9c174ed8c7b9f6117dd7f5b07f55ffe44c72,0x64ea3b53,0x2ef54b6f5,0x3c66b,0x101,0x9e5d8a87e1a4fa03fd57941a49f973bd7b1d729f7f7280405bd147cc1e97ab19,0x6b,18000442,1693072211,2023-08-26 17:50:11,0xd1b47490209ccb7a806e8a45d9479490c040abf4,0xd1b47490209ccb7a806e8a45d9479490c040abf4,326676033,-198604081890829959,1953995615467391985306516510413233,35772455674097445884,202271
0x88e6a0c2ddd26feeb64f039a2c41296fcb3f5640,"['0xc42079f94a6350d7e6235f29174924f928cc2ac818eb64fed8004e115fbcca67', '0x0000000000000000000000003fc91a3afd70395cd496c647d5a6cc9d4b2b7fad', '0x0000000000000000000000003fc91a3afd70395cd496c647d5a6cc9d4b2b7fad']",0x00000000000000000000000000000000000000000000000000000000091e4b54fffffffffffffffffffffffffffffffffffffffffffffffffeb59472aa0e3ab20000000000000000000000000000000000006056e3afbda899df82428d0e6124000000000000000000000000000000000000000000000001f0714ae7adfc2bfc000000000000000000000000000000000000000000000000000000000003161f,0x112aa3d,0x2f24021a4b5ee02bbb4b1acf3e9d970b6870413875eb0429b772708a20db2d93,0x64ea3b77,0x3124a7c10,0x34c67,0xfd,0xe1fa25dd764516d75611423b30c39b65b81f2750fb1df6f2b21d6920a0fb7c6f,0x3c,18000445,1693072247,2023-08-26 17:50:47,0x3fc91a3afd70395cd496c647d5a6cc9d4b2b7fad,0x3fc91a3afd70395cd496c647d5a6cc9d4b2b7fad,152980308,-93004997090985294,1953995409481672377613463107559716,35772455674097445884,202271
0x88e6a0c2ddd26feeb64f039a2c41296fcb3f5640,"['0xc42079f94a6350d7e6235f29174924f928cc2ac818eb64fed8004e115fbcca67', '0x0000000000000000000000003fc91a3afd70395cd496c647d5a6cc9d4b2b7fad', '0x00000000000000000000000001c1eee6d802645dcccefd9f609765db864188a9']",0xfffffffffffffffffffffffffffffffffffffffffffffffffffffffff634a67b000000000000000000000000000000000000000000000000016345785d8a00000000000000000000000000000000000000006056e466da06664048fb62d3de0f000000000000000000000000000000000000000000000001f0714ae7adfc2bfc000000000000000000000000000000000000000000000000000000000003161f,0x112aa41,0xd2e4d993c49e96c98deda7fca5cfef99104c93006896090b66e6d04d76349ae3,0x64ea3ba7,0x3055af95c,0x21b12,0x1c6,0x7bc8841b5872fb25e3316186f735de04f9f59431ace8c13302d9eaa197eb2997,0x8d,18000449,1693072295,2023-08-26 17:51:35,0x3fc91a3afd70395cd496c647d5a6cc9d4b2b7fad,0x01c1eee6d802645dcccefd9f609765db864188a9,-164321669,100000000000000000,1953995630849053902799085797367311,35772455674097445884,202271
0x88e6a0c2ddd26feeb64f039a2c41296fcb3f5640,"['0xc42079f94a6350d7e6235f29174924f928cc2ac818eb64fed8004e115fbcca67', '0x0000000000000000000000003fc91a3afd70395cd496c647d5a6cc9d4b2b7fad', '0x0000000000000000000000003fc91a3afd70395cd496c647d5a6cc9d4b2b7fad']",0x0000000000000000000000000000000000000000000000000000000227488a40ffffffffffffffffffffffffffffffffffffffffffffffffb1f75548959cc14b0000000000000000000000000000000000006056bc2981523681580f0a987ebb000000000000000000000000000000000000000000000001f0714ae7adfc2bfc000000000000000000000000000000000000000000000000000000000003161f,0x112aa4a,0x99869a0c191261b7b64ec4ee98cc6d0f7628d89a2cf6ea7fd1197e4f1b0b5b26,0x64ea3c13,0x2e1f8a00a,0x212e2,0x177,0x49c1db1605c4d6613fbf7dabe7e31b6b8efc7b77cb43e94e3a87ec986c4910f9,0x68,18000458,1693072403,2023-08-26 17:53:23,0x3fc91a3afd70395cd496c647d5a6cc9d4b2b7fad,0x3fc91a3afd70395cd496c647d5a6cc9d4b2b7fad,9249000000,-5622931839512690357,1953983177285293947626097410080443,35772455674097445884,202271
0x88e6a0c2ddd26feeb64f039a2c41296fcb3f5640,"['0xc42079f94a6350d7e6235f29174924f928cc2ac818eb64fed8004e115fbcca67', '0x000000000000000000000000def1c0ded9bec7f1a1670819833240f027b25eff', '0x000000000000000000000000def1c0ded9bec7f1a1670819833240f027b25eff']",0xffffffffffffffffffffffffffffffffffffffffffffffffffffffff6d1557e800000000000000000000000000000000000000000000000014d1120d7b1600000000000000000000000000000000000000006056c6e42ad1302cfce3912ad084000000000000000000000000000000000000000000000001f0714ae7adfc2bfc000000000000000000000000000000000000000000000000000000000003161f,0x112aa4c,0x81195680fbd02dadfb8049b7556d27529f0322cf9cbe8b18085e7790049b133a,0x64ea3c2b,0x2f738697e,0x39959,0xf9,0x68e34e7d70c45982c2834a5d885c9d1140682392be9e4902a0e7912247f7fe1e,0x68,18000460,1693072427,2023-08-26 17:53:47,0xdef1c0ded9bec7f1a1670819833240f027b25eff,0xdef1c0ded9bec7f1a1670819833240f027b25eff,-2464851992,1500000000000000000,1953986497796016825410437757194372,35772455674097445884,202271
0x88e6a0c2ddd26feeb64f039a2c41296fcb3f5640,"['0xc42079f94a6350d7e6235f29174924f928cc2ac818eb64fed8004e115fbcca67', '0x0000000000000000000000003fc91a3afd70395cd496c647d5a6cc9d4b2b7fad', '0x000000000000000000000000ead6605b9e105e28bd35e9f494131c10c1281ce9']",0xffffffffffffffffffffffffffffffffffffffffffffffffffffffffc46536000000000000000000000000000000000000000000000000000872079b52f586430000000000000000000000000000000000006056cb3e805983301f23bd12909c000000000000000000000000000000000000000000000001f0714ae7adfc2bfc000000000000000000000000000000000000000000000000000000000003161f,0x112aa4c,0x81195680fbd02dadfb8049b7556d27529f0322cf9cbe8b18085e7790049b133a,0x64ea3c2b,0x32cdd527e,0x23045,0x108,0x34408622c258481ddd52c8f28efbe33c66f93a806c5a8644e8eae5f451fe3e20,0x77,18000460,1693072427,2023-08-26 17:53:47,0x3fc91a3afd70395cd496c647d5a6cc9d4b2b7fad,0xead6605b9e105e28bd35e9f494131c10c1281ce9,-1000000000,608557263341585987,1953987844943295766007671810068636,35772455674097445884,202271
0x88e6a0c2ddd26feeb64f039a2c41296fcb3f5640,"['0xc42079f94a6350d7e6235f29174924f928cc2ac818eb64fed8004e115fbcca67', '0x0000000000000000000000003208684f96458c540eb08f6f01b9e9afb2b7d4f0', '0x0000000000000000000000003208684f96458c540eb08f6f01b9e9afb2b7d4f0']",0x000000000000000000000000000000000000000000000000000000001ac8ea73fffffffffffffffffffffffffffffffffffffffffffffffffc3568c1b2c12a470000000000000000000000000000000000006056c949ff72d3154f4bd3eaa99f000000000000000000000000000000000000000000000001f0714ae7adfc2bfc000000000000000000000000000000000000000000000000000000000003161f,0x112aa4d,0x6c5d88bdcecb4a7c13d147f8d0dd6465a1df4312b324cafba9664e0b111c294a,0x64ea3c37,0x385a6605e,0x2af4d,0x50,0x43df448ccfcc6b06e8bfaefc794c0dae19b92318f02d002be3706a23374e034d,0xd,18000461,1693072439,2023-08-26 17:53:59,0x3208684f96458c540eb08f6f01b9e9afb2b7d4f0,0x3208684f96458c540eb08f6f01b9e9afb2b7d4f0,449374835,-273197021249066425,1953987239871667608065390366337439,35772455674097445884,202271
0x88e6a0c2ddd26feeb64f039a2c41296fcb3f5640,"['0xc42079f94a6350d7e6235f29174924f928cc2ac818eb64fed8004e115fbcca67', '0x000000000000000000000000d1b47490209ccb7a806e8a45d9479490c040abf4', '0x000000000000000000000000d1b47490209ccb7a806e8a45d9479490c040abf4']",0x0000000000000000000000000000000000000000000000000000000011d3e760fffffffffffffffffffffffffffffffffffffffffffffffffd79fbc6c763e3d10000000000000000000000000000000000006056c7fcde01489587ca00f9c4d6000000000000000000000000000000000000000000000001f0714ae7adfc2bfc000000000000000000000000000000000000000000000000000000000003161f,0x112aa58,0x2f7fea669967559bab94410f9d069e4b7da7d36501e51b1ac9523476bcf1426f,0x64ea3cbb,0x2d11905f3,0x762b2,0xd8,0x3c197e62f27275dfb8ab4bcce738822cfc641e151ed508b23f67486f9e8b4f99,0x5d,18000472,1693072571,2023-08-26 17:56:11,0xd1b47490209ccb7a806e8a45d9479490c040abf4,0xd1b47490209ccb7a806e8a45d9479490c040abf4,299100000,-181837478764485679,1953986837141437120464188037776598,35772455674097445884,202271
0x88e6a0c2ddd26feeb64f039a2c41296fcb3f5640,"['0xc42079f94a6350d7e6235f29174924f928cc2ac818eb64fed8004e115fbcca67', '0x0000000000000000000000001111111254fb6c44bac0bed2854e76f90643097d', '0x0000000000000000000000009008d19f58aabd9ed0d60971565aa8510560ab41']",0x00000000000000000000000000000000000000000000000000000000624269b4fffffffffffffffffffffffffffffffffffffffffffffffff2176b8f2479fcfa0000000000000000000000000000000000006056c0d0c96b5413d27fd7ff2283000000000000000000000000000000000000000000000001f0714ae7adfc2bfc000000000000000000000000000000000000000000000000000000000003161f,0x112aa59,0xc72b3a19e793e3395b7241bd348f2cd11ea92f21abe40c6990e5d57569bbf387,0x64ea3cc7,0x2ff641ec9,0x389c4,0x3e,0x0c8f2007c8d2d8a02ed84712678dbd1c2ece9242f5addfa35a9fe6c72d552f26,0xa,18000473,1693072583,2023-08-26 17:56:23,0x1111111254fb6c44bac0bed2854e76f90643097d,0x9008d19f58aabd9ed0d60971565aa8510560ab41,1648519604,-1002214129530176262,1953984617456418794918100279960195,35772455674097445884,202271
0x88e6a0c2ddd26feeb64f039a2c41296fcb3f5640,"['0xc42079f94a6350d7e6235f29174924f928cc2ac818eb64fed8004e115fbcca67', '0x0000000000000000000000003fc91a3afd70395cd496c647d5a6cc9d4b2b7fad', '0x0000000000000000000000003fc91a3afd70395cd496c647d5a6cc9d4b2b7fad']",0x00000000000000000000000000000000000000000000000000000000861c4680ffffffffffffffffffffffffffffffffffffffffffffffffed04511567b20eda0000000000000000000000000000000000006056b706cc922c1aee29f83ee414000000000000000000000000000000000000000000000001f0714ae7adfc2bfc000000000000000000000000000000000000000000000000000000000003161f,0x112aa59,0xc72b3a19e793e3395b7241bd348f2cd11ea92f21abe40c6990e5d57569bbf387,0x64ea3cc7,0x2bb2cd758,0x4e214,0x102,0x290014cb8383aeeadcc6e0759373aef0744369e02cc2acf9f089c4d406ebdcf8,0x73,18000473,1693072583,2023-08-26 17:56:23,0x3fc91a3afd70395cd496c647d5a6cc9d4b2b7fad,0x3fc91a3afd70395cd496c647d5a6cc9d4b2b7fad,2250000000,-1367879234437902630,1953981587903198482821852893733908,35772455674097445884,202271
0x88e6a0c2ddd26feeb64f039a2c41296fcb3f5640,"['0xc42079f94a6350d7e6235f29174924f928cc2ac818eb64fed8004e115fbcca67', '0x0000000000000000000000003fc91a3afd70395cd496c647d5a6cc9d4b2b7fad', '0x00000000000000000000000078b39fe3d51da6aec2eb2ffcfdc35ca206e0c70c']",0xffffffffffffffffffffffffffffffffffffffffffffffffffffffffe2329b000000000000000000000000000000000000000000000000000439025134d831580000000000000000000000000000000000006056b933f6923e4df99dac7f2f81000000000000000000000000000000000000000000000001f0714ae7adfc2bfc000000000000000000000000000000000000000000000000000000000003161f,0x112aa5a,0x48e1b13d2a4e4d337f0ff2240fb05069333a59da8ee49341d407241d6adacf25,0x64ea3cd3,0x2acc206f3,0x3f873,0xe4,0x4dee34a52f9804131ff7a5e6f8954b778d74c0a8a6436aa89b88c607a4bcf9ec,0x5e,18000474,1693072595,2023-08-26 17:56:35,0x3fc91a3afd70395cd496c647d5a6cc9d4b2b7fad,0x78b39fe3d51da6aec2eb2ffcfdc35ca206e0c70c,-500000000,304276997626409304,1953982261473220711855336372252545,35772455674097445884,202271
0x88e6a0c2ddd26feeb64f039a2c41296fcb3f5640,"['0xc42079f94a6350d7e6235f29174924f928cc2ac818eb64fed8004e115fbcca67', '0x0000000000000000000000003fc91a3afd70395cd496c647d5a6cc9d4b2b7fad', '0x000000000000000000000000120e76021669e8200f3ca924658f178de2a80813']",0xfffffffffffffffffffffffffffffffffffffffffffffffffffffffa42dad556000000000000000000000000000000000000000000000000d02ab486cedc00000000000000000000000000000000000000006057247e9587ff0269eaee366161000000000000000000000000000000000000000000000001f0714ae7adfc2bfc000000000000000000000000000000000000000000000000000000000003161f,0x112aa5b,0x351d1f925cc7cbf851e30ccd0f1d51687fdea2f8ea42522d003699bc9be15402,0x64ea3cdf,0x2a86790dc,0x1d852,0x32,0x7af97df7ec434ae669ba3aa07a966c28bf0488bd4e1ace3189b36cbc2294789e,0x9,18000475,1693072607,2023-08-26 17:56:47,0x3fc91a3afd70395cd496c647d5a6cc9d4b2b7fad,0x120e76021669e8200f3ca924658f178de2a80813,-24648166058,15000000000000000000,1954015466580449489698739843391841,35772455674097445884,202271
0x88e6a0c2ddd26feeb64f039a2c41296fcb3f5640,"['0xc42079f94a6350d7e6235f29174924f928cc2ac818eb64fed8004e115fbcca67', '0x00000000000000000000000051c72848c68a965f66fa7a88855f9f7784502a7f', '0x00000000000000000000000051c72848c68a965f66fa7a88855f9f7784502a7f']",0x0000000000000000000000000000000000000000000000000000000d44ffc46cfffffffffffffffffffffffffffffffffffffffffffffffe1f29a788f2fd6b6f00000000000000000000000000000000000060562c8aa7787b060f5fba7c9500000000000000000000000000000000000000000000000001f0714ae7adfc2bfc000000000000000000000000000000000000000000000000000000000003161e,0x112aa5b,0x351d1f925cc7cbf851e30ccd0f1d51687fdea2f8ea42522d003699bc9be15402,0x64ea3cdf,0x44bf7e117,0x1ec67,0x35,0x298fe60f4264d01d0f533c8bdb4ec5674a30a62ebc7984fc034743032750a0d4,0xa,18000475,1693072607,2023-08-26 17:56:47,0x51c72848c68a965f66fa7a88855f9f7784502a7f,0x51c72848c68a965f66fa7a88855f9f7784502a7f,56992187500,-34647978051564115089,1953938728889840016451727150322944,35772455674097445884,202270
0x88e6a0c2ddd26feeb64f039a2c41296fcb3f5640,"['0xc42079f94a6350d7e6235f29174924f928cc2ac818eb64fed8004e115fbcca67', '0x0000000000000000000000001111111254eeb25477b68fb85ed929f73a960582', '0x00000000000000000000000009d54046d373eb59a37140a85b074139a1ab0a64']",0xfffffffffffffffffffffffffffffffffffffffffffffffffffffffff2abd42400000000000000000000000000000000000000000000000001e3730689f235ed00000000000000000000000000000000000060562d83d44ec35220f2f5ae008d000000000000000000000000000000000000000000000001f0714ae7adfc2bfc000000000000000000000000000000000000000000000000000000000003161e,0x112aa5c,0xf13c46c0e8f9ae1bb5844fc83c088889d7eb539fc1a030c9c0487eb5937fcbb4,0x64ea3ceb,0x2aed62c35,0x2c793,0x1aa,0xecca5a350170ab0b01d3e4b7911d5d9ed48639405b950a0545abbd6e3846034d,0x8a,18000476,1693072619,2023-08-26 17:56:59,0x1111111254eeb25477b68fb85ed929f73a960582,0x09d54046d373eb59a37140a85b074139a1ab0a64,-223620060,136078885672596973,1953939030124106038530622897389709,35772455674097445884,202270
0x88e6a0c2ddd26feeb64f039a2c41296fcb3f5640,"['0xc42079f94a6350d7e6235f29174924f928cc2ac818eb64fed8004e115fbcca67', '0x000000000000000000000000e8cfad4c75a5e1caf939fd80afcf837dde340a69', '0x000000000000000000000000e8cfad4c75a5e1caf939fd80afcf837dde340a69']",0x0000000000000000000000000000000000000000000000000000004b3eff8c96fffffffffffffffffffffffffffffffffffffffffffffff55a14ab02e04a81880000000000000000000000000000000000006050b0394c0003ba63467f3c2481000000000000000000000000000000000000000000000001f09972ec441f6782000000000000000000000000000000000000000000000000000000000003161a,0x112aa5f,0xf723bb50f161c49dea94adac2f5edc23e1bcd1fa6be2bbf39cce8768ace80068,0x64ea3d0f,0x20823b5098,0x276b7,0x2,0x2bbfaf21194ee76c04beceb33f3852867b0475758372d526e8703930c0740619,0x,18000479,1693072655,2023-08-26 17:57:35,0xe8cfad4c75a5e1caf939fd80afcf837dde340a69,0xe8cfad4c75a5e1caf939fd80afcf837dde340a69,323179482262,-196423183819016076920,1953504113581101903806753410917505,35783758673329743746,202266
0x88e6a0c2ddd26feeb64f039a2c41296fcb3f5640,"['0xc42079f94a6350d7e6235f29174924f928cc2ac818eb64fed8004e115fbcca67', '0x0000000000000000000000003fc91a3afd70395cd496c647d5a6cc9d4b2b7fad', '0x0000000000000000000000007c00c9f0e7aed440c0c730a9bd9ee4f49de20d5c']",0xffffffffffffffffffffffffffffffffffffffffffffffffffffffff2a4df0730000000000000000000000000000000000000000000000001e43880ebb1130e40000000000000000000000000000000000006050bfd1330360e24f738c954546000000000000000000000000000000000000000000000001f09972ec441f6782000000000000000000000000000000000000000000000000000000000003161a,0x112aa5f,0xf723bb50f161c49dea94adac2f5edc23e1bcd1fa6be2bbf39cce8768ace80068,0x64ea3d0f,0x29da8eb64,0x5ca05,0xf7,0x52dc5d94a1ab6220188f0598ce9bfab931c576161cd18e5bd894d031836d8fc0,0x67,18000479,1693072655,2023-08-26 17:57:35,0x3fc91a3afd70395cd496c647d5a6cc9d4b2b7fad,0x7c00c9f0e7aed440c0c730a9bd9ee4f49de20d5c,-3585216397,2180736241426837732,1953508939494976696160346696926534,35783758673329743746,202266
0x88e6a0c2ddd26feeb64f039a2c41296fcb3f5640,"['0xc42079f94a6350d7e6235f29174924f928cc2ac818eb64fed8004e115fbcca67', '0x00000000000000000000000051c72848c68a965f66fa7a88855f9f7784502a7f', '0x00000000000000000000000051c72848c68a965f66fa7a88855f9f7784502a7f']",0x00000000000000000000000000000000000000000000000000000012274cb5b0fffffffffffffffffffffffffffffffffffffffffffffffd6e893be0b0eece37000000000000000000000000000000000000604f6ce3fb2b6147e5aa80d3f6f0000000000000000000000000000000000000000000000001f09972ec441f67820000000000000000000000000000000000000000000000000000000000031619,0x112aa61,0xf0d1a6003642fd28328d0adfca8e3509e0e3782d58229ee642529de37995abf6,0x64ea3d27,0x7776ac410,0x1ec1a,0xf,0x08d3669a760d32064e65a3f1285eb99925790334a6916fa1ba39bb1e6310b7bb,0x1,18000481,1693072679,2023-08-26 17:57:59,0x51c72848c68a965f66fa7a88855f9f7784502a7f,0x51c72848c68a965f66fa7a88855f9f7784502a7f,77968750000,-47375268968920068553,1953404046782523208176386983589616,35783758673329743746,202265
0x88e6a0c2ddd26feeb64f039a2c41296fcb3f5640,"['0xc42079f94a6350d7e6235f29174924f928cc2ac818eb64fed8004e115fbcca67', '0x00000000000000000000000068b3465833fb72a70ecdf485e0e4c7bd8665fc45', '0x000000000000000000000000cdd37ada79f589c15bd4f8fd2083dc88e34a2af2']",0xfffffffffffffffffffffffffffffffffffffffffffffffffffffffffd72f017000000000000000000000000000000000000000000000000005c7a486c6ccffd000000000000000000000000000000000000604f6d13a14dab1ff41cdee1ecba000000000000000000000000000000000000000000000001f09972ec441f67820000000000000000000000000000000000000000000000000000000000031619,0x112aa61,0xf0d1a6003642fd28328d0adfca8e3509e0e3782d58229ee642529de37995abf6,0x64ea3d27,0x2f680e59e,0x2e6ec,0xc4,0x1e743a084db41ed1ebd01aef20c9c510dce2c19cbcfe8ceaa7a43b025a4dd706,0x29,18000481,1693072679,2023-08-26 17:57:59,0x68b3465833fb72a70ecdf485e0e4c7bd8665fc45,0xcdd37ada79f589c15bd4f8fd2083dc88e34a2af2,-42799081,26030149332684797,1953404104386582076537669530283194,35783758673329743746,202265
0x88e6a0c2ddd26feeb64f039a2c41296fcb3f5640,"['0xc42079f94a6350d7e6235f29174924f928cc2ac818eb64fed8004e115fbcca67', '0x00000000000000000000000000000047bb99ea4d791bb749d970de71ee0b1a34', '0x00000000000000000000000000000047bb99ea4d791bb749d970de71ee0b1a34']",0xffffffffffffffffffffffffffffffffffffffffffffffffffffffffdd56548a00000000000000000000000000000000000000000000000004e891439c516400000000000000000000000000000000000000604f6f9b1306d9fd842bfd695f94000000000000000000000000000000000000000000000001f09972ec441f67820000000000000000000000000000000000000000000000000000000000031619,0x112aa64,0x61d29f3e0a02db9e4dccb013f726f4004737313e66bee1ebf9f90941d5a6506e,0x64ea3d4b,0x29faad384,0x3ca98,0xe6,0x92b8f4be0af6afc20fe45da0b045375e519189671547e2525632c2da4793ea35,0x55,18000484,1693072715,2023-08-26 17:58:35,0x00000047bb99ea4d791bb749d970de71ee0b1a34,0x00000047bb99ea4d791bb749d970de71ee0b1a34,-581544822,353692290320000000,1953404887098630804434341950218132,35783758673329743746,202265
0x88e6a0c2ddd26feeb64f039a2c41296fcb3f5640,"['0xc42079f94a6350d7e6235f29174924f928cc2ac818eb64fed8004e115fbcca67', '0x0000000000000000000000006af1a16fde7346e7729fa921ad2ddf6a462061e2', '0x0000000000000000000000006af1a16fde7346e7729fa921ad2ddf6a462061e2']",0x00000000000000000000000000000000000000000000000000000000235f2b18fffffffffffffffffffffffffffffffffffffffffffffffffaff035fffa9b1b3000000000000000000000000000000000000604f6d06bc2b8581a370cebda286000000000000000000000000000000000000000000000001f09cc11c7feac9cf0000000000000000000000000000000000000000000000000000000000031619,0x112aa6b,0x5d7570068ad4cf9b756ff213fa46094f96a0ac0e7fd16a7a2ec1f116d3b2cef5,0x64ea3d9f,0x4b35e1e2a,0x5342d,0x63,0xa1321c393e08098b1f734efad4dd5119cb5ea18f99972d7d68cfc9e95e649db2,0xf,18000491,1693072799,2023-08-26 17:59:59,0x6af1a16fde7346e7729fa921ad2ddf6a462061e2,0x6af1a16fde7346e7729fa921ad2ddf6a462061e2,593439512,-360565734320262733,1953404088797420416593738896089734,35784689067328457167,202265
0x88e6a0c2ddd26feeb64f039a2c41296fcb3f5640,"['0xc42079f94a6350d7e6235f29174924f928cc2ac818eb64fed8004e115fbcca67', '0x0000000000000000000000003fc91a3afd70395cd496c647d5a6cc9d4b2b7fad', '0x000000000000000000000000475bc1799d6dae396671bdc36a61cbbdf981e8c8']",0xfffffffffffffffffffffffffffffffffffffffffffffffffffffffecc45d16f0000000000000000000000000000000000000000000000002b93855d12ba0000000000000000000000000000000000000000604f837a72e22bf5a4d980c08558000000000000000000000000000000000000000000000001f09cc11c7feac9cf0000000000000000000000000000000000000000000000000000000000031619,0x112aa6b,0x5d7570068ad4cf9b756ff213fa46094f96a0ac0e7fd16a7a2ec1f116d3b2cef5,0x64ea3d9f,0x2a61d86f1,0x21b16,0x148,0xe2decb515dac4fee08d709e9d210d2d3266cd8287a7d87914c59d22c38899d3f,0x89,18000491,1693072799,2023-08-26 17:59:59,0x3fc91a3afd70395cd496c647d5a6cc9d4b2b7fad,0x475bc1799d6dae396671bdc36a61cbbdf981e8c8,-5162806929,3140000000000000000,1953411037356945743384553269003608,35784689067328457167,202265
0x88e6a0c2ddd26feeb64f039a2c41296fcb3f5640,"['0xc42079f94a6350d7e6235f29174924f928cc2ac818eb64fed8004e115fbcca67', '0x0000000000000000000000003fc91a3afd70395cd496c647d5a6cc9d4b2b7fad', '0x0000000000000000000000003fc91a3afd70395cd496c647d5a6cc9d4b2b7fad']",0x00000000000000000000000000000000000000000000000000000000423883c0fffffffffffffffffffffffffffffffffffffffffffffffff6a1cd96d97f4a42000000000000000000000000000000000000604f7ea63225b5a64d499327eb1c000000000000000000000000000000000000000000000001f09cc11c7feac9cf0000000000000000000000000000000000000000000000000000000000031619,0x112aa6e,0x9682595b0f66a4ecad2bf9d837c5b4c4e75f5a955a3770bdb3ad55683d8b624f,0x64ea3dc3,0x32f6773bb,0x23819,0x100,0xbca2e8e9d049359b4ccde9247bca001a470ae6d1917c32c0185ec0a74cb50857,0x61,18000494,1693072835,2023-08-26 18:00:35,0x3fc91a3afd70395cd496c647d5a6cc9d4b2b7fad,0x3fc91a3afd70395cd496c647d5a6cc9d4b2b7fad,1111000000,-675032421351077310,1953409542818924731784483329010460,35784689067328457167,202265
0x88e6a0c2ddd26feeb64f039a2c41296fcb3f5640,"['0xc42079f94a6350d7e6235f29174924f928cc2ac818eb64fed8004e115fbcca67', '0x00000000000000000000000068b3465833fb72a70ecdf485e0e4c7bd8665fc45', '0x00000000000000000000000068b3465833fb72a70ecdf485e0e4c7bd8665fc45']",0x0000000000000000000000000000000000000000000000000000000247878b80ffffffffffffffffffffffffffffffffffffffffffffffffad738847a55777ef000000000000000000000000000000000000604f5418906fe0e8740f9453dd89000000000000000000000000000000000000000000000001f09cc11c7feac9cf0000000000000000000000000000000000000000000000000000000000031619,0x112aa6e,0x9682595b0f66a4ecad2bf9d837c5b4c4e75f5a955a3770bdb3ad55683d8b624f,0x64ea3dc3,0x4f19310b8,0x3544d,0x16b,0x4c1ad11247d0e349a0d7c286ec7a5c940fd7f373d8e4711b468945b7c9264a85,0xa6,18000494,1693072835,2023-08-26 18:00:35,0x68b3465833fb72a70ecdf485e0e4c7bd8665fc45,0x68b3465833fb72a70ecdf485e0e4c7bd8665fc45,9790000000,-5948260841528264721,1953396373226316475561979195678089,35784689067328457167,202265
0x88e6a0c2ddd26feeb64f039a2c41296fcb3f5640,"['0xc42079f94a6350d7e6235f29174924f928cc2ac818eb64fed8004e115fbcca67', '0x0000000000000000000000003fc91a3afd70395cd496c647d5a6cc9d4b2b7fad', '0x000000000000000000000000ee5aac5c33e713e560dc3eb60c8712f2678cdb39']",0xfffffffffffffffffffffffffffffffffffffffffffffffffffffffffc04c542000000000000000000000000000000000000000000000000009053fedfdeddd3000000000000000000000000000000000000604f5462ed55777a9f647b078db3000000000000000000000000000000000000000000000001f09cc11c7feac9cf0000000000000000000000000000000000000000000000000000000000031619,0x112aa6f,0xac60f2d9f519285d816a380cabb6f14afb8d07a4ca65d4230e1eb2d0c45c4dbe,0x64ea3dcf,0x33554b4bf,0x246b8,0x1c2,0xea60eebeb797fdd66cd743d43380ff29b81139839efac8001ac71f4728ad6f45,0x62,18000495,1693072847,2023-08-26 18:00:47,0x3fc91a3afd70395cd496c647d5a6cc9d4b2b7fad,0xee5aac5c33e713e560dc3eb60c8712f2678cdb39,-66796222,40624750789058003,1953396463125519997643520907644339,35784689067328457167,202265
0x88e6a0c2ddd26feeb64f039a2c41296fcb3f5640,"['0xc42079f94a6350d7e6235f29174924f928cc2ac818eb64fed8004e115fbcca67', '0x0000000000000000000000003fc91a3afd70395cd496c647d5a6cc9d4b2b7fad', '0x000000000000000000000000af9352051d8c7c4064c10167a4af8b5aea3d880a']",0xfffffffffffffffffffffffffffffffffffffffffffffffffffffffff47682a400000000000000000000000000000000000000000000000001a23ab537b2167a000000000000000000000000000000000000604f553a69d6a1edddc6e89590d1000000000000000000000000000000000000000000000001f09cc11c7feac9cf0000000000000000000000000000000000000000000000000000000000031619,0x112aa70,0x16be0bc4c940ca05a306ee37b7fc776eaf363716a8aa743cc33043f07316b709,0x64ea3ddb,0x354055abe,0x472ab,0xa8,0x3e97f96f98eedf25c52fba6001a8b5c5fbfd116abe6e6752a1e3a7f8d66431f7,0x4e,18000496,1693072859,2023-08-26 18:00:59,0x3fc91a3afd70395cd496c647d5a6cc9d4b2b7fad,0xaf9352051d8c7c4064c10167a4af8b5aea3d880a,-193559900,117721090262963834,1953396723632527347507302388568273,35784689067328457167,202265
0x88e6a0c2ddd26feeb64f039a2c41296fcb3f5640,"['0xc42079f94a6350d7e6235f29174924f928cc2ac818eb64fed8004e115fbcca67', '0x0000000000000000000000003fc91a3afd70395cd496c647d5a6cc9d4b2b7fad', '0x0000000000000000000000007c00c9f0e7aed440c0c730a9bd9ee4f49de20d5c']",0xffffffffffffffffffffffffffffffffffffffffffffffffffffffff30c130c00000000000000000000000000000000000000000000000001d58da550000aa08000000000000000000000000000000000000604f64594c2408fee113580b4ae4000000000000000000000000000000000000000000000001f09cc11c7feac9cf0000000000000000000000000000000000000000000000000000000000031619,0x112aa71,0x86031447c1739b44630328b4fa74f0c84b2b2034d04a2fdfc9157b256508878d,0x64ea3de7,0x34173e270,0x23049,0xdd,0xe43ecf9ba9b6f4035dfe37a886b785dbd4d9370a0e5ede5b85e3add799985b60,0x43,18000497,1693072871,2023-08-26 18:01:11,0x3fc91a3afd70395cd496c647d5a6cc9d4b2b7fad,0x7c00c9f0e7aed440c0c730a9bd9ee4f49de20d5c,-3477000000,2114680083657566728,1953401403244131907265311288281828,35784689067328457167,202265
0x88e6a0c2ddd26feeb64f039a2c41296fcb3f5640,"['0xc42079f94a6350d7e6235f29174924f928cc2ac818eb64fed8004e115fbcca67', '0x000000000000000000000000def1c0ded9bec7f1a1670819833240f027b25eff', '0x000000000000000000000000def1c0ded9bec7f1a1670819833240f027b25eff']",0xfffffffffffffffffffffffffffffffffffffffffffffffffffffffffa0af46600000000000000000000000000000000000000000000000000d7f4911c703d8c000000000000000000000000000000000000604f64c890add5c15cad1e8126ff000000000000000000000000000000000000000000000001f09cc11c7feac9cf0000000000000000000000000000000000000000000000000000000000031619,0x112aa75,0x0455ee2c2c16f5f70c0d1849c0058a47f55f9b06eaa628c6a4f8c293e801d9d0,0x64ea3e17,0x39bac0f36,0x4fb79,0x3,0xd6da5e612a56f76cc354c53c02960d9c8768fcc4ec266aaa55c9eaf7adbf18d8,0x,18000501,1693072919,2023-08-26 18:01:59,0xdef1c0ded9bec7f1a1670819833240f027b25eff,0xdef1c0ded9bec7f1a1670819833240f027b25eff,-99945370,60786024077344140,1953401537758560763753613372761855,35784689067328457167,202265
0x88e6a0c2ddd26feeb64f039a2c41296fcb3f5640,"['0xc42079f94a6350d7e6235f29174924f928cc2ac818eb64fed8004e115fbcca67', '0x000000000000000000000000e8c060f8052e07423f71d445277c61ac5138a2e5', '0x000000000000000000000000e8c060f8052e07423f71d445277c61ac5138a2e5']",0x00000000000000000000000000000000000000000000000000000000017182bdffffffffffffffffffffffffffffffffffffffffffffffffffcbba392cc57fbd000000000000000000000000000000000000604f64ad9e78b93b9ef4f8566750000000000000000000000000000000000000000000000001f09cc11c7feac9cf0000000000000000000000000000000000000000000000000000000000031619,0x112aa75,0x0455ee2c2c16f5f70c0d1849c0058a47f55f9b06eaa628c6a4f8c293e801d9d0,0x64ea3e17,0x324767b36,0x603a7,0xf,0xc0bfeb49f2669e164397ca6ac17ef81d5e5e4a74c3c4318e6e8ba4c0b027788f,0x1,18000501,1693072919,2023-08-26 18:01:59,0xe8c060f8052e07423f71d445277c61ac5138a2e5,0xe8c060f8052e07423f71d445277c61ac5138a2e5,24216253,-14713419038621763,1953401505182697032225490505983824,35784689067328457167,202265
0x88e6a0c2ddd26feeb64f039a2c41296fcb3f5640,"['0xc42079f94a6350d7e6235f29174924f928cc2ac818eb64fed8004e115fbcca67', '0x000000000000000000000000e592427a0aece92de3edee1f18e0157c05861564', '0x000000000000000000000000def171fe48cf0115b1d80b88dc8eab59176fee57']",0xfffffffffffffffffffffffffffffffffffffffffffffffffffffff8abd00aaa00000000000000000000000000000000000000000000000109af53d72054c84c000000000000000000000000000000000000604fed917d507d6cbb44e800d3a3000000000000000000000000000000000000000000000001f09cc11c7feac9cf0000000000000000000000000000000000000000000000000000000000031619,0x112aa7d,0x259e67650c792d3ff76e9cea932de7556a6d27c1ba34624daf35dc37d428954b,0x64ea3e77,0x37513fc4f,0xdbcf0,0x2f,0x289ceea3ebd1eb947ac023fb44e72eff9e8d7f08ff70ea93d5d01f7457df2e76,0x17,18000509,1693073015,2023-08-26 18:03:35,0xe592427a0aece92de3edee1f18e0157c05861564,0xdef171fe48cf0115b1d80b88dc8eab59176fee57,-31477200214,19144612724400769100,1953443870622539333960403467162531,35784689067328457167,202265
0x88e6a0c2ddd26feeb64f039a2c41296fcb3f5640,"['0xc42079f94a6350d7e6235f29174924f928cc2ac818eb64fed8004e115fbcca67', '0x0000000000000000000000003208684f96458c540eb08f6f01b9e9afb2b7d4f0', '0x0000000000000000000000003208684f96458c540eb08f6f01b9e9afb2b7d4f0']",0xfffffffffffffffffffffffffffffffffffffffffffffffffffffffec4af4e0b0000000000000000000000000000000000000000000000002ca70f7c4a30915b000000000000000000000000000000000000605004932bbae89eba6a0c05de96000000000000000000000000000000000000000000000001f09cc11c7feac9cf0000000000000000000000000000000000000000000000000000000000031619,0x112aa7e,0x3a22b57a91824f15f7f601beaff716d0fb0623cd1b75fb41a894d2e42ce8c40f,0x64ea3e83,0x2f7d7d1a6,0x3fafa,0x8a,0x588f1fcac2c63f3307511ea61999579311555d9418df9c96c09104191a0afc55,0x25,18000510,1693073027,2023-08-26 18:03:47,0x3208684f96458c540eb08f6f01b9e9afb2b7d4f0,0x3208684f96458c540eb08f6f01b9e9afb2b7d4f0,-5290111477,3217557485274567003,1953450990810345891638115691781782,35784689067328457167,202265
0x88e6a0c2ddd26feeb64f039a2c41296fcb3f5640,"['0xc42079f94a6350d7e6235f29174924f928cc2ac818eb64fed8004e115fbcca67', '0x0000000000000000000000003fc91a3afd70395cd496c647d5a6cc9d4b2b7fad', '0x0000000000000000000000003fc91a3afd70395cd496c647d5a6cc9d4b2b7fad']",0x0000000000000000000000000000000000000000000000000000000008f01bf3fffffffffffffffffffffffffffffffffffffffffffffffffebc4c43a9fb879e000000000000000000000000000000000000605003ec4e058ff4df7c66044a3e000000000000000000000000000000000000000000000001f09cc11c7feac9cf0000000000000000000000000000000000000000000000000000000000031619,0x112aa87,0xcdb92ca1781b456530579c5b70a8c5369b6299821209999d1d807bd73cd0fd80,0x64ea3eef,0x2e85ed983,0x2aa34,0xe3,0xd2bb09b8c642453e2035d98f992edd57e60a9bfcb4fb1961a735de16a84c46c0,0x50,18000519,1693073135,2023-08-26 18:05:35,0x3fc91a3afd70395cd496c647d5a6cc9d4b2b7fad,0x3fc91a3afd70395cd496c647d5a6cc9d4b2b7fad,149953523,-91114038955898978,1953450789081671593339879040502334,35784689067328457167,202265
0x88e6a0c2ddd26feeb64f039a2c41296fcb3f5640,"['0xc42079f94a6350d7e6235f29174924f928cc2ac818eb64fed8004e115fbcca67', '0x0000000000000000000000003fc91a3afd70395cd496c647d5a6cc9d4b2b7fad', '0x0000000000000000000000000c30062368eefb96bf3ade1218e685306b8e89fa']",0x0000000000000000000000000000000000000000000000000000000030af04eafffffffffffffffffffffffffffffffffffffffffffffffff91cd7067c0d0e120000000000000000000000000000000000006050005f68a268017718b545c72e000000000000000000000000000000000000000000000001f09cc11c7feac9cf0000000000000000000000000000000000000000000000000000000000031619,0x112aa8a,0x1aa1c29d1d6d1eeae8a869c879737fe75d52431fb142ae77951f16933ce3ab13,0x64ea3f13,0x307c78883,0x350c9,0x179,0x5bb742dcc503b711c0a9eae17fa8fdd9e9c2c0dacad2622c107b342f845bbb54,0x7c,18000522,1693073171,2023-08-26 18:06:11,0x3fc91a3afd70395cd496c647d5a6cc9d4b2b7fad,0x0c30062368eefb96bf3ade1218e685306b8e89fa,816776426,-496285436066591214,1953449690293776352256778211542830,35784689067328457167,202265
0x88e6a0c2ddd26feeb64f039a2c41296fcb3f5640,"['0xc42079f94a6350d7e6235f29174924f928cc2ac818eb64fed8004e115fbcca67', '0x000000000000000000000000def1c0ded9bec7f1a1670819833240f027b25eff', '0x000000000000000000000000610bb423d080dbbb9ea5fb8bab100aad2d81bca4']",0xfffffffffffffffffffffffffffffffffffffffffffffffffffffffe3c8525870000000000000000000000000000000000000000000000003fef89009d6234e60000000000000000000000000000000000006050215088b93a14c30c1afbd83b000000000000000000000000000000000000000000000001f09cc11c7feac9cf0000000000000000000000000000000000000000000000000000000000031619,0x112aa8d,0xab59491a2f5dea22421933a06e868a8b2616d165d59ba547ad28b85d698af5de,0x64ea3f37,0x31aa2bfbd,0x32c95,0xaa,0x43550b810ecc5a2e6f1990b1e1dc91d7368221446549468a41d5991add33361c,0x42,18000525,1693073207,2023-08-26 18:06:47,0xdef1c0ded9bec7f1a1670819833240f027b25eff,0x610bb423d080dbbb9ea5fb8bab100aad2d81bca4,-7574575737,4607051579556771046,1953459885316749855772340043634747,35784689067328457167,202265
0x88e6a0c2ddd26feeb64f039a2c41296fcb3f5640,"['0xc42079f94a6350d7e6235f29174924f928cc2ac818eb64fed8004e115fbcca67', '0x000000000000000000000000e4000004000bd8006e00720000d27d1fa000d43e', '0x000000000000000000000000e4000004000bd8006e00720000d27d1fa000d43e']",0x00000000000000000000000000000000000000000000000000000000b222f3d3ffffffffffffffffffffffffffffffffffffffffffffffffe6cc704b983caba000000000000000000000000000000000000060501452cd387fe79583ebd80d14000000000000000000000000000000000000000000000001f09cc11c7feac9cf0000000000000000000000000000000000000000000000000000000000031619,0x112aa8e,0x97bc1cb7d183454d16b014ec79b880c6ce8b0efb1a8d7cb4229493e571615d09,0x64ea3f43,0x555c042ee,0x8215f,0x1e,0x75bf05ac67ae0877269f028112a24c2031a6a2719795c8477e67bf24ca027958,0x2,18000526,1693073219,2023-08-26 18:06:59,0xe4000004000bd8006e00720000d27d1fa000d43e,0xe4000004000bd8006e00720000d27d1fa000d43e,2988635091,-1815953079758181472,1953455864752942506163347731778836,35784689067328457167,202265
0x88e6a0c2ddd26feeb64f039a2c41296fcb3f5640,"['0xc42079f94a6350d7e6235f29174924f928cc2ac818eb64fed8004e115fbcca67', '0x0000000000000000000000003fc91a3afd70395cd496c647d5a6cc9d4b2b7fad', '0x0000000000000000000000006a7ea8945d0cdb9b53030f63b4b26263e4478c8f']",0xfffffffffffffffffffffffffffffffffffffffffffffffffffffffff63343db000000000000000000000000000000000000000000000000016345785d8a000000000000000000000000000000000000000060501509d98fd85d6b2a50161ad2000000000000000000000000000000000000000000000001f09cc11c7feac9cf0000000000000000000000000000000000000000000000000000000000031619,0x112aa8e,0x97bc1cb7d183454d16b014ec79b880c6ce8b0efb1a8d7cb4229493e571615d09,0x64ea3f43,0x307947f60,0x1d83e,0x19e,0xc4302beb4101335319fcac1322662c057b88b250543a86dd93b360fee4ebab99,0x62,18000526,1693073219,2023-08-26 18:06:59,0x3fc91a3afd70395cd496c647d5a6cc9d4b2b7fad,0x6a7ea8945d0cdb9b53030f63b4b26263e4478c8f,-164412453,100000000000000000,1953456086044647134405093412444882,35784689067328457167,202265
0x88e6a0c2ddd26feeb64f039a2c41296fcb3f5640,"['0xc42079f94a6350d7e6235f29174924f928cc2ac818eb64fed8004e115fbcca67', '0x0000000000000000000000003fc91a3afd70395cd496c647d5a6cc9d4b2b7fad', '0x0000000000000000000000003fc91a3afd70395cd496c647d5a6cc9d4b2b7fad']",0x000000000000000000000000000000000000000000000000000000001b008758fffffffffffffffffffffffffffffffffffffffffffffffffc2e11da4b290f1e00000000000000000000000000000000000060501311bbe6e2ff8881e71c3ef5000000000000000000000000000000000000000000000001f09cc11c7feac9cf0000000000000000000000000000000000000000000000000000000000031619,0x112aa8f,0x5efdea95c52ee97455c6784290b5c0e166d74e43798ac2674f8c3d5d2b052d26,0x64ea3f4f,0x3241e33b1,0x3d129,0x144,0x7dc7d18b449c03bad5d9c2903fe6c02b28668465966a9563c8a08ffce63b7199,0x5e,18000527,1693073231,2023-08-26 18:07:11,0x3fc91a3afd70395cd496c647d5a6cc9d4b2b7fad,0x3fc91a3afd70395cd496c647d5a6cc9d4b2b7fad,453019480,-275262897961496802,1953455476605968687087461374639861,35784689067328457167,202265
0x88e6a0c2ddd26feeb64f039a2c41296fcb3f5640,"['0xc42079f94a6350d7e6235f29174924f928cc2ac818eb64fed8004e115fbcca67', '0x0000000000000000000000003fc91a3afd70395cd496c647d5a6cc9d4b2b7fad', '0x0000000000000000000000003fc91a3afd70395cd496c647d5a6cc9d4b2b7fad']",0x0000000000000000000000000000000000000000000000000000000004146c64ffffffffffffffffffffffffffffffffffffffffffffffffff6c3e449eaf198b000000000000000000000000000000000000605012c59103e600202f8af0cd65000000000000000000000000000000000000000000000001f09cc11c7feac9cf0000000000000000000000000000000000000000000000000000000000031619,0x112aa93,0x8c6654ebb36b3aac2006ede0258f0bff1d9d473601f6ad49505db5f67aa5a19f,0x64ea3f7f,0x3215bc3b3,0x2975c,0xba,0x7a6084f9917c6c26fa5debc56c5ebf7037ae92924fef09f2345401f087314687,0x4e,18000531,1693073279,2023-08-26 18:07:59,0x3fc91a3afd70395cd496c647d5a6cc9d4b2b7fad,0x3fc91a3afd70395cd496c647d5a6cc9d4b2b7fad,68447332,-41589832112203381,1953455384525079809529941077314917,35784689067328457167,202265
0x88e6a0c2ddd26feeb64f039a2c41296fcb3f5640,"['0xc42079f94a6350d7e6235f29174924f928cc2ac818eb64fed8004e115fbcca67', '0x0000000000000000000000003fc91a3afd70395cd496c647d5a6cc9d4b2b7fad', '0x0000000000000000000000003fc91a3afd70395cd496c647d5a6cc9d4b2b7fad']",0x000000000000000000000000000000000000000000000000000000002e40c321fffffffffffffffffffffffffffffffffffffffffffffffff974dd112652672b00000000000000000000000000000000000060500f660bc2bb7c40971425096c000000000000000000000000000000000000000000000001f09cc11c7feac9cf0000000000000000000000000000000000000000000000000000000000031619,0x112aa98,0x7568f12a338b4662ca88f567608833c6d6fdb1f93b8104bafb5b1d3dac8ffe0b,0x64ea3fbb,0x308336712,0x36651,0x14d,0x5e953b5f121ebb8ea1ad5daee6aaf3f43e71bcdab39bb1f7a46894eaedc39d5a,0x5c,18000536,1693073339,2023-08-26 18:08:59,0x3fc91a3afd70395cd496c647d5a6cc9d4b2b7fad,0x3fc91a3afd70395cd496c647d5a6cc9d4b2b7fad,775996193,-471508995239942357,1953454340592820637980491908450668,35784689067328457167,202265
0x88e6a0c2ddd26feeb64f039a2c41296fcb3f5640,"['0xc42079f94a6350d7e6235f29174924f928cc2ac818eb64fed8004e115fbcca67', '0x0000000000000000000000003fc91a3afd70395cd496c647d5a6cc9d4b2b7fad', '0x000000000000000000000000cf7a2743d3674dfbb758ac24611de3359e0493ac']",0xfffffffffffffffffffffffffffffffffffffffffffffffffffffffff7927c0c0000000000000000000000000000000000000000000000000131888b5aaf00000000000000000000000000000000000000006050100377a77314ca3fc6835cec000000000000000000000000000000000000000000000001f09cc11c7feac9cf0000000000000000000000000000000000000000000000000000000000031619,0x112aa9b,0xf617949a3e33c886ddd59547e618af08c88579c6856b38b8b09782e3e35fdbec,0x64ea3fdf,0x2f2c2e3dd,0x21b0a,0x28c,0x58b080f6107b7fbaaa5ae5b52787bfa73db3bd7d2dfd2eaad432a2a8d0d6fca7,0xb0,18000539,1693073375,2023-08-26 18:09:35,0x3fc91a3afd70395cd496c647d5a6cc9d4b2b7fad,0xcf7a2743d3674dfbb758ac24611de3359e0493ac,-141394932,86000000000000000,1953454530903686618268393193823468,35784689067328457167,202265
0x88e6a0c2ddd26feeb64f039a2c41296fcb3f5640,"['0xc42079f94a6350d7e6235f29174924f928cc2ac818eb64fed8004e115fbcca67', '0x0000000000000000000000003fc91a3afd70395cd496c647d5a6cc9d4b2b7fad', '0x0000000000000000000000003fc91a3afd70395cd496c647d5a6cc9d4b2b7fad']",0x0000000000000000000000000000000000000000000000000000000004146c4effffffffffffffffffffffffffffffffffffffffffffffffff6c3e511c0e5eb900000000000000000000000000000000000060500fb74ccae64e2bdcee136000000000000000000000000000000000000000000000000001f09cc11c7feac9cf0000000000000000000000000000000000000000000000000000000000031619,0x112aa9c,0x0a03f2f23074e374e645e2f7b9aaf43faeb7ec6b04035f948fefe25e3bea1f74,0x64ea3feb,0x3260930fb,0x29744,0x70,0xd573089d76cf636141b3570fd2b8f5c1e0cf6b710b3d349f4147d06edaec464c,0x1d,18000540,1693073387,2023-08-26 18:09:47,0x3fc91a3afd70395cd496c647d5a6cc9d4b2b7fad,0x3fc91a3afd70395cd496c647d5a6cc9d4b2b7fad,68447310,-41589778469200199,1953454438822916507610476642000896,35784689067328457167,202265
0x88e6a0c2ddd26feeb64f039a2c41296fcb3f5640,"['0xc42079f94a6350d7e6235f29174924f928cc2ac818eb64fed8004e115fbcca67', '0x0000000000000000000000006b75d8af000000e20b7a7ddf000ba900b4009a80', '0x0000000000000000000000006b75d8af000000e20b7a7ddf000ba900b4009a80']",0x000000000000000000000000000000000000000000000000000000000ed7ccfbfffffffffffffffffffffffffffffffffffffffffffffffffde66f53f5f4796700000000000000000000000000000000000060500ea23068fc6e5df2ff2f4af1000000000000000000000000000000000000000000000001f09cc11c7feac9cf0000000000000000000000000000000000000000000000000000000000031619,0x112aaa5,0x03002217d9742d4bf1a227acdaa1a36334de0a5e7511313d02abe64b5ac0080d,0x64ea4057,0x8a27b58b9,0x65b0c,0x2f,0xd5713e1bbfb05262b4e634aa9f8c3f4cd40967658ce3c9ad8d613269fc8dab3b,0x2,18000549,1693073495,2023-08-26 18:11:35,0x6b75d8af000000e20b7a7ddf000ba900b4009a80,0x6b75d8af000000e20b7a7ddf000ba900b4009a80,249023739,-151311131070924441,1953454103816432026247960093215473,35784689067328457167,202265
0x88e6a0c2ddd26feeb64f039a2c41296fcb3f5640,"['0xc42079f94a6350d7e6235f29174924f928cc2ac818eb64fed8004e115fbcca67', '0x0000000000000000000000001111111254fb6c44bac0bed2854e76f90643097d', '0x0000000000000000000000001111111254fb6c44bac0bed2854e76f90643097d']",0x0000000000000000000000000000000000000000000000000000000019f1e525fffffffffffffffffffffffffffffffffffffffffffffffffc545bd6e1cab54200000000000000000000000000000000000060500cbdcf9a27229e85c6f904c9000000000000000000000000000000000000000000000001f09cc11c7feac9cf0000000000000000000000000000000000000000000000000000000000031619,0x112aaa5,0x03002217d9742d4bf1a227acdaa1a36334de0a5e7511313d02abe64b5ac0080d,0x64ea4057,0x332ff509d,0x73601,0xb3,0x09ad1ea718180b466a429e2bf1451669be9b60edd83daa7d5bd52631c47d7965,0x3b,18000549,1693073495,2023-08-26 18:11:35,0x1111111254fb6c44bac0bed2854e76f90643097d,0x1111111254fb6c44bac0bed2854e76f90643097d,435283237,-264485499638729406,1953453518239172751544140279907529,35784689067328457167,202265
0x88e6a0c2ddd26feeb64f039a2c41296fcb3f5640,"['0xc42079f94a6350d7e6235f29174924f928cc2ac818eb64fed8004e115fbcca67', '0x0000000000000000000000003fc91a3afd70395cd496c647d5a6cc9d4b2b7fad', '0x0000000000000000000000007c00c9f0e7aed440c0c730a9bd9ee4f49de20d5c']",0xfffffffffffffffffffffffffffffffffffffffffffffffffffffffe1cdfbf31000000000000000000000000000000000000000000000000446ae0e136ad000000000000000000000000000000000000000060502ffe166c49d3dd10e1b910dc000000000000000000000000000000000000000000000001f09cc11c7feac9cf0000000000000000000000000000000000000000000000000000000000031619,0x112aaab,0x3e78fdb1df08f00e0757f70e4f77a130589c37d755d4760fda5e45f91b77020e,0x64ea409f,0x2f6b03cd4,0x1d872,0xcb,0x067449a2be70ef0f411435571f44b65ce9218eb3863e03862c9575f82dd4245c,0x74,18000555,1693073567,2023-08-26 18:12:47,0x3fc91a3afd70395cd496c647d5a6cc9d4b2b7fad,0x7c00c9f0e7aed440c0c730a9bd9ee4f49de20d5c,-8105509071,4930000000000000000,1953464427920210923862202336743644,35784689067328457167,202265
0x88e6a0c2ddd26feeb64f039a2c41296fcb3f5640,"['0xc42079f94a6350d7e6235f29174924f928cc2ac818eb64fed8004e115fbcca67', '0x00000000000000000000000074f33228ced53754d0e3fe7ba92e46abd5b15763', '0x00000000000000000000000074f33228ced53754d0e3fe7ba92e46abd5b15763']",0xfffffffffffffffffffffffffffffffffffffffffffffffffffffffdb4063aa300000000000000000000000000000000000000000000000053444835ec58000000000000000000000000000000000000000060505ae4fae50571f0106044499d000000000000000000000000000000000000000000000001f09cc11c7feac9cf0000000000000000000000000000000000000000000000000000000000031619,0x112aaad,0x8192887eaedc39b19defc21c327bfa09870b5bc517640f5ebe0638036998d6bc,0x64ea40b7,0x2d6a011cd,0x786c8,0x111,0x97d26263d8a9a691e5c46f1ecede368ad0282855a6f86086793a5345b1a9370e,0x66,18000557,1693073591,2023-08-26 18:13:11,0x74f33228ced53754d0e3fe7ba92e46abd5b15763,0x74f33228ced53754d0e3fe7ba92e46abd5b15763,-9864594781,6000000000000000000,1953477705422488618366943176706461,35784689067328457167,202265
0x88e6a0c2ddd26feeb64f039a2c41296fcb3f5640,"['0xc42079f94a6350d7e6235f29174924f928cc2ac818eb64fed8004e115fbcca67', '0x000000000000000000000000def1c0ded9bec7f1a1670819833240f027b25eff', '0x000000000000000000000000def1c0ded9bec7f1a1670819833240f027b25eff']",0xffffffffffffffffffffffffffffffffffffffffffffffffffffffffff1e4261000000000000000000000000000000000000000000000000001ff7fcd3cfcefe00000000000000000000000000000000000060505af5739216498a28ecfface3000000000000000000000000000000000000000000000001f09cc11c7feac9cf0000000000000000000000000000000000000000000000000000000000031619,0x112aab0,0x84b92f37993c440e12d615953f2ce22feb1cc5fcb7d6a9adfb680ada158d8977,0x64ea40db,0x2dda0c34a,0x2fec7,0xc5,0x036e9e432732f07e404aaec1cd9f6f002de4c3e884ef733ab306626bd897a001,0x3c,18000560,1693073627,2023-08-26 18:13:47,0xdef1c0ded9bec7f1a1670819833240f027b25eff,0xdef1c0ded9bec7f1a1670819833240f027b25eff,-14794143,8998389535461118,1953477725335178210478173980699875,35784689067328457167,202265
0x88e6a0c2ddd26feeb64f039a2c41296fcb3f5640,"['0xc42079f94a6350d7e6235f29174924f928cc2ac818eb64fed8004e115fbcca67', '0x000000000000000000000000def1c0ded9bec7f1a1670819833240f027b25eff', '0x0000000000000000000000000b9f5cef1ee41f8cccaa8c3b4c922ab406c980cc']",0x00000000000000000000000000000000000000000000000000000000031f616cffffffffffffffffffffffffffffffffffffffffffffffffff8ee84a44803dce00000000000000000000000000000000000060505abb272d5646cc8aaeeb199c000000000000000000000000000000000000000000000001f09cc11c7feac9cf0000000000000000000000000000000000000000000000000000000000031619,0x112aab1,0xadb65509f73482bf47a9813b7809dd1e810522060812b5c9e73f36a7aec03b95,0x64ea40e7,0x344285835,0x580a0,0x1e,0x8e25d54c39d32d463b9529e00d649f68e382b1fda17479ce5f1ec365cfccc663,0x6,18000561,1693073639,2023-08-26 18:13:59,0xdef1c0ded9bec7f1a1670819833240f027b25eff,0x0b9f5cef1ee41f8cccaa8c3b4c922ab406c980cc,52388204,-31832741670535730,1953477654856722309894725276735900,35784689067328457167,202265
0x88e6a0c2ddd26feeb64f039a2c41296fcb3f5640,"['0xc42079f94a6350d7e6235f29174924f928cc2ac818eb64fed8004e115fbcca67', '0x000000000000000000000000e592427a0aece92de3edee1f18e0157c05861564', '0x000000000000000000000000def171fe48cf0115b1d80b88dc8eab59176fee57']",0xfffffffffffffffffffffffffffffffffffffffffffffffffffffffb4eae31c0000000000000000000000000000000000000000000000000aa21276c8392ca340000000000000000000000000000000000006050b263420bbc3ba99aa2d3b0b6000000000000000000000000000000000000000000000001f09cc11c7feac9cf000000000000000000000000000000000000000000000000000000000003161a,0x112aab5,0xed82e46df5af91c801dd467baeeabc4a6520bab6ff33ed9c059df6bccda114a4,0x64ea4117,0x2ea3a5bfd,0xc75ba,0xeb,0x04f603e6c7978f5f08a9898587a464e82e6a83874de87c97dc363d0e149b78a3,0x4b,18000565,1693073687,2023-08-26 18:14:47,0xe592427a0aece92de3edee1f18e0157c05861564,0xdef171fe48cf0115b1d80b88dc8eab59176fee57,-20154797632,12259123007696587316,1953504783278998514652332713816246,35784689067328457167,202266
0x88e6a0c2ddd26feeb64f039a2c41296fcb3f5640,"['0xc42079f94a6350d7e6235f29174924f928cc2ac818eb64fed8004e115fbcca67', '0x000000000000000000000000d7f3fbe8c72a961a5515203eada59750437fa762', '0x0000000000000000000000001c09a10047fcc944efde9226e259eddfde2c1cf0']",0xffffffffffffffffffffffffffffffffffffffffffffffffffffffdc3f390ef7000000000000000000000000000000000000000000000005105c6d2e4e959dee00000000000000000000000000000000000060534e51741f7b005f8de10212ff000000000000000000000000000000000000000000000001f09cc11c7feac9cf000000000000000000000000000000000000000000000000000000000003161c,0x112aab7,0x7621830ba220a85781943919f72f50b590dd0cbc56352f55ccabc61f679bfb73,0x64ea412f,0x2e732954c,0x1e090,0x165,0x58c3c0bdc4eb418c0e41ea3e162cfec8281038ef2492b3eb877222e4667db9e8,0x1a,18000567,1693073711,2023-08-26 18:15:11,0xd7f3fbe8c72a961a5515203eada59750437fa762,0x1c09a10047fcc944efde9226e259eddfde2c1cf0,-153558118665,93412657616666336750,1953711497741376978687817431519999,35784689067328457167,202268
0x88e6a0c2ddd26feeb64f039a2c41296fcb3f5640,"['0xc42079f94a6350d7e6235f29174924f928cc2ac818eb64fed8004e115fbcca67', '0x000000000000000000000000d19dc09880685dd8cf60687d57936358582876b5', '0x000000000000000000000000d19dc09880685dd8cf60687d57936358582876b5']",0x0000000000000000000000000000000000000000000000000000000024a02526fffffffffffffffffffffffffffffffffffffffffffffffffad1309cf5574aaf00000000000000000000000000000000000060534ba57e250cd36a50ca2ea0ac000000000000000000000000000000000000000000000001f09cc11c7feac9cf000000000000000000000000000000000000000000000000000000000003161c,0x112aab8,0x9f9f62db9340ffb374570f796f27e34f426496e3e6715a9a892e94b0ebf2aea7,0x64ea413b,0x5575e8833,0x6f484,0x46,0xe67022f20f39e228bbb9cee4ffe3244962975db878878e86a1ee7924c725fc59,0x7,18000568,1693073723,2023-08-26 18:15:23,0xd19dc09880685dd8cf60687d57936358582876b5,0xd19dc09880685dd8cf60687d57936358582876b5,614475046,-373463843405870417,1953710670883442768584714769834156,35784689067328457167,202268
0x88e6a0c2ddd26feeb64f039a2c41296fcb3f5640,"['0xc42079f94a6350d7e6235f29174924f928cc2ac818eb64fed8004e115fbcca67', '0x0000000000000000000000003fc91a3afd70395cd496c647d5a6cc9d4b2b7fad', '0x0000000000000000000000009cf90945e841576266f33233c8f621261dcd9d5b']",0xffffffffffffffffffffffffffffffffffffffffffffffffffffffff532fac68000000000000000000000000000000000000000000000000187aaf58ccfbb000000000000000000000000000000000000000605358424ebb6a52af5923c15622000000000000000000000000000000000000000000000001f09cc11c7feac9cf000000000000000000000000000000000000000000000000000000000003161c,0x112aab9,0xc887d8b1dc5a5aa48083e3cf0fa51094f8023fd9b58c07b2174d18cedc4270e1,0x64ea4147,0x32f64c6d9,0x1d4a9,0x9a,0xcd251b1d9afadd17775667f4b0542f492656ed1641aff2b4c57b59440d36810d,0x44,18000569,1693073735,2023-08-26 18:15:35,0x3fc91a3afd70395cd496c647d5a6cc9d4b2b7fad,0x9cf90945e841576266f33233c8f621261dcd9d5b,-2899334040,1763915000000000000,1953714574281014461835103092954658,35784689067328457167,202268
0x88e6a0c2ddd26feeb64f039a2c41296fcb3f5640,"['0xc42079f94a6350d7e6235f29174924f928cc2ac818eb64fed8004e115fbcca67', '0x0000000000000000000000003fc91a3afd70395cd496c647d5a6cc9d4b2b7fad', '0x00000000000000000000000016c996e0125bcba4b919d900cedd35c82fbe5082']",0xfffffffffffffffffffffffffffffffffffffffffffffffffffffffbdfe14323000000000000000000000000000000000000000000000000959a40e296b600000000000000000000000000000000000000006053a556e78343f1406a26af8658000000000000000000000000000000000000000000000001f09cc11c7feac9cf000000000000000000000000000000000000000000000000000000000003161c,0x112aac2,0xea2c4e9b84da92a6faac87a71e40170230c3e272283384a3a7fb7a8adce73fea,0x64ea41b3,0x38b904008,0x21b2e,0xfe,0x90e93bb37d364a15c1235fd343503de749dd318379b9b4468112fa4d6e464414,0x4f,18000578,1693073843,2023-08-26 18:17:23,0x3fc91a3afd70395cd496c647d5a6cc9d4b2b7fad,0x16c996e0125bcba4b919d900cedd35c82fbe5082,-17718754525,10780000000000000000,1953738429526773386295287468754520,35784689067328457167,202268
0x88e6a0c2ddd26feeb64f039a2c41296fcb3f5640,"['0xc42079f94a6350d7e6235f29174924f928cc2ac818eb64fed8004e115fbcca67', '0x0000000000000000000000003fc91a3afd70395cd496c647d5a6cc9d4b2b7fad', '0x0000000000000000000000003fc91a3afd70395cd496c647d5a6cc9d4b2b7fad']",0x00000000000000000000000000000000000000000000000000000000b2d05e00ffffffffffffffffffffffffffffffffffffffffffffffffe6b20eed58b801db0000000000000000000000000000000000006053984b92b2c327b9545f225be8000000000000000000000000000000000000000000000001f09cc11c7feac9cf000000000000000000000000000000000000000000000000000000000003161c,0x112aac9,0x922285a1c2d05fefa37657276e827e401dcf96ba0306ff7dfc2a302f2d0b643d,0x64ea4207,0x3a904886b,0x396cd,0xab,0xcb4514500c4a06c9ed2be661c59239c1ec336ef20447764c0eb639c71963c08e,0x33,18000585,1693073927,2023-08-26 18:18:47,0x3fc91a3afd70395cd496c647d5a6cc9d4b2b7fad,0x3fc91a3afd70395cd496c647d5a6cc9d4b2b7fad,3000000000,-1823378486573137445,1953734392522936705623056554548200,35784689067328457167,202268
0x88e6a0c2ddd26feeb64f039a2c41296fcb3f5640,"['0xc42079f94a6350d7e6235f29174924f928cc2ac818eb64fed8004e115fbcca67', '0x0000000000000000000000003fc91a3afd70395cd496c647d5a6cc9d4b2b7fad', '0x000000000000000000000000617cf05445f9750264498ed4ea4faeda19654e66']",0xffffffffffffffffffffffffffffffffffffffffffffffffffffffff9e07d4200000000000000000000000000000000000000000000000000de0b6b3a764000000000000000000000000000000000000000060539f720e1c37c211d4498ee55d000000000000000000000000000000000000000000000001f09cc11c7feac9cf000000000000000000000000000000000000000000000000000000000003161c,0x112aace,0x6ccc8105f69b8d420b081893c72463fbc15a620d66ae4db7f4d00451d86d8e35,0x64ea4243,0x36393b123,0x21b22,0x1ac,0x68a3a074c642f4ba999a4784d553ac3e71a7433b792177cc0334e2cc7641e05e,0x8c,18000590,1693073987,2023-08-26 18:19:47,0x3fc91a3afd70395cd496c647d5a6cc9d4b2b7fad,0x617cf05445f9750264498ed4ea4faeda19654e66,-1643654112,1000000000000000000,1953736605439982988040513361208669,35784689067328457167,202268
0x88e6a0c2ddd26feeb64f039a2c41296fcb3f5640,"['0xc42079f94a6350d7e6235f29174924f928cc2ac818eb64fed8004e115fbcca67', '0x0000000000000000000000003208684f96458c540eb08f6f01b9e9afb2b7d4f0', '0x0000000000000000000000003208684f96458c540eb08f6f01b9e9afb2b7d4f0']",0x000000000000000000000000000000000000000000000000000000104c533c00fffffffffffffffffffffffffffffffffffffffffffffffdb19073bc227d706600000000000000000000000000000000000060538c71b521889bc745ae46b89d00000000000000000000000000000000000000000000001f12c6b4505e45bf91000000000000000000000000000000000000000000000000000000000003161c,0x112aacf,0x523f6ee8cffe5e7d2ac3edcde981d127007e615c14aa25daa47ad2f1c4e2384e,0x64ea424f,0x39061aa33,0x5d23e,0xe,0x28f4b4aefdebb41994f151554a854736d3c62d653a6c931d7544c199b121b598,0x1,18000591,1693073999,2023-08-26 18:19:59,0x3208684f96458c540eb08f6f01b9e9afb2b7d4f0,0x3208684f96458c540eb08f6f01b9e9afb2b7d4f0,70000000000,-42545378427899383706,1953730724804603825116269320255645,573202033280339525521,202268
0x88e6a0c2ddd26feeb64f039a2c41296fcb3f5640,"['0xc42079f94a6350d7e6235f29174924f928cc2ac818eb64fed8004e115fbcca67', '0x0000000000000000000000003fc91a3afd70395cd496c647d5a6cc9d4b2b7fad', '0x0000000000000000000000003fc91a3afd70395cd496c647d5a6cc9d4b2b7fad']",0x0000000000000000000000000000000000000000000000000000000082ae1617ffffffffffffffffffffffffffffffffffffffffffffffffed81da7aa1f7af97000000000000000000000000000000000000605382e94a3059c4a48178ef53fb000000000000000000000000000000000000000000000001f09cc11c7feac9cf000000000000000000000000000000000000000000000000000000000003161c,0x112aacf,0x523f6ee8cffe5e7d2ac3edcde981d127007e615c14aa25daa47ad2f1c4e2384e,0x64ea424f,0x33cef5c33,0x22571,0x17a,0xfca4552ca62d185c8dd58094fdaa7ccb95301dd47b38f729a340020df8ad8423,0x6e,18000591,1693073999,2023-08-26 18:19:59,0x3fc91a3afd70395cd496c647d5a6cc9d4b2b7fad,0x3fc91a3afd70395cd496c647d5a6cc9d4b2b7fad,2192446999,-1332543794486726761,1953727774520584077710464801264635,35784689067328457167,202268
0x88e6a0c2ddd26feeb64f039a2c41296fcb3f5640,"['0xc42079f94a6350d7e6235f29174924f928cc2ac818eb64fed8004e115fbcca67', '0x0000000000000000000000003fc91a3afd70395cd496c647d5a6cc9d4b2b7fad', '0x0000000000000000000000006a31d06496a770a34f14ac341eaecfa3d5a52ab0']",0xfffffffffffffffffffffffffffffffffffffffffffffffffffffffffc02e41f0000000000000000000000000000000000000000000000000090a4b031707a9500000000000000000000000000000000000060538333d0a94f719a70065d4333000000000000000000000000000000000000000000000001f09cc11c7feac9cf000000000000000000000000000000000000000000000000000000000003161c,0x112aad0,0x5f3d1e045bda4dda91c95ee279ef900db1954219b1e2295dcdd20fe5001f6fe1,0x64ea425b,0x35c1f66b4,0x374dd,0x15c,0x35f2245b5d9ff54d308d305c372f5861cf5d834b11d69d42cea5fa35d09376ac,0x70,18000592,1693074011,2023-08-26 18:20:11,0x3fc91a3afd70395cd496c647d5a6cc9d4b2b7fad,0x6a31d06496a770a34f14ac341eaecfa3d5a52ab0,-66919393,40713473296988821,1953727864616123149981041544741683,35784689067328457167,202268
0x88e6a0c2ddd26feeb64f039a2c41296fcb3f5640,"['0xc42079f94a6350d7e6235f29174924f928cc2ac818eb64fed8004e115fbcca67', '0x0000000000000000000000001111111254eeb25477b68fb85ed929f73a960582', '0x0000000000000000000000001111111254eeb25477b68fb85ed929f73a960582']",0x00000000000000000000000000000000000000000000000000000002540be400ffffffffffffffffffffffffffffffffffffffffffffffffaba732dbd6c5571a000000000000000000000000000000000000605357b8e280c9589496e606f5ae000000000000000000000000000000000000000000000001f09cc11c7feac9cf000000000000000000000000000000000000000000000000000000000003161c,0x112aad3,0x45f5e5d88f6a57084a820097e81c3f7da71107975a94ed82ddf7a219cdf3a09e,0x64ea427f,0x3d543d064,0x20193,0x7b,0x65c8087ca6f8df899d6ca7fdd7fdfc7426f31e751ba32de34d63cccfa98a6bec,0x2a,18000595,1693074047,2023-08-26 18:20:47,0x1111111254eeb25477b68fb85ed929f73a960582,0x1111111254eeb25477b68fb85ed929f73a960582,10000000000,-6077833252330711270,1953714408147080083711497513399726,35784689067328457167,202268
0x88e6a0c2ddd26feeb64f039a2c41296fcb3f5640,"['0xc42079f94a6350d7e6235f29174924f928cc2ac818eb64fed8004e115fbcca67', '0x0000000000000000000000003fc91a3afd70395cd496c647d5a6cc9d4b2b7fad', '0x00000000000000000000000078b39fe3d51da6aec2eb2ffcfdc35ca206e0c70c']",0xffffffffffffffffffffffffffffffffffffffffffffffffffffffffdc2403d000000000000000000000000000000000000000000000000005145b4e772baa1200000000000000000000000000000000000060535a56dfb8e0248462dd7f6c6f000000000000000000000000000000000000000000000001f09cc11c7feac9cf000000000000000000000000000000000000000000000000000000000003161c,0x112aad3,0x45f5e5d88f6a57084a820097e81c3f7da71107975a94ed82ddf7a219cdf3a09e,0x64ea427f,0x34636b864,0x3b81b,0x17e,0x48f4b7a2ee3bce654ba521d49f16793dddd4f5a7c391ee1673ed03949e71e887,0x4c,18000595,1693074047,2023-08-26 18:20:47,0x3fc91a3afd70395cd496c647d5a6cc9d4b2b7fad,0x78b39fe3d51da6aec2eb2ffcfdc35ca206e0c70c,-601619504,366017862288779794,1953715218114246786402711781731439,35784689067328457167,202268
0x88e6a0c2ddd26feeb64f039a2c41296fcb3f5640,"['0xc42079f94a6350d7e6235f29174924f928cc2ac818eb64fed8004e115fbcca67', '0x0000000000000000000000003fc91a3afd70395cd496c647d5a6cc9d4b2b7fad', '0x0000000000000000000000009cf90945e841576266f33233c8f621261dcd9d5b']",0xffffffffffffffffffffffffffffffffffffffffffffffffffffffff963bbba90000000000000000000000000000000000000000000000000efb64ebe48e78000000000000000000000000000000000000006053620f00bc700d8450be184ab9000000000000000000000000000000000000000000000001f09cc11c7feac9cf000000000000000000000000000000000000000000000000000000000003161c,0x112aad3,0x45f5e5d88f6a57084a820097e81c3f7da71107975a94ed82ddf7a219cdf3a09e,0x64ea427f,0x34636b864,0x1d4a9,0x1c1,0xcfba9e98e7b0820a0d816e9d4cf684fb829d1dbfce8bc68604e6ab2f19d43acf,0x5c,18000595,1693074047,2023-08-26 18:20:47,0x3fc91a3afd70395cd496c647d5a6cc9d4b2b7fad,0x9cf90945e841576266f33233c8f621261dcd9d5b,-1774470231,1079567500000000000,1953717607107570148896419582855865,35784689067328457167,202268
0x88e6a0c2ddd26feeb64f039a2c41296fcb3f5640,"['0xc42079f94a6350d7e6235f29174924f928cc2ac818eb64fed8004e115fbcca67', '0x000000000000000000000000e592427a0aece92de3edee1f18e0157c05861564', '0x0000000000000000000000004b7d6c3cea01f4d54a9cad6587da106ea39da1e6']",0xffffffffffffffffffffffffffffffffffffffffffffffffffffffff931a31400000000000000000000000000000000000000000000000000f6cf1877f1058c700000000000000000000000000000000000060536a01a2e947defd40558d8f7c000000000000000000000000000000000000000000000001f09cc11c7feac9cf000000000000000000000000000000000000000000000000000000000003161c,0x112aad3,0x45f5e5d88f6a57084a820097e81c3f7da71107975a94ed82ddf7a219cdf3a09e,0x64ea427f,0x347872edb,0x3053c,0x1e2,0x27414a4cb3802e8990c90b5cbe7dc8468beb4908f6cc735db02fce7284387adb,0x7a,18000595,1693074047,2023-08-26 18:20:47,0xe592427a0aece92de3edee1f18e0157c05861564,0x4b7d6c3cea01f4d54a9cad6587da106ea39da1e6,-1827000000,1111528772308326599,1953720066828537823360245400702844,35784689067328457167,202268
0x88e6a0c2ddd26feeb64f039a2c41296fcb3f5640,"['0xc42079f94a6350d7e6235f29174924f928cc2ac818eb64fed8004e115fbcca67', '0x0000000000000000000000003fc91a3afd70395cd496c647d5a6cc9d4b2b7fad', '0x0000000000000000000000004a899e2c38cde713265f9efcb47a892827363eae']",0xfffffffffffffffffffffffffffffffffffffffffffffffffffffffde6f2c3fd0000000000000000000000000000000000000000000000004c132f7ac8e5bb0b00000000000000000000000000000000000060539133ee7e381b6d4034e1c147000000000000000000000000000000000000000000000001f09cc11c7feac9cf000000000000000000000000000000000000000000000000000000000003161c,0x112aad5,0x10c355a78bc8acb74438a612d1ebc4fce1bd017b6b0bf75b571e670e8cc9a938,0x64ea4297,0x3436bb7f6,0x3f21a,0x1b9,0xb915e81cac6ac6ad4307e601c7df2aba908dd9891c5c4bfffc17b73a0cdbff8d,0x87,18000597,1693074071,2023-08-26 18:21:11,0x3fc91a3afd70395cd496c647d5a6cc9d4b2b7fad,0x4a899e2c38cde713265f9efcb47a892827363eae,-9010232323,5481777375843040011,1953732197547136751721729266663751,35784689067328457167,202268
0x88e6a0c2ddd26feeb64f039a2c41296fcb3f5640,"['0xc42079f94a6350d7e6235f29174924f928cc2ac818eb64fed8004e115fbcca67', '0x000000000000000000000000d1b47490209ccb7a806e8a45d9479490c040abf4', '0x000000000000000000000000d1b47490209ccb7a806e8a45d9479490c040abf4']",0x000000000000000000000000000000000000000000000000000000001db681a0fffffffffffffffffffffffffffffffffffffffffffffffffbcb9647e9bd3a5500000000000000000000000000000000000060538f090c7403895511da3ac661000000000000000000000000000000000000000000000001f09cc11c7feac9cf000000000000000000000000000000000000000000000000000000000003161c,0x112aade,0x323873060fa8e6e60fa79b11fcaab1f443b0e9e967f7ea755c87d24a0dfa76f9,0x64ea4303,0x372c9a20a,0x5b3ea,0x21,0x86ea24dcfa047d488532462b25436f750c7c09dcb7f568c1863f1ac279a334fd,0x2,18000606,1693074179,2023-08-26 18:22:59,0xd1b47490209ccb7a806e8a45d9479490c040abf4,0xd1b47490209ccb7a806e8a45d9479490c040abf4,498500000,-302983314309039531,1953731526734789604531065625167457,35784689067328457167,202268
0x88e6a0c2ddd26feeb64f039a2c41296fcb3f5640,"['0xc42079f94a6350d7e6235f29174924f928cc2ac818eb64fed8004e115fbcca67', '0x000000000000000000000000ef1c6e67703c7bd7107eed8303fbe6ec2554bf6b', '0x000000000000000000000000ef1c6e67703c7bd7107eed8303fbe6ec2554bf6b']",0x000000000000000000000000000000000000000000000000000000012a05f200ffffffffffffffffffffffffffffffffffffffffffffffffd5d3858cba0dea750000000000000000000000000000000000006053794b8b204f7c580e0fb85246000000000000000000000000000000000000000000000001f09cc11c7feac9cf000000000000000000000000000000000000000000000000000000000003161c,0x112aae2,0xafff149d623b1b9e751d5d3cd4892a10aaf39f250e0d985b270f1553a211df62,0x64ea4333,0x3443404a8,0x3a0c6,0x2e,0x2424c2b6f1e886e2e0b09993fe56dc65a622a0284386318f9123b4a0dcdac2f2,0x5,18000610,1693074227,2023-08-26 18:23:47,0xef1c6e67703c7bd7107eed8303fbe6ec2554bf6b,0xef1c6e67703c7bd7107eed8303fbe6ec2554bf6b,5000000000,-3038938484081563019,1953724798451874119048586988114502,35784689067328457167,202268
0x88e6a0c2ddd26feeb64f039a2c41296fcb3f5640,"['0xc42079f94a6350d7e6235f29174924f928cc2ac818eb64fed8004e115fbcca67', '0x000000000000000000000000e592427a0aece92de3edee1f18e0157c05861564', '0x000000000000000000000000433a00819c771b33fa7223a5b3499b24fbcd1bbc']",0x0000000000000000000000000000000000000000000000000000000069b4cc06fffffffffffffffffffffffffffffffffffffffffffffffff10a99e68049523400000000000000000000000000000000000060537195843b0ad193ebfad6bdf3000000000000000000000000000000000000000000000001f09cc11c7feac9cf000000000000000000000000000000000000000000000000000000000003161c,0x112aae3,0xedb5e83d9141066c914757d9a5f6d54f716cef9511cfcc45da564b13186541f1,0x64ea433f,0x3cd984975,0x2e7f1,0x86,0x1ec8af8d414c244bfd42a833af431c810e884f867a22d2d49efb15baedd93d43,0x1e,18000611,1693074239,2023-08-26 18:23:59,0xe592427a0aece92de3edee1f18e0157c05861564,0x433a00819c771b33fa7223a5b3499b24fbcd1bbc,1773456390,-1077879945527995852,1953722411999742748497707481349619,35784689067328457167,202268
0x88e6a0c2ddd26feeb64f039a2c41296fcb3f5640,"['0xc42079f94a6350d7e6235f29174924f928cc2ac818eb64fed8004e115fbcca67', '0x0000000000000000000000003fc91a3afd70395cd496c647d5a6cc9d4b2b7fad', '0x000000000000000000000000d8db672e7abf71fa3d0df46fb3beed6e75fc02e7']",0xfffffffffffffffffffffffffffffffffffffffffffffffffffffffa5ed08676000000000000000000000000000000000000000000000000cc2698017db731e80000000000000000000000000000000000006053dac507606531d94a2c98fafa000000000000000000000000000000000000000000000001f09cc11c7feac9cf000000000000000000000000000000000000000000000000000000000003161c,0x112aae5,0xb534ae66132dcf5f889d6cc2e245c15ad2b11e45e696f525ecd78a469e8ba94f,0x64ea4357,0x34ffcd0c5,0x46a0e,0xcf,0x3745bbb6571bcf9467958572dbeef2d83d581ae0c02538b823e7af0693473473,0x4b,18000613,1693074263,2023-08-26 18:24:23,0x3fc91a3afd70395cd496c647d5a6cc9d4b2b7fad,0xd8db672e7abf71fa3d0df46fb3beed6e75fc02e7,-24179079562,14710612365023850984,1953754965364606562685477612747514,35784689067328457167,202268
0x88e6a0c2ddd26feeb64f039a2c41296fcb3f5640,"['0xc42079f94a6350d7e6235f29174924f928cc2ac818eb64fed8004e115fbcca67', '0x0000000000000000000000003fc91a3afd70395cd496c647d5a6cc9d4b2b7fad', '0x0000000000000000000000003fc91a3afd70395cd496c647d5a6cc9d4b2b7fad']",0x000000000000000000000000000000000000000000000000000000001be0b2dffffffffffffffffffffffffffffffffffffffffffffffffffc0e0c0572287eae0000000000000000000000000000000000006053d8bc67cb733a8928d7ab959f000000000000000000000000000000000000000000000001f09cc11c7feac9cf000000000000000000000000000000000000000000000000000000000003161c,0x112aae5,0xb534ae66132dcf5f889d6cc2e245c15ad2b11e45e696f525ecd78a469e8ba94f,0x64ea4357,0x34ffcd0c5,0x457aa,0xd8,0xc586625c97dac05c61ae0fb0dc46d0702b511a479d73f91e8cfc4a0e53245929,0x4c,18000613,1693074263,2023-08-26 18:24:23,0x3fc91a3afd70395cd496c647d5a6cc9d4b2b7fad,0x3fc91a3afd70395cd496c647d5a6cc9d4b2b7fad,467710687,-284276508948136274,1953754335969576538686537685767583,35784689067328457167,202268
0x88e6a0c2ddd26feeb64f039a2c41296fcb3f5640,"['0xc42079f94a6350d7e6235f29174924f928cc2ac818eb64fed8004e115fbcca67', '0x0000000000000000000000003fc91a3afd70395cd496c647d5a6cc9d4b2b7fad', '0x0000000000000000000000003fc91a3afd70395cd496c647d5a6cc9d4b2b7fad']",0x000000000000000000000000000000000000000000000000000000000f74a83efffffffffffffffffffffffffffffffffffffffffffffffffdd0127c0f6d77de0000000000000000000000000000000000006053d79bc44c2f4b02dc1fea7c0f000000000000000000000000000000000000000000000001f09cc11c7feac9cf000000000000000000000000000000000000000000000000000000000003161c,0x112aae7,0xa5168956896fb9f299d5d684a550beeef54ee6fb15c79208cee2267b593fa8dd,0x64ea436f,0x340481efc,0x27a4c,0xf3,0x12fbd89f0121f3cac121cb299f9dddabfa8a58a425dd3a42f33f1c9de0758e0e,0x6c,18000615,1693074287,2023-08-26 18:24:47,0x3fc91a3afd70395cd496c647d5a6cc9d4b2b7fad,0x3fc91a3afd70395cd496c647d5a6cc9d4b2b7fad,259303486,-157605662913890338,1953753987026847121189238053960719,35784689067328457167,202268
0x88e6a0c2ddd26feeb64f039a2c41296fcb3f5640,"['0xc42079f94a6350d7e6235f29174924f928cc2ac818eb64fed8004e115fbcca67', '0x0000000000000000000000003fc91a3afd70395cd496c647d5a6cc9d4b2b7fad', '0x000000000000000000000000a885de91bb35701af57784a479027fba50a4ff91']",0xfffffffffffffffffffffffffffffffffffffffffffffffffffffffb5e750812000000000000000000000000000000000000000000000000a7f154de164235ce00000000000000000000000000000000000060542e236e815459279d6464729b000000000000000000000000000000000000000000000001f09cc11c7feac9cf000000000000000000000000000000000000000000000000000000000003161d,0x112aaec,0xa3e999cd4ca634b3a6d22d4b6abe6ccb33956884f7a1c7a00984472062c61789,0x64ea43ab,0x31e11a5d6,0x2b086,0x100,0x19e6fe2e422d97e99e1b9a2e7c32d9c0d1ed3bb73ea6e1157cc14a2921414c81,0x6f,18000620,1693074347,2023-08-26 18:25:47,0x3fc91a3afd70395cd496c647d5a6cc9d4b2b7fad,0xa885de91bb35701af57784a479027fba50a4ff91,-19890108398,12101546986554144206,1953780766746460054475874836443803,35784689067328457167,202269
0x88e6a0c2ddd26feeb64f039a2c41296fcb3f5640,"['0xc42079f94a6350d7e6235f29174924f928cc2ac818eb64fed8004e115fbcca67', '0x0000000000000000000000003fc91a3afd70395cd496c647d5a6cc9d4b2b7fad', '0x00000000000000000000000074945438750f88bc6546ae49d6d395f63fe122cc']",0xffffffffffffffffffffffffffffffffffffffffffffffffffffffff3a4c0d730000000000000000000000000000000000000000000000001c01bf6a2d6afff000000000000000000000000000000000000060543c9189315541fd743891fe65000000000000000000000000000000000000000000000001f09cc11c7feac9cf000000000000000000000000000000000000000000000000000000000003161d,0x112aaed,0xcbe4c3a7b6973ae638caa7ca6bb962d0dc10b99a5baead5c9313be4991fa4004,0x64ea43b7,0x37e11d600,0x34e3a,0x15c,0xd1d6f61cd6eb12657b543ae763fc91a182e1e37e9597aaadb4c377365c0fdb6b,0x82,18000621,1693074359,2023-08-26 18:25:59,0x3fc91a3afd70395cd496c647d5a6cc9d4b2b7fad,0x74945438750f88bc6546ae49d6d395f63fe122cc,-3316904589,2018104570788118512,1953785232644465931964943114042981,35784689067328457167,202269
0x88e6a0c2ddd26feeb64f039a2c41296fcb3f5640,"['0xc42079f94a6350d7e6235f29174924f928cc2ac818eb64fed8004e115fbcca67', '0x0000000000000000000000003fc91a3afd70395cd496c647d5a6cc9d4b2b7fad', '0x0000000000000000000000003fc91a3afd70395cd496c647d5a6cc9d4b2b7fad']",0x000000000000000000000000000000000000000000000000000000000286e7beffffffffffffffffffffffffffffffffffffffffffffffffffa4733707fa981c00000000000000000000000000000000000060543c6257b3ce0d259cdd0db6f2000000000000000000000000000000000000000000000001f09cc11c7feac9cf000000000000000000000000000000000000000000000000000000000003161d,0x112aaf6,0xb44e6786d82bee82c21f49b79201194117fdd11e3b666c6cc03e87e915daa843,0x64ea442f,0x2e431c816,0x392a7,0x10e,0x523b7b92804a410c1b49907b8e8d8256807f746acc0e6beeb8da2fdba14be8cf,0x6f,18000630,1693074479,2023-08-26 18:27:59,0x3fc91a3afd70395cd496c647d5a6cc9d4b2b7fad,0x3fc91a3afd70395cd496c647d5a6cc9d4b2b7fad,42395582,-25769017663121380,1953785175591240866758331730867954,35784689067328457167,202269
0x88e6a0c2ddd26feeb64f039a2c41296fcb3f5640,"['0xc42079f94a6350d7e6235f29174924f928cc2ac818eb64fed8004e115fbcca67', '0x0000000000000000000000003fc91a3afd70395cd496c647d5a6cc9d4b2b7fad', '0x0000000000000000000000003fc91a3afd70395cd496c647d5a6cc9d4b2b7fad']",0x000000000000000000000000000000000000000000000000000000000e531578fffffffffffffffffffffffffffffffffffffffffffffffffdf908eecc73759900000000000000000000000000000000000060543b56d1e465057a31e62b6440000000000000000000000000000000000000000000000001f09cc11c7feac9cf000000000000000000000000000000000000000000000000000000000003161d,0x112aaf8,0x6ab03a5c5f6f6226ce9d9821dcbaeec5de7e68b9f5befe56ddbf8ddd3d1982c5,0x64ea4447,0x2cb47e28c,0x4ab0d,0x1d,0xcb793b4f0cafdf9f1acb0b90aa4694aa34c38cd5a986f68e9690084394e6051e,0x5,18000632,1693074503,2023-08-26 18:28:23,0x3fc91a3afd70395cd496c647d5a6cc9d4b2b7fad,0x3fc91a3afd70395cd496c647d5a6cc9d4b2b7fad,240326008,-146075691187472999,1953784852176146243201246677394496,35784689067328457167,202269
0x88e6a0c2ddd26feeb64f039a2c41296fcb3f5640,"['0xc42079f94a6350d7e6235f29174924f928cc2ac818eb64fed8004e115fbcca67', '0x000000000000000000000000767c8bb1574bee5d4fe35e27e0003c89d43c5121', '0x0000000000000000000000002d722c96f79d149dd21e9ef36f93fc12906ce9f8']",0xfffffffffffffffffffffffffffffffffffffffffffffffffffffffd37e576ec00000000000000000000000000000000000000000000000064e0e2af48f9e8de00000000000000000000000000000000000060546f50b3c2a7102482ef5290ec000000000000000000000000000000000000000000000001f09cc11c7feac9cf000000000000000000000000000000000000000000000000000000000003161d,0x112aaf8,0x6ab03a5c5f6f6226ce9d9821dcbaeec5de7e68b9f5befe56ddbf8ddd3d1982c5,0x64ea4447,0x4b0623f7d,0x44a52,0x28,0x371821d4535e5412fd1e239ec4dc9cf0c51059375b321f53eacc1fe49b5bd8e5,0x6,18000632,1693074503,2023-08-26 18:28:23,0x767c8bb1574bee5d4fe35e27e0003c89d43c5121,0x2d722c96f79d149dd21e9ef36f93fc12906ce9f8,-11947116820,7269059041047472350,1953800938000808610475671129592044,35784689067328457167,202269
0x88e6a0c2ddd26feeb64f039a2c41296fcb3f5640,"['0xc42079f94a6350d7e6235f29174924f928cc2ac818eb64fed8004e115fbcca67', '0x0000000000000000000000003fc91a3afd70395cd496c647d5a6cc9d4b2b7fad', '0x0000000000000000000000003fc91a3afd70395cd496c647d5a6cc9d4b2b7fad']",0x000000000000000000000000000000000000000000000000000000003b9aca00fffffffffffffffffffffffffffffffffffffffffffffffff7908b822738549b00000000000000000000000000000000000060546af784dcb132a9d29a7ec0fa000000000000000000000000000000000000000000000001f09cc11c7feac9cf000000000000000000000000000000000000000000000000000000000003161d,0x112aafc,0xe75db792374ed2f320c3dc5b09b63e5774af12a7a006c41fb4a14d3c6a879c06,0x64ea4477,0x2b9908681,0x23443,0xb6,0x1be9d12a6dc0752caaf056d7dddf91f063f08bcd2c0aa1c125be923cc2819980,0x4c,18000636,1693074551,2023-08-26 18:29:11,0x3fc91a3afd70395cd496c647d5a6cc9d4b2b7fad,0x3fc91a3afd70395cd496c647d5a6cc9d4b2b7fad,1000000000,-607832558575004517,1953799592244900500337109613068538,35784689067328457167,202269
0x88e6a0c2ddd26feeb64f039a2c41296fcb3f5640,"['0xc42079f94a6350d7e6235f29174924f928cc2ac818eb64fed8004e115fbcca67', '0x0000000000000000000000003fc91a3afd70395cd496c647d5a6cc9d4b2b7fad', '0x0000000000000000000000003fc91a3afd70395cd496c647d5a6cc9d4b2b7fad']",0x0000000000000000000000000000000000000000000000000000000025ca1280fffffffffffffffffffffffffffffffffffffffffffffffffaa6e833eab4391e00000000000000000000000000000000000060546835c2fadb8d42273d38b950000000000000000000000000000000000000000000000001f09cc11c7feac9cf000000000000000000000000000000000000000000000000000000000003161d,0x112aafd,0x7421c37e451a9c4b41a7f42dceebc697c4b112cf9595078a4a0bfe970740669b,0x64ea4483,0x326a3278b,0x434e7,0x4e,0x110a02f6592b36fa2b66cfc0cccbe6a21d27b730114035b44c8b33ad5ca99c89,0x16,18000637,1693074563,2023-08-26 18:29:23,0x3fc91a3afd70395cd496c647d5a6cc9d4b2b7fad,0x3fc91a3afd70395cd496c647d5a6cc9d4b2b7fad,634000000,-385365408414942946,1953798739036615028588228332009808,35784689067328457167,202269
0x88e6a0c2ddd26feeb64f039a2c41296fcb3f5640,"['0xc42079f94a6350d7e6235f29174924f928cc2ac818eb64fed8004e115fbcca67', '0x0000000000000000000000003fc91a3afd70395cd496c647d5a6cc9d4b2b7fad', '0x0000000000000000000000003fc91a3afd70395cd496c647d5a6cc9d4b2b7fad']",0x000000000000000000000000000000000000000000000000000000000f4b3659fffffffffffffffffffffffffffffffffffffffffffffffffdd5e9800e285c8800000000000000000000000000000000000060546718222724d11f82fdf3704b000000000000000000000000000000000000000000000001f09cc15db053c444000000000000000000000000000000000000000000000000000000000003161d,0x112ab01,0xc516c877b21aa2dfede67dc5b9070f97e0218d18ade1e440eccbf0fd33d4e5b5,0x64ea44b3,0x2d9e031b0,0x2ea35,0x12e,0xd3fdcaa539ec762a68be888daf3209e158238764a2d7e53bb39c8779951bfe43,0x173,18000641,1693074611,2023-08-26 18:30:11,0x3fc91a3afd70395cd496c647d5a6cc9d4b2b7fad,0x3fc91a3afd70395cd496c647d5a6cc9d4b2b7fad,256587353,-155961875871802232,1953798393733272370722718235193419,35784689347313517636,202269
0x88e6a0c2ddd26feeb64f039a2c41296fcb3f5640,"['0xc42079f94a6350d7e6235f29174924f928cc2ac818eb64fed8004e115fbcca67', '0x0000000000000000000000003fc91a3afd70395cd496c647d5a6cc9d4b2b7fad', '0x0000000000000000000000003fc91a3afd70395cd496c647d5a6cc9d4b2b7fad']",0xfffffffffffffffffffffffffffffffffffffffffffffffffffffffe9f55906100000000000000000000000000000000000000000000000031f5c4ed27680000000000000000000000000000000000000000605480d5de6c345e62d3198f74c6000000000000000000000000000000000000000000000001f09cc15db053c444000000000000000000000000000000000000000000000000000000000003161d,0x112ab07,0x3936c938950aec602667c1bed5399114d616ac2b0cdd56f0e45a34ed1c1508b1,0x64ea44fb,0x34a25d6b0,0x61037,0x2e,0x7f1d43870958c4092304425268fffdb7599928e32522eee7b425db4caa583679,0x6,18000647,1693074683,2023-08-26 18:31:23,0x3fc91a3afd70395cd496c647d5a6cc9d4b2b7fad,0x3fc91a3afd70395cd496c647d5a6cc9d4b2b7fad,-5916749727,3600000000000000000,1953806360234576656260823258199238,35784689347313517636,202269
0x88e6a0c2ddd26feeb64f039a2c41296fcb3f5640,"['0xc42079f94a6350d7e6235f29174924f928cc2ac818eb64fed8004e115fbcca67', '0x0000000000000000000000002d2a7d56773ae7d5c7b9f1b57f7be05039447b4d', '0x0000000000000000000000002d2a7d56773ae7d5c7b9f1b57f7be05039447b4d']",0x00000000000000000000000000000000000000000000000000000000316e7cb0fffffffffffffffffffffffffffffffffffffffffffffffff90119d8134edb8000000000000000000000000000000000000060547d3aac6e32a3431d3d0b4f26000000000000000000000000000000000000000000000001f09cc15db053c444000000000000000000000000000000000000000000000000000000000003161d,0x112ab08,0x725f69d43a29d731310ef05ee288a29e8efa76e321edfac6d25738836717e008,0x64ea4507,0x9a4d2911d,0x54e68,0x19,0x9235267e9970ea6610ffd380f528361bdeb77ff393fcda3e8f2e05890b10268c,0x4,18000648,1693074695,2023-08-26 18:31:35,0x2d2a7d56773ae7d5c7b9f1b57f7be05039447b4d,0x2d2a7d56773ae7d5c7b9f1b57f7be05039447b4d,829324464,-504093267461219456,1953805244159963596574479530807078,35784689347313517636,202269
0x88e6a0c2ddd26feeb64f039a2c41296fcb3f5640,"['0xc42079f94a6350d7e6235f29174924f928cc2ac818eb64fed8004e115fbcca67', '0x0000000000000000000000009dd864d39fbfdf7648402746263e451cd4f36af0', '0x0000000000000000000000009dd864d39fbfdf7648402746263e451cd4f36af0']",0xffffffffffffffffffffffffffffffffffffffffffffffffffffffffff86325b000000000000000000000000000000000000000000000000001141543d12248700000000000000000000000000000000000060547d4390647d63d54f92ba4442000000000000000000000000000000000000000000000001f09cc15db053c444000000000000000000000000000000000000000000000000000000000003161d,0x112ab0e,0x2335e375616af83a83ba5dc444b768b9ae6a39614a97b59ce17202dd0f2b0916,0x64ea454f,0x2f7f7ccb4,0x56228,0x26,0x695d133a3dd8032e05a26b39677484c7ab98ffc5abdeb972d205030b8d46876b,0xc,18000654,1693074767,2023-08-26 18:32:47,0x9dd864d39fbfdf7648402746263e451cd4f36af0,0x9dd864d39fbfdf7648402746263e451cd4f36af0,-7982501,4856904661738631,1953805254907890630610954160325698,35784689347313517636,202269
0x88e6a0c2ddd26feeb64f039a2c41296fcb3f5640,"['0xc42079f94a6350d7e6235f29174924f928cc2ac818eb64fed8004e115fbcca67', '0x0000000000000000000000003fc91a3afd70395cd496c647d5a6cc9d4b2b7fad', '0x000000000000000000000000fda45730fec6f433e7fe330bc6dec9fbe73fa940']",0xffffffffffffffffffffffffffffffffffffffffffffffffffffffff88ca6c0000000000000000000000000000000000000000000000000010e342a1e35c4e45000000000000000000000000000000000000605485f70f002c61b40a522d6b63000000000000000000000000000000000000000000000001f09cc15db053c444000000000000000000000000000000000000000000000000000000000003161d,0x112ab0e,0x2335e375616af83a83ba5dc444b768b9ae6a39614a97b59ce17202dd0f2b0916,0x64ea454f,0x3aac82ab4,0x22c73,0x34,0x2ab054a35a04d5c1517ec8b43e0f9cddc1d5fdd61dd362dfd84573cd9c144b7a,0xd,18000654,1693074767,2023-08-26 18:32:47,0x3fc91a3afd70395cd496c647d5a6cc9d4b2b7fad,0xfda45730fec6f433e7fe330bc6dec9fbe73fa940,-2000000000,1216889587391811141,1953807947783580944042551872940899,35784689347313517636,202269
0x88e6a0c2ddd26feeb64f039a2c41296fcb3f5640,"['0xc42079f94a6350d7e6235f29174924f928cc2ac818eb64fed8004e115fbcca67', '0x0000000000000000000000003fc91a3afd70395cd496c647d5a6cc9d4b2b7fad', '0x0000000000000000000000003fc91a3afd70395cd496c647d5a6cc9d4b2b7fad']",0x0000000000000000000000000000000000000000000000000000000011e1a300fffffffffffffffffffffffffffffffffffffffffffffffffd782895203854c5000000000000000000000000000000000000605484a919e08f38ee8ed470543d000000000000000000000000000000000000000000000001f09cc15db053c444000000000000000000000000000000000000000000000000000000000003161d,0x112ab12,0xe1b3712d2454387f2ba21c4b295477ef1cdf34ed3d2b827453371378334fd2de,0x64ea457f,0x2e80a860d,0x2939e,0x130,0x6392ade2ea778f9d1a52606cb6e697599e66725bee546c5acdb08e58cd88568a,0x5a,18000658,1693074815,2023-08-26 18:33:35,0x3fc91a3afd70395cd496c647d5a6cc9d4b2b7fad,0x3fc91a3afd70395cd496c647d5a6cc9d4b2b7fad,300000000,-182351163952704315,1953807544053720050483291418022973,35784689347313517636,202269
0x88e6a0c2ddd26feeb64f039a2c41296fcb3f5640,"['0xc42079f94a6350d7e6235f29174924f928cc2ac818eb64fed8004e115fbcca67', '0x0000000000000000000000003fc91a3afd70395cd496c647d5a6cc9d4b2b7fad', '0x0000000000000000000000003fc91a3afd70395cd496c647d5a6cc9d4b2b7fad']",0x00000000000000000000000000000000000000000000000000000000385ecc7dfffffffffffffffffffffffffffffffffffffffffffffffff805b5bf20cedbdb0000000000000000000000000000000000006054808c50ca4cc707f01d961122000000000000000000000000000000000000000000000001f09cc15db053c444000000000000000000000000000000000000000000000000000000000003161d,0x112ab12,0xe1b3712d2454387f2ba21c4b295477ef1cdf34ed3d2b827453371378334fd2de,0x64ea457f,0x2e80a860d,0x20ecf,0x197,0x17d41fa1c6edc3e2b8495321cfb8f9584f181f23b2d15aaba87fd2536e51d6d5,0x7c,18000658,1693074815,2023-08-26 18:33:35,0x3fc91a3afd70395cd496c647d5a6cc9d4b2b7fad,0x3fc91a3afd70395cd496c647d5a6cc9d4b2b7fad,945736829,-574853544926061605,1953806271314151536605531110510882,35784689347313517636,202269
0x88e6a0c2ddd26feeb64f039a2c41296fcb3f5640,"['0xc42079f94a6350d7e6235f29174924f928cc2ac818eb64fed8004e115fbcca67', '0x0000000000000000000000003fc91a3afd70395cd496c647d5a6cc9d4b2b7fad', '0x0000000000000000000000003fc91a3afd70395cd496c647d5a6cc9d4b2b7fad']",0x000000000000000000000000000000000000000000000000000000004d8921e8fffffffffffffffffffffffffffffffffffffffffffffffff506e539f04ced5000000000000000000000000000000000000060547ae43e2ad9eacbe52c8bbd95000000000000000000000000000000000000000000000001f09cc15db053c444000000000000000000000000000000000000000000000000000000000003161d,0x112ab13,0x43c41ad03c2f58e59d9f98b90e8b69e998e1d57ac3c713b603ee04473b7a38cb,0x64ea458b,0x357c8901c,0x3b595,0x24,0x43ac4813d831b5cf751fd71f0638506166eebc08ffeff82187f32573cd36ad95,0x5,18000659,1693074827,2023-08-26 18:33:47,0x3fc91a3afd70395cd496c647d5a6cc9d4b2b7fad,0x3fc91a3afd70395cd496c647d5a6cc9d4b2b7fad,1300832744,-790692647549473456,1953804520701620829066879811960213,35784689347313517636,202269
0x88e6a0c2ddd26feeb64f039a2c41296fcb3f5640,"['0xc42079f94a6350d7e6235f29174924f928cc2ac818eb64fed8004e115fbcca67', '0x000000000000000000000000e592427a0aece92de3edee1f18e0157c05861564', '0x000000000000000000000000def171fe48cf0115b1d80b88dc8eab59176fee57']",0x0000000000000000000000000000000000000000000000000000001b73658314fffffffffffffffffffffffffffffffffffffffffffffffc1d783733cd7864360000000000000000000000000000000000006054583d88f3181becd772fc6d9f00000000000000000000000000000000000000000000001cb38089ab528f2330000000000000000000000000000000000000000000000000000000000003161d,0x112ab13,0x43c41ad03c2f58e59d9f98b90e8b69e998e1d57ac3c713b603ee04473b7a38cb,0x64ea458b,0x339fb2b1c,0x1b6dca,0x58,0x23b59448f8fc805b8f633bb15688af70b7290da9b8eb660d53c9efb30cddf408,0x8,18000659,1693074827,2023-08-26 18:33:47,0xe592427a0aece92de3edee1f18e0157c05861564,0xdef171fe48cf0115b1d80b88dc8eab59176fee57,117900149524,-71663468374902938570,1953793796673823977637895795928479,529443323562593035056,202269
0x88e6a0c2ddd26feeb64f039a2c41296fcb3f5640,"['0xc42079f94a6350d7e6235f29174924f928cc2ac818eb64fed8004e115fbcca67', '0x000000000000000000000000d19dc09880685dd8cf60687d57936358582876b5', '0x000000000000000000000000d19dc09880685dd8cf60687d57936358582876b5']",0x000000000000000000000000000000000000000000000000000000005166e23dfffffffffffffffffffffffffffffffffffffffffffffffff47adc6027a05c7a0000000000000000000000000000000000006054524d468209221be975041e54000000000000000000000000000000000000000000000001f09cc15db053c444000000000000000000000000000000000000000000000000000000000003161d,0x112ab14,0x4d2ac38e262486adbc17558ab1d0ae0a2f5c4986d11af3b2b70b6d33db1c560c,0x64ea4597,0x195b5f1c84,0x54f59,0xb,0xf89cedf2fde646d67c68762cb114703f084e58ea6c3f8955c47f1e7dc8799217,0x,18000660,1693074839,2023-08-26 18:33:59,0xd19dc09880685dd8cf60687d57936358582876b5,0xd19dc09880685dd8cf60687d57936358582876b5,1365697085,-830108875756643206,1953791958792816414328518160424532,35784689347313517636,202269
0x88e6a0c2ddd26feeb64f039a2c41296fcb3f5640,"['0xc42079f94a6350d7e6235f29174924f928cc2ac818eb64fed8004e115fbcca67', '0x000000000000000000000000e592427a0aece92de3edee1f18e0157c05861564', '0x0000000000000000000000004a14347083b80e5216ca31350a2d21702ac3650d']",0x00000000000000000000000000000000000000000000000000000000c4b5a247ffffffffffffffffffffffffffffffffffffffffffffffffe4295c864255a3b0000000000000000000000000000000000000605443f38bb100e4f2f3061797ca000000000000000000000000000000000000000000000001f09cc15db053c444000000000000000000000000000000000000000000000000000000000003161d,0x112ab14,0x4d2ac38e262486adbc17558ab1d0ae0a2f5c4986d11af3b2b70b6d33db1c560c,0x64ea4597,0x2f9af049f,0x54905,0x8a,0xf8afe68220c7a9ebc05b6d40fab1bcbf413d20a6838b29612080750c8b55bad8,0x31,18000660,1693074839,2023-08-26 18:33:59,0xe592427a0aece92de3edee1f18e0157c05861564,0x4a14347083b80e5216ca31350a2d21702ac3650d,3300237895,-2005970427308563536,1953787517526064840794635387770826,35784689347313517636,202269
0x88e6a0c2ddd26feeb64f039a2c41296fcb3f5640,"['0xc42079f94a6350d7e6235f29174924f928cc2ac818eb64fed8004e115fbcca67', '0x0000000000000000000000003fc91a3afd70395cd496c647d5a6cc9d4b2b7fad', '0x0000000000000000000000003fc91a3afd70395cd496c647d5a6cc9d4b2b7fad']",0xfffffffffffffffffffffffffffffffffffffffffffffffffffffffc9ac6ed710000000000000000000000000000000000000000000000007b230ee2c4326a8300000000000000000000000000000000000060548365534466a238441bac8781000000000000000000000000000000000000000000000001f09cc15db053c444000000000000000000000000000000000000000000000000000000000003161d,0x112ab14,0x4d2ac38e262486adbc17558ab1d0ae0a2f5c4986d11af3b2b70b6d33db1c560c,0x64ea4597,0x2e28ad081,0x6d5f4,0x16d,0x209d64a7de0d047cbf227005d7caabccb685839fd42df1ddae4b13d30097a871,0x74,18000660,1693074839,2023-08-26 18:33:59,0x3fc91a3afd70395cd496c647d5a6cc9d4b2b7fad,0x3fc91a3afd70395cd496c647d5a6cc9d4b2b7fad,-14583141007,8872952057967045251,1953807152632771134548939478173569,35784689347313517636,202269
0x88e6a0c2ddd26feeb64f039a2c41296fcb3f5640,"['0xc42079f94a6350d7e6235f29174924f928cc2ac818eb64fed8004e115fbcca67', '0x0000000000000000000000003fc91a3afd70395cd496c647d5a6cc9d4b2b7fad', '0x000000000000000000000000a9416cdfaa270d89dd92fda426e9e479804c1164']",0xffffffffffffffffffffffffffffffffffffffffffffffffffffffffd822a57300000000000000000000000000000000000000000000000005a5bd1fa3e6b3990000000000000000000000000000000000006054864e38672fb59d786db7c403000000000000000000000000000000000000000000000001f09cc15db053c444000000000000000000000000000000000000000000000000000000000003161d,0x112ab18,0x59f1dd2f71b30a3d376589aa3e62de9a8060149011e7f37b82a8ed04b98da0dd,0x64ea45c7,0x2dbf57ee0,0x54c6c,0x7b,0xd63b8eb74b71d04b27ac313761e287fe9812352d4f91e86961abb2df621c5561,0x12,18000664,1693074887,2023-08-26 18:34:47,0x3fc91a3afd70395cd496c647d5a6cc9d4b2b7fad,0xa9416cdfaa270d89dd92fda426e9e479804c1164,-668818061,406939284938339225,1953808053155644530744401908450307,35784689347313517636,202269
0x88e6a0c2ddd26feeb64f039a2c41296fcb3f5640,"['0xc42079f94a6350d7e6235f29174924f928cc2ac818eb64fed8004e115fbcca67', '0x0000000000000000000000003fc91a3afd70395cd496c647d5a6cc9d4b2b7fad', '0x0000000000000000000000003fc91a3afd70395cd496c647d5a6cc9d4b2b7fad']",0x000000000000000000000000000000000000000000000000000000000459e440ffffffffffffffffffffffffffffffffffffffffffffffffff625bc8cf99181a000000000000000000000000000000000000605485fcf51223ccca3c71970f2e000000000000000000000000000000000000000000000001f09cc15db053c444000000000000000000000000000000000000000000000000000000000003161d,0x112ab18,0x59f1dd2f71b30a3d376589aa3e62de9a8060149011e7f37b82a8ed04b98da0dd,0x64ea45c7,0x34d3531e0,0x22177,0xb5,0xb25d68a0f6423bc99c1a4cc0d21714a24caa35a021de866fa528aafe7ffae8b3,0x2e,18000664,1693074887,2023-08-26 18:34:47,0x3fc91a3afd70395cd496c647d5a6cc9d4b2b7fad,0x3fc91a3afd70395cd496c647d5a6cc9d4b2b7fad,73000000,-44372128285779942,1953807954914685756192923615432494,35784689347313517636,202269
0x88e6a0c2ddd26feeb64f039a2c41296fcb3f5640,"['0xc42079f94a6350d7e6235f29174924f928cc2ac818eb64fed8004e115fbcca67', '0x000000000000000000000000e592427a0aece92de3edee1f18e0157c05861564', '0x000000000000000000000000e592427a0aece92de3edee1f18e0157c05861564']",0xffffffffffffffffffffffffffffffffffffffffffffffffffffffffac45968f0000000000000000000000000000000000000000000000000bdc811f2186c00000000000000000000000000000000000000060548c19786766677aebdb7917aa000000000000000000000000000000000000000000000001f09cc15db053c444000000000000000000000000000000000000000000000000000000000003161d,0x112ab19,0x3016a61445e02e8c1f7a677fb22343360488f1ea440e46566da866420a49a73b,0x64ea45d3,0x343869cf6,0x2f6c3,0x9e,0x8ac0147fe099f13bf4789d3c443381117c144cd34e10a42adb352eedfa293eee,0x21,18000665,1693074899,2023-08-26 18:34:59,0xe592427a0aece92de3edee1f18e0157c05861564,0xe592427a0aece92de3edee1f18e0157c05861564,-1404725617,854700000000000000,1953809846294870415317762049644458,35784689347313517636,202269
0x88e6a0c2ddd26feeb64f039a2c41296fcb3f5640,"['0xc42079f94a6350d7e6235f29174924f928cc2ac818eb64fed8004e115fbcca67', '0x000000000000000000000000e592427a0aece92de3edee1f18e0157c05861564', '0x000000000000000000000000e592427a0aece92de3edee1f18e0157c05861564']",0x0000000000000000000000000000000000000000000000000000000053ba6971fffffffffffffffffffffffffffffffffffffffffffffffff42688076e5c2a6d000000000000000000000000000000000000605485fdbd5415169b15f6b1c79b000000000000000000000000000000000000000000000001f09cc15db053c444000000000000000000000000000000000000000000000000000000000003161d,0x112ab19,0x3016a61445e02e8c1f7a677fb22343360488f1ea440e46566da866420a49a73b,0x64ea45d3,0x343869cf6,0x2f6c3,0xa1,0x8ac0147fe099f13bf4789d3c443381117c144cd34e10a42adb352eedfa293eee,0x21,18000665,1693074899,2023-08-26 18:34:59,0xe592427a0aece92de3edee1f18e0157c05861564,0xe592427a0aece92de3edee1f18e0157c05861564,1404725617,-853845513842447763,1953807955860375477789112879138715,35784689347313517636,202269
0x88e6a0c2ddd26feeb64f039a2c41296fcb3f5640,"['0xc42079f94a6350d7e6235f29174924f928cc2ac818eb64fed8004e115fbcca67', '0x0000000000000000000000003fc91a3afd70395cd496c647d5a6cc9d4b2b7fad', '0x0000000000000000000000003fc91a3afd70395cd496c647d5a6cc9d4b2b7fad']",0x000000000000000000000000000000000000000000000000000000005f5e1000fffffffffffffffffffffffffffffffffffffffffffffffff280d9398ea3a10c00000000000000000000000000000000000060547f08a2685d0ac3d6925e9fc6000000000000000000000000000000000000000000000001f09cc15db053c444000000000000000000000000000000000000000000000000000000000003161d,0x112ab1b,0x29dd0d3626d30c642312b70b08c9995248144afd71581a094bdc01830cf9d742,0x64ea45eb,0x2c7de7aad,0x50f98,0x189,0xf59cc64307275051a2c5074ec58746c7fdf648090ec870277665d268a2f42f66,0x7a,18000667,1693074923,2023-08-26 18:35:23,0x3fc91a3afd70395cd496c647d5a6cc9d4b2b7fad,0x3fc91a3afd70395cd496c647d5a6cc9d4b2b7fad,1600000000,-972538678282575604,1953805802636360968792425218613190,35784689347313517636,202269
0x88e6a0c2ddd26feeb64f039a2c41296fcb3f5640,"['0xc42079f94a6350d7e6235f29174924f928cc2ac818eb64fed8004e115fbcca67', '0x0000000000000000000000003fc91a3afd70395cd496c647d5a6cc9d4b2b7fad', '0x0000000000000000000000003fc91a3afd70395cd496c647d5a6cc9d4b2b7fad']",0x000000000000000000000000000000000000000000000000000000000cfe6a80fffffffffffffffffffffffffffffffffffffffffffffffffe293c77c17722e900000000000000000000000000000000000060547e15f5899a2057649291fdc2000000000000000000000000000000000000000000000001f09cc15db053c444000000000000000000000000000000000000000000000000000000000003161d,0x112ab1d,0x8ee6819b8c5f5cfe6f701023a1f0b00ae4b84e29238600aadd99b07d0b29d9bd,0x64ea4603,0x2b9d83671,0x2b91e,0x114,0xd8195891720c3c63b60d1e7083482c82f7ea69b7023ef45f65c713a25a5c09de,0x64,18000669,1693074947,2023-08-26 18:35:47,0x3fc91a3afd70395cd496c647d5a6cc9d4b2b7fad,0x3fc91a3afd70395cd496c647d5a6cc9d4b2b7fad,218000000,-132508228986133783,1953805509259956364656597655485890,35784689347313517636,202269
0x88e6a0c2ddd26feeb64f039a2c41296fcb3f5640,"['0xc42079f94a6350d7e6235f29174924f928cc2ac818eb64fed8004e115fbcca67', '0x0000000000000000000000003fc91a3afd70395cd496c647d5a6cc9d4b2b7fad', '0x0000000000000000000000003416cf6c708da44db2624d63ea0aaef7113527c6']",0xfffffffffffffffffffffffffffffffffffffffffffffffffffffffdac482fb3000000000000000000000000000000000000000000000000546483ed25a08d760000000000000000000000000000000000006054a9915bfe407d48642f4840eb000000000000000000000000000000000000000000000001f09cc15db053c444000000000000000000000000000000000000000000000000000000000003161d,0x112ab1f,0x54ebc1a25cd5f7c5f575ced79c70200c4b183f21dec6a157d8de48f539539230,0x64ea461b,0x2b56cafff,0x33794,0xa8,0x615b698cf520fd0c6e85426244157544845447704f64a5ddd5f4571632dbb8eb,0x4d,18000671,1693074971,2023-08-26 18:36:11,0x3fc91a3afd70395cd496c647d5a6cc9d4b2b7fad,0x3416cf6c708da44db2624d63ea0aaef7113527c6,-9994489933,6081130451418778998,1953818966297087686380484219650283,35784689347313517636,202269
0x88e6a0c2ddd26feeb64f039a2c41296fcb3f5640,"['0xc42079f94a6350d7e6235f29174924f928cc2ac818eb64fed8004e115fbcca67', '0x00000000000000000000000068b3465833fb72a70ecdf485e0e4c7bd8665fc45', '0x00000000000000000000000068b3465833fb72a70ecdf485e0e4c7bd8665fc45']",0x000000000000000000000000000000000000000000000000000000003d8547b9fffffffffffffffffffffffffffffffffffffffffffffffff74b16ac6080fde30000000000000000000000000000000000006054a5145f351c6fc6e7a35928be000000000000000000000000000000000000000000000001f09cc15db053c444000000000000000000000000000000000000000000000000000000000003161d,0x112ab1f,0x54ebc1a25cd5f7c5f575ced79c70200c4b183f21dec6a157d8de48f539539230,0x64ea461b,0x2a980edff,0x33ac9,0x125,0xec820c48cf48759af6de84db8a903ced5447852111948572f99817b25c58d5da,0x81,18000671,1693074971,2023-08-26 18:36:11,0x68b3465833fb72a70ecdf485e0e4c7bd8665fc45,0x68b3465833fb72a70ecdf485e0e4c7bd8665fc45,1032144825,-627382793478799901,1953817577256500021669293456959678,35784689347313517636,202269
0x88e6a0c2ddd26feeb64f039a2c41296fcb3f5640,"['0xc42079f94a6350d7e6235f29174924f928cc2ac818eb64fed8004e115fbcca67', '0x0000000000000000000000003fc91a3afd70395cd496c647d5a6cc9d4b2b7fad', '0x0000000000000000000000003fc91a3afd70395cd496c647d5a6cc9d4b2b7fad']",0x00000000000000000000000000000000000000000000000000000000c41e6fa2ffffffffffffffffffffffffffffffffffffffffffffffffe43e9298b1380000000000000000000000000000000000000000605496c5938d97f459bb449a31fd000000000000000000000000000000000000000000000001f09cc15db053c444000000000000000000000000000000000000000000000000000000000003161d,0x112ab21,0x39bd1b6de1a6ab3e19c32ba2eee0a7eeca13a14bc99af3db23ae28f2bd804b60,0x64ea4633,0x2bc0ec801,0x23a7e,0x102,0x8d6dc9e417d74fa81cbc21cca9854ba7ab65b382ae8bb73a5fb18bc2ba675c47,0x51,18000673,1693074995,2023-08-26 18:36:35,0x3fc91a3afd70395cd496c647d5a6cc9d4b2b7fad,0x3fc91a3afd70395cd496c647d5a6cc9d4b2b7fad,3290328994,-2000000000000000000,1953813149208418044270535731982845,35784689347313517636,202269
0x88e6a0c2ddd26feeb64f039a2c41296fcb3f5640,"['0xc42079f94a6350d7e6235f29174924f928cc2ac818eb64fed8004e115fbcca67', '0x0000000000000000000000003fc91a3afd70395cd496c647d5a6cc9d4b2b7fad', '0x0000000000000000000000003785ca1128d2efddfec1a87ddb5686b59c7138f8']",0x0000000000000000000000000000000000000000000000000000000083304b15ffffffffffffffffffffffffffffffffffffffffffffffffed6f06d1123d685a00000000000000000000000000000000000060548d33741d89f7aa332598fae8000000000000000000000000000000000000000000000001f09cc15db053c444000000000000000000000000000000000000000000000000000000000003161d,0x112ab23,0xb5781379b12469028ad689db553c64da658d50fc177e3be3b8155cf12b3e055c,0x64ea464b,0x2bb9fa8da,0x3009e,0x6,0x79b97e935c9e57f6fc5cd2ae5e7072b0b20e6a50b67626fa91e0df21e532249a,0x1,18000675,1693075019,2023-08-26 18:36:59,0x3fc91a3afd70395cd496c647d5a6cc9d4b2b7fad,0x3785ca1128d2efddfec1a87ddb5686b59c7138f8,2200980245,-1337843069281802150,1953810187191699584250427435711208,35784689347313517636,202269
0x88e6a0c2ddd26feeb64f039a2c41296fcb3f5640,"['0xc42079f94a6350d7e6235f29174924f928cc2ac818eb64fed8004e115fbcca67', '0x0000000000000000000000003fc91a3afd70395cd496c647d5a6cc9d4b2b7fad', '0x0000000000000000000000003416cf6c708da44db2624d63ea0aaef7113527c6']",0xfffffffffffffffffffffffffffffffffffffffffffffffffffffffa2eae9fb8000000000000000000000000000000000000000000000000d2fceec08602bb880000000000000000000000000000000000006054f9e8cd22b2e21b9b274fb893000000000000000000000000000000000000000000000001f09cc15db053c444000000000000000000000000000000000000000000000000000000000003161d,0x112ab25,0x60bc58c73358ebda01f557694424420e133782b2c217666c77193ee1b466c0aa,0x64ea4663,0x2c89256a5,0x37a60,0x9f,0xbae08b727a6e695df1cf0d7b2c523abbde9b0d223ef686f7f00517b24855c8bf,0x51,18000677,1693075043,2023-08-26 18:37:23,0x3fc91a3afd70395cd496c647d5a6cc9d4b2b7fad,0x3416cf6c708da44db2624d63ea0aaef7113527c6,-24986607688,15203288952745409416,1953843830808719438755094892361875,35784689347313517636,202269
0x88e6a0c2ddd26feeb64f039a2c41296fcb3f5640,"['0xc42079f94a6350d7e6235f29174924f928cc2ac818eb64fed8004e115fbcca67', '0x0000000000000000000000003fc91a3afd70395cd496c647d5a6cc9d4b2b7fad', '0x0000000000000000000000000692cf3a01699179291e6af649580db6b9f3d639']",0xffffffffffffffffffffffffffffffffffffffffffffffffffffffffcf054fdc00000000000000000000000000000000000000000000000006f05b59d3b200000000000000000000000000000000000000006054fd7c0ad6f50b0f9f2b2563dc000000000000000000000000000000000000000000000001f09cc15db053c444000000000000000000000000000000000000000000000000000000000003161d,0x112ab26,0x689e9ed148a91dda9ccef4bab0bc6dc0c2eb24701c1cbf23aeaada08b4c3fb54,0x64ea466f,0x2b229843a,0x21740,0x184,0xea746cf98298398a487c271c8cbee32e1b828f364fd73ee59b92c105943e4470,0x71,18000678,1693075055,2023-08-26 18:37:35,0x3fc91a3afd70395cd496c647d5a6cc9d4b2b7fad,0x0692cf3a01699179291e6af649580db6b9f3d639,-821735460,500000000000000000,1953844937267233922857609478890460,35784689347313517636,202269
0x88e6a0c2ddd26feeb64f039a2c41296fcb3f5640,"['0xc42079f94a6350d7e6235f29174924f928cc2ac818eb64fed8004e115fbcca67', '0x0000000000000000000000003fc91a3afd70395cd496c647d5a6cc9d4b2b7fad', '0x0000000000000000000000003785ca1128d2efddfec1a87ddb5686b59c7138f8']",0x00000000000000000000000000000000000000000000000000000000156be700fffffffffffffffffffffffffffffffffffffffffffffffffcf7df22c58982550000000000000000000000000000000000006054fbebf43129b8959abd7394f0000000000000000000000000000000000000000000000001f09cc15db053c444000000000000000000000000000000000000000000000000000000000003161d,0x112ab2b,0x8b1fd3c1d48489fcb0dfc6201f6942ff37068a7e21bb3fd895a553d9abd5253e,0x64ea46ab,0x322f1fee1,0x36b5d,0x57,0xbaac62b2fc37392c39bc6d8572d710618f10ab05a6741d3ce71b357255806ed7,0xa,18000683,1693075115,2023-08-26 18:38:35,0x3fc91a3afd70395cd496c647d5a6cc9d4b2b7fad,0x3785ca1128d2efddfec1a87ddb5686b59c7138f8,359393024,-218460716468174251,1953844453589955650703948097230064,35784689347313517636,202269
0x88e6a0c2ddd26feeb64f039a2c41296fcb3f5640,"['0xc42079f94a6350d7e6235f29174924f928cc2ac818eb64fed8004e115fbcca67', '0x0000000000000000000000003fc91a3afd70395cd496c647d5a6cc9d4b2b7fad', '0x0000000000000000000000003fc91a3afd70395cd496c647d5a6cc9d4b2b7fad']",0x00000000000000000000000000000000000000000000000000000000ec516df0ffffffffffffffffffffffffffffffffffffffffffffffffde8dea86d8e96cd40000000000000000000000000000000000006054eaae433bbe72fce7cc6344d8000000000000000000000000000000000000000000000001f09cc15db053c444000000000000000000000000000000000000000000000000000000000003161d,0x112ab2e,0x1b2464c315d5e57f90795cbcb407019c2456bef656ab523f4c814db08439abf3,0x64ea46cf,0x2cf99b170,0x5d601,0xa,0xebecb002ef005460af291c77a90ffe1abe1be4efabd90b97089c5a28685da89a,0x1,18000686,1693075151,2023-08-26 18:39:11,0x3fc91a3afd70395cd496c647d5a6cc9d4b2b7fad,0x3fc91a3afd70395cd496c647d5a6cc9d4b2b7fad,3964759536,-2410012360687653676,1953839117764650008310053953815768,35784689347313517636,202269
0x88e6a0c2ddd26feeb64f039a2c41296fcb3f5640,"['0xc42079f94a6350d7e6235f29174924f928cc2ac818eb64fed8004e115fbcca67', '0x0000000000000000000000003fc91a3afd70395cd496c647d5a6cc9d4b2b7fad', '0x0000000000000000000000003fc91a3afd70395cd496c647d5a6cc9d4b2b7fad']",0x0000000000000000000000000000000000000000000000000000000039eb462bfffffffffffffffffffffffffffffffffffffffffffffffff7cd88231f0d6a570000000000000000000000000000000000006054e674848857c1c0854153e524000000000000000000000000000000000000000000000001f09cc15db053c444000000000000000000000000000000000000000000000000000000000003161d,0x112ab2f,0xb37110820d1d931241bfc25d8289676bb31209e3b5c092d35c26818145286395,0x64ea46db,0x2d2a7014e,0x61fa3,0x97,0x2d586d7c953bac60bd85f21cb7c7d8c0a560448471657e6d0040c3a2a8635ad5,0x5e,18000687,1693075163,2023-08-26 18:39:23,0x3fc91a3afd70395cd496c647d5a6cc9d4b2b7fad,0x3fc91a3afd70395cd496c647d5a6cc9d4b2b7fad,971720235,-590666291689461161,1953837810015280006199432812160292,35784689347313517636,202269
0x88e6a0c2ddd26feeb64f039a2c41296fcb3f5640,"['0xc42079f94a6350d7e6235f29174924f928cc2ac818eb64fed8004e115fbcca67', '0x00000000000000000000000068b3465833fb72a70ecdf485e0e4c7bd8665fc45', '0x00000000000000000000000024ee2c6b9597f035088cda8575e9d5e15a84b9df']",0x0000000000000000000000000000000000000000000000000000000016bc32c6fffffffffffffffffffffffffffffffffffffffffffffffffcc8483d6f7bd20a0000000000000000000000000000000000006054e4cbe5b118af88cb419931f3000000000000000000000000000000000000000000000001f09cc15db053c444000000000000000000000000000000000000000000000000000000000003161d,0x112ab30,0x22671fca3f607f0fb88cdf6130a6d6f9ff2815d100ace396789a69e7664bb478,0x64ea46e7,0x318d2e140,0x2d5f0,0x3b,0xc01e509c2558977053ce4bac9b3903ad78e157b0ce0c22eb1fea0c9b3caffd54,0xa,18000688,1693075175,2023-08-26 18:39:35,0x68b3465833fb72a70ecdf485e0e4c7bd8665fc45,0x24ee2c6b9597f035088cda8575e9d5e15a84b9df,381432518,-231855952108989942,1953837296680627990571165270225395,35784689347313517636,202269
0x88e6a0c2ddd26feeb64f039a2c41296fcb3f5640,"['0xc42079f94a6350d7e6235f29174924f928cc2ac818eb64fed8004e115fbcca67', '0x0000000000000000000000003fc91a3afd70395cd496c647d5a6cc9d4b2b7fad', '0x0000000000000000000000008c7f0d6538be2bfc3c9337a8beadc3c8380cff67']",0xfffffffffffffffffffffffffffffffffffffffffffffffffffffffe6f5c4b6500000000000000000000000000000000000000000000000038c22b60273eb9120000000000000000000000000000000000006055020a58faa838dd44314296a8000000000000000000000000000000000000000000000001f09cc15db053c444000000000000000000000000000000000000000000000000000000000003161d,0x112ab33,0xd933f371466765b155d9cb63d784816ab61a6cc94954ed9d61f717c2913dd769,0x64ea470b,0x2cf42824c,0x2d71e,0xb5,0x15f6f7edd21f5f86d8a76e743263806894c8e97ae97a248dbfecfe4373aea889,0x4d,18000691,1693075211,2023-08-26 18:40:11,0x3fc91a3afd70395cd496c647d5a6cc9d4b2b7fad,0x8c7f0d6538be2bfc3c9337a8beadc3c8380cff67,-6721615003,4089879103581108498,1953846347243742726423454744221352,35784689347313517636,202269
0x88e6a0c2ddd26feeb64f039a2c41296fcb3f5640,"['0xc42079f94a6350d7e6235f29174924f928cc2ac818eb64fed8004e115fbcca67', '0x0000000000000000000000003fc91a3afd70395cd496c647d5a6cc9d4b2b7fad', '0x0000000000000000000000003fc91a3afd70395cd496c647d5a6cc9d4b2b7fad']",0xfffffffffffffffffffffffffffffffffffffffffffffffffffffffecad06f6a0000000000000000000000000000000000000000000000002bcd78730ff1059d0000000000000000000000000000000000006055189beb3c2b494a0a4a332e47000000000000000000000000000000000000000000000001f09cc15db053c444000000000000000000000000000000000000000000000000000000000003161d,0x112ab34,0x312cc6e701c5792be6864b3425a7f4b3a8279314e34d3378b10c5115763686a5,0x64ea4717,0x31f2a72a2,0x7a0b0,0x24,0x5fbe56c0e38f85b68bae24939c7091da36eb731222ee5ea3b3d55908ebd3f8d1,0x4,18000692,1693075223,2023-08-26 18:40:23,0x3fc91a3afd70395cd496c647d5a6cc9d4b2b7fad,0x3fc91a3afd70395cd496c647d5a6cc9d4b2b7fad,-5187276950,3156311349440611741,1953853331898876629167973017529927,35784689347313517636,202269
0x88e6a0c2ddd26feeb64f039a2c41296fcb3f5640,"['0xc42079f94a6350d7e6235f29174924f928cc2ac818eb64fed8004e115fbcca67', '0x0000000000000000000000003fc91a3afd70395cd496c647d5a6cc9d4b2b7fad', '0x0000000000000000000000003fc91a3afd70395cd496c647d5a6cc9d4b2b7fad']",0xfffffffffffffffffffffffffffffffffffffffffffffffffffffffeb41b4aef0000000000000000000000000000000000000000000000002f051cd614d1a843000000000000000000000000000000000000605530d5dbffa2068d3eedb1a8ad000000000000000000000000000000000000000000000001f09cc15db053c444000000000000000000000000000000000000000000000000000000000003161d,0x112ab36,0x68cd6e1f43f7a2cd5cc18b01a75e5c294fcd7612b14456cf2c8782dd611c0437,0x64ea472f,0x298f65f89,0x4483c,0x66,0xe9e30c64b020b5bb50e298260aa352e730c2f7de4c3dc7bc4a1478ecb136039e,0x9,18000694,1693075247,2023-08-26 18:40:47,0x3fc91a3afd70395cd496c647d5a6cc9d4b2b7fad,0x3fc91a3afd70395cd496c647d5a6cc9d4b2b7fad,-5568247057,3388146000464029763,1953860829584857686535334018525357,35784689347313517636,202269
0x88e6a0c2ddd26feeb64f039a2c41296fcb3f5640,"['0xc42079f94a6350d7e6235f29174924f928cc2ac818eb64fed8004e115fbcca67', '0x0000000000000000000000003fc91a3afd70395cd496c647d5a6cc9d4b2b7fad', '0x0000000000000000000000003fc91a3afd70395cd496c647d5a6cc9d4b2b7fad']",0x00000000000000000000000000000000000000000000000000000001dafd4a40ffffffffffffffffffffffffffffffffffffffffffffffffbcc6548f6d34c42000000000000000000000000000000000000060550e2e66b958d0959e7619e1bf000000000000000000000000000000000000000000000001f09cc15db053c444000000000000000000000000000000000000000000000000000000000003161d,0x112ab38,0xbe6fde2dca408e420fe3dd9938c1099aa6aa1944a42a69346266441d9ae0cf7d,0x64ea4747,0x2c9880d5b,0x2f30a,0x5b,0xbc5135e04a2c21e1d2859969f222dc30852855ffa96dec37980c0ad0aa40179d,0x31,18000696,1693075271,2023-08-26 18:41:11,0x3fc91a3afd70395cd496c647d5a6cc9d4b2b7fad,0x3fc91a3afd70395cd496c647d5a6cc9d4b2b7fad,7969000000,-4844091374201158624,1953850104650098459184209933754815,35784689347313517636,202269
0x88e6a0c2ddd26feeb64f039a2c41296fcb3f5640,"['0xc42079f94a6350d7e6235f29174924f928cc2ac818eb64fed8004e115fbcca67', '0x0000000000000000000000003fc91a3afd70395cd496c647d5a6cc9d4b2b7fad', '0x0000000000000000000000003fc91a3afd70395cd496c647d5a6cc9d4b2b7fad']",0x00000000000000000000000000000000000000000000000000000000620e5a90fffffffffffffffffffffffffffffffffffffffffffffffff21f494c589c00000000000000000000000000000000000000006055070700e59692df0846ba665e000000000000000000000000000000000000000000000001f09cc15db053c444000000000000000000000000000000000000000000000000000000000003161d,0x112ab38,0xbe6fde2dca408e420fe3dd9938c1099aa6aa1944a42a69346266441d9ae0cf7d,0x64ea4747,0x2bd9c4b5b,0x27c99,0xca,0x110916b7b50378b78ef4e3f74dd30c2d99c43a451506730654ada000f4d14505,0x5f,18000696,1693075271,2023-08-26 18:41:11,0x3fc91a3afd70395cd496c647d5a6cc9d4b2b7fad,0x3fc91a3afd70395cd496c647d5a6cc9d4b2b7fad,1645107856,-1000000000000000000,1953847890626057470484831071266398,35784689347313517636,202269
0x88e6a0c2ddd26feeb64f039a2c41296fcb3f5640,"['0xc42079f94a6350d7e6235f29174924f928cc2ac818eb64fed8004e115fbcca67', '0x0000000000000000000000003fc91a3afd70395cd496c647d5a6cc9d4b2b7fad', '0x0000000000000000000000003fc91a3afd70395cd496c647d5a6cc9d4b2b7fad']",0x0000000000000000000000000000000000000000000000000000000023c34600fffffffffffffffffffffffffffffffffffffffffffffffffaf043abe025d91c0000000000000000000000000000000000006055046b0fb1a7a6a153dacd4ae8000000000000000000000000000000000000000000000001f09cc15db053c444000000000000000000000000000000000000000000000000000000000003161d,0x112ab40,0xb8b6e20c047c7570282a2536a3d90505c36796f3daffd55fd7e07e145c049ea4,0x64ea47a7,0x2c9ce52b9,0x3d192,0x75,0xd181ba52c578d2ffe9ff38e109697e522f016c2b851cb3ca859e19838b78e23d,0x23,18000704,1693075367,2023-08-26 18:42:47,0x3fc91a3afd70395cd496c647d5a6cc9d4b2b7fad,0x3fc91a3afd70395cd496c647d5a6cc9d4b2b7fad,600000000,-364717164337964772,1953847083133487465004507213941480,35784689347313517636,202269
0x88e6a0c2ddd26feeb64f039a2c41296fcb3f5640,"['0xc42079f94a6350d7e6235f29174924f928cc2ac818eb64fed8004e115fbcca67', '0x0000000000000000000000003fc91a3afd70395cd496c647d5a6cc9d4b2b7fad', '0x0000000000000000000000003fc91a3afd70395cd496c647d5a6cc9d4b2b7fad']",0x000000000000000000000000000000000000000000000000000000011df0c7a8ffffffffffffffffffffffffffffffffffffffffffffffffd788037c7e5b17710000000000000000000000000000000000006054ef8e908639cd06417703caa9000000000000000000000000000000000000000000000001f09cc15db053c444000000000000000000000000000000000000000000000000000000000003161d,0x112ab40,0xb8b6e20c047c7570282a2536a3d90505c36796f3daffd55fd7e07e145c049ea4,0x64ea47a7,0x2c9ce52b9,0x66657,0x1c0,0x27f61fb075aef555b2427d2656eb6383977ae8984f449855682789bdcd0e136e,0x77,18000704,1693075367,2023-08-26 18:42:47,0x3fc91a3afd70395cd496c647d5a6cc9d4b2b7fad,0x3fc91a3afd70395cd496c647d5a6cc9d4b2b7fad,4797286312,-2916076925491669135,1953840626869069054036776463878825,35784689347313517636,202269
0x88e6a0c2ddd26feeb64f039a2c41296fcb3f5640,"['0xc42079f94a6350d7e6235f29174924f928cc2ac818eb64fed8004e115fbcca67', '0x0000000000000000000000003fc91a3afd70395cd496c647d5a6cc9d4b2b7fad', '0x00000000000000000000000081a460ea6fd96a73d5672f1f4aa684697d4b44cc']",0x000000000000000000000000000000000000000000000000000000012a05f200ffffffffffffffffffffffffffffffffffffffffffffffffd5d250dbd9db1d780000000000000000000000000000000000006054d9d07014a25bcfcf8b877352000000000000000000000000000000000000000000000001f09cc15db053c444000000000000000000000000000000000000000000000000000000000003161d,0x112ab40,0xb8b6e20c047c7570282a2536a3d90505c36796f3daffd55fd7e07e145c049ea4,0x64ea47a7,0x2c9ce52b9,0x3405b,0x1c4,0xfa9d4c81e574cff5682bdbcaf1a9d25b1d1cab7067a43cde42f6de18cd266d34,0x78,18000704,1693075367,2023-08-26 18:42:47,0x3fc91a3afd70395cd496c647d5a6cc9d4b2b7fad,0x81a460ea6fd96a73d5672f1f4aa684697d4b44cc,5000000000,-3039277893338587784,1953833897834745956915397217710930,35784689347313517636,202269
0x88e6a0c2ddd26feeb64f039a2c41296fcb3f5640,"['0xc42079f94a6350d7e6235f29174924f928cc2ac818eb64fed8004e115fbcca67', '0x00000000000000000000000068b3465833fb72a70ecdf485e0e4c7bd8665fc45', '0x00000000000000000000000068b3465833fb72a70ecdf485e0e4c7bd8665fc45']",0x0000000000000000000000000000000000000000000000000000000243e4c240ffffffffffffffffffffffffffffffffffffffffffffffffadee144fdd829e4b0000000000000000000000000000000000006054af81fa71a1ee064095af0c40000000000000000000000000000000000000000000000001f09cc15db053c444000000000000000000000000000000000000000000000000000000000003161d,0x112ab41,0x77fc47dafeb83e2a366d20a8bb1927bcf32f96089e03a9f5fc4b475aac3d334b,0x64ea47b3,0x432f1ba2d,0x35087,0x47,0x2ea6789fabf13f5009ff5d3b2dd3cbd18c81fb9836aac2c3c59410857d8976d6,0x9,18000705,1693075379,2023-08-26 18:42:59,0x68b3465833fb72a70ecdf485e0e4c7bd8665fc45,0x68b3465833fb72a70ecdf485e0e4c7bd8665fc45,9729000000,-5913766927439585717,1953820804612595801799283694308416,35784689347313517636,202269
0x88e6a0c2ddd26feeb64f039a2c41296fcb3f5640,"['0xc42079f94a6350d7e6235f29174924f928cc2ac818eb64fed8004e115fbcca67', '0x00000000000000000000000068b3465833fb72a70ecdf485e0e4c7bd8665fc45', '0x000000000000000000000000ce16f69375520ab01377ce7b88f5ba8c48f8d666']",0xffffffffffffffffffffffffffffffffffffffffffffffffffffffffc02cd2a6000000000000000000000000000000000000000000000000090ab7debc6e10680000000000000000000000000000000000006054b42a9a16c27431bf80a17cb1000000000000000000000000000000000000000000000001f09cc15db053c444000000000000000000000000000000000000000000000000000000000003161d,0x112ab44,0x4fe1faa0250ba4605b94b421144777356b309822439989f2550e2c2d87449303,0x64ea47d7,0x2aa7740be,0x403dd,0x15c,0xa9cab3a8a83163c95da445b7cb354f33dcaa131cd1a2b4c024b6979f4a332e24,0x80,18000708,1693075415,2023-08-26 18:43:35,0x68b3465833fb72a70ecdf485e0e4c7bd8665fc45,0xce16f69375520ab01377ce7b88f5ba8c48f8d666,-1070804314,651535263380410472,1953822246406075109594175809617073,35784689347313517636,202269
0x88e6a0c2ddd26feeb64f039a2c41296fcb3f5640,"['0xc42079f94a6350d7e6235f29174924f928cc2ac818eb64fed8004e115fbcca67', '0x0000000000000000000000003fc91a3afd70395cd496c647d5a6cc9d4b2b7fad', '0x00000000000000000000000081a460ea6fd96a73d5672f1f4aa684697d4b44cc']",0x00000000000000000000000000000000000000000000000000000001dcd65000ffffffffffffffffffffffffffffffffffffffffffffffffbc8410ecbd75398800000000000000000000000000000000000060549160fc2f603ce7627aa6a6cf000000000000000000000000000000000000000000000001f09cc15db053c444000000000000000000000000000000000000000000000000000000000003161d,0x112ab4c,0x315411bf552ebd3e41f3bea83ed3f4f95dcd727cfa3e0c7812754aa8650ed848,0x64ea4837,0x2bb477122,0x3826a,0x156,0x940030887d5b407c66873ff47b89d3a054ab765603ba4d1104127f423b1d379c,0xd2,18000716,1693075511,2023-08-26 18:45:11,0x3fc91a3afd70395cd496c647d5a6cc9d4b2b7fad,0x81a460ea6fd96a73d5672f1f4aa684697d4b44cc,8000000000,-4862743088676390520,1953811480175971628422711017383631,35784689347313517636,202269
0x88e6a0c2ddd26feeb64f039a2c41296fcb3f5640,"['0xc42079f94a6350d7e6235f29174924f928cc2ac818eb64fed8004e115fbcca67', '0x0000000000000000000000003fc91a3afd70395cd496c647d5a6cc9d4b2b7fad', '0x000000000000000000000000b54ac648728a161b48490205b66bbf982b0b123d']",0xffffffffffffffffffffffffffffffffffffffffffffffffffffffffe2329b000000000000000000000000000000000000000000000000000438d222a0e003920000000000000000000000000000000000006054938ddc9922dd17e093d7acfe000000000000000000000000000000000000000000000001f09cc15db053c444000000000000000000000000000000000000000000000000000000000003161d,0x112ab4d,0x0bfced03b99d8ea75a7837283c55b0af1b11ef2e62b3eaa83ad833fab8d03ae5,0x64ea4843,0x2ffd45134,0x22c73,0xc7,0x72a7c510fa9339452a54fdabb7868545f5f19350277bd02f14c2bfa4596007dc,0x4f,18000717,1693075523,2023-08-26 18:45:23,0x3fc91a3afd70395cd496c647d5a6cc9d4b2b7fad,0xb54ac648728a161b48490205b66bbf982b0b123d,-500000000,304224021017265042,1953812153398488358709629963185406,35784689347313517636,202269
0x88e6a0c2ddd26feeb64f039a2c41296fcb3f5640,"['0xc42079f94a6350d7e6235f29174924f928cc2ac818eb64fed8004e115fbcca67', '0x0000000000000000000000003fc91a3afd70395cd496c647d5a6cc9d4b2b7fad', '0x0000000000000000000000008575e17ff1291ba295d1ae85668e401458fa4038']",0xfffffffffffffffffffffffffffffffffffffffffffffffffffffffc6d0c0eac000000000000000000000000000000000000000000000000819e5883ba2600000000000000000000000000000000000000006054d656906e719ca8a67512dac0000000000000000000000000000000000000000000000001f09cc15db053c444000000000000000000000000000000000000000000000000000000000003161d,0x112ab53,0xa9d40f70298865ebae7c7c7980fa362df544be5b576fb86795218fce205b9500,0x64ea488b,0x2f1177fa0,0x2174c,0x13d,0x48d811b8f2c71fe2cee83d79a2eb7d2d7539aa94829c0e5f88b0c0d7f23c4ff9,0x6c,18000723,1693075595,2023-08-26 18:46:35,0x3fc91a3afd70395cd496c647d5a6cc9d4b2b7fad,0x8575e17ff1291ba295d1ae85668e401458fa4038,-15350362452,9340000000000000000,1953832822043538921744602439539392,35784689347313517636,202269
0x88e6a0c2ddd26feeb64f039a2c41296fcb3f5640,"['0xc42079f94a6350d7e6235f29174924f928cc2ac818eb64fed8004e115fbcca67', '0x000000000000000000000000e592427a0aece92de3edee1f18e0157c05861564', '0x00000000000000000000000052c77b0cb827afbad022e6d6caf2c44452edbc39']",0x000000000000000000000000000000000000000000000000000000004793fbf9fffffffffffffffffffffffffffffffffffffffffffffffff5deab00b65cff260000000000000000000000000000000000006054d11db879d680dfc2ec0fde62000000000000000000000000000000000000000000000001f09cc15db053c444000000000000000000000000000000000000000000000000000000000003161d,0x112ab55,0xe1a6730007c6886fa3f52118b466d93aaa9ce563f4d33d768a696f1565890cd0,0x64ea48a3,0x33567680b,0x4d555,0xa6,0x9b80852dbb1d510d5c7320f0806f15837c2c5b39614f754da0e6267eb678285c,0x33,18000725,1693075619,2023-08-26 18:46:59,0xe592427a0aece92de3edee1f18e0157c05861564,0x52c77b0cb827afbad022e6d6caf2c44452edbc39,1200880633,-729958070039544026,1953831205898822940481286348725858,35784689347313517636,202269
0x88e6a0c2ddd26feeb64f039a2c41296fcb3f5640,"['0xc42079f94a6350d7e6235f29174924f928cc2ac818eb64fed8004e115fbcca67', '0x00000000000000000000000068b3465833fb72a70ecdf485e0e4c7bd8665fc45', '0x000000000000000000000000ce16f69375520ab01377ce7b88f5ba8c48f8d666']",0xfffffffffffffffffffffffffffffffffffffffffffffffffffffffef977edf0000000000000000000000000000000000000000000000000253145ccfe0c00000000000000000000000000000000000000006054e447699c2ee180ce33d0d0a6000000000000000000000000000000000000000000000001f09cc15db053c444000000000000000000000000000000000000000000000000000000000003161d,0x112ab56,0x5b770010db689ef268878f66c413d44e04f1a4f6e89889ba063141c2b1591c8c,0x64ea48af,0x32de88181,0x42822,0x75,0x2f29ad48fea88aaa57421ecb9457b5736c79abb3fb4aa33cf4d7841ea69ca30a,0x32,18000726,1693075631,2023-08-26 18:47:11,0x68b3465833fb72a70ecdf485e0e4c7bd8665fc45,0xce16f69375520ab01377ce7b88f5ba8c48f8d666,-4404548112,2680000000000000000,1953837136516460575270764532519078,35784689347313517636,202269
0x88e6a0c2ddd26feeb64f039a2c41296fcb3f5640,"['0xc42079f94a6350d7e6235f29174924f928cc2ac818eb64fed8004e115fbcca67', '0x0000000000000000000000003fc91a3afd70395cd496c647d5a6cc9d4b2b7fad', '0x000000000000000000000000202ac9a140c49fffc51acd4c65272a339fb9ef02']",0xffffffffffffffffffffffffffffffffffffffffffffffffffffffff7ac0c89a00000000000000000000000000000000000000000000000012e08294877ac5660000000000000000000000000000000000006054ee014a55941eac0d7285ea7d000000000000000000000000000000000000000000000001f09cc15db053c444000000000000000000000000000000000000000000000000000000000003161d,0x112ab59,0x20ada7fab5437d7bf6de2fbeea6910ad4a1d4d56d2614ab704dd0e851e0c7d2e,0x64ea48d3,0x2c9ddf32d,0x604de,0x44,0x4549ca3aed3dc668ce1b88c31483e6990bb2eaf31959776e83f80c259dcccf3e,0x26,18000729,1693075667,2023-08-26 18:47:47,0x3fc91a3afd70395cd496c647d5a6cc9d4b2b7fad,0x202ac9a140c49fffc51acd4c65272a339fb9ef02,-2235512678,1360230661905630566,1953840146594055630933739216169597,35784689347313517636,202269
0x88e6a0c2ddd26feeb64f039a2c41296fcb3f5640,"['0xc42079f94a6350d7e6235f29174924f928cc2ac818eb64fed8004e115fbcca67', '0x0000000000000000000000003fc91a3afd70395cd496c647d5a6cc9d4b2b7fad', '0x0000000000000000000000003fc91a3afd70395cd496c647d5a6cc9d4b2b7fad']",0x000000000000000000000000000000000000000000000000000000001dcd6500fffffffffffffffffffffffffffffffffffffffffffffffffbc83a90a25228600000000000000000000000000000000000006054ebd4ad1e48e471aa2941120e000000000000000000000000000000000000000000000001f09cc15db053c444000000000000000000000000000000000000000000000000000000000003161d,0x112ab59,0x20ada7fab5437d7bf6de2fbeea6910ad4a1d4d56d2614ab704dd0e851e0c7d2e,0x64ea48d3,0x2b9e0cd0f,0x2b91e,0xe7,0xa021a078893ad95ba4b52ac558f72df810ffba13ced18a2cc85b78abc616b98a,0x59,18000729,1693075667,2023-08-26 18:47:47,0x3fc91a3afd70395cd496c647d5a6cc9d4b2b7fad,0x3fc91a3afd70395cd496c647d5a6cc9d4b2b7fad,500000000,-303928581974513568,1953839473688868395756030156411406,35784689347313517636,202269
0x88e6a0c2ddd26feeb64f039a2c41296fcb3f5640,"['0xc42079f94a6350d7e6235f29174924f928cc2ac818eb64fed8004e115fbcca67', '0x0000000000000000000000003fc91a3afd70395cd496c647d5a6cc9d4b2b7fad', '0x0000000000000000000000003fc91a3afd70395cd496c647d5a6cc9d4b2b7fad']",0x000000000000000000000000000000000000000000000000000000001dcd6500fffffffffffffffffffffffffffffffffffffffffffffffffbc83ac1605c28d50000000000000000000000000000000000006054e9a810001e0092c3e621bd1e000000000000000000000000000000000000000000000001f09cc15db053c444000000000000000000000000000000000000000000000000000000000003161d,0x112ab5a,0x93f2d90f94cd297e3ff72c6f34f85614cca5d69d014fdb42390a049ff5b7af3a,0x64ea48df,0x2961bbfd3,0x23443,0x149,0x8ccac7302ce6624db326e289a18f0e92fac670f704a7df9f5010853ce99a7758,0x85,18000730,1693075679,2023-08-26 18:47:59,0x3fc91a3afd70395cd496c647d5a6cc9d4b2b7fad,0x3fc91a3afd70395cd496c647d5a6cc9d4b2b7fad,500000000,-303928372627756843,1953838800784144659330613578415390,35784689347313517636,202269
0x88e6a0c2ddd26feeb64f039a2c41296fcb3f5640,"['0xc42079f94a6350d7e6235f29174924f928cc2ac818eb64fed8004e115fbcca67', '0x000000000000000000000000d1b47490209ccb7a806e8a45d9479490c040abf4', '0x000000000000000000000000d1b47490209ccb7a806e8a45d9479490c040abf4']",0x00000000000000000000000000000000000000000000000000000000c3ddc69bffffffffffffffffffffffffffffffffffffffffffffffffe44791c7227622390000000000000000000000000000000000006054db5de79e81b3d2ca47c7a2a7000000000000000000000000000000000000000000000001f09cc15db053c444000000000000000000000000000000000000000000000000000000000003161d,0x112ab5f,0x4199bd70467a6f31c66e853ea251824342bf66011e150af74889037bd9146876,0x64ea491b,0x36abe193a,0x69ff9,0x4a,0xa57c19693fb17702c56203b1f9bcbf46672a72acc60e0f8e02bfd6510eb32cba,0xe,18000735,1693075739,2023-08-26 18:48:59,0xd1b47490209ccb7a806e8a45d9479490c040abf4,0xd1b47490209ccb7a806e8a45d9479490c040abf4,3286091419,-1997467625252838855,1953834378342801252939309896934055,35784689347313517636,202269
0x88e6a0c2ddd26feeb64f039a2c41296fcb3f5640,"['0xc42079f94a6350d7e6235f29174924f928cc2ac818eb64fed8004e115fbcca67', '0x0000000000000000000000003fc91a3afd70395cd496c647d5a6cc9d4b2b7fad', '0x000000000000000000000000f8ba6cc5ae8b6a93701a19df7a773b8bf04dd6ac']",0xffffffffffffffffffffffffffffffffffffffffffffffffffffffffe29cb6720000000000000000000000000000000000000000000000000429d069189e00000000000000000000000000000000000000006054dd830ca442ff98664a14a306000000000000000000000000000000000000000000000001f09cc15db053c444000000000000000000000000000000000000000000000000000000000003161d,0x112ab5f,0x4199bd70467a6f31c66e853ea251824342bf66011e150af74889037bd9146876,0x64ea491b,0x2c4da7a30,0x1d474,0x123,0x6745a56fb55f153279a7df59198e2648dd294aa8183781b3837c2656499339b3,0x78,18000735,1693075739,2023-08-26 18:48:59,0x3fc91a3afd70395cd496c647d5a6cc9d4b2b7fad,0xf8ba6cc5ae8b6a93701a19df7a773b8bf04dd6ac,-493046158,300000000000000000,1953835042217909943400818648851206,35784689347313517636,202269
0x88e6a0c2ddd26feeb64f039a2c41296fcb3f5640,"['0xc42079f94a6350d7e6235f29174924f928cc2ac818eb64fed8004e115fbcca67', '0x0000000000000000000000001111111254eeb25477b68fb85ed929f73a960582', '0x000000000000000000000000a7ca2c8673bcfa5a26d8ceec2887f2cc2b0db22a']",0x00000000000000000000000000000000000000000000000000000000b2d05e00ffffffffffffffffffffffffffffffffffffffffffffffffe6b16ae95d204adf0000000000000000000000000000000000006054d0776348f987b20d0a34f959000000000000000000000000000000000000000000000001f09cc15db053c444000000000000000000000000000000000000000000000000000000000003161d,0x112ab61,0xe670ff120238ee4562d96c7e5ead0dd33da84051d45a27249c9dcfb07ca4350b,0x64ea4933,0x2f02be638,0x3d6e7,0x7b,0xf60bd55425970c5cb4d72712596e00807a1255c02de4b59981b17bc8f19d89e0,0x34,18000737,1693075763,2023-08-26 18:49:23,0x1111111254eeb25477b68fb85ed929f73a960582,0xa7ca2c8673bcfa5a26d8ceec2887f2cc2b0db22a,3000000000,-1823558823586018593,1953831004814834366885168699210073,35784689347313517636,202269
0x88e6a0c2ddd26feeb64f039a2c41296fcb3f5640,"['0xc42079f94a6350d7e6235f29174924f928cc2ac818eb64fed8004e115fbcca67', '0x0000000000000000000000003fc91a3afd70395cd496c647d5a6cc9d4b2b7fad', '0x0000000000000000000000003fc91a3afd70395cd496c647d5a6cc9d4b2b7fad']",0x000000000000000000000000000000000000000000000000000000001dcd6500fffffffffffffffffffffffffffffffffffffffffffffffffbc83d26d2d4ece30000000000000000000000000000000000006054ce4ac76708e0f1b1a38bc035000000000000000000000000000000000000000000000001f09cc15db053c444000000000000000000000000000000000000000000000000000000000003161d,0x112ab63,0x392a4f581b541b8fd39c4e0a388c73669cab98e41dc7ca64761ea6f25d3d1a6c,0x64ea494b,0x38678678a,0x39c6e,0x89,0x554fcd222806fe0445e4ffa8d03d09bf72b0ff303d5c3f2f2de2d40609603f4d,0x29,18000739,1693075787,2023-08-26 18:49:47,0x3fc91a3afd70395cd496c647d5a6cc9d4b2b7fad,0x3fc91a3afd70395cd496c647d5a6cc9d4b2b7fad,500000000,-303925737892287261,1953830331915943998131053871743029,35784689347313517636,202269
0x88e6a0c2ddd26feeb64f039a2c41296fcb3f5640,"['0xc42079f94a6350d7e6235f29174924f928cc2ac818eb64fed8004e115fbcca67', '0x0000000000000000000000003fc91a3afd70395cd496c647d5a6cc9d4b2b7fad', '0x0000000000000000000000002a182e532a379cb2c7f1b34ce3f76f3f7d3596f7']",0x0000000000000000000000000000000000000000000000000000000059682f00fffffffffffffffffffffffffffffffffffffffffffffffff358b898eba08e840000000000000000000000000000000000006054c7c4f457f86158c02706eb91000000000000000000000000000000000000000000000001f09cc15db053c444000000000000000000000000000000000000000000000000000000000003161d,0x112ab65,0xe56c8d580729688fabe3d269b0cdf35b2caa57f39ebde6fb5b7ee33cf20c8496,0x64ea4963,0x31dccab94,0x37db4,0x7c,0xf447f16f08dd39435b6ff937331c751412a3b26835377938e87997a1a5bef124,0x13,18000741,1693075811,2023-08-26 18:50:11,0x3fc91a3afd70395cd496c647d5a6cc9d4b2b7fad,0x2a182e532a379cb2c7f1b34ce3f76f3f7d3596f7,1500000000,-911775957614817660,1953828313222053843431370911050641,35784689347313517636,202269
0x88e6a0c2ddd26feeb64f039a2c41296fcb3f5640,"['0xc42079f94a6350d7e6235f29174924f928cc2ac818eb64fed8004e115fbcca67', '0x0000000000000000000000001111111254eeb25477b68fb85ed929f73a960582', '0x000000000000000000000000a7ca2c8673bcfa5a26d8ceec2887f2cc2b0db22a']",0x0000000000000000000000000000000000000000000000000000000005f5e100ffffffffffffffffffffffffffffffffffffffffffffffffff280c5e0f0433400000000000000000000000000000000000006054c755a209ac42fe36ab4ed6f5000000000000000000000000000000000000000000000001f09cc15db053c444000000000000000000000000000000000000000000000000000000000003161d,0x112ab66,0x43b2c92861f8588ceeda6e47aff2a97a5e68e28f56b2070b238e3072205c69d7,0x64ea496f,0x34f5a9c55,0x3e98f,0xda,0xbe9918d05f21bffef680185925e9b9a2ac6f885ec317169fde94da0337d9be8a,0x5d,18000742,1693075823,2023-08-26 18:50:23,0x1111111254eeb25477b68fb85ed929f73a960582,0xa7ca2c8673bcfa5a26d8ceec2887f2cc2b0db22a,100000000,-60784996851109056,1953828178642609483653529549592309,35784689347313517636,202269
0x88e6a0c2ddd26feeb64f039a2c41296fcb3f5640,"['0xc42079f94a6350d7e6235f29174924f928cc2ac818eb64fed8004e115fbcca67', '0x0000000000000000000000003fc91a3afd70395cd496c647d5a6cc9d4b2b7fad', '0x0000000000000000000000005839fa6e03aaf23b297162714c2bb0046770c626']",0xffffffffffffffffffffffffffffffffffffffffffffffffffffffffece6ef3100000000000000000000000000000000000000000000000002b49f799b32c8560000000000000000000000000000000000006054c8ba7f18e31a2b9c1216c2bf000000000000000000000000000000000000000000000001f09cc15db053c444000000000000000000000000000000000000000000000000000000000003161d,0x112ab67,0x130cdb0c6bde35a5a5e3d29437cce1a16010933fb359dd128a52b6dbdd644f5e,0x64ea497b,0x33692dcd2,0x2f429,0x7f,0xb867ff1cb23bddad68eef36b948f61750aa5221d024affe380e1e69ad0492b9f,0x1d,18000743,1693075835,2023-08-26 18:50:35,0x3fc91a3afd70395cd496c647d5a6cc9d4b2b7fad,0x5839fa6e03aaf23b297162714c2bb0046770c626,-320409807,194956028527429718,1953828610064124912013924560716479,35784689347313517636,202269
0x88e6a0c2ddd26feeb64f039a2c41296fcb3f5640,"['0xc42079f94a6350d7e6235f29174924f928cc2ac818eb64fed8004e115fbcca67', '0x0000000000000000000000003fc91a3afd70395cd496c647d5a6cc9d4b2b7fad', '0x0000000000000000000000003fc91a3afd70395cd496c647d5a6cc9d4b2b7fad']",0x000000000000000000000000000000000000000000000000000000007d9a24f7ffffffffffffffffffffffffffffffffffffffffffffffffee395ab1c520ac570000000000000000000000000000000000006054bf90ac0daaa058fac84fc645000000000000000000000000000000000000000000000001f09cc15db053c444000000000000000000000000000000000000000000000000000000000003161d,0x112ab67,0x130cdb0c6bde35a5a5e3d29437cce1a16010933fb359dd128a52b6dbdd644f5e,0x64ea497b,0x32aa71ad2,0x46749,0xa9,0xc214052bd0d779b2fb4c201c5d4716ba0f5c5ef5ed227fdbd1ac22b291ec4813,0x2d,18000743,1693075835,2023-08-26 18:50:35,0x3fc91a3afd70395cd496c647d5a6cc9d4b2b7fad,0x3fc91a3afd70395cd496c647d5a6cc9d4b2b7fad,2107254007,-1280892899447231401,1953825774136451604122875454277189,35784689347313517636,202269
0x88e6a0c2ddd26feeb64f039a2c41296fcb3f5640,"['0xc42079f94a6350d7e6235f29174924f928cc2ac818eb64fed8004e115fbcca67', '0x0000000000000000000000003fc91a3afd70395cd496c647d5a6cc9d4b2b7fad', '0x00000000000000000000000052a62fe122ff79741e54f70f784a7aaa2f970005']",0xffffffffffffffffffffffffffffffffffffffffffffffffffffffff634381b100000000000000000000000000000000000000000000000016345785d8a000000000000000000000000000000000000000006054cb017181b189cc3ad4951d98000000000000000000000000000000000000000000000001f09cc15db053c444000000000000000000000000000000000000000000000000000000000003161d,0x112ab69,0x25a7e3e6ca508e4e44e2da10f535a36d9b64b51ff53c6b1e3778ad3725727dc8,0x64ea4993,0x31a3c6dc4,0x21740,0x110,0xf9b5f156fecc4cda4375f2c5b56e92232a87d373b6a76863108a28c4c0feadb5,0x6d,18000745,1693075859,2023-08-26 18:50:59,0x3fc91a3afd70395cd496c647d5a6cc9d4b2b7fad,0x52a62fe122ff79741e54f70f784a7aaa2f970005,-2629598799,1600000000000000000,1953829314803697953250922131168664,35784689347313517636,202269
0x88e6a0c2ddd26feeb64f039a2c41296fcb3f5640,"['0xc42079f94a6350d7e6235f29174924f928cc2ac818eb64fed8004e115fbcca67', '0x000000000000000000000000def1c0ded9bec7f1a1670819833240f027b25eff', '0x000000000000000000000000def1c0ded9bec7f1a1670819833240f027b25eff']",0x00000000000000000000000000000000000000000000000000000000044a143bffffffffffffffffffffffffffffffffffffffffffffffffff6497cea1904b630000000000000000000000000000000000006054cab1550c441088bed56b8cbe000000000000000000000000000000000000000000000001f09cc15db053c444000000000000000000000000000000000000000000000000000000000003161d,0x112ab6c,0x303eb1ff644786cbb9b915269b225c84d1cb8d1c14edec278eb8271a32774f80,0x64ea49b7,0x32719c898,0x417ba,0xa0,0x9f48f08822b16086d7d8278f0c1c5bdc396856e6278976ccb900c2e0166d6b28,0x42,18000748,1693075895,2023-08-26 18:51:35,0xdef1c0ded9bec7f1a1670819833240f027b25eff,0xdef1c0ded9bec7f1a1670819833240f027b25eff,71963707,-43743182637216925,1953829217955239965093191914065086,35784689347313517636,202269
0x88e6a0c2ddd26feeb64f039a2c41296fcb3f5640,"['0xc42079f94a6350d7e6235f29174924f928cc2ac818eb64fed8004e115fbcca67', '0x000000000000000000000000ef1c6e67703c7bd7107eed8303fbe6ec2554bf6b', '0x0000000000000000000000001a36b4de48f9ce9cfb82e09e32666b4596f84660']",0xfffffffffffffffffffffffffffffffffffffffffffffffffffffffffb1a1c9f00000000000000000000000000000000000000000000000000b1a2bc2ec500000000000000000000000000000000000000006054cb0cdb37e447d458d5cdb778000000000000000000000000000000000000000000000001f09cc15db053c444000000000000000000000000000000000000000000000000000000000003161d,0x112ab6d,0x62461dd02d51f9db37efd3dedd923faa71c8d045edd6bd58d61e53dc841e85ac,0x64ea49c3,0x7be3f52e3,0x2157f,0xdd,0x7a817124d695643fd480de4268c5886e97545466a2d1735e139243a41aafa5d0,0x16,18000749,1693075907,2023-08-26 18:51:47,0xef1c6e67703c7bd7107eed8303fbe6ec2554bf6b,0x1a36b4de48f9ce9cfb82e09e32666b4596f84660,-82174817,50000000000000000,1953829328601091413503443372717944,35784689347313517636,202269
0x88e6a0c2ddd26feeb64f039a2c41296fcb3f5640,"['0xc42079f94a6350d7e6235f29174924f928cc2ac818eb64fed8004e115fbcca67', '0x0000000000000000000000003fc91a3afd70395cd496c647d5a6cc9d4b2b7fad', '0x0000000000000000000000002a182e532a379cb2c7f1b34ce3f76f3f7d3596f7']",0x000000000000000000000000000000000000000000000000000000003b9aca00fffffffffffffffffffffffffffffffffffffffffffffffff7907b7139092a500000000000000000000000000000000000006054c6b3a40a51164b2b00f49431000000000000000000000000000000000000000000000001f09cc15db053c444000000000000000000000000000000000000000000000000000000000003161d,0x112ab6f,0x42a96833b14a8d6f3e018bf2800a3a66a6cf926932a4cddda57db7afed5d1093,0x64ea49db,0x3168e535a,0x2f8cd,0x4e,0x738343f136e6db662a8928e27f35d486599e10f47a34f288229b3f4cf8830271,0xe,18000751,1693075931,2023-08-26 18:52:11,0x3fc91a3afd70395cd496c647d5a6cc9d4b2b7fad,0x2a182e532a379cb2c7f1b34ce3f76f3f7d3596f7,1000000000,-607850223476594096,1953827982806083315970597136405553,35784689347313517636,202269
0x88e6a0c2ddd26feeb64f039a2c41296fcb3f5640,"['0xc42079f94a6350d7e6235f29174924f928cc2ac818eb64fed8004e115fbcca67', '0x0000000000000000000000003fc91a3afd70395cd496c647d5a6cc9d4b2b7fad', '0x00000000000000000000000047523729b3a8c51ef7df0e7e49d7565280173542']",0xffffffffffffffffffffffffffffffffffffffffffffffffffffffff01cbad2f00000000000000000000000000000000000000000000000024033d607c1bdbd90000000000000000000000000000000000006054d941b6fe7037a2563b4ae560000000000000000000000000000000000000000000000001f09cc15db053c444000000000000000000000000000000000000000000000000000000000003161d,0x112ab70,0xecaea5c97ea28dc60ec8878fdfb071f4b7d09ff6a4ededb7f2179c127cf3e8f9,0x64ea49e7,0x319932d0e,0x21770,0xe9,0x3a712a5f30dfab1321e09bf38fc78df3da3f5dc4f58eddc7f4b81765f64f4336,0x6e,18000752,1693075943,2023-08-26 18:52:23,0x3fc91a3afd70395cd496c647d5a6cc9d4b2b7fad,0x47523729b3a8c51ef7df0e7e49d7565280173542,-4264841937,2594985294903892953,1953833725293232330874748316345696,35784689347313517636,202269
0x88e6a0c2ddd26feeb64f039a2c41296fcb3f5640,"['0xc42079f94a6350d7e6235f29174924f928cc2ac818eb64fed8004e115fbcca67', '0x0000000000000000000000003fc91a3afd70395cd496c647d5a6cc9d4b2b7fad', '0x0000000000000000000000003fc91a3afd70395cd496c647d5a6cc9d4b2b7fad']",0x0000000000000000000000000000000000000000000000000000000014523149fffffffffffffffffffffffffffffffffffffffffffffffffd1fc001e3a199ff0000000000000000000000000000000000006054d7c62ef1c6d4a493b12a034a000000000000000000000000000000000000000000000001f09cc15db053c444000000000000000000000000000000000000000000000000000000000003161d,0x112ab72,0xe6f6b272c6c38567b7e0163448edc60fe7408ced993db9e78d498999459f35d1,0x64ea49ff,0x2fc93d743,0x2218f,0x114,0xebd9e73395c384cfd71c15718df96ff0880bfc5f697107c5eb7c4a0bd88ab7f0,0x61,18000754,1693075967,2023-08-26 18:52:47,0x3fc91a3afd70395cd496c647d5a6cc9d4b2b7fad,0x3fc91a3afd70395cd496c647d5a6cc9d4b2b7fad,340930889,-207235943489234433,1953833266467871288734182728663882,35784689347313517636,202269
0x88e6a0c2ddd26feeb64f039a2c41296fcb3f5640,"['0xc42079f94a6350d7e6235f29174924f928cc2ac818eb64fed8004e115fbcca67', '0x0000000000000000000000003fc91a3afd70395cd496c647d5a6cc9d4b2b7fad', '0x0000000000000000000000003fc91a3afd70395cd496c647d5a6cc9d4b2b7fad']",0x000000000000000000000000000000000000000000000000000000003b9ad59dfffffffffffffffffffffffffffffffffffffffffffffffff79077920e387cbf0000000000000000000000000000000000006054d36cf5c5432511de665edeca000000000000000000000000000000000000000000000001f09cc15db053c444000000000000000000000000000000000000000000000000000000000003161d,0x112ab76,0x3b4665992ae6d02a957e950bd72e6ff1bb4adf9494c68eee69f8fe15b78e6519,0x64ea4a2f,0x300166604,0x2939e,0x243,0xbac3e9c8e9b5d124af7654801c19f69b9435cf782e484ab0a98c32aa1d86301a,0x6f,18000758,1693076015,2023-08-26 18:53:35,0x3fc91a3afd70395cd496c647d5a6cc9d4b2b7fad,0x3fc91a3afd70395cd496c647d5a6cc9d4b2b7fad,1000002973,-607854480507503425,1953831920663438022424851048750794,35784689347313517636,202269
0x88e6a0c2ddd26feeb64f039a2c41296fcb3f5640,"['0xc42079f94a6350d7e6235f29174924f928cc2ac818eb64fed8004e115fbcca67', '0x0000000000000000000000003fc91a3afd70395cd496c647d5a6cc9d4b2b7fad', '0x0000000000000000000000003785ca1128d2efddfec1a87ddb5686b59c7138f8']",0x000000000000000000000000000000000000000000000000000000001dcd6500fffffffffffffffffffffffffffffffffffffffffffffffffbc83ce47bd60d390000000000000000000000000000000000006054d14059c11fe257bb7afb21de000000000000000000000000000000000000000000000001f09cc15db053c444000000000000000000000000000000000000000000000000000000000003161d,0x112ab77,0x8026ace8c887da9700fb7d05dc2584ced20595bae1bf5ad54019a60e6a6c8f7a,0x64ea4a3b,0x318f0dbfb,0x33c02,0x2,0xe3264ce7c2b125923df85770d182200968ae2c8ac37e862b3050639c4c068a16,0x,18000759,1693076027,2023-08-26 18:53:47,0x3fc91a3afd70395cd496c647d5a6cc9d4b2b7fad,0x3785ca1128d2efddfec1a87ddb5686b59c7138f8,500000000,-303926022819672775,1953831247763916817589271489356254,35784689347313517636,202269
0x88e6a0c2ddd26feeb64f039a2c41296fcb3f5640,"['0xc42079f94a6350d7e6235f29174924f928cc2ac818eb64fed8004e115fbcca67', '0x0000000000000000000000003fc91a3afd70395cd496c647d5a6cc9d4b2b7fad', '0x000000000000000000000000ac08eeb1853ca05810c0843b722f1ad6d64270a5']",0xfffffffffffffffffffffffffffffffffffffffffffffffffffffffddeb2c3920000000000000000000000000000000000000000000000004d409bf75481f87f0000000000000000000000000000000000006054f90df326fbd8c3176d26d1fc000000000000000000000000000000000000000000000001f09cc15db053c444000000000000000000000000000000000000000000000000000000000003161d,0x112ab7d,0xbbd91a7e08a84f303353467e34ec79f60d0f9ed1338019a0122fea6b531218ce,0x64ea4a83,0x3b3e10c4a,0x3ea10,0x21,0x5229a6f2cfd4bb211ca7f787cc894dc39e376de9aa3642ed18b54e04070f5151,0x5,18000765,1693076099,2023-08-26 18:54:59,0x3fc91a3afd70395cd496c647d5a6cc9d4b2b7fad,0xac08eeb1853ca05810c0843b722f1ad6d64270a5,-9148644462,5566620626006964351,1953843566233493914050414179176956,35784689347313517636,202269
0x88e6a0c2ddd26feeb64f039a2c41296fcb3f5640,"['0xc42079f94a6350d7e6235f29174924f928cc2ac818eb64fed8004e115fbcca67', '0x0000000000000000000000003fc91a3afd70395cd496c647d5a6cc9d4b2b7fad', '0x0000000000000000000000009ade3067e2f6e9915d0f276687877fbe1515a006']",0xfffffffffffffffffffffffffffffffffffffffffffffffffffffff3c15558c4000000000000000000000000000000000000000000000001bc16d674ec800000000000000000000000000000000000000000605509367684133b86100548b62c00000000000000000000000000000000000000000000001b785193c920014fde000000000000000000000000000000000000000000000000000000000003161d,0x112ab7f,0x86d69a9af82d6b3e15a193b51c25bb46b8cf47e7d6a74d5c84163908d798c1ee,0x64ea4a9b,0x2a1cfc80d,0x21892,0x13,0x6425668b0b5399c6fc46842d1d7a6e05fb7ac9def3018ea99866f706ee65740b,0x7,18000767,1693076123,2023-08-26 18:55:23,0x3fc91a3afd70395cd496c647d5a6cc9d4b2b7fad,0x9ade3067e2f6e9915d0f276687877fbe1515a006,-52590978876,32000000000000000000,1953848566971031081735042825238060,506731963239857475550,202269
0x88e6a0c2ddd26feeb64f039a2c41296fcb3f5640,"['0xc42079f94a6350d7e6235f29174924f928cc2ac818eb64fed8004e115fbcca67', '0x0000000000000000000000001111111254eeb25477b68fb85ed929f73a960582', '0x0000000000000000000000001111111254eeb25477b68fb85ed929f73a960582']",0x00000000000000000000000000000000000000000000000000000001276a5f90ffffffffffffffffffffffffffffffffffffffffffffffffd630b551949eaf430000000000000000000000000000000000006054f3a8feac693be4aeabe6e037000000000000000000000000000000000000000000000001f09cc15db053c444000000000000000000000000000000000000000000000000000000000003161d,0x112ab7f,0x86d69a9af82d6b3e15a193b51c25bb46b8cf47e7d6a74d5c84163908d798c1ee,0x64ea4a9b,0x2a1d370cd,0x492e2,0xd4,0xf80f601d2cbaff4fb5faded4536430f6652bb275216eb37419ba35dbfb5445be,0x5f,18000767,1693076123,2023-08-26 18:55:23,0x1111111254eeb25477b68fb85ed929f73a960582,0x1111111254eeb25477b68fb85ed929f73a960582,4956250000,-3012708788720455869,1953841896761344356701599682715703,35784689347313517636,202269
0x88e6a0c2ddd26feeb64f039a2c41296fcb3f5640,"['0xc42079f94a6350d7e6235f29174924f928cc2ac818eb64fed8004e115fbcca67', '0x000000000000000000000000f4d34d7fdd2ed5d57c6f583237bb038fc3839d17', '0x000000000000000000000000a88800cd213da5ae406ce248380802bd53b47647']",0x0000000000000000000000000000000000000000000000000000000061ad30cefffffffffffffffffffffffffffffffffffffffffffffffff22d1144765443ac0000000000000000000000000000000000006054ec88b37d0c14740b74cda274000000000000000000000000000000000000000000000001f09cc15db053c444000000000000000000000000000000000000000000000000000000000003161d,0x112ab8c,0x221acc88b4a4ad35b7f8b3fbbc0a26acb16de4dbb003371b13917906e25aa3c2,0x64ea4b37,0x3565f624d,0x4a34f,0x90,0x83c44e1b046e62cb8e27b152a3fde6f14d5a2b36589e3f3998ff2528f202ba93,0xf,18000780,1693076279,2023-08-26 18:57:59,0xf4d34d7fdd2ed5d57c6f583237bb038fc3839d17,0xa88800cd213da5ae406ce248380802bd53b47647,1638740174,-996120956838329428,1953839691325598183973681353302644,35784689347313517636,202269
0x88e6a0c2ddd26feeb64f039a2c41296fcb3f5640,"['0xc42079f94a6350d7e6235f29174924f928cc2ac818eb64fed8004e115fbcca67', '0x0000000000000000000000003208684f96458c540eb08f6f01b9e9afb2b7d4f0', '0x0000000000000000000000003208684f96458c540eb08f6f01b9e9afb2b7d4f0']",0x00000000000000000000000000000000000000000000000000000000b0aa6749ffffffffffffffffffffffffffffffffffffffffffffffffe6ff38bb2e92e3b90000000000000000000000000000000000006054dfa5259f0fded85ccc827b44000000000000000000000000000000000000000000000001f09cc15db053c444000000000000000000000000000000000000000000000000000000000003161d,0x112ab90,0xa8edc69975efb80f425b11a20054129c1e37a63ba33a961ca7bf0307976918c9,0x64ea4b67,0x2db4dc3c5,0x70270,0x2f,0x7970a10c4f5419e47b0783eb8758392b9b444b63b629fddce83112ab24f487b9,0x6,18000784,1693076327,2023-08-26 18:58:47,0x3208684f96458c540eb08f6f01b9e9afb2b7d4f0,0x3208684f96458c540eb08f6f01b9e9afb2b7d4f0,2963957577,-1801658949333490759,1953835702409370697184078437972804,35784689347313517636,202269
0x88e6a0c2ddd26feeb64f039a2c41296fcb3f5640,"['0xc42079f94a6350d7e6235f29174924f928cc2ac818eb64fed8004e115fbcca67', '0x0000000000000000000000003fc91a3afd70395cd496c647d5a6cc9d4b2b7fad', '0x0000000000000000000000003fc91a3afd70395cd496c647d5a6cc9d4b2b7fad']",0x000000000000000000000000000000000000000000000000000000001dcd6500fffffffffffffffffffffffffffffffffffffffffffffffffbc83bd28d1fa5330000000000000000000000000000000000006054dd78890db6ce34439c80a33a000000000000000000000000000000000000000000000001f09cc15db053c444000000000000000000000000000000000000000000000000000000000003161d,0x112ab93,0xd7f151eb68ec2d8b7fc87640ca0e2544061bcc778bac790a96eb50d0b0bf2b38,0x64ea4b8b,0x2d193b896,0x342b2,0xc8,0x0ef02de5a8dbf72480474ae26622c56322a0f8694f504eed384540d9bb504957,0x4e,18000787,1693076363,2023-08-26 18:59:23,0x3fc91a3afd70395cd496c647d5a6cc9d4b2b7fad,0x3fc91a3afd70395cd496c647d5a6cc9d4b2b7fad,500000000,-303927199350676173,1953835029507244624422007673496378,35784689347313517636,202269
0x88e6a0c2ddd26feeb64f039a2c41296fcb3f5640,"['0xc42079f94a6350d7e6235f29174924f928cc2ac818eb64fed8004e115fbcca67', '0x000000000000000000000000def1c0ded9bec7f1a1670819833240f027b25eff', '0x000000000000000000000000303a9ceb71a04af1c4f5a4d8574331b0d562c5a5']",0xfffffffffffffffffffffffffffffffffffffffffffffffffffffffefd01b0d800000000000000000000000000000000000000000000000024b0fdb9140cad3f0000000000000000000000000000000000006054f06021d56ac5f9614f3f8ecd000000000000000000000000000000000000000000000001f09cc15db053c444000000000000000000000000000000000000000000000000000000000003161d,0x112ab96,0x3562b647fb23995eabf18ab1f6f1f7d6ec77d9a30c47ee80c39e5d5453f7bae0,0x64ea4baf,0x322689f4a,0x2d19c,0x6f,0x6fd887b89275fe6362e31c17319a29c586e46a5d53abe80264def50fa7195526,0x13,18000790,1693076399,2023-08-26 18:59:59,0xdef1c0ded9bec7f1a1670819833240f027b25eff,0x303a9ceb71a04af1c4f5a4d8574331b0d562c5a5,-4345188136,2643891952613633343,1953840880220769315129821730148045,35784689347313517636,202269
0x88e6a0c2ddd26feeb64f039a2c41296fcb3f5640,"['0xc42079f94a6350d7e6235f29174924f928cc2ac818eb64fed8004e115fbcca67', '0x0000000000000000000000003fc91a3afd70395cd496c647d5a6cc9d4b2b7fad', '0x0000000000000000000000003fc91a3afd70395cd496c647d5a6cc9d4b2b7fad']",0x00000000000000000000000000000000000000000000000000000000069db9c0ffffffffffffffffffffffffffffffffffffffffffffffffff104a60ff8b00db0000000000000000000000000000000000006054efe4904eb6ef540a38e38f2d000000000000000000000000000000000000000000000001f09cc15db053c444000000000000000000000000000000000000000000000000000000000003161d,0x112ab9a,0x99e4c2c1301b092235eb3d0d8efe4e19067045f46618d1c2d3bf3a6ce824c7ba,0x64ea4bdf,0x2eb69c369,0x2b912,0x77,0x0cef053b4aed47e0589932071d8bf4dae8b0642937db6edc8a1a8f1703d29ace,0x2f,18000794,1693076447,2023-08-26 19:00:47,0x3fc91a3afd70395cd496c647d5a6cc9d4b2b7fad,0x3fc91a3afd70395cd496c647d5a6cc9d4b2b7fad,111000000,-67472213945941797,1953840730835665540081686344339245,35784689347313517636,202269
0x88e6a0c2ddd26feeb64f039a2c41296fcb3f5640,"['0xc42079f94a6350d7e6235f29174924f928cc2ac818eb64fed8004e115fbcca67', '0x0000000000000000000000001111111254eeb25477b68fb85ed929f73a960582', '0x0000000000000000000000001111111254eeb25477b68fb85ed929f73a960582']",0x00000000000000000000000000000000000000000000000000000000119974b6fffffffffffffffffffffffffffffffffffffffffffffffffd825a35a82994790000000000000000000000000000000000006054ee9bdc6d737f7559c004569a000000000000000000000000000000000000000000000001f09cc15db053c444000000000000000000000000000000000000000000000000000000000003161d,0x112ab9a,0x99e4c2c1301b092235eb3d0d8efe4e19067045f46618d1c2d3bf3a6ce824c7ba,0x64ea4bdf,0x2f7558569,0x30eba,0xb8,0x1772a572b740154f3c48c541d813cfe53fc347a044f568326be6d9a3ec29c360,0x5b,18000794,1693076447,2023-08-26 19:00:47,0x1111111254eeb25477b68fb85ed929f73a960582,0x1111111254eeb25477b68fb85ed929f73a960582,295269558,-179481848640334727,1953840333458537729285693418788506,35784689347313517636,202269
0x88e6a0c2ddd26feeb64f039a2c41296fcb3f5640,"['0xc42079f94a6350d7e6235f29174924f928cc2ac818eb64fed8004e115fbcca67', '0x00000000000000000000000068b3465833fb72a70ecdf485e0e4c7bd8665fc45', '0x00000000000000000000000068b3465833fb72a70ecdf485e0e4c7bd8665fc45']",0x00000000000000000000000000000000000000000000000000000002407f0200ffffffffffffffffffffffffffffffffffffffffffffffffae690884ee4b84500000000000000000000000000000000000006054c48cc88b4975a5d6e85dbab9000000000000000000000000000000000000000000000001f09cc15db053c444000000000000000000000000000000000000000000000000000000000003161d,0x112ab9a,0x99e4c2c1301b092235eb3d0d8efe4e19067045f46618d1c2d3bf3a6ce824c7ba,0x64ea4bdf,0x46ed2103c,0x34cd7,0xbe,0x5a8acd2ae76169e45e40e78e1c9a57da9b20d6aefee0ffec924aa4dea3ab6521,0x5c,18000794,1693076447,2023-08-26 19:00:47,0x68b3465833fb72a70ecdf485e0e4c7bd8665fc45,0x68b3465833fb72a70ecdf485e0e4c7bd8665fc45,9672000000,-5879158471528840112,1953827316860340982057802485578425,35784689347313517636,202269
0x88e6a0c2ddd26feeb64f039a2c41296fcb3f5640,"['0xc42079f94a6350d7e6235f29174924f928cc2ac818eb64fed8004e115fbcca67', '0x0000000000000000000000000b8a49d816cc709b6eadb09498030ae3416b66dc', '0x0000000000000000000000009e0905249ceefffb9605e034b534544684a58be6']",0x00000000000000000000000000000000000000000000000000000000921a7016ffffffffffffffffffffffffffffffffffffffffffffffffeb5297c447ca14fe0000000000000000000000000000000000006054b9e4122874e406f33f9eeeaa000000000000000000000000000000000000000000000001f09cc15db053c444000000000000000000000000000000000000000000000000000000000003161d,0x112ab9d,0xfaaf7255f6de6a0d50539785f95d6ea8da461228f990690d31f11fd94fe58411,0x64ea4c03,0x6ecaebea5,0x4b8d3,0x126,0xe3db831aaf0e66ddb5aae49009ce3ca6d674be1e7360969040ef35e9524fe746,0x79,18000797,1693076483,2023-08-26 19:01:23,0x0b8a49d816cc709b6eadb09498030ae3416b66dc,0x9e0905249ceefffb9605e034b534544684a58be6,2451206166,-1489961657432402690,1953824018049411275349406632570538,35784689347313517636,202269
0x88e6a0c2ddd26feeb64f039a2c41296fcb3f5640,"['0xc42079f94a6350d7e6235f29174924f928cc2ac818eb64fed8004e115fbcca67', '0x000000000000000000000000e592427a0aece92de3edee1f18e0157c05861564', '0x0000000000000000000000009008d19f58aabd9ed0d60971565aa8510560ab41']",0xfffffffffffffffffffffffffffffffffffffffffffffffffffffff6ba7747420000000000000000000000000000000000000000000000015042ce4c409d12a80000000000000000000000000000000000006055672517ca24e313a531698061000000000000000000000000000000000000000000000001f07499591a3088be000000000000000000000000000000000000000000000000000000000003161e,0x112ab9e,0x0e401f7cc8718370ac8897c04b3f1fc4e3e761c37e7e7507755dac225ed9e5c3,0x64ea4c0f,0x30628952a,0x785d2,0xc2,0x3050eeb5bbdab92d02a99ac66edfcc767de4ae605a0172596c9bbf8e62947c4b,0x34,18000798,1693076495,2023-08-26 19:01:35,0xe592427a0aece92de3edee1f18e0157c05861564,0x9008d19f58aabd9ed0d60971565aa8510560ab41,-39821293758,24230155772103561896,1953877637562883083076441943408737,35773386348081219774,202270
0x88e6a0c2ddd26feeb64f039a2c41296fcb3f5640,"['0xc42079f94a6350d7e6235f29174924f928cc2ac818eb64fed8004e115fbcca67', '0x0000000000000000000000001111111254eeb25477b68fb85ed929f73a960582', '0x0000000000000000000000001111111254eeb25477b68fb85ed929f73a960582']",0x0000000000000000000000000000000000000000000000000000000196ed6b20ffffffffffffffffffffffffffffffffffffffffffffffffc66810fc69c6c3f2000000000000000000000000000000000000605549748c12056286093a7ec11e000000000000000000000000000000000000000000000001f09cc15db053c444000000000000000000000000000000000000000000000000000000000003161d,0x112ab9e,0x0e401f7cc8718370ac8897c04b3f1fc4e3e761c37e7e7507755dac225ed9e5c3,0x64ea4c0f,0x2ce6a33fd,0x2687e,0xeb,0x3d62dbcf16e4efcbf3ae22d79467a74f06b7f8fa2ce29eb4e4225854fdba4ed8,0x41,18000798,1693076495,2023-08-26 19:01:35,0x1111111254eeb25477b68fb85ed929f73a960582,0x1111111254eeb25477b68fb85ed929f73a960582,6827109152,-4150048380329475086,1953868449066848599896357737513246,35784689347313517636,202269
0x88e6a0c2ddd26feeb64f039a2c41296fcb3f5640,"['0xc42079f94a6350d7e6235f29174924f928cc2ac818eb64fed8004e115fbcca67', '0x0000000000000000000000001111111254eeb25477b68fb85ed929f73a960582', '0x000000000000000000000000a7ca2c8673bcfa5a26d8ceec2887f2cc2b0db22a']",0x00000000000000000000000000000000000000000000000000000000574ade05fffffffffffffffffffffffffffffffffffffffffffffffff3a53544b06f2efd0000000000000000000000000000000000006055431626b4101d828ec71b93e8000000000000000000000000000000000000000000000001f09cc15db053c444000000000000000000000000000000000000000000000000000000000003161d,0x112aba0,0xd3a11d39ea4ca8d8e74973c0b69fee9d4042003058e070a876d13a030a76048f,0x64ea4c27,0x2ac33136f,0x3d6ff,0xe8,0x57cfdc39a7ad6ca56e0ef4d434a80b2e681ab2ecf9fb26092b8e2d827bd5977d,0x3b,18000800,1693076519,2023-08-26 19:01:59,0x1111111254eeb25477b68fb85ed929f73a960582,0xa7ca2c8673bcfa5a26d8ceec2887f2cc2b0db22a,1464524293,-890246782201680131,1953866478039070392545976669410280,35784689347313517636,202269
0x88e6a0c2ddd26feeb64f039a2c41296fcb3f5640,"['0xc42079f94a6350d7e6235f29174924f928cc2ac818eb64fed8004e115fbcca67', '0x0000000000000000000000003fc91a3afd70395cd496c647d5a6cc9d4b2b7fad', '0x0000000000000000000000002121faf3131f86f4d872035c2b5f8efd4a478c7b']",0xffffffffffffffffffffffffffffffffffffffffffffffffffffffff3c167ee50000000000000000000000000000000000000000000000001bc16d674ec80000000000000000000000000000000000000000605551631d8518c1529ed672410f000000000000000000000000000000000000000000000001f09cc15db053c444000000000000000000000000000000000000000000000000000000000003161d,0x112aba4,0x7ba09807c1ce058cddba26816a1df289339d559fa3199199f3c4842b21039a80,0x64ea4c57,0x2c4881afa,0x21740,0xb7,0xd46b443d94bfe9e9c896e1ecd9e2de9515cbb10b9c3ec6c1a58500c870b1b3ae,0x40,18000804,1693076567,2023-08-26 19:02:47,0x3fc91a3afd70395cd496c647d5a6cc9d4b2b7fad,0x2121faf3131f86f4d872035c2b5f8efd4a478c7b,-3286860059,2000000000000000000,1953870903873128328956035015524623,35784689347313517636,202269
0x88e6a0c2ddd26feeb64f039a2c41296fcb3f5640,"['0xc42079f94a6350d7e6235f29174924f928cc2ac818eb64fed8004e115fbcca67', '0x0000000000000000000000003fc91a3afd70395cd496c647d5a6cc9d4b2b7fad', '0x0000000000000000000000005c2b423d51703619be88587b29df8952f87dca9d']",0xffffffffffffffffffffffffffffffffffffffffffffffffffffffff287f685d0000000000000000000000000000000000000000000000001e87f85809dc00000000000000000000000000000000000000006055611e2d04a2425116e7519921000000000000000000000000000000000000000000000001f09cc15db053c444000000000000000000000000000000000000000000000000000000000003161d,0x112aba4,0x7ba09807c1ce058cddba26816a1df289339d559fa3199199f3c4842b21039a80,0x64ea4c57,0x2b89c58fa,0x21b40,0x14b,0xac8f517d4426233a87cad7779dbf0a6e0a5237e6cc09b5c4db85745333b36509,0x66,18000804,1693076567,2023-08-26 19:02:47,0x3fc91a3afd70395cd496c647d5a6cc9d4b2b7fad,0x5c2b423d51703619be88587b29df8952f87dca9d,-3615528867,2200000000000000000,1953875772290592059007099196250401,35784689347313517636,202269
0x88e6a0c2ddd26feeb64f039a2c41296fcb3f5640,"['0xc42079f94a6350d7e6235f29174924f928cc2ac818eb64fed8004e115fbcca67', '0x0000000000000000000000003208684f96458c540eb08f6f01b9e9afb2b7d4f0', '0x0000000000000000000000003208684f96458c540eb08f6f01b9e9afb2b7d4f0']",0x00000000000000000000000000000000000000000000000000000003ea6613b9ffffffffffffffffffffffffffffffffffffffffffffffff72211082aa0a7708000000000000000000000000000000000000605517fc0824f6dc4c02e726e6ae000000000000000000000000000000000000000000000001f09cc15db053c444000000000000000000000000000000000000000000000000000000000003161d,0x112aba5,0xf6f341dae0fc1ab48abebb9f6ba8a76317e771a1cc0002475b70714e3f9d2b09,0x64ea4c63,0x2f3fc1cf8,0x64918,0x25,0x738d6cbadaf24a0c40a282d5e419c7f7acc24ea3bc78745a16c9b8d9b3ffcb0f,0x1,18000805,1693076579,2023-08-26 19:02:59,0x3208684f96458c540eb08f6f01b9e9afb2b7d4f0,0x3208684f96458c540eb08f6f01b9e9afb2b7d4f0,16817460153,-10222871525769709816,1953853138607266066043334319072942,35784689347313517636,202269
0x88e6a0c2ddd26feeb64f039a2c41296fcb3f5640,"['0xc42079f94a6350d7e6235f29174924f928cc2ac818eb64fed8004e115fbcca67', '0x00000000000000000000000000000000032962b51589768828ad878876299e14', '0x00000000000000000000000000000000032962b51589768828ad878876299e14']",0x0000000000000000000000000000000000000000000000000000000388d61093ffffffffffffffffffffffffffffffffffffffffffffffff7ff0acf96ce690250000000000000000000000000000000000006054d5f87826017ca3a7416c1abe000000000000000000000000000000000000000000000001f09cc15db053c444000000000000000000000000000000000000000000000000000000000003161d,0x112aba5,0xf6f341dae0fc1ab48abebb9f6ba8a76317e771a1cc0002475b70714e3f9d2b09,0x64ea4c63,0x2a67faff8,0x91540,0x3b,0xfea07b3da2ea1033f00ab14a6fe9822d99a18e301195c01a2ef6104c4ca1f143,0x2,18000805,1693076579,2023-08-26 19:02:59,0x00000000032962b51589768828ad878876299e14,0x00000000032962b51589768828ad878876299e14,15180632211,-9227685449208262619,1953832708289838837344055811906238,35784689347313517636,202269
0x88e6a0c2ddd26feeb64f039a2c41296fcb3f5640,"['0xc42079f94a6350d7e6235f29174924f928cc2ac818eb64fed8004e115fbcca67', '0x000000000000000000000000b2d392abb24e79baf51eec7e2a9955509a42663b', '0x000000000000000000000000b2d392abb24e79baf51eec7e2a9955509a42663b']",0x000000000000000000000000000000000000000000000000000000003d648d80fffffffffffffffffffffffffffffffffffffffffffffffff74fb0632a642d8e0000000000000000000000000000000000006054d17dda7735d46fe0d3962356000000000000000000000000000000000000000000000001f09cc15db053c444000000000000000000000000000000000000000000000000000000000003161d,0x112aba5,0xf6f341dae0fc1ab48abebb9f6ba8a76317e771a1cc0002475b70714e3f9d2b09,0x64ea4c63,0x2ac7590f8,0x68c59,0x183,0x19d173ceea4ae36ec20d4bcc42fc74415d2d2b9d40d0a215bd0e166f49a454ae,0x77,18000805,1693076579,2023-08-26 19:02:59,0xb2d392abb24e79baf51eec7e2a9955509a42663b,0xb2d392abb24e79baf51eec7e2a9955509a42663b,1030000000,-626087883221750386,1953831322116213612663348712055638,35784689347313517636,202269
0x88e6a0c2ddd26feeb64f039a2c41296fcb3f5640,"['0xc42079f94a6350d7e6235f29174924f928cc2ac818eb64fed8004e115fbcca67', '0x0000000000000000000000003fc91a3afd70395cd496c647d5a6cc9d4b2b7fad', '0x0000000000000000000000003fc91a3afd70395cd496c647d5a6cc9d4b2b7fad']",0x000000000000000000000000000000000000000000000000000000005607c902fffffffffffffffffffffffffffffffffffffffffffffffff3d30d891d221bb00000000000000000000000000000000000006054cb37170ede1f3ad6e1ab0eb5000000000000000000000000000000000000000000000001f09cc15db053c444000000000000000000000000000000000000000000000000000000000003161d,0x112aba6,0x111290a32c2eb091f24bba22d77cfc6650f69959ed35135f20a5a72db4817a91,0x64ea4c6f,0x2b69011d9,0x2218f,0x10d,0xa2089ec6292569f9d61a37b181eb37816405dfe56258a909dd9c13e2d701c3c4,0x62,18000806,1693076591,2023-08-26 19:03:11,0x3fc91a3afd70395cd496c647d5a6cc9d4b2b7fad,0x3fc91a3afd70395cd496c647d5a6cc9d4b2b7fad,1443350786,-877342619856659536,1953829379658561066009678609845941,35784689347313517636,202269
0x88e6a0c2ddd26feeb64f039a2c41296fcb3f5640,"['0xc42079f94a6350d7e6235f29174924f928cc2ac818eb64fed8004e115fbcca67', '0x00000000000000000000000068b3465833fb72a70ecdf485e0e4c7bd8665fc45', '0x000000000000000000000000ce16f69375520ab01377ce7b88f5ba8c48f8d666']",0xfffffffffffffffffffffffffffffffffffffffffffffffffffffffff6343963000000000000000000000000000000000000000000000000016345785d8a00000000000000000000000000000000000000006054cbee23661e8dd20ae26f642a000000000000000000000000000000000000000000000001f09cc15db053c444000000000000000000000000000000000000000000000000000000000003161d,0x112aba7,0xe393db35477dcfcac45c71db71d192b3cf60cc5ebfb6d79a1f58d09a89b82d4a,0x64ea4c7b,0x2a26769ba,0x3e66c,0xe8,0xa4f6247dca9378f5977e6668e24a123fb62e258770a20d4e08c8d06fecfad1a9,0x90,18000807,1693076603,2023-08-26 19:03:23,0x68b3465833fb72a70ecdf485e0e4c7bd8665fc45,0xce16f69375520ab01377ce7b88f5ba8c48f8d666,-164349597,100000000000000000,1953829600950263962830181527151658,35784689347313517636,202269
0x88e6a0c2ddd26feeb64f039a2c41296fcb3f5640,"['0xc42079f94a6350d7e6235f29174924f928cc2ac818eb64fed8004e115fbcca67', '0x0000000000000000000000003fc91a3afd70395cd496c647d5a6cc9d4b2b7fad', '0x000000000000000000000000c93878e675098943c1b23c95acdf0b4ce9461a43']",0xffffffffffffffffffffffffffffffffffffffffffffffffffffffff4cbbcd6a0000000000000000000000000000000000000000000000001965774de2f700000000000000000000000000000000000000006054d903eba2d3426ddc23ab800a000000000000000000000000000000000000000000000001f09cc15db053c444000000000000000000000000000000000000000000000000000000000003161d,0x112aba7,0xe393db35477dcfcac45c71db71d192b3cf60cc5ebfb6d79a1f58d09a89b82d4a,0x64ea4c7b,0x2a26769ba,0x21740,0x104,0x376bc6e8b007aed9127e3ea57fa5e9854c0841a394ed4f47f374c854d8b257ab,0x9e,18000807,1693076603,2023-08-26 19:03:23,0x3fc91a3afd70395cd496c647d5a6cc9d4b2b7fad,0xc93878e675098943c1b23c95acdf0b4ce9461a43,-3007591062,1830000000000000000,1953833650588426974645384913846282,35784689347313517636,202269
0x88e6a0c2ddd26feeb64f039a2c41296fcb3f5640,"['0xc42079f94a6350d7e6235f29174924f928cc2ac818eb64fed8004e115fbcca67', '0x0000000000000000000000003208684f96458c540eb08f6f01b9e9afb2b7d4f0', '0x0000000000000000000000003208684f96458c540eb08f6f01b9e9afb2b7d4f0']",0x00000000000000000000000000000000000000000000000000000000c6bfb432ffffffffffffffffffffffffffffffffffffffffffffffffe3df2bb12ec6f4a50000000000000000000000000000000000006054ca83f227782b1c8d57acb331000000000000000000000000000000000000000000000001f09cc15db053c444000000000000000000000000000000000000000000000000000000000003161d,0x112abab,0xca7e76f6e981b965bf45f73f670ee3778c082736f4195a8d0656229d1cc541bc,0x64ea4cab,0x3fcd89f9e,0x6dba7,0x19,0xcaab5d1e2b7a601e31b9f4968b3a117b56b46109029f79161b8caa6ccdc187b3,0x3,18000811,1693076651,2023-08-26 19:04:11,0x3208684f96458c540eb08f6f01b9e9afb2b7d4f0,0x3208684f96458c540eb08f6f01b9e9afb2b7d4f0,3334452274,-2026853267299437403,1953829163086565617196528858608433,35784689347313517636,202269
0x88e6a0c2ddd26feeb64f039a2c41296fcb3f5640,"['0xc42079f94a6350d7e6235f29174924f928cc2ac818eb64fed8004e115fbcca67', '0x0000000000000000000000003fc91a3afd70395cd496c647d5a6cc9d4b2b7fad', '0x0000000000000000000000003fc91a3afd70395cd496c647d5a6cc9d4b2b7fad']",0x0000000000000000000000000000000000000000000000000000000059682f00fffffffffffffffffffffffffffffffffffffffffffffffff358b996e9e6ad640000000000000000000000000000000000006054c3fe1f9b562c7cab847c24b7000000000000000000000000000000000000000000000001f09cc15db053c444000000000000000000000000000000000000000000000000000000000003161d,0x112abac,0x8c1aaca88b9ae336ed84654b8467fef3ddf3f52fa55c098bfabeb2cafd90d3fa,0x64ea4cb7,0x3018334bb,0x3467a,0xfa,0xfd086742c181edf0a7eaac2c1ea61fecf854d9618b34152de0c87789538e63fe,0x47,18000812,1693076663,2023-08-26 19:04:23,0x3fc91a3afd70395cd496c647d5a6cc9d4b2b7fad,0x3fc91a3afd70395cd496c647d5a6cc9d4b2b7fad,1500000000,-911774866722083484,1953827144395090725236451846137015,35784689347313517636,202269
0x88e6a0c2ddd26feeb64f039a2c41296fcb3f5640,"['0xc42079f94a6350d7e6235f29174924f928cc2ac818eb64fed8004e115fbcca67', '0x0000000000000000000000003fc91a3afd70395cd496c647d5a6cc9d4b2b7fad', '0x0000000000000000000000003940bc411339515a3da4ba88639201de8421566a']",0xfffffffffffffffffffffffffffffffffffffffffffffffffffffffed05309000000000000000000000000000000000000000000000000002b05699353b600000000000000000000000000000000000000006054da289e2c2390cbf79c427de8000000000000000000000000000000000000000000000001f09cc15db053c444000000000000000000000000000000000000000000000000000000000003161d,0x112abae,0x8a76f3dde7c119c6ff189fea472b99416ebd4f8faaad1ae52914b6d4cc56d247,0x64ea4ccf,0x3612d0a4e,0x2174c,0x1fd,0x08e675c166238688e6b58a11fc8c0ca1fce7e3ca477bc9578739e9eebf97f707,0x6c,18000814,1693076687,2023-08-26 19:04:47,0x3fc91a3afd70395cd496c647d5a6cc9d4b2b7fad,0x3940bc411339515a3da4ba88639201de8421566a,-5094831872,3100000000000000000,1953834004437880526672042282614248,35784689347313517636,202269
0x88e6a0c2ddd26feeb64f039a2c41296fcb3f5640,"['0xc42079f94a6350d7e6235f29174924f928cc2ac818eb64fed8004e115fbcca67', '0x0000000000000000000000003fc91a3afd70395cd496c647d5a6cc9d4b2b7fad', '0x000000000000000000000000d3f53c8d3a71deb731aa47f12f6489f9860e85aa']",0xfffffffffffffffffffffffffffffffffffffffffffffffffffffffff6343c6d000000000000000000000000000000000000000000000000016345785d8a00000000000000000000000000000000000000006054dadfaa8363ff632b9d06d35d000000000000000000000000000000000000000000000001f09cc15db053c444000000000000000000000000000000000000000000000000000000000003161d,0x112abb4,0x41b4f1d5d99aa8567fcb5bdee1e02ee777968f1d515155c74a9104b4d2421867,0x64ea4d17,0x31bd1b784,0x21740,0xcc,0xfca27d7a81d7af4a24bcea293d67b232c000053f1fa1670ce0824d6f8bbcd899,0x54,18000820,1693076759,2023-08-26 19:05:59,0x3fc91a3afd70395cd496c647d5a6cc9d4b2b7fad,0xd3f53c8d3a71deb731aa47f12f6489f9860e85aa,-164348819,100000000000000000,1953834225729583423492545199919965,35784689347313517636,202269
0x88e6a0c2ddd26feeb64f039a2c41296fcb3f5640,"['0xc42079f94a6350d7e6235f29174924f928cc2ac818eb64fed8004e115fbcca67', '0x000000000000000000000000e592427a0aece92de3edee1f18e0157c05861564', '0x0000000000000000000000009008d19f58aabd9ed0d60971565aa8510560ab41']",0x0000000000000000000000000000000000000000000000000000000069865bdcfffffffffffffffffffffffffffffffffffffffffffffffff110be92d7a710b00000000000000000000000000000000000006054d32cce52b5daed917d0ed9ab000000000000000000000000000000000000000000000001f09cc15db053c444000000000000000000000000000000000000000000000000000000000003161d,0x112abb6,0x628597e7989ad54dd255e14a7d2544b773dd53d3b72144f1e02ab9e3b3e92c78,0x64ea4d2f,0x32d47e68a,0x97b73,0xf7,0x42fd5709792548ca30c3a8ec208ca66b8a163a889176052ebcc88f1c6ebb487f,0x23,18000822,1693076783,2023-08-26 19:06:23,0xe592427a0aece92de3edee1f18e0157c05861564,0x9008d19f58aabd9ed0d60971565aa8510560ab41,1770413020,-1076150773048995664,1953831843105900164442444440459691,35784689347313517636,202269
0x88e6a0c2ddd26feeb64f039a2c41296fcb3f5640,"['0xc42079f94a6350d7e6235f29174924f928cc2ac818eb64fed8004e115fbcca67', '0x0000000000000000000000003fc91a3afd70395cd496c647d5a6cc9d4b2b7fad', '0x000000000000000000000000a389e44c90ca11934090bb4125c493ba2ff15522']",0xffffffffffffffffffffffffffffffffffffffffffffffffffffffffeb6daf4700000000000000000000000000000000000000000000000002ea11e32ad500000000000000000000000000000000000000006054d4ad3509f05cc4b1e5118d21000000000000000000000000000000000000000000000001f09cc15db053c444000000000000000000000000000000000000000000000000000000000003161d,0x112abb9,0x00aea0290d2fd9aae9b377b1bc6c58cde6542715e2214299df0d1c0bf561f9a5,0x64ea4d53,0x2ecbc965a,0x1d474,0x171,0x91ecac907ee49d399240d6fe830e22b9e769174fb4bedf5bfdf0b3804aed2041,0x5e,18000825,1693076819,2023-08-26 19:06:59,0x3fc91a3afd70395cd496c647d5a6cc9d4b2b7fad,0xa389e44c90ca11934090bb4125c493ba2ff15522,-345133241,210000000000000000,1953832307818476247765500566801697,35784689347313517636,202269
0x88e6a0c2ddd26feeb64f039a2c41296fcb3f5640,"['0xc42079f94a6350d7e6235f29174924f928cc2ac818eb64fed8004e115fbcca67', '0x0000000000000000000000003fc91a3afd70395cd496c647d5a6cc9d4b2b7fad', '0x0000000000000000000000003fc91a3afd70395cd496c647d5a6cc9d4b2b7fad']",0x000000000000000000000000000000000000000000000000000000000bebc200fffffffffffffffffffffffffffffffffffffffffffffffffe50184a53b5a1680000000000000000000000000000000000006054d3ce9032afa86ba4d7c125e1000000000000000000000000000000000000000000000001f09cc15db053c444000000000000000000000000000000000000000000000000000000000003161d,0x112abbc,0x0aaa86397e88793cc0a2acf30e2da706191914bddfb729c8c8d8319ddc1c1f9d,0x64ea4d77,0x36f93dd8c,0x3465e,0x73,0xc2980d7b0f18f42c3161690aef7c7e5b518f1470d4b8df96c3d9f507c54eeb2d,0x17,18000828,1693076855,2023-08-26 19:07:35,0x3fc91a3afd70395cd496c647d5a6cc9d4b2b7fad,0x3fc91a3afd70395cd496c647d5a6cc9d4b2b7fad,200000000,-121570482427944600,1953832038658505477701927585261025,35784689347313517636,202269
0x88e6a0c2ddd26feeb64f039a2c41296fcb3f5640,"['0xc42079f94a6350d7e6235f29174924f928cc2ac818eb64fed8004e115fbcca67', '0x000000000000000000000000e592427a0aece92de3edee1f18e0157c05861564', '0x0000000000000000000000009008d19f58aabd9ed0d60971565aa8510560ab41']",0x000000000000000000000000000000000000000000000000000000002e6d8227fffffffffffffffffffffffffffffffffffffffffffffffff96de27d97e7bca50000000000000000000000000000000000006054d06b71fa6a2531d1b008c676000000000000000000000000000000000000000000000001f09cc15db053c444000000000000000000000000000000000000000000000000000000000003161d,0x112abbd,0xf4fed5740e59cd5d70d7cd1ceb17a1dc2e720966119d16852dee5c155e4e9abf,0x64ea4d83,0x32c92c1dd,0xb632a,0x6e,0x0b9d84cfbefc692063be02835fae3a12e0c2f072d22944c8388eb2bcab20c3c5,0x9,18000829,1693076867,2023-08-26 19:07:47,0xe592427a0aece92de3edee1f18e0157c05861564,0x9008d19f58aabd9ed0d60971565aa8510560ab41,778928679,-473473356756697947,1953830990377110850753426390304374,35784689347313517636,202269
0x88e6a0c2ddd26feeb64f039a2c41296fcb3f5640,"['0xc42079f94a6350d7e6235f29174924f928cc2ac818eb64fed8004e115fbcca67', '0x00000000000000000000000068b3465833fb72a70ecdf485e0e4c7bd8665fc45', '0x0000000000000000000000004fd39c9e151e50580779bd04b1f7ecc310079fd3']",0x000000000000000000000000000000000000000000000000000000000bc39ff8fffffffffffffffffffffffffffffffffffffffffffffffffe55c67c9b55049f0000000000000000000000000000000000006054cf8fbac3d06932bb73732705000000000000000000000000000000000000000000000001f09cc15db053c444000000000000000000000000000000000000000000000000000000000003161d,0x112abc0,0xc1946c77340e5480e970d04e9e400d2683f86361b6363541d65d68ed5be27c35,0x64ea4da7,0x2c6d8632b,0x48628,0xb4,0xea89f95f37aeb727506c6b9be79639615492956efadd1489c92d9e0d88fc4991,0x49,18000832,1693076903,2023-08-26 19:08:23,0x68b3465833fb72a70ecdf485e0e4c7bd8665fc45,0x4fd39c9e151e50580779bd04b1f7ecc310079fd3,197369848,-119971576571165537,1953830724757156086876332321089285,35784689347313517636,202269
0x88e6a0c2ddd26feeb64f039a2c41296fcb3f5640,"['0xc42079f94a6350d7e6235f29174924f928cc2ac818eb64fed8004e115fbcca67', '0x000000000000000000000000e592427a0aece92de3edee1f18e0157c05861564', '0x000000000000000000000000e592427a0aece92de3edee1f18e0157c05861564']",0xffffffffffffffffffffffffffffffffffffffffffffffffffffffffac32068c0000000000000000000000000000000000000000000000000bdf58b7a558c0000000000000000000000000000000000000006054d5adb4fb0d62fb27b254b54f000000000000000000000000000000000000000000000001f09cc15db053c444000000000000000000000000000000000000000000000000000000000003161d,0x112abc1,0x0299ab7a71b9b3d8e15da160689dde5aae109c91e7fcddb60033ea59493e353b,0x64ea4db3,0x319cf6700,0x2f6c3,0xa2,0xce4186b68313123d68a0ba4bea57f7ed6ab7203d81587b79ae4ded0d48be5b48,0x33,18000833,1693076915,2023-08-26 19:08:35,0xe592427a0aece92de3edee1f18e0157c05861564,0xe592427a0aece92de3edee1f18e0157c05861564,-1406007668,855500000000000000,1953832617907674369175734778639695,35784689347313517636,202269
0x88e6a0c2ddd26feeb64f039a2c41296fcb3f5640,"['0xc42079f94a6350d7e6235f29174924f928cc2ac818eb64fed8004e115fbcca67', '0x000000000000000000000000e592427a0aece92de3edee1f18e0157c05861564', '0x000000000000000000000000e592427a0aece92de3edee1f18e0157c05861564']",0x0000000000000000000000000000000000000000000000000000000053cdf974fffffffffffffffffffffffffffffffffffffffffffffffff423b129365f967d0000000000000000000000000000000000006054cf908335c82fb1d61bfbc4e7000000000000000000000000000000000000000000000001f09cc15db053c444000000000000000000000000000000000000000000000000000000000003161d,0x112abc1,0x0299ab7a71b9b3d8e15da160689dde5aae109c91e7fcddb60033ea59493e353b,0x64ea4db3,0x319cf6700,0x2f6c3,0xa5,0xce4186b68313123d68a0ba4bea57f7ed6ab7203d81587b79ae4ded0d48be5b48,0x33,18000833,1693076915,2023-08-26 19:08:35,0xe592427a0aece92de3edee1f18e0157c05861564,0xe592427a0aece92de3edee1f18e0157c05861564,1406007668,-854644713706252675,1953830725703731719628115773474023,35784689347313517636,202269
0x88e6a0c2ddd26feeb64f039a2c41296fcb3f5640,"['0xc42079f94a6350d7e6235f29174924f928cc2ac818eb64fed8004e115fbcca67', '0x0000000000000000000000003fc91a3afd70395cd496c647d5a6cc9d4b2b7fad', '0x0000000000000000000000003fc91a3afd70395cd496c647d5a6cc9d4b2b7fad']",0x0000000000000000000000000000000000000000000000000000000022501369fffffffffffffffffffffffffffffffffffffffffffffffffb24d244033726280000000000000000000000000000000000006054cd0fa9c067c85bf934539f7e000000000000000000000000000000000000000000000001f09cc15db053c444000000000000000000000000000000000000000000000000000000000003161d,0x112abc2,0x2a2d675884b671c2e2fb67ad63d5e47c562faf25d948f2dbf557a1d643e99dd8,0x64ea4dbf,0x297d40c3e,0x3d4ba,0x13c,0xcc1b75aedf7825118cdee46e2814ef0536d2140ed368d0bf9b46f61ecfaf4e4c,0x76,18000834,1693076927,2023-08-26 19:08:47,0x3fc91a3afd70395cd496c647d5a6cc9d4b2b7fad,0x3fc91a3afd70395cd496c647d5a6cc9d4b2b7fad,575673193,-349923681474501080,1953829950964288423810749422608254,35784689347313517636,202269
0x88e6a0c2ddd26feeb64f039a2c41296fcb3f5640,"['0xc42079f94a6350d7e6235f29174924f928cc2ac818eb64fed8004e115fbcca67', '0x0000000000000000000000003fc91a3afd70395cd496c647d5a6cc9d4b2b7fad', '0x0000000000000000000000003fc91a3afd70395cd496c647d5a6cc9d4b2b7fad']",0x000000000000000000000000000000000000000000000000000000012a05f200ffffffffffffffffffffffffffffffffffffffffffffffffd5d26f10f5ebcd240000000000000000000000000000000000006054b75198e12cc95f103a8a1eab000000000000000000000000000000000000000000000001f09cc15db053c444000000000000000000000000000000000000000000000000000000000003161d,0x112abc8,0x9e0f25da8e545f1b797defdc8d22221da4d61334328207fbca28584664853f01,0x64ea4e07,0x2bfb465f1,0x20ecf,0xc3,0x90fd5bb379c830f458694b002fb8e5e5c9e4ca23777e9f89ceb30d27a8505f83,0x5b,18000840,1693076999,2023-08-26 19:09:59,0x3fc91a3afd70395cd496c647d5a6cc9d4b2b7fad,0x3fc91a3afd70395cd496c647d5a6cc9d4b2b7fad,5000000000,-3039244679885632220,1953823222003500710017235616931499,35784689347313517636,202269
0x88e6a0c2ddd26feeb64f039a2c41296fcb3f5640,"['0xc42079f94a6350d7e6235f29174924f928cc2ac818eb64fed8004e115fbcca67', '0x0000000000000000000000003fc91a3afd70395cd496c647d5a6cc9d4b2b7fad', '0x00000000000000000000000081a460ea6fd96a73d5672f1f4aa684697d4b44cc']",0x00000000000000000000000000000000000000000000000000000002540be400ffffffffffffffffffffffffffffffffffffffffffffffffaba517403542cd3e00000000000000000000000000000000000060548bd5949465325554eaddfdbf000000000000000000000000000000000000000000000001f09cc15db053c444000000000000000000000000000000000000000000000000000000000003161d,0x112abc9,0xd116593d16b03076cda2c60333eeba6d330e74334db1444751e78a2a6c209bde,0x64ea4e13,0x2b114e4fa,0x2fd8f,0x3e,0x93486ec76b8914481c58afac89e2a6ca48cae6327421e448abaa942ab03e1d3c,0x21,18000841,1693077011,2023-08-26 19:10:11,0x3fc91a3afd70395cd496c647d5a6cc9d4b2b7fad,0x81a460ea6fd96a73d5672f1f4aa684697d4b44cc,10000000000,-6078426557527700162,1953809764220970959509547149819327,35784689347313517636,202269
0x88e6a0c2ddd26feeb64f039a2c41296fcb3f5640,"['0xc42079f94a6350d7e6235f29174924f928cc2ac818eb64fed8004e115fbcca67', '0x0000000000000000000000003fc91a3afd70395cd496c647d5a6cc9d4b2b7fad', '0x0000000000000000000000003fc91a3afd70395cd496c647d5a6cc9d4b2b7fad']",0x000000000000000000000000000000000000000000000000000000001a7b73a6fffffffffffffffffffffffffffffffffffffffffffffffffc408c90cf86548b000000000000000000000000000000000000605489e6fd918333bf87edf6c250000000000000000000000000000000000000000000000001f09cc15db053c444000000000000000000000000000000000000000000000000000000000003161d,0x112abca,0x75cb301aad389511ce803cc9f30cbb84a748d341e71fc3e689acc34c6280576e,0x64ea4e1f,0x312439dec,0x3cd5f,0x3b,0x7985a4d5b7e94cdb089078855794eaefd85452c3656cbb56d406399989299943,0x7,18000842,1693077023,2023-08-26 19:10:23,0x3fc91a3afd70395cd496c647d5a6cc9d4b2b7fad,0x3fc91a3afd70395cd496c647d5a6cc9d4b2b7fad,444298150,-270061424057363317,1953809166298485552863260731425360,35784689347313517636,202269
0x88e6a0c2ddd26feeb64f039a2c41296fcb3f5640,"['0xc42079f94a6350d7e6235f29174924f928cc2ac818eb64fed8004e115fbcca67', '0x0000000000000000000000003fc91a3afd70395cd496c647d5a6cc9d4b2b7fad', '0x0000000000000000000000003fc91a3afd70395cd496c647d5a6cc9d4b2b7fad']",0xfffffffffffffffffffffffffffffffffffffffffffffffffffffffc73430cb800000000000000000000000000000000000000000000000080bcda06f47234670000000000000000000000000000000000006054cc3b82b36e46793d5a2b1873000000000000000000000000000000000000000000000001f09cc15db053c444000000000000000000000000000000000000000000000000000000000003161d,0x112abca,0x75cb301aad389511ce803cc9f30cbb84a748d341e71fc3e689acc34c6280576e,0x64ea4e1f,0x312439dec,0xa5fb9,0x7d,0x367b693537d419160024448de44147dc9151199ae748294506da5e530d510f92,0xf,18000842,1693077023,2023-08-26 19:10:23,0x3fc91a3afd70395cd496c647d5a6cc9d4b2b7fad,0x3fc91a3afd70395cd496c647d5a6cc9d4b2b7fad,-15246095176,9276529055882163303,1953829694487603032848079820363891,35784689347313517636,202269
0x88e6a0c2ddd26feeb64f039a2c41296fcb3f5640,"['0xc42079f94a6350d7e6235f29174924f928cc2ac818eb64fed8004e115fbcca67', '0x0000000000000000000000003fc91a3afd70395cd496c647d5a6cc9d4b2b7fad', '0x0000000000000000000000003fc91a3afd70395cd496c647d5a6cc9d4b2b7fad']",0x00000000000000000000000000000000000000000000000000000000047171dcffffffffffffffffffffffffffffffffffffffffffffffffff5f058ad083d0e20000000000000000000000000000000000006054cbe887035cb0358db7762d30000000000000000000000000000000000000000000000001f09cc15db053c444000000000000000000000000000000000000000000000000000000000003161d,0x112abca,0x75cb301aad389511ce803cc9f30cbb84a748d341e71fc3e689acc34c6280576e,0x64ea4e1f,0x30657dbec,0x29392,0x154,0x1308890477507965c6648f59ff14883907aaef89becac4c6a36befebd7db7aa6,0x6f,18000842,1693077023,2023-08-26 19:10:23,0x3fc91a3afd70395cd496c647d5a6cc9d4b2b7fad,0x3fc91a3afd70395cd496c647d5a6cc9d4b2b7fad,74543580,-45311377488490270,1953829594167123943016466885258544,35784689347313517636,202269
0x88e6a0c2ddd26feeb64f039a2c41296fcb3f5640,"['0xc42079f94a6350d7e6235f29174924f928cc2ac818eb64fed8004e115fbcca67', '0x0000000000000000000000003fc91a3afd70395cd496c647d5a6cc9d4b2b7fad', '0x0000000000000000000000003fc91a3afd70395cd496c647d5a6cc9d4b2b7fad']",0x000000000000000000000000000000000000000000000000000000002a206228fffffffffffffffffffffffffffffffffffffffffffffffffa09ba1739e548290000000000000000000000000000000000006054c8d5beae811d807166b7d181000000000000000000000000000000000000000000000001f09cc15db053c444000000000000000000000000000000000000000000000000000000000003161d,0x112abcb,0x163f375bf909181d8dc45f148a2efe306b1f4c2db1feab51b9becf6212c35298,0x64ea4e2b,0x365fddb6a,0x2218f,0xf3,0x5d5c3652990a5a59a3ffb082f376d0058717864b18c0bcab78ef479b89f66a56,0x55,18000843,1693077035,2023-08-26 19:10:35,0x3fc91a3afd70395cd496c647d5a6cc9d4b2b7fad,0x3fc91a3afd70395cd496c647d5a6cc9d4b2b7fad,706765352,-429607680518830039,1953828643005391080934240796791169,35784689347313517636,202269
0x88e6a0c2ddd26feeb64f039a2c41296fcb3f5640,"['0xc42079f94a6350d7e6235f29174924f928cc2ac818eb64fed8004e115fbcca67', '0x000000000000000000000000def1c0ded9bec7f1a1670819833240f027b25eff', '0x000000000000000000000000def1c0ded9bec7f1a1670819833240f027b25eff']",0x00000000000000000000000000000000000000000000000000000001255398f0ffffffffffffffffffffffffffffffffffffffffffffffffd67c9c5f069bbe7c0000000000000000000000000000000000006054b36f676761759de780435d2b000000000000000000000000000000000000000000000001f09cc15db053c444000000000000000000000000000000000000000000000000000000000003161d,0x112abcb,0x163f375bf909181d8dc45f148a2efe306b1f4c2db1feab51b9becf6212c35298,0x64ea4e2b,0x365fddb6a,0x31b5e,0x100,0xb9b5e857ee0c0bb848c5b23121ad9730331a0ce824bfb34069c2d7c90d09c7f8,0x5a,18000843,1693077035,2023-08-26 19:10:35,0xdef1c0ded9bec7f1a1670819833240f027b25eff,0xdef1c0ded9bec7f1a1670819833240f027b25eff,4921202928,-2991344120534155652,1953822020097593348115911053368619,35784689347313517636,202269
0x88e6a0c2ddd26feeb64f039a2c41296fcb3f5640,"['0xc42079f94a6350d7e6235f29174924f928cc2ac818eb64fed8004e115fbcca67', '0x0000000000000000000000003fc91a3afd70395cd496c647d5a6cc9d4b2b7fad', '0x000000000000000000000000988d4d04a57a230b4effc39235ec9e5fee29b6f0']",0x00000000000000000000000000000000000000000000000000000000098efac2fffffffffffffffffffffffffffffffffffffffffffffffffea5b0d6e2be967c0000000000000000000000000000000000006054b2bce2522121084e357d4f74000000000000000000000000000000000000000000000001f09cc15db053c444000000000000000000000000000000000000000000000000000000000003161d,0x112abcc,0x9a878f00fa45ff135e9d796c3dc8ea18a8cc1dc538e3acc80bc1c91748f91572,0x64ea4e37,0x356c26828,0x1f545,0x8c,0xada12676cdb56b71f725959a62b34533fbe5f8814538858818860017b2f269e5,0x26,18000844,1693077047,2023-08-26 19:10:47,0x3fc91a3afd70395cd496c647d5a6cc9d4b2b7fad,0x988d4d04a57a230b4effc39235ec9e5fee29b6f0,160365250,-97477379944966532,1953821804280330697370305153552244,35784689347313517636,202269
0x88e6a0c2ddd26feeb64f039a2c41296fcb3f5640,"['0xc42079f94a6350d7e6235f29174924f928cc2ac818eb64fed8004e115fbcca67', '0x0000000000000000000000003fc91a3afd70395cd496c647d5a6cc9d4b2b7fad', '0x000000000000000000000000347df06ec7ddd9fb457da96faad48153a4e936db']",0xfffffffffffffffffffffffffffffffffffffffffffffffffffffffc964b1e410000000000000000000000000000000000000000000000007bc6c6387632b57d0000000000000000000000000000000000006054f28304142c14d33f8956e291000000000000000000000000000000000000000000000001f09cc15db053c444000000000000000000000000000000000000000000000000000000000003161d,0x112abd0,0xe7de59e37cc2ac6689a006904765c56f8fc9710403a7f80c33ecfb5c58826a1d,0x64ea4e67,0x33d6823eb,0x200eb,0x176,0x5405f4e8519c062844848795fb22ae0d5be71a95ebf1b5681ca664da15672302,0x55,18000848,1693077095,2023-08-26 19:11:35,0x3fc91a3afd70395cd496c647d5a6cc9d4b2b7fad,0x347df06ec7ddd9fb457da96faad48153a4e936db,-14658363839,8919034057857348989,1953841541362679277288706914312849,35784689347313517636,202269
0x88e6a0c2ddd26feeb64f039a2c41296fcb3f5640,"['0xc42079f94a6350d7e6235f29174924f928cc2ac818eb64fed8004e115fbcca67', '0x0000000000000000000000003fc91a3afd70395cd496c647d5a6cc9d4b2b7fad', '0x000000000000000000000000c05d4eb5d1ac7c0ed77dbcfbdd5aa766852c5314']",0xfffffffffffffffffffffffffffffffffffffffffffffffffffffffffa21dc6500000000000000000000000000000000000000000000000000d4cebb8e0bc0000000000000000000000000000000000000006054f2f0a96c46a4e49a5593251d000000000000000000000000000000000000000000000001f09cc15db053c444000000000000000000000000000000000000000000000000000000000003161d,0x112abd4,0x3b36832ab44ba44d67ad201ad1b4c489fd741a6f2083c3eae0d2bb69fce62b59,0x64ea4e97,0x32ab788c5,0x2ab2e,0x18b,0xa2fb3f5a04e69c0e7c0b38c49f2bc779f320ea966bd05d03c0eb5395661930ec,0x44,18000852,1693077143,2023-08-26 19:12:23,0x3fc91a3afd70395cd496c647d5a6cc9d4b2b7fad,0xc05d4eb5d1ac7c0ed77dbcfbdd5aa766852c5314,-98444187,59900000000000000,1953841673916409312484188161778973,35784689347313517636,202269
0x88e6a0c2ddd26feeb64f039a2c41296fcb3f5640,"['0xc42079f94a6350d7e6235f29174924f928cc2ac818eb64fed8004e115fbcca67', '0x0000000000000000000000003208684f96458c540eb08f6f01b9e9afb2b7d4f0', '0x0000000000000000000000001111111254eeb25477b68fb85ed929f73a960582']",0xffffffffffffffffffffffffffffffffffffffffffffffffffffffff2c2672350000000000000000000000000000000000000000000000001e0344dc6f1de22e0000000000000000000000000000000000006055026759a0b1ed422a7e6be69c000000000000000000000000000000000000000000000001f09cc15db053c444000000000000000000000000000000000000000000000000000000000003161d,0x112abd5,0x0900eaa9522ec9346017f26f5eaa85e76d3e8152f82ea9a54b54a9b42c0605ad,0x64ea4ea3,0x381ddb197,0x63ba2,0x41,0xa627b6b0533ad31cdb072399a7b0921b04fd4cedd0d3bf603bd6ca43f03be330,0x6,18000853,1693077155,2023-08-26 19:12:35,0x3208684f96458c540eb08f6f01b9e9afb2b7d4f0,0x1111111254eeb25477b68fb85ed929f73a960582,-3554250187,2162647959615693358,1953846459676906809394986226542236,35784689347313517636,202269
0x88e6a0c2ddd26feeb64f039a2c41296fcb3f5640,"['0xc42079f94a6350d7e6235f29174924f928cc2ac818eb64fed8004e115fbcca67', '0x000000000000000000000000def1c0ded9bec7f1a1670819833240f027b25eff', '0x000000000000000000000000def1c0ded9bec7f1a1670819833240f027b25eff']",0x00000000000000000000000000000000000000000000000000000000773f72a6ffffffffffffffffffffffffffffffffffffffffffffffffef1f7eaa411a09490000000000000000000000000000000000006054f9b4295551af5f053ae9532f000000000000000000000000000000000000000000000001f09cc15db053c444000000000000000000000000000000000000000000000000000000000003161d,0x112abd9,0x2c1f36d8a07f0937466038d036beb2ec4878717d9022c428cdb0425269d1a930,0x64ea4ed3,0x37d7bdb9e,0x3007e,0xac,0x39d4ed88ce95c0fdeeab5b7852bb31618b2e86e8b813da0f935a66bd3875e07c,0x31,18000857,1693077203,2023-08-26 19:13:23,0xdef1c0ded9bec7f1a1670819833240f027b25eff,0xdef1c0ded9bec7f1a1670819833240f027b25eff,2000646822,-1216114104664979127,1953843767171042495683792562901807,35784689347313517636,202269
0x88e6a0c2ddd26feeb64f039a2c41296fcb3f5640,"['0xc42079f94a6350d7e6235f29174924f928cc2ac818eb64fed8004e115fbcca67', '0x000000000000000000000000def1c0ded9bec7f1a1670819833240f027b25eff', '0x0000000000000000000000009b400c6c34c9d3390a64789cc8cc540d74662183']",0xffffffffffffffffffffffffffffffffffffffffffffffffffffffffedfd044e000000000000000000000000000000000000000000000000028d3cf08aa06aef0000000000000000000000000000000000006054fb04bb84c47d57b2dd9ece3c000000000000000000000000000000000000000000000001f09cc15db053c444000000000000000000000000000000000000000000000000000000000003161d,0x112abde,0xb8b11151ab8aff9e84400210fdda466d428caed5df05157d6881f1e855590547,0x64ea4f1b,0x387f241aa,0x30c44,0x83,0xbefaa57a6059910ea7559e1a5359502e208166218cf9f202812566aafa977263,0x1b,18000862,1693077275,2023-08-26 19:14:35,0xdef1c0ded9bec7f1a1670819833240f027b25eff,0x9b400c6c34c9d3390a64789cc8cc540d74662183,-302185394,183870163607644911,1953844174060458662211143006604860,35784689347313517636,202269
0x88e6a0c2ddd26feeb64f039a2c41296fcb3f5640,"['0xc42079f94a6350d7e6235f29174924f928cc2ac818eb64fed8004e115fbcca67', '0x0000000000000000000000003fc91a3afd70395cd496c647d5a6cc9d4b2b7fad', '0x0000000000000000000000003fc91a3afd70395cd496c647d5a6cc9d4b2b7fad']",0x0000000000000000000000000000000000000000000000000000000077359400ffffffffffffffffffffffffffffffffffffffffffffffffef20e6d80fc1ca920000000000000000000000000000000000006054f25244e4ce8c4109a6511a24000000000000000000000000000000000000000000000001f09cc15db053c444000000000000000000000000000000000000000000000000000000000003161d,0x112abde,0xb8b11151ab8aff9e84400210fdda466d428caed5df05157d6881f1e855590547,0x64ea4f1b,0x3158161aa,0x23443,0x122,0x7829ebcf8074c67e134b640960d133679d31ab95c54cae4ebadbd65c3c47b41c,0x65,18000862,1693077275,2023-08-26 19:14:35,0x3fc91a3afd70395cd496c647d5a6cc9d4b2b7fad,0x3fc91a3afd70395cd496c647d5a6cc9d4b2b7fad,2000000000,-1215718083738350958,1953841482431394200789337443998244,35784689347313517636,202269
0x88e6a0c2ddd26feeb64f039a2c41296fcb3f5640,"['0xc42079f94a6350d7e6235f29174924f928cc2ac818eb64fed8004e115fbcca67', '0x0000000000000000000000003fc91a3afd70395cd496c647d5a6cc9d4b2b7fad', '0x000000000000000000000000a29fe6ef9592b5d408cca961d0fb9b1faf497d6d']",0x000000000000000000000000000000000000000000000000000000001e753dc0fffffffffffffffffffffffffffffffffffffffffffffffffbb078e8c4d55d7a0000000000000000000000000000000000006054f01968a1067ce17bb587c680000000000000000000000000000000000000000000000001f09cc15db053c444000000000000000000000000000000000000000000000000000000000003161d,0x112abe2,0x994ad3a029a256f96b84c7d1563704bc4e089a2307ddb73f056ed5a1f8e9f2d2,0x64ea4f4b,0x2e2f9c5b5,0x3beb1,0xfc,0xc6d10e475fdb77c670719b78766d6bf43c64d7775a2fd1ae263b0a26934fe475,0x73,18000866,1693077323,2023-08-26 19:15:23,0x3fc91a3afd70395cd496c647d5a6cc9d4b2b7fad,0xa29fe6ef9592b5d408cca961d0fb9b1faf497d6d,511000000,-310615433158500998,1953840794721357685749710252918400,35784689347313517636,202269
0x88e6a0c2ddd26feeb64f039a2c41296fcb3f5640,"['0xc42079f94a6350d7e6235f29174924f928cc2ac818eb64fed8004e115fbcca67', '0x000000000000000000000000000000000c923384110e9dca557279491e00f521', '0x000000000000000000000000000000000c923384110e9dca557279491e00f521']",0x0000000000000000000000000000000000000000000000000000000000000002fffffffffffffffffffffffffffffffffffffffffffffffffffffffffff0bdc00000000000000000000000000000000000006054f01968a1067503d7110b0664000000000000000000000000000000000000000000000001f09cc15db053c444000000000000000000000000000000000000000000000000000000000003161d,0x112abe3,0xfbfc0cb8ef52fed31366ae22d25bd767d3eeee7abda4c1cf4264d2d1d0604e9d,0x64ea4f57,0x2ceb31c1a,0x4345e,0x4b,0x2dfa8f47743529d450b858260f252dc43437303e7b2ed36374cbfaefbb972f96,0x9,18000867,1693077335,2023-08-26 19:15:35,0x000000000c923384110e9dca557279491e00f521,0x000000000c923384110e9dca557279491e00f521,2,-1000000,1953840794721357683535686211929700,35784689347313517636,202269
0x88e6a0c2ddd26feeb64f039a2c41296fcb3f5640,"['0xc42079f94a6350d7e6235f29174924f928cc2ac818eb64fed8004e115fbcca67', '0x000000000000000000000000000000000c923384110e9dca557279491e00f521', '0x000000000000000000000000000000000c923384110e9dca557279491e00f521']",0xfffffffffffffffffffffffffffffffffffffffffffffffffffffffffffffffd000000000000000000000000000000000000000000000000000000006ccd5e010000000000000000000000000000000000006054f01968a13e840ab0178096ec000000000000000000000000000000000000000000000001f09cc15db053c444000000000000000000000000000000000000000000000000000000000003161d,0x112abe3,0xfbfc0cb8ef52fed31366ae22d25bd767d3eeee7abda4c1cf4264d2d1d0604e9d,0x64ea4f57,0x85a0f5c3d,0x57ffc,0x5a,0x0ba2f8153159f8f389aa98140e957f777e2d6520a8124641a1ed32225302edda,0xb,18000867,1693077335,2023-08-26 19:15:35,0x000000000c923384110e9dca557279491e00f521,0x000000000c923384110e9dca557279491e00f521,-3,1825398273,1953840794721361722990606172591852,35784689347313517636,202269
0x88e6a0c2ddd26feeb64f039a2c41296fcb3f5640,"['0xc42079f94a6350d7e6235f29174924f928cc2ac818eb64fed8004e115fbcca67', '0x0000000000000000000000003fc91a3afd70395cd496c647d5a6cc9d4b2b7fad', '0x0000000000000000000000003fc91a3afd70395cd496c647d5a6cc9d4b2b7fad']",0x00000000000000000000000000000000000000000000000000000000400e042dfffffffffffffffffffffffffffffffffffffffffffffffff6ef3980d4d82ea20000000000000000000000000000000000006054eb6d10ea7e999be3ac108e06000000000000000000000000000000000000000000000001f09cc15db053c444000000000000000000000000000000000000000000000000000000000003161d,0x112abe4,0xc74d4c130ee617dd3bb765e0b4d8966f82a0ae18065bad8321aacd895a72e3e8,0x64ea4f63,0x2cfecc181,0x40c8a,0xbd,0x9a0d0300823a052eaf558aa1aafc0d06183c7f6e2e8a7a2d08170df5195c1dbc,0x31,18000868,1693077347,2023-08-26 19:15:47,0x3fc91a3afd70395cd496c647d5a6cc9d4b2b7fad,0x3fc91a3afd70395cd496c647d5a6cc9d4b2b7fad,1074660397,-653240195455897950,1953839348431864443475608902602246,35784689347313517636,202269
0x88e6a0c2ddd26feeb64f039a2c41296fcb3f5640,"['0xc42079f94a6350d7e6235f29174924f928cc2ac818eb64fed8004e115fbcca67', '0x0000000000000000000000003fc91a3afd70395cd496c647d5a6cc9d4b2b7fad', '0x00000000000000000000000053a5ec105f3b5b8b7dbd0922644214981d4152bd']",0xfffffffffffffffffffffffffffffffffffffffffffffffffffffffff4022d3100000000000000000000000000000000000000000000000001b2e661f27b0b450000000000000000000000000000000000006054ec4d24466a605d9fa34482bb000000000000000000000000000000000000000000000001f09cc15db053c444000000000000000000000000000000000000000000000000000000000003161d,0x112abe5,0x3b371425226215ba44fd50fcee19c119650970d7521283008309bc314d3d8935,0x64ea4f6f,0x2c31aaf26,0x385d1,0xf0,0xc0b3d3f9ff60638274740cf2eb73f95d1de0372184fe9a1e38353453e1d79f6f,0x24,18000869,1693077359,2023-08-26 19:15:59,0x3fc91a3afd70395cd496c647d5a6cc9d4b2b7fad,0x53a5ec105f3b5b8b7dbd0922644214981d4152bd,-201183951,122413448246790981,1953839619322668643517432217240251,35784689347313517636,202269
0x88e6a0c2ddd26feeb64f039a2c41296fcb3f5640,"['0xc42079f94a6350d7e6235f29174924f928cc2ac818eb64fed8004e115fbcca67', '0x0000000000000000000000003fc91a3afd70395cd496c647d5a6cc9d4b2b7fad', '0x0000000000000000000000003fc91a3afd70395cd496c647d5a6cc9d4b2b7fad']",0x00000000000000000000000000000000000000000000000000000000207c8462fffffffffffffffffffffffffffffffffffffffffffffffffb66fb85d7624df00000000000000000000000000000000000006054e9ee65d916915724e66ef06f000000000000000000000000000000000000000000000001f09cc15db053c444000000000000000000000000000000000000000000000000000000000003161d,0x112abe9,0x88417b9b8c6eccda929fa5af0642e165cdfc1dd5d3b42e9a1113e16de11008dd,0x64ea4f9f,0x2c1077276,0x3d4ae,0x15e,0x75826c05642d2f583b5cec239445af460337ea92a8dde91e0e2260167a5aafbe,0x70,18000873,1693077407,2023-08-26 19:16:47,0x3fc91a3afd70395cd496c647d5a6cc9d4b2b7fad,0x3fc91a3afd70395cd496c647d5a6cc9d4b2b7fad,545031266,-331300970302386704,1953838885814355591150135862554735,35784689347313517636,202269
0x88e6a0c2ddd26feeb64f039a2c41296fcb3f5640,"['0xc42079f94a6350d7e6235f29174924f928cc2ac818eb64fed8004e115fbcca67', '0x00000000000000000000000068b3465833fb72a70ecdf485e0e4c7bd8665fc45', '0x00000000000000000000000038237d83555b6e46d0bcd2f56c7af8cbedcecd13']",0xffffffffffffffffffffffffffffffffffffffffffffffffffffffffec687f6900000000000000000000000000000000000000000000000002c68af0bb1400000000000000000000000000000000000000006054eb5c7e87976e858ce7f79b59000000000000000000000000000000000000000000000001f09cc15db053c444000000000000000000000000000000000000000000000000000000000003161d,0x112abeb,0x93f1967a3db548696f603d57b44a98eb5e4c3fc3017a5fe876c406b55cb55b64,0x64ea4fb7,0x509396262,0x21e6c,0xf,0xe67fe943255081c37a35c90e2f535480ff952db93ed0e32ae1b784d85d435245,0x7,18000875,1693077431,2023-08-26 19:17:11,0x68b3465833fb72a70ecdf485e0e4c7bd8665fc45,0x38237d83555b6e46d0bcd2f56c7af8cbedcecd13,-328695959,200000000000000000,1953839328397761384791141697166169,35784689347313517636,202269
0x88e6a0c2ddd26feeb64f039a2c41296fcb3f5640,"['0xc42079f94a6350d7e6235f29174924f928cc2ac818eb64fed8004e115fbcca67', '0x0000000000000000000000003fc91a3afd70395cd496c647d5a6cc9d4b2b7fad', '0x00000000000000000000000000ed26e794b949e18b142f9108429b74ce08ac99']",0x0000000000000000000000000000000000000000000000000000000028ffbbf5fffffffffffffffffffffffffffffffffffffffffffffffffa329043a9bbcf450000000000000000000000000000000000006054e85ec33f6c2649e94028a382000000000000000000000000000000000000000000000001f09cc15db053c444000000000000000000000000000000000000000000000000000000000003161d,0x112abec,0xbb49c4891279ea705aecb3f5cfec4e657a50d916af01470b1d6e026255ff1acb,0x64ea4fc3,0x2bd61f6c0,0x54ed7,0x161,0x4e6a597c353f2f6afe2835349dcecec0ee390e89665daae29d6f37da15b63232,0x74,18000876,1693077443,2023-08-26 19:17:23,0x3fc91a3afd70395cd496c647d5a6cc9d4b2b7fad,0x00ed26e794b949e18b142f9108429b74ce08ac99,687848437,-418113195107168443,1953838402685095562921576269128578,35784689347313517636,202269
0x88e6a0c2ddd26feeb64f039a2c41296fcb3f5640,"['0xc42079f94a6350d7e6235f29174924f928cc2ac818eb64fed8004e115fbcca67', '0x00000000000000000000000023ebcd701fd92867235aeb0174b7c444b9b2b3ad', '0x00000000000000000000000004210c46af140780b39dc3380ee31204d7b80ce6']",0x0000000000000000000000000000000000000000000000000000000056dc952afffffffffffffffffffffffffffffffffffffffffffffffff3b4e9e3bcd94ca00000000000000000000000000000000000006054e208767b3db106cedca6724c000000000000000000000000000000000000000000000001f09cc15db053c444000000000000000000000000000000000000000000000000000000000003161d,0x112abed,0xd9f7cacb66aea70195993478794b3e663847ac4e357503faa1f48b8e8e684ddf,0x64ea4fcf,0x2d2c61906,0x56cb0,0x23,0xfea94b9b090a947a075d0e72cdaa0a455068b6e2b927d7693efdd6f10dce7033,0x3,18000877,1693077455,2023-08-26 19:17:35,0x23ebcd701fd92867235aeb0174b7c444b9b2b3ad,0x04210c46af140780b39dc3380ee31204d7b80ce6,1457296682,-885826062349939552,1953836441444897385800836149834316,35784689347313517636,202269
0x88e6a0c2ddd26feeb64f039a2c41296fcb3f5640,"['0xc42079f94a6350d7e6235f29174924f928cc2ac818eb64fed8004e115fbcca67', '0x0000000000000000000000003fc91a3afd70395cd496c647d5a6cc9d4b2b7fad', '0x00000000000000000000000081a460ea6fd96a73d5672f1f4aa684697d4b44cc']",0x000000000000000000000000000000000000000000000000000000009502f900ffffffffffffffffffffffffffffffffffffffffffffffffeae92bf883a7c15c0000000000000000000000000000000000006054d7296815c8f883d0845f49fa000000000000000000000000000000000000000000000001f09cc15db053c444000000000000000000000000000000000000000000000000000000000003161d,0x112abef,0x4b20a275588006cc958368600a71cbc43a946d6bb63989263eab54689d5b9a74,0x64ea4fe7,0x296d55c6e,0x34043,0x1b8,0x058cb7bd661f4d964abea128866d33deed2bf70acf5b87ebdce8c1fef17e2be0,0x7d,18000879,1693077479,2023-08-26 19:17:59,0x3fc91a3afd70395cd496c647d5a6cc9d4b2b7fad,0x81a460ea6fd96a73d5672f1f4aa684697d4b44cc,2500000000,-1519635052900138660,1953833076936356735759890216077818,35784689347313517636,202269
0x88e6a0c2ddd26feeb64f039a2c41296fcb3f5640,"['0xc42079f94a6350d7e6235f29174924f928cc2ac818eb64fed8004e115fbcca67', '0x0000000000000000000000003fc91a3afd70395cd496c647d5a6cc9d4b2b7fad', '0x0000000000000000000000003fc91a3afd70395cd496c647d5a6cc9d4b2b7fad']",0x0000000000000000000000000000000000000000000000000000000031ed0885fffffffffffffffffffffffffffffffffffffffffffffffff8ef246e9378fda40000000000000000000000000000000000006054d384f4292819f3765dc2ae84000000000000000000000000000000000000000000000001f09cc15db053c444000000000000000000000000000000000000000000000000000000000003161d,0x112abef,0x4b20a275588006cc958368600a71cbc43a946d6bb63989263eab54689d5b9a74,0x64ea4fe7,0x296d55c6e,0x47a09,0x1f1,0x6359b21aede7203d27c2e63e667bdb371b4808060e27c544370b9c27b7434170,0x90,18000879,1693077479,2023-08-26 19:17:59,0x3fc91a3afd70395cd496c647d5a6cc9d4b2b7fad,0x3fc91a3afd70395cd496c647d5a6cc9d4b2b7fad,837617797,-509148175530394204,1953831949670055685932886968675972,35784689347313517636,202269
0x88e6a0c2ddd26feeb64f039a2c41296fcb3f5640,"['0xc42079f94a6350d7e6235f29174924f928cc2ac818eb64fed8004e115fbcca67', '0x00000000000000000000000068b3465833fb72a70ecdf485e0e4c7bd8665fc45', '0x00000000000000000000000055701a8a8f3bb87db53b38a9e27df23e85d024ab']",0xffffffffffffffffffffffffffffffffffffffffffffffffffffffffcf0528d200000000000000000000000000000000000000000000000006f05b59d3b200000000000000000000000000000000000000006054d71831dd6a42e77a619859cd000000000000000000000000000000000000000000000001f09cc15db053c444000000000000000000000000000000000000000000000000000000000003161d,0x112abf0,0x3dbe1e9df284c756fe5cc2752fa3a2ed8a550e9624f0044b2b2752e6cfafb35c,0x64ea4ff3,0x40121e55d,0x21e6c,0x74,0x6e49ea638c8620534ab33a1fe0ae114eda2a527a424e59e7d4f300b457aec857,0x11,18000880,1693077491,2023-08-26 19:18:11,0x68b3465833fb72a70ecdf485e0e4c7bd8665fc45,0x55701a8a8f3bb87db53b38a9e27df23e85d024ab,-821745454,500000000000000000,1953833056128570170035401555204557,35784689347313517636,202269
0x88e6a0c2ddd26feeb64f039a2c41296fcb3f5640,"['0xc42079f94a6350d7e6235f29174924f928cc2ac818eb64fed8004e115fbcca67', '0x00000000000000000000000068b3465833fb72a70ecdf485e0e4c7bd8665fc45', '0x00000000000000000000000068b3465833fb72a70ecdf485e0e4c7bd8665fc45']",0x0000000000000000000000000000000000000000000000000000000030fad72efffffffffffffffffffffffffffffffffffffffffffffffff9116b4869700e820000000000000000000000000000000000006054d385694fc91682b1a6ce4a98000000000000000000000000000000000000000000000001f09cc15db053c444000000000000000000000000000000000000000000000000000000000003161d,0x112abf2,0xd8199c94d403d4e88053ca5b898025548f515f4fd52c7d51871591f544ff2d80,0x64ea500b,0x3e9e6f097,0x2153b,0x17,0x555caa61ab287fe96c44e95163a22df32aaa5de3e962e60e53463d6f8b0b83a2,0x7,18000882,1693077515,2023-08-26 19:18:35,0x68b3465833fb72a70ecdf485e0e4c7bd8665fc45,0x68b3465833fb72a70ecdf485e0e4c7bd8665fc45,821745454,-499500124910645630,1953831950223285141007661412534936,35784689347313517636,202269
0x88e6a0c2ddd26feeb64f039a2c41296fcb3f5640,"['0xc42079f94a6350d7e6235f29174924f928cc2ac818eb64fed8004e115fbcca67', '0x0000000000000000000000003fc91a3afd70395cd496c647d5a6cc9d4b2b7fad', '0x0000000000000000000000003fc91a3afd70395cd496c647d5a6cc9d4b2b7fad']",0x00000000000000000000000000000000000000000000000000000000139c8f3cfffffffffffffffffffffffffffffffffffffffffffffffffd39750f44ec00000000000000000000000000000000000000006054d21721bf08a3c4939d54cb84000000000000000000000000000000000000000000000001f09cc15db053c444000000000000000000000000000000000000000000000000000000000003161d,0x112abf2,0xd8199c94d403d4e88053ca5b898025548f515f4fd52c7d51871591f544ff2d80,0x64ea500b,0x28a3c1597,0x3a37b,0x114,0x74dc2d749475f3aa00ea22af4a946487fc18d19bd7fea6175b596467875a689f,0x80,18000882,1693077515,2023-08-26 19:18:35,0x3fc91a3afd70395cd496c647d5a6cc9d4b2b7fad,0x3fc91a3afd70395cd496c647d5a6cc9d4b2b7fad,329027388,-200000000000000000,1953831507418476943267785640037252,35784689347313517636,202269
0x88e6a0c2ddd26feeb64f039a2c41296fcb3f5640,"['0xc42079f94a6350d7e6235f29174924f928cc2ac818eb64fed8004e115fbcca67', '0x00000000000000000000000068b3465833fb72a70ecdf485e0e4c7bd8665fc45', '0x00000000000000000000000000000000a5bee9fe061ad99689e8160a53131d7b']",0xffffffffffffffffffffffffffffffffffffffffffffffffffffffffe29cb0c90000000000000000000000000000000000000000000000000429d069189e00000000000000000000000000000000000000006054d43c46c4c9ef8a2f9fa1cbe3000000000000000000000000000000000000000000000001f09cc15db053c444000000000000000000000000000000000000000000000000000000000003161d,0x112abf3,0x1d598fa8b26fe9473d060d63d918a769cc44e7f2fe6cec6bb7f62edad3f1f19c,0x64ea5017,0x4f147b32c,0x21e3c,0x41,0x8a9ed1b05aac4731763fc915c0cc7784d1c8a42598cf6a35486d016763c8c06d,0x9,18000883,1693077527,2023-08-26 19:18:47,0x68b3465833fb72a70ecdf485e0e4c7bd8665fc45,0x00000000a5bee9fe061ad99689e8160a53131d7b,-493047607,300000000000000000,1953832171293585633729294391954403,35784689347313517636,202269
0x88e6a0c2ddd26feeb64f039a2c41296fcb3f5640,"['0xc42079f94a6350d7e6235f29174924f928cc2ac818eb64fed8004e115fbcca67', '0x0000000000000000000000003fc91a3afd70395cd496c647d5a6cc9d4b2b7fad', '0x000000000000000000000000316eb3d24cb7f0e598e59ac3fe66fb37f2e8a065']",0xffffffffffffffffffffffffffffffffffffffffffffffffffffffffe1a1eb41000000000000000000000000000000000000000000000000044d575b885f00000000000000000000000000000000000000006054d673b9d344dff8840868d4ce000000000000000000000000000000000000000000000001f09cc15db053c444000000000000000000000000000000000000000000000000000000000003161d,0x112abf5,0xf56b7decefa4bc2ef1f50f0a1cc61c50a7a2046acba0a4568abd09330404bbcb,0x64ea503b,0x290c0f0bf,0x21740,0x21f,0xcbab0fa871a7f09e98333b633958849411ef7db86f0440546e273dadb291c6cf,0xa1,18000885,1693077563,2023-08-26 19:19:23,0x3fc91a3afd70395cd496c647d5a6cc9d4b2b7fad,0x316eb3d24cb7f0e598e59ac3fe66fb37f2e8a065,-509482175,310000000000000000,1953832857297864613872853435602126,35784689347313517636,202269
0x88e6a0c2ddd26feeb64f039a2c41296fcb3f5640,"['0xc42079f94a6350d7e6235f29174924f928cc2ac818eb64fed8004e115fbcca67', '0x0000000000000000000000003fc91a3afd70395cd496c647d5a6cc9d4b2b7fad', '0x00000000000000000000000033beca0b35199fea4af3baa4b89fb302e246e42a']",0xffffffffffffffffffffffffffffffffffffffffffffffffffffffffec68777d00000000000000000000000000000000000000000000000002c68af0bb1400000000000000000000000000000000000000006054d7e1d281c5bd26ec09f17fb8000000000000000000000000000000000000000000000001f09cc15db053c444000000000000000000000000000000000000000000000000000000000003161d,0x112abf9,0x1bd7e02d8a1f9556e271f467def636b8f546750f844080e9bde0580704378396,0x64ea506b,0x2c01e94c0,0x1d474,0x1be,0xf83f5c9ab709afc1a3d79de335108ae798bd8babda073952baecc157002a7ff9,0x93,18000889,1693077611,2023-08-26 19:20:11,0x3fc91a3afd70395cd496c647d5a6cc9d4b2b7fad,0x33beca0b35199fea4af3baa4b89fb302e246e42a,-328697987,200000000000000000,1953833299881270407513859270213560,35784689347313517636,202269
0x88e6a0c2ddd26feeb64f039a2c41296fcb3f5640,"['0xc42079f94a6350d7e6235f29174924f928cc2ac818eb64fed8004e115fbcca67', '0x0000000000000000000000003fc91a3afd70395cd496c647d5a6cc9d4b2b7fad', '0x0000000000000000000000003785ca1128d2efddfec1a87ddb5686b59c7138f8']",0x000000000000000000000000000000000000000000000000000000000d503604fffffffffffffffffffffffffffffffffffffffffffffffffe1da592d69d9b440000000000000000000000000000000000006054d6e92c398119d7ad0a4339cd000000000000000000000000000000000000000000000001f09cc15db053c444000000000000000000000000000000000000000000000000000000000003161d,0x112abfa,0x4c412a639f4c3de70a0b34ca78c93c128dd06f3f7b7a275a7fcf275890833217,0x64ea5077,0x33315a3f4,0x2bdd2,0x15,0xe9c2157a80b728546f8002bc6c03f4033cfe7fd3a7498dcfa9e9f0a8c92f01b5,0x4,18000890,1693077623,2023-08-26 19:20:23,0x3fc91a3afd70395cd496c647d5a6cc9d4b2b7fad,0x3785ca1128d2efddfec1a87ddb5686b59c7138f8,223360516,-135770363666785468,1953832999282421195472207970777549,35784689347313517636,202269
0x88e6a0c2ddd26feeb64f039a2c41296fcb3f5640,"['0xc42079f94a6350d7e6235f29174924f928cc2ac818eb64fed8004e115fbcca67', '0x00000000000000000000000068b3465833fb72a70ecdf485e0e4c7bd8665fc45', '0x000000000000000000000000800d304399ddfbb0a8ef7acc3197dc99f35d8ae6']",0xffffffffffffffffffffffffffffffffffffffffffffffffffffffffe29cb3ba0000000000000000000000000000000000000000000000000429d069189e00000000000000000000000000000000000000006054d90e513f42659d490c903a2c000000000000000000000000000000000000000000000001f09cc15db053c444000000000000000000000000000000000000000000000000000000000003161d,0x112abfb,0xb1fb340bae5da057ae306fd3877e7fe71eac456ae40e16485206c70000f20aa7,0x64ea5083,0x5055c852e,0x21e6c,0x12,0xd80924f148ea15d40842566293665e3f68a748655f6a1e36527b3c278c9af02e,0x2,18000891,1693077635,2023-08-26 19:20:35,0x68b3465833fb72a70ecdf485e0e4c7bd8665fc45,0x800d304399ddfbb0a8ef7acc3197dc99f35d8ae6,-493046854,300000000000000000,1953833663157529885933716722694700,35784689347313517636,202269
0x88e6a0c2ddd26feeb64f039a2c41296fcb3f5640,"['0xc42079f94a6350d7e6235f29174924f928cc2ac818eb64fed8004e115fbcca67', '0x00000000000000000000000023ebcd701fd92867235aeb0174b7c444b9b2b3ad', '0x00000000000000000000000023ebcd701fd92867235aeb0174b7c444b9b2b3ad']",0xffffffffffffffffffffffffffffffffffffffffffffffffffffffffebc5b76b00000000000000000000000000000000000000000000000002dd99947c98a16a0000000000000000000000000000000000006054da884b2cb916ea5a2cee0eb4000000000000000000000000000000000000000000000001f09cc15db053c444000000000000000000000000000000000000000000000000000000000003161d,0x112abfc,0x51726398922c79ecbe45916295ed63c9d1555b8bde431b1a7603a3de91a3be7c,0x64ea508f,0x2a32ae571,0x65ba2,0x112,0x4deaa2b14ad9e60a2cbb547692303337f04336d83baeadc6243ea09c45506946,0x58,18000892,1693077647,2023-08-26 19:20:47,0x23ebcd701fd92867235aeb0174b7c444b9b2b3ad,0x23ebcd701fd92867235aeb0174b7c444b9b2b3ad,-339363989,206490020953497962,1953834120102813565930829714951860,35784689347313517636,202269
0x88e6a0c2ddd26feeb64f039a2c41296fcb3f5640,"['0xc42079f94a6350d7e6235f29174924f928cc2ac818eb64fed8004e115fbcca67', '0x0000000000000000000000003fc91a3afd70395cd496c647d5a6cc9d4b2b7fad', '0x0000000000000000000000003fc91a3afd70395cd496c647d5a6cc9d4b2b7fad']",0x000000000000000000000000000000000000000000000000000000001583e8c1fffffffffffffffffffffffffffffffffffffffffffffffffcf47b8bf190a5ca0000000000000000000000000000000000006054d8f6754a8e17dc94ca233e3c000000000000000000000000000000000000000000000001f09cc15db053c444000000000000000000000000000000000000000000000000000000000003161d,0x112abfc,0x51726398922c79ecbe45916295ed63c9d1555b8bde431b1a7603a3de91a3be7c,0x64ea508f,0x2973f2371,0x250ea,0x173,0xd983d8f0c51382ed95fb2afd28ce1812fe609b0733e3f82df3887b647368bdcb,0x8f,18000892,1693077647,2023-08-26 19:20:47,0x3fc91a3afd70395cd496c647d5a6cc9d4b2b7fad,0x3fc91a3afd70395cd496c647d5a6cc9d4b2b7fad,360966337,-219414640850852406,1953833634313523777242427797225020,35784689347313517636,202269
0x88e6a0c2ddd26feeb64f039a2c41296fcb3f5640,"['0xc42079f94a6350d7e6235f29174924f928cc2ac818eb64fed8004e115fbcca67', '0x000000000000000000000000b2d392abb24e79baf51eec7e2a9955509a42663b', '0x000000000000000000000000b2d392abb24e79baf51eec7e2a9955509a42663b']",0x000000000000000000000000000000000000000000000000000000001dcd6500fffffffffffffffffffffffffffffffffffffffffffffffffbc83c685ad327040000000000000000000000000000000000006054d6c9d9066e045b3c90282692000000000000000000000000000000000000000000000001f09cc15db053c444000000000000000000000000000000000000000000000000000000000003161d,0x112abfd,0x5cf68bca54e1f83c0067b5be357dc4239c5b9bcdc982f685dd71f43a18ff0ea5,0x64ea509b,0x2a1425904,0x4d27c,0x177,0xb2fd1bec5c75f8461b2c7840c566a33cf5456f957434e69ed6e326807da56daa,0x68,18000893,1693077659,2023-08-26 19:20:59,0xb2d392abb24e79baf51eec7e2a9955509a42663b,0xb2d392abb24e79baf51eec7e2a9955509a42663b,500000000,-303926555949455612,1953832961412822210250680056686226,35784689347313517636,202269
0x88e6a0c2ddd26feeb64f039a2c41296fcb3f5640,"['0xc42079f94a6350d7e6235f29174924f928cc2ac818eb64fed8004e115fbcca67', '0x0000000000000000000000001111111254eeb25477b68fb85ed929f73a960582', '0x0000000000000000000000001111111254eeb25477b68fb85ed929f73a960582']",0xfffffffffffffffffffffffffffffffffffffffffffffffffffffff92c6f6b36000000000000000000000000000000000000000000000000f794697ac8f8000000000000000000000000000000000000000060555659a5d4217c2046b293b43d000000000000000000000000000000000000000000000001f09cc15db053c444000000000000000000000000000000000000000000000000000000000003161d,0x112abfd,0x5cf68bca54e1f83c0067b5be357dc4239c5b9bcdc982f685dd71f43a18ff0ea5,0x64ea509b,0x29d30f4e6,0x4bacc,0x1c3,0x5dac5ebf410dc333a4f757c347ebd97556b184edbc492be02e798c3d4ac10ccd,0x7f,18000893,1693077659,2023-08-26 19:20:59,0x1111111254eeb25477b68fb85ed929f73a960582,0x1111111254eeb25477b68fb85ed929f73a960582,-29319271626,17840000000000000000,1953872439852619003028400504026173,35784689347313517636,202269
0x88e6a0c2ddd26feeb64f039a2c41296fcb3f5640,"['0xc42079f94a6350d7e6235f29174924f928cc2ac818eb64fed8004e115fbcca67', '0x0000000000000000000000003fc91a3afd70395cd496c647d5a6cc9d4b2b7fad', '0x0000000000000000000000003fc91a3afd70395cd496c647d5a6cc9d4b2b7fad']",0x000000000000000000000000000000000000000000000000000000001d8ea92afffffffffffffffffffffffffffffffffffffffffffffffffbd1126a3f45204500000000000000000000000000000000000060555431979c5624a5ba15c20c50000000000000000000000000000000000000000000000001f09cc15db053c444000000000000000000000000000000000000000000000000000000000003161d,0x112abfd,0x5cf68bca54e1f83c0067b5be357dc4239c5b9bcdc982f685dd71f43a18ff0ea5,0x64ea509b,0x29d30f4e6,0x2218f,0x1df,0x038ee70073faa4cc9ecb288a87bd8725dc63ace4ee521d58068119bcddf66b68,0x87,18000893,1693077659,2023-08-26 19:20:59,0x3fc91a3afd70395cd496c647d5a6cc9d4b2b7fad,0x3fc91a3afd70395cd496c647d5a6cc9d4b2b7fad,495888682,-301439452519784379,1953871772458424221754209989692496,35784689347313517636,202269
0x88e6a0c2ddd26feeb64f039a2c41296fcb3f5640,"['0xc42079f94a6350d7e6235f29174924f928cc2ac818eb64fed8004e115fbcca67', '0x000000000000000000000000e592427a0aece92de3edee1f18e0157c05861564', '0x000000000000000000000000e592427a0aece92de3edee1f18e0157c05861564']",0xffffffffffffffffffffffffffffffffffffffffffffffffffffffffb0b1f1b10000000000000000000000000000000000000000000000000b3c46e91a280000000000000000000000000000000000000000605559fb8cee160e7c3417defd9e000000000000000000000000000000000000000000000001f09cc15db053c444000000000000000000000000000000000000000000000000000000000003161d,0x112ac01,0x20abba92f5da6e000f5413f60ea9f082cd66031d54af2a00717bc6f7893a1d06,0x64ea50cb,0x33eac0baf,0x2f6a6,0xa6,0x61445705dee2c48d53e09fcbc46195172ae01cdf0774055a2563c884f5d2e82f,0x27,18000897,1693077707,2023-08-26 19:21:47,0xe592427a0aece92de3edee1f18e0157c05861564,0xe592427a0aece92de3edee1f18e0157c05861564,-1330515535,809600000000000000,1953873564036050874413001608199582,35784689347313517636,202269
0x88e6a0c2ddd26feeb64f039a2c41296fcb3f5640,"['0xc42079f94a6350d7e6235f29174924f928cc2ac818eb64fed8004e115fbcca67', '0x000000000000000000000000e592427a0aece92de3edee1f18e0157c05861564', '0x000000000000000000000000e592427a0aece92de3edee1f18e0157c05861564']",0x000000000000000000000000000000000000000000000000000000004f4e0e4ffffffffffffffffffffffffffffffffffffffffffffffffff4c6993b753ccd0000000000000000000000000000000000000060555432554d24ae4fcc3775be69000000000000000000000000000000000000000000000001f09cc15db053c444000000000000000000000000000000000000000000000000000000000003161d,0x112ac01,0x20abba92f5da6e000f5413f60ea9f082cd66031d54af2a00717bc6f7893a1d06,0x64ea50cb,0x33eac0baf,0x2f6a6,0xa9,0x61445705dee2c48d53e09fcbc46195172ae01cdf0774055a2563c884f5d2e82f,0x27,18000897,1693077707,2023-08-26 19:21:47,0xe592427a0aece92de3edee1f18e0157c05861564,0xe592427a0aece92de3edee1f18e0157c05861564,1330515535,-808790602417386240,1953871773354212996586984290238057,35784689347313517636,202269
0x88e6a0c2ddd26feeb64f039a2c41296fcb3f5640,"['0xc42079f94a6350d7e6235f29174924f928cc2ac818eb64fed8004e115fbcca67', '0x000000000000000000000000d7f3fbe8c72a961a5515203eada59750437fa762', '0x0000000000000000000000001c09a10047fcc944efde9226e259eddfde2c1cf0']",0xffffffffffffffffffffffffffffffffffffffffffffffffffffffefc927aff20000000000000000000000000000000000000000000000024c1860adae0a45fe0000000000000000000000000000000000006056834b4e06de8660a4e8153ab1000000000000000000000000000000000000000000000001f07499591a3088be000000000000000000000000000000000000000000000000000000000003161e,0x112ac0b,0x3aac3bbd2e78fbda5aaaabb4c7b6e35ec8f3155346479686370eeab295ea2681,0x64ea5143,0x33ee10b0e,0x255ba,0x63,0x31df62f934fc7badf2f783c48c42fa2390c120e0e9b73e8fd16c63755c40f084,0x10,18000907,1693077827,2023-08-26 19:23:47,0xd7f3fbe8c72a961a5515203eada59750437fa762,0x1c09a10047fcc944efde9226e259eddfde2c1cf0,-69639622670,42376726992808199678,1953965577500981461771231220284081,35773386348081219774,202270
0x88e6a0c2ddd26feeb64f039a2c41296fcb3f5640,"['0xc42079f94a6350d7e6235f29174924f928cc2ac818eb64fed8004e115fbcca67', '0x0000000000000000000000003fc91a3afd70395cd496c647d5a6cc9d4b2b7fad', '0x0000000000000000000000003fc91a3afd70395cd496c647d5a6cc9d4b2b7fad']",0x000000000000000000000000000000000000000000000000000000000ee6b280fffffffffffffffffffffffffffffffffffffffffffffffffde40b833e07ec1300000000000000000000000000000000000060568234dfbe9c402a3f5a602c10000000000000000000000000000000000000000000000001f07499591a3088be000000000000000000000000000000000000000000000000000000000003161e,0x112ac10,0x3b2b82cde4bd3b4961d346caf764eb488fa0dd3e752d6769d8be8c57bb46e9be,0x64ea517f,0x31f74ed61,0x3487a,0x11b,0xdd32b0f9c302e76b84ae723b992fedb059c2ab2d462331febedf40545af835cd,0x6d,18000912,1693077887,2023-08-26 19:24:47,0x3fc91a3afd70395cd496c647d5a6cc9d4b2b7fad,0x3fc91a3afd70395cd496c647d5a6cc9d4b2b7fad,250000000,-151983829114426349,1953965240898810354651087920704528,35773386348081219774,202270
0x88e6a0c2ddd26feeb64f039a2c41296fcb3f5640,"['0xc42079f94a6350d7e6235f29174924f928cc2ac818eb64fed8004e115fbcca67', '0x000000000000000000000000e592427a0aece92de3edee1f18e0157c05861564', '0x0000000000000000000000004b7d6c3cea01f4d54a9cad6587da106ea39da1e6']",0xfffffffffffffffffffffffffffffffffffffffffffffffffffffffffbcdef1000000000000000000000000000000000000000000000000000982e8e90b1cbec000000000000000000000000000000000000605682834ee512b9abd2da2c6468000000000000000000000000000000000000000000000001f07499591a3088be000000000000000000000000000000000000000000000000000000000003161e,0x112ac12,0x2b0011959d9d6b397a6f5a54680592249379604dacc50d67cac907aa172ad80d,0x64ea5197,0x33a2757c3,0x30536,0xa3,0x1c185d2e1df8f5bc9b0cd51f81b79a7467e31a21496f1caeeb5f6590ec8b480f,0x42,18000914,1693077911,2023-08-26 19:25:11,0xe592427a0aece92de3edee1f18e0157c05861564,0x4b7d6c3cea01f4d54a9cad6587da106ea39da1e6,-70390000,42835386307824620,1953965335719916477462534291219560,35773386348081219774,202270
0x88e6a0c2ddd26feeb64f039a2c41296fcb3f5640,"['0xc42079f94a6350d7e6235f29174924f928cc2ac818eb64fed8004e115fbcca67', '0x000000000000000000000000d1b47490209ccb7a806e8a45d9479490c040abf4', '0x000000000000000000000000d1b47490209ccb7a806e8a45d9479490c040abf4']",0x0000000000000000000000000000000000000000000000000000000061ee4b45fffffffffffffffffffffffffffffffffffffffffffffffff22367b9823382e100000000000000000000000000000000000060567b5d74a76694bd6146124db5000000000000000000000000000000000000000000000001f07499591a3088be000000000000000000000000000000000000000000000000000000000003161e,0x112ac15,0xa38aab80d984ac5af3e700503834c2305eb61052f881f5e81ad29afd6f6f923b,0x64ea51c7,0x3547eecca,0x66bd1,0x33,0x0784547223b1320fc570a442be038539c96aa7de194260eddb401927fb2c7c59,0x15,18000917,1693077959,2023-08-26 19:25:59,0xd1b47490209ccb7a806e8a45d9479490c040abf4,0xd1b47490209ccb7a806e8a45d9479490c040abf4,1643006789,-998840645895093535,1953963123563978853350249545747893,35773386348081219774,202270
0x88e6a0c2ddd26feeb64f039a2c41296fcb3f5640,"['0xc42079f94a6350d7e6235f29174924f928cc2ac818eb64fed8004e115fbcca67', '0x00000000000000000000000068b3465833fb72a70ecdf485e0e4c7bd8665fc45', '0x0000000000000000000000004fd39c9e151e50580779bd04b1f7ecc310079fd3']",0x0000000000000000000000000000000000000000000000000000000005ae03f5ffffffffffffffffffffffffffffffffffffffffffffffffff3230c2720633cf00000000000000000000000000000000000060567af3543008e1339cf1f3cb45000000000000000000000000000000000000000000000001f07499591a3088be000000000000000000000000000000000000000000000000000000000003161e,0x112ac17,0x4d4bfe17d46748c50ccc9e5edfd07f1b562e424c1b50f8dff131fe0a447ac38b,0x64ea51df,0x31418bcf1,0x48973,0xd8,0x9f84142a3549987b945f2960817d7f9fd5312972f5ef3bb61c8d2ee72fec8b70,0x43,18000919,1693077983,2023-08-26 19:26:23,0x68b3465833fb72a70ecdf485e0e4c7bd8665fc45,0x4fd39c9e151e50580779bd04b1f7ecc310079fd3,95290357,-57930233507597361,1953962995264524332311214267026245,35773386348081219774,202270
0x88e6a0c2ddd26feeb64f039a2c41296fcb3f5640,"['0xc42079f94a6350d7e6235f29174924f928cc2ac818eb64fed8004e115fbcca67', '0x0000000000000000000000003fc91a3afd70395cd496c647d5a6cc9d4b2b7fad', '0x0000000000000000000000003fc91a3afd70395cd496c647d5a6cc9d4b2b7fad']",0x00000000000000000000000000000000000000000000000000000000257e93dffffffffffffffffffffffffffffffffffffffffffffffffffab15d2c5416416f00000000000000000000000000000000000060567836bd9d91497609fb00fc6f000000000000000000000000000000000000000000000001f07499591a3088be000000000000000000000000000000000000000000000000000000000003161e,0x112ac1e,0x86c764b59522d364094d1097ecd2d03a55329bcb7fd48e16e2978b76524facf2,0x64ea5233,0x2ddc6c013,0x212e0,0x107,0x4a470d783cca7cb807fca65568115e1157578793f22705f30d35eaa5e6fe2c8e,0x59,18000926,1693078067,2023-08-26 19:27:47,0x3fc91a3afd70395cd496c647d5a6cc9d4b2b7fad,0x3fc91a3afd70395cd496c647d5a6cc9d4b2b7fad,629052383,-382422048379092625,1953962148305393787440732693396591,35773386348081219774,202270
0x88e6a0c2ddd26feeb64f039a2c41296fcb3f5640,"['0xc42079f94a6350d7e6235f29174924f928cc2ac818eb64fed8004e115fbcca67', '0x0000000000000000000000003fc91a3afd70395cd496c647d5a6cc9d4b2b7fad', '0x000000000000000000000000c2eab7d33d3cb97692ecb231a5d0e4a649cb539d']",0x0000000000000000000000000000000000000000000000000000000104c05308ffffffffffffffffffffffffffffffffffffffffffffffffdb1789967fa19ed20000000000000000000000000000000000006056652e96bde1cdfd4af198dac0000000000000000000000000000000000000000000000001f07499591a3088be000000000000000000000000000000000000000000000000000000000003161e,0x112ac1f,0x37a329a90723bd2cd8539615505be006fe4237a186c2c545be4bc5149c09684d,0x64ea523f,0x2d3330232,0x78ae1,0x37,0x260fd506be239d7ebaa5119cdb297ff059ac0ce6ea2090518abf6608a78888e3,0x4,18000927,1693078079,2023-08-26 19:27:59,0x3fc91a3afd70395cd496c647d5a6cc9d4b2b7fad,0xc2eab7d33d3cb97692ecb231a5d0e4a649cb539d,4374680328,-2659505775459590446,1953956258235224429856769112070848,35773386348081219774,202270
0x88e6a0c2ddd26feeb64f039a2c41296fcb3f5640,"['0xc42079f94a6350d7e6235f29174924f928cc2ac818eb64fed8004e115fbcca67', '0x0000000000000000000000003fc91a3afd70395cd496c647d5a6cc9d4b2b7fad', '0x0000000000000000000000003fc91a3afd70395cd496c647d5a6cc9d4b2b7fad']",0x00000000000000000000000000000000000000000000000000000008c50ec978fffffffffffffffffffffffffffffffffffffffffffffffec2396a5020e2d47d0000000000000000000000000000000000006056618c83d9885d107c6c67b67e00000000000000000000000000000000000000000000005777809f9c68e86bfb000000000000000000000000000000000000000000000000000000000003161e,0x112ac22,0xaf35ceaab9ed33f2284651f91300962829fe35dcb6a9c117b801e7ddc0b598ba,0x64ea5263,0x2b6d7d0c5,0x21438,0x41,0xbb3472a6d471e504c1f721458f3dd180d4790497d827997a49ea957361698b53,0xc,18000930,1693078115,2023-08-26 19:28:35,0x3fc91a3afd70395cd496c647d5a6cc9d4b2b7fad,0x3fc91a3afd70395cd496c647d5a6cc9d4b2b7fad,37665819000,-22898153938006911875,1953955133844997288999738734524030,1613477792394387155963,202270
0x88e6a0c2ddd26feeb64f039a2c41296fcb3f5640,"['0xc42079f94a6350d7e6235f29174924f928cc2ac818eb64fed8004e115fbcca67', '0x0000000000000000000000003fc91a3afd70395cd496c647d5a6cc9d4b2b7fad', '0x0000000000000000000000004334fc936bd246f0e9ce8c0e182e6f9d9ceee2b7']",0xfffffffffffffffffffffffffffffffffffffffffffffffffffffffff8bfb7af0000000000000000000000000000000000000000000000000107026f5620cdb10000000000000000000000000000000000006056621411cce5db71a54d172ed2000000000000000000000000000000000000000000000001f07499591a3088be000000000000000000000000000000000000000000000000000000000003161e,0x112ac23,0x9ae4b91f509f7f662e20660edfc40154c04796bc7694eb9cf1bfb7eabb4e4c0c,0x64ea526f,0x2b1eff29a,0x2fe91,0xd1,0x9acb2154f31fa0915c54f3f6a97df898d10815f1568559a9a85a559618e87141,0x2f,18000931,1693078127,2023-08-26 19:28:47,0x3fc91a3afd70395cd496c647d5a6cc9d4b2b7fad,0x4334fc936bd246f0e9ce8c0e182e6f9d9ceee2b7,-121653329,74030596084518321,1953955297720325906798129505054418,35773386348081219774,202270
0x88e6a0c2ddd26feeb64f039a2c41296fcb3f5640,"['0xc42079f94a6350d7e6235f29174924f928cc2ac818eb64fed8004e115fbcca67', '0x0000000000000000000000003208684f96458c540eb08f6f01b9e9afb2b7d4f0', '0x0000000000000000000000002cc846fff0b08fb3bffad71f53a60b4b6e6d6482']",0x0000000000000000000000000000000000000000000000000000000211c41e00ffffffffffffffffffffffffffffffffffffffffffffffffb503d5c6b4a2179300000000000000000000000000000000000060563b69760e4aaf1f20e86d226b000000000000000000000000000000000000000000000001f07499591a3088be000000000000000000000000000000000000000000000000000000000003161e,0x112ac33,0x822031ea7c1b04b6a4b7af3cf4c8270d51cb746317b7d86698628e8f47135e6e,0x64ea532f,0x39c668471,0x3734c,0x20,0x3d2f32f533cfce16c641c08c9f34be34c186955a7908d5d8777045d0704ff421,0x3,18000947,1693078319,2023-08-26 19:31:59,0x3208684f96458c540eb08f6f01b9e9afb2b7d4f0,0x2cc846fff0b08fb3bffad71f53a60b4b6e6d6482,8888000000,-5403240078503700589,1953943331037080493577055008268907,35773386348081219774,202270
0x88e6a0c2ddd26feeb64f039a2c41296fcb3f5640,"['0xc42079f94a6350d7e6235f29174924f928cc2ac818eb64fed8004e115fbcca67', '0x0000000000000000000000003fc91a3afd70395cd496c647d5a6cc9d4b2b7fad', '0x0000000000000000000000003fc91a3afd70395cd496c647d5a6cc9d4b2b7fad']",0x00000000000000000000000000000000000000000000000000000000620bf55efffffffffffffffffffffffffffffffffffffffffffffffff21f494c589c0000000000000000000000000000000000000000605634417c1818336c4cbe8063f6000000000000000000000000000000000000000000000001f07499591a3088be000000000000000000000000000000000000000000000000000000000003161e,0x112ac34,0xefecb7c0c85ca10704565e748b8676e3699bfc82046d6ecccb5456997728eb7f,0x64ea533b,0x30ac0b43f,0x2c370,0xf2,0x2d3cb6af2098d216190f2f071aa3da3236d1c25081f200ea9e4101be88c6fca1,0x64,18000948,1693078331,2023-08-26 19:32:11,0x3fc91a3afd70395cd496c647d5a6cc9d4b2b7fad,0x3fc91a3afd70395cd496c647d5a6cc9d4b2b7fad,1644950878,-1000000000000000000,1953941116313493988216613575353334,35773386348081219774,202270
0x88e6a0c2ddd26feeb64f039a2c41296fcb3f5640,"['0xc42079f94a6350d7e6235f29174924f928cc2ac818eb64fed8004e115fbcca67', '0x000000000000000000000000ef1c6e67703c7bd7107eed8303fbe6ec2554bf6b', '0x000000000000000000000000a8f308ab910027c5245dcfb9a5eca02444a35499']",0xffffffffffffffffffffffffffffffffffffffffffffffffffffffffe688fc5e000000000000000000000000000000000000000000000000039ba414291cf4000000000000000000000000000000000000006056361d86f30bd14083138ff06e000000000000000000000000000000000000000000000001f07499591a3088be000000000000000000000000000000000000000000000000000000000003161e,0x112ac3c,0x1f2c9a472e4c77fcef8c3f6c65e97dcfde4ef4e0b7ed9d47c5243e3744bb3177,0x64ea539b,0x2efce21de,0x3219b,0xba,0x3ce87be53e078aa5256b9ca1a905108782fc0bdc4bf5fe002087e4a1d8202b18,0x44,18000956,1693078427,2023-08-26 19:33:47,0xef1c6e67703c7bd7107eed8303fbe6ec2554bf6b,0xa8f308ab910027c5245dcfb9a5eca02444a35499,-427230114,259981810000000000,1953941691813446734237118250348654,35773386348081219774,202270
0x88e6a0c2ddd26feeb64f039a2c41296fcb3f5640,"['0xc42079f94a6350d7e6235f29174924f928cc2ac818eb64fed8004e115fbcca67', '0x0000000000000000000000001111111254eeb25477b68fb85ed929f73a960582', '0x0000000000000000000000001111111254eeb25477b68fb85ed929f73a960582']",0x00000000000000000000000000000000000000000000000000000000295bb138fffffffffffffffffffffffffffffffffffffffffffffffffa256454a718f9eb00000000000000000000000000000000000060563318c2f96bf8e1e5dff89d13000000000000000000000000000000000000000000000001f07499591a3088be000000000000000000000000000000000000000000000000000000000003161e,0x112ac3d,0xcc5ef35069ae210c9e6610203e675e15593ae94d5ca99c42823080ad0c2d1b2a,0x64ea53a7,0x2b8eab248,0x41e7d,0x25,0xb311bd39cd8674c7e856ab223a9f0233146ef797fa7afd3afc208f6e7e64374e,0x6,18000957,1693078439,2023-08-26 19:33:59,0x1111111254eeb25477b68fb85ed929f73a960582,0x1111111254eeb25477b68fb85ed929f73a960582,693875000,-421820675345810965,1953940757597247770249384613682451,35773386348081219774,202270
0x88e6a0c2ddd26feeb64f039a2c41296fcb3f5640,"['0xc42079f94a6350d7e6235f29174924f928cc2ac818eb64fed8004e115fbcca67', '0x0000000000000000000000003fc91a3afd70395cd496c647d5a6cc9d4b2b7fad', '0x00000000000000000000000075670c43bf0bd876c70cffef5affa94fe8409556']",0xffffffffffffffffffffffffffffffffffffffffffffffffffffffffff82a0210000000000000000000000000000000000000000000000000011c37937e0800000000000000000000000000000000000000060563321eabb4d3ea12aabe724d6000000000000000000000000000000000000000000000001f07499591a3088be000000000000000000000000000000000000000000000000000000000003161e,0x112ac3d,0xcc5ef35069ae210c9e6610203e675e15593ae94d5ca99c42823080ad0c2d1b2a,0x64ea53a7,0x2a8ed8c2a,0x1d84a,0x166,0xb7c1e1836266f4c6ccb6df5c7e246502ddabc050655a49c5b23d1469d5475303,0x72,18000957,1693078439,2023-08-26 19:33:59,0x3fc91a3afd70395cd496c647d5a6cc9d4b2b7fad,0x75670c43bf0bd876c70cffef5affa94fe8409556,-8216543,5000000000000000,1953940768665328893809923419743446,35773386348081219774,202270
0x88e6a0c2ddd26feeb64f039a2c41296fcb3f5640,"['0xc42079f94a6350d7e6235f29174924f928cc2ac818eb64fed8004e115fbcca67', '0x0000000000000000000000003fc91a3afd70395cd496c647d5a6cc9d4b2b7fad', '0x0000000000000000000000003fc91a3afd70395cd496c647d5a6cc9d4b2b7fad']",0x00000000000000000000000000000000000000000000000000000000102fce56fffffffffffffffffffffffffffffffffffffffffffffffffdb579d1fd881b00000000000000000000000000000000000000605631f378f681df55d4691da0ee000000000000000000000000000000000000000000000001f07499591a3088be000000000000000000000000000000000000000000000000000000000003161e,0x112ac41,0xe7f3544514386dc372a2ea7f3c8c79e59b205527d074a3ae8624c9472f0a395c,0x64ea53d7,0x29087e2a8,0x2aa75,0x125,0x4ec7bbb8c869d52ed87c141622f56fd1459ff0a8bbf492416b0e8b0c1618f1ae,0x51,18000961,1693078487,2023-08-26 19:34:47,0x3fc91a3afd70395cd496c647d5a6cc9d4b2b7fad,0x3fc91a3afd70395cd496c647d5a6cc9d4b2b7fad,271568470,-165091868520473856,1953940403032473741274649330557166,35773386348081219774,202270
0x88e6a0c2ddd26feeb64f039a2c41296fcb3f5640,"['0xc42079f94a6350d7e6235f29174924f928cc2ac818eb64fed8004e115fbcca67', '0x0000000000000000000000003fc91a3afd70395cd496c647d5a6cc9d4b2b7fad', '0x0000000000000000000000003fc91a3afd70395cd496c647d5a6cc9d4b2b7fad']",0x0000000000000000000000000000000000000000000000000000000058b251ebfffffffffffffffffffffffffffffffffffffffffffffffff37218f24566f42d00000000000000000000000000000000000060562b7a34b78018fa8cc5a4b5cc000000000000000000000000000000000000000000000001f07499591a3088be000000000000000000000000000000000000000000000000000000000003161e,0x112ac42,0xa766b3d8b669ccc43460c723c887fe71791b0d99a0fd0200ded55213cdcdb875,0x64ea53e3,0x2faf3b758,0x43648,0x83,0xb21bb243041456f19aefd2a086af45e88584e9e363b9dd27a2a1b945489d5787,0x26,18000962,1693078499,2023-08-26 19:34:59,0x3fc91a3afd70395cd496c647d5a6cc9d4b2b7fad,0x3fc91a3afd70395cd496c647d5a6cc9d4b2b7fad,1488081387,-904633146322521043,1953938399520107446232324596086220,35773386348081219774,202270
0x88e6a0c2ddd26feeb64f039a2c41296fcb3f5640,"['0xc42079f94a6350d7e6235f29174924f928cc2ac818eb64fed8004e115fbcca67', '0x0000000000000000000000003fc91a3afd70395cd496c647d5a6cc9d4b2b7fad', '0x0000000000000000000000003fc91a3afd70395cd496c647d5a6cc9d4b2b7fad']",0x0000000000000000000000000000000000000000000000000000000022a9fa48fffffffffffffffffffffffffffffffffffffffffffffffffb17f59e2b3a9146000000000000000000000000000000000000605628f2858ced54ae53a83d4262000000000000000000000000000000000000000000000001f07499591a3088be000000000000000000000000000000000000000000000000000000000003161e,0x112ac44,0x1fd23ea4a37811f508c5424085fafd3a9093ffe47ac251ec40a18be79c169c92,0x64ea53fb,0x28ca3d856,0x225a6,0x148,0x3ac118a89794bcf90f13fed06d9572e27a4e635b718d3181de8a56600f57276b,0x78,18000964,1693078523,2023-08-26 19:35:23,0x3fc91a3afd70395cd496c647d5a6cc9d4b2b7fad,0x3fc91a3afd70395cd496c647d5a6cc9d4b2b7fad,581565000,-353543986046398138,1953937616517902682152331684692578,35773386348081219774,202270
0x88e6a0c2ddd26feeb64f039a2c41296fcb3f5640,"['0xc42079f94a6350d7e6235f29174924f928cc2ac818eb64fed8004e115fbcca67', '0x0000000000000000000000003fc91a3afd70395cd496c647d5a6cc9d4b2b7fad', '0x0000000000000000000000003fc91a3afd70395cd496c647d5a6cc9d4b2b7fad']",0x00000000000000000000000000000000000000000000000000000000b9d39e4fffffffffffffffffffffffffffffffffffffffffffffffffe5b2a295c8d1a00700000000000000000000000000000000000060561b626cc72c26d4ecef9b88d7000000000000000000000000000000000000000000000001f07499591a3088be000000000000000000000000000000000000000000000000000000000003161e,0x112ac44,0x1fd23ea4a37811f508c5424085fafd3a9093ffe47ac251ec40a18be79c169c92,0x64ea53fb,0x28ca3d856,0x55455,0x162,0xb33f7a9ad4e71f3d6c362b260b3dc3a8680468cf43329a318fcc0ae44c8cff7a,0x83,18000964,1693078523,2023-08-26 19:35:23,0x3fc91a3afd70395cd496c647d5a6cc9d4b2b7fad,0x3fc91a3afd70395cd496c647d5a6cc9d4b2b7fad,3117653583,-1895273728966549497,1953933419010472255967386358483159,35773386348081219774,202270
0x88e6a0c2ddd26feeb64f039a2c41296fcb3f5640,"['0xc42079f94a6350d7e6235f29174924f928cc2ac818eb64fed8004e115fbcca67', '0x0000000000000000000000003fc91a3afd70395cd496c647d5a6cc9d4b2b7fad', '0x000000000000000000000000980e5dd186eb72c92565f93817cb858ae522633f']",0xfffffffffffffffffffffffffffffffffffffffffffffffffffffffee4ed3999000000000000000000000000000000000000000000000000281b57b028e100000000000000000000000000000000000000006056300e3085cba0ae41602a1069000000000000000000000000000000000000000000000001f07499591a3088be000000000000000000000000000000000000000000000000000000000003161e,0x112ac45,0xf20ec9d064f592d2456cce1ebbc140f74e7de4085be39f9d3c903d8461ccd75c,0x64ea5407,0x2be2ac43a,0x21b2e,0x119,0xa9ef98f09c5e3e36f9cdf86621f8482b1130cab45daa08af82393d894b8cfb61,0x5d,18000965,1693078535,2023-08-26 19:35:35,0x3fc91a3afd70395cd496c647d5a6cc9d4b2b7fad,0x980e5dd186eb72c92565f93817cb858ae522633f,-4749182567,2890000000000000000,1953939816361361673958816261738601,35773386348081219774,202270
0x88e6a0c2ddd26feeb64f039a2c41296fcb3f5640,"['0xc42079f94a6350d7e6235f29174924f928cc2ac818eb64fed8004e115fbcca67', '0x00000000000000000000000051c72848c68a965f66fa7a88855f9f7784502a7f', '0x00000000000000000000000051c72848c68a965f66fa7a88855f9f7784502a7f']",0x0000000000000000000000000000000000000000000000000000000ebe2f4ab4fffffffffffffffffffffffffffffffffffffffffffffffde9d1107d0f028b4b00000000000000000000000000000000000060551c9fafaab90156ce4d2af48f000000000000000000000000000000000000000000000001f09cc15db053c444000000000000000000000000000000000000000000000000000000000003161d,0x112ac48,0x4941e89811d0673ccc08ea3c140887777286bc040397b2f6276ef2b492d3dc8e,0x64ea542b,0x43aeede12,0x25cdd,0xd,0xf883c1ca8827716e50bf3188f002122c8834b5a221eea0ccfb818ae0d5401cbe,0x2,18000968,1693078571,2023-08-26 19:36:11,0x51c72848c68a965f66fa7a88855f9f7784502a7f,0x51c72848c68a965f66fa7a88855f9f7784502a7f,63320312500,-38491966410850137269,1953854574393316557808885018850447,35784689347313517636,202269
0x88e6a0c2ddd26feeb64f039a2c41296fcb3f5640,"['0xc42079f94a6350d7e6235f29174924f928cc2ac818eb64fed8004e115fbcca67', '0x000000000000000000000000d7f3fbe8c72a961a5515203eada59750437fa762', '0x0000000000000000000000001c09a10047fcc944efde9226e259eddfde2c1cf0']",0x00000000000000000000000000000000000000000000000000000020b7aa6b87fffffffffffffffffffffffffffffffffffffffffffffffb5eb51d92ab36a0910000000000000000000000000000000000006052b99d3c5aed662c074cffa4df000000000000000000000000000000000000000000000001f09cc15db053c444000000000000000000000000000000000000000000000000000000000003161b,0x112ac4b,0xcc30d29bacd786101b74716ea9e7768cfa906ed4945d291810e5332f7d1fff46,0x64ea544f,0x2a80c6b43,0x1fc6e,0x2,0x3f90424959a2d1fdba1179bc7dd99bc0e4e73f3af783fa5ff420e6e97f5a0a1d,0x,18000971,1693078607,2023-08-26 19:36:47,0xd7f3fbe8c72a961a5515203eada59750437fa762,0x1c09a10047fcc944efde9226e259eddfde2c1cf0,140520352647,-85409327042422988655,1953665476089919967063558294840543,35784689347313517636,202267
0x88e6a0c2ddd26feeb64f039a2c41296fcb3f5640,"['0xc42079f94a6350d7e6235f29174924f928cc2ac818eb64fed8004e115fbcca67', '0x0000000000000000000000003b3ae790df4f312e745d270119c6052904fb6790', '0x0000000000000000000000003b3ae790df4f312e745d270119c6052904fb6790']",0x000000000000000000000000000000000000000000000000000000002a4fced3fffffffffffffffffffffffffffffffffffffffffffffffffa0345cb86e0f5c20000000000000000000000000000000000006052b687204705d45c29c8303533000000000000000000000000000000000000000000000001f09cc15db053c444000000000000000000000000000000000000000000000000000000000003161b,0x112ac4b,0xcc30d29bacd786101b74716ea9e7768cfa906ed4945d291810e5332f7d1fff46,0x64ea544f,0x34da7533c,0x4f9bf,0x91,0x25d2731e9a2548f853ad3beac88fee69b31c9905dbe5225bc2a4c1c7ba8a5f7f,0x1c,18000971,1693078607,2023-08-26 19:36:47,0x3b3ae790df4f312e745d270119c6052904fb6790,0x3b3ae790df4f312e745d270119c6052904fb6790,709873363,-431424398853868094,1953664520905929035502115022189875,35784689347313517636,202267
0x88e6a0c2ddd26feeb64f039a2c41296fcb3f5640,"['0xc42079f94a6350d7e6235f29174924f928cc2ac818eb64fed8004e115fbcca67', '0x0000000000000000000000003fc91a3afd70395cd496c647d5a6cc9d4b2b7fad', '0x000000000000000000000000bac9edea0857b2a449e31a3deddbd1a2a1fc4599']",0xffffffffffffffffffffffffffffffffffffffffffffffffffffffff4d2fa2000000000000000000000000000000000000000000000000001953f5f097f639230000000000000000000000000000000000006052c393e38f29b797ff89d8ef8d000000000000000000000000000000000000000000000001f09cc15db053c444000000000000000000000000000000000000000000000000000000000003161b,0x112ac4e,0xf5430951fbede75c5159ee98147ec8e78d91962acfb63a1ed776324ec5519a82,0x64ea547f,0x2c6a80f30,0x31e24,0xf5,0xfd8b68f53c8c767d42be002da40c3558b2cad881b6a8e4dc94fe336b15618015,0x50,18000974,1693078655,2023-08-26 19:37:35,0x3fc91a3afd70395cd496c647d5a6cc9d4b2b7fad,0xbac9edea0857b2a449e31a3deddbd1a2a1fc4599,-3000000000,1825072687705635107,1953668559640358764072846749134733,35784689347313517636,202267
0x88e6a0c2ddd26feeb64f039a2c41296fcb3f5640,"['0xc42079f94a6350d7e6235f29174924f928cc2ac818eb64fed8004e115fbcca67', '0x0000000000000000000000003208684f96458c540eb08f6f01b9e9afb2b7d4f0', '0x0000000000000000000000003208684f96458c540eb08f6f01b9e9afb2b7d4f0']",0xfffffffffffffffffffffffffffffffffffffffffffffffffffffffd1dbc4ea80000000000000000000000000000000000000000000000006892717514fdb8b50000000000000000000000000000000000006052f974f4969baf4922747bf8b6000000000000000000000000000000000000000000000001f09cc15db053c444000000000000000000000000000000000000000000000000000000000003161c,0x112ac50,0x6380aae1d48c7eab531ae577472085f729875aebff29a82a1f61371e8c7b4467,0x64ea5497,0x35700fdeb,0x18f488,0x5e,0x3f135d637305b7595106cc6e9c283c094fe7bef4581105a56baf54315841d0de,0x12,18000976,1693078679,2023-08-26 19:37:59,0x3208684f96458c540eb08f6f01b9e9afb2b7d4f0,0x3208684f96458c540eb08f6f01b9e9afb2b7d4f0,-12386021720,7535209874221545653,1953685234434606278297562463860918,35784689347313517636,202268
0x88e6a0c2ddd26feeb64f039a2c41296fcb3f5640,"['0xc42079f94a6350d7e6235f29174924f928cc2ac818eb64fed8004e115fbcca67', '0x0000000000000000000000006b75d8af000000e20b7a7ddf000ba900b4009a80', '0x0000000000000000000000006b75d8af000000e20b7a7ddf000ba900b4009a80']",0x0000000000000000000000000000000000000000000000000000000019da9719fffffffffffffffffffffffffffffffffffffffffffffffffc576f23f5f479670000000000000000000000000000000000006052f79229a1172d8613c74ed118000000000000000000000000000000000000000000000001f09cc15db053c444000000000000000000000000000000000000000000000000000000000003161c,0x112ac53,0x1ba71ba50d57bbb5726bfd8db8bec4677536305f2324ebc489e45b0d2ca36e8f,0x64ea54bb,0x27fe4ca58,0x5632f,0x28,0x6623a666822cfbe7a6a60d5c88283c1a76066f6b872d6eff4801db01681407bf,0x2,18000979,1693078715,2023-08-26 19:38:35,0x6b75d8af000000e20b7a7ddf000ba900b4009a80,0x6b75d8af000000e20b7a7ddf000ba900b4009a80,433755929,-263619852936906393,1953684650773914194081420277633304,35784689347313517636,202268
0x88e6a0c2ddd26feeb64f039a2c41296fcb3f5640,"['0xc42079f94a6350d7e6235f29174924f928cc2ac818eb64fed8004e115fbcca67', '0x0000000000000000000000003fc91a3afd70395cd496c647d5a6cc9d4b2b7fad', '0x0000000000000000000000003fc91a3afd70395cd496c647d5a6cc9d4b2b7fad']",0x00000000000000000000000000000000000000000000000000000000039edc71ffffffffffffffffffffffffffffffffffffffffffffffffff7cd820d9b835600000000000000000000000000000000000006052f74e8d83b291a19cf3965dee000000000000000000000000000000000000000000000001f09cc15db053c444000000000000000000000000000000000000000000000000000000000003161c,0x112ac53,0x1ba71ba50d57bbb5726bfd8db8bec4677536305f2324ebc489e45b0d2ca36e8f,0x64ea54bb,0x285daab58,0x2aa3a,0x178,0x8aa6cbafec634269b2c91cacbccf6f0c65459b2a2befd52efef9f21bf7f456e5,0x7b,18000979,1693078715,2023-08-26 19:38:35,0x3fc91a3afd70395cd496c647d5a6cc9d4b2b7fad,0x3fc91a3afd70395cd496c647d5a6cc9d4b2b7fad,60742769,-36917061322525344,1953684569038652903356239149686254,35784689347313517636,202268
0x88e6a0c2ddd26feeb64f039a2c41296fcb3f5640,"['0xc42079f94a6350d7e6235f29174924f928cc2ac818eb64fed8004e115fbcca67', '0x0000000000000000000000003fc91a3afd70395cd496c647d5a6cc9d4b2b7fad', '0x0000000000000000000000001fba0d5f91323bd8f47cada8921cc4c8ff27e60a']",0xffffffffffffffffffffffffffffffffffffffffffffffffffffffffe29b8f110000000000000000000000000000000000000000000000000429d069189e00000000000000000000000000000000000000006052f973b28973dd6738f5e35e4d000000000000000000000000000000000000000000000001f09cc15db053c444000000000000000000000000000000000000000000000000000000000003161c,0x112ac56,0xc2fa3446973605c568a6bdd813b48850b3a6bb8c6ac14ea5fe5d74cd2fe5a749,0x64ea54df,0x2bd31710a,0x21b28,0x1a0,0xe876d7c678a5bd2b79136f271146fc047217e4af946b294439b68dfb4471a3ee,0x9d,18000982,1693078751,2023-08-26 19:39:11,0x3fc91a3afd70395cd496c647d5a6cc9d4b2b7fad,0x1fba0d5f91323bd8f47cada8921cc4c8ff27e60a,-493121775,300000000000000000,1953685232913761593817747901603405,35784689347313517636,202268
0x88e6a0c2ddd26feeb64f039a2c41296fcb3f5640,"['0xc42079f94a6350d7e6235f29174924f928cc2ac818eb64fed8004e115fbcca67', '0x00000000000000000000000068b3465833fb72a70ecdf485e0e4c7bd8665fc45', '0x0000000000000000000000002f62f2b4c5fcd7570a709dec05d68ea19c82a9ec']",0x00000000000000000000000000000000000000000000000000000000038730ceffffffffffffffffffffffffffffffffffffffffffffffffff8031944c59f5f10000000000000000000000000000000000006052f931d06e88adf7311cdbd55c000000000000000000000000000000000000000000000001f09cc15db053c444000000000000000000000000000000000000000000000000000000000003161c,0x112ac58,0xc78de6b7517878ec4eaa0bcac83d34075c5eee3d0c920d698e092ee8fbb60386,0x64ea54f7,0x31430b7e2,0x2d4d8,0xc0,0x8b2661444968147f008593c0b8ed6d8ed09a5100a64ec972eba180fd019f2afa,0x37,18000984,1693078775,2023-08-26 19:39:35,0x68b3465833fb72a70ecdf485e0e4c7bd8665fc45,0x2f62f2b4c5fcd7570a709dec05d68ea19c82a9ec,59191502,-35974284013079055,1953685153265831931505293452367196,35784689347313517636,202268
0x88e6a0c2ddd26feeb64f039a2c41296fcb3f5640,"['0xc42079f94a6350d7e6235f29174924f928cc2ac818eb64fed8004e115fbcca67', '0x0000000000000000000000003fc91a3afd70395cd496c647d5a6cc9d4b2b7fad', '0x000000000000000000000000c2eab7d33d3cb97692ecb231a5d0e4a649cb539d']",0x000000000000000000000000000000000000000000000000000000003b9aca00fffffffffffffffffffffffffffffffffffffffffffffffff790cd0734474e6a0000000000000000000000000000000000006052f4d8c34f8757b97ef471f8cc000000000000000000000000000000000000000000000001f09cc15db053c444000000000000000000000000000000000000000000000000000000000003161c,0x112ac58,0xc78de6b7517878ec4eaa0bcac83d34075c5eee3d0c920d698e092ee8fbb60386,0x64ea54f7,0x2c0be69e2,0x3ef38,0xeb,0x54ae879e7c31551c27c6956e3d4bbdd301a5240939ac1d3f4d2ea20ff1801527,0x4e,18000984,1693078775,2023-08-26 19:39:35,0x3fc91a3afd70395cd496c647d5a6cc9d4b2b7fad,0xc2eab7d33d3cb97692ecb231a5d0e4a649cb539d,1000000000,-607760518869463446,1953683807669431990747154193971404,35784689347313517636,202268
0x88e6a0c2ddd26feeb64f039a2c41296fcb3f5640,"['0xc42079f94a6350d7e6235f29174924f928cc2ac818eb64fed8004e115fbcca67', '0x0000000000000000000000001111111254eeb25477b68fb85ed929f73a960582', '0x000000000000000000000000a7ca2c8673bcfa5a26d8ceec2887f2cc2b0db22a']",0x0000000000000000000000000000000000000000000000000000000004ab1180ffffffffffffffffffffffffffffffffffffffffffffffffff56e44344014dfb0000000000000000000000000000000000006052f48196bd16b259851e01b141000000000000000000000000000000000000000000000001f09cc15db053c444000000000000000000000000000000000000000000000000000000000003161c,0x112ac59,0x5465a22f97a6e7bc42f90b50a95152168c5553a4e4c07436538f31e624c0c3d7,0x64ea5503,0x2b9200cec,0x3dacf,0xae,0xf89f496db48987e7e3e655f14a97e1da5f086f9c8f8bd518329ccdfc291a498a,0x45,18000985,1693078787,2023-08-26 19:39:47,0x1111111254eeb25477b68fb85ed929f73a960582,0xa7ca2c8673bcfa5a26d8ceec2887f2cc2b0db22a,78320000,-47599768485933573,1953683702282400217393959956230465,35784689347313517636,202268
0x88e6a0c2ddd26feeb64f039a2c41296fcb3f5640,"['0xc42079f94a6350d7e6235f29174924f928cc2ac818eb64fed8004e115fbcca67', '0x0000000000000000000000003fc91a3afd70395cd496c647d5a6cc9d4b2b7fad', '0x00000000000000000000000014b1843dd8b9723e24c9cd1c66a0bb678517a335']",0x000000000000000000000000000000000000000000000000000000004ae88f72fffffffffffffffffffffffffffffffffffffffffffffffff5666b8c5a0aed890000000000000000000000000000000000006052ef0ac223893019a5fc7bf5d8000000000000000000000000000000000000000000000001f09cc15db053c444000000000000000000000000000000000000000000000000000000000003161c,0x112ac59,0x5465a22f97a6e7bc42f90b50a95152168c5553a4e4c07436538f31e624c0c3d7,0x64ea5503,0x2b6254c34,0x4949a,0xe9,0x8b5bb2dd860ebb1c988de999cd935de806c345047a52abb75279b5449304b4bc,0x60,18000985,1693078787,2023-08-26 19:39:47,0x3fc91a3afd70395cd496c647d5a6cc9d4b2b7fad,0x14b1843dd8b9723e24c9cd1c66a0bb678517a335,1256755058,-763804836242461303,1953682011200130153147997477402072,35784689347313517636,202268
0x88e6a0c2ddd26feeb64f039a2c41296fcb3f5640,"['0xc42079f94a6350d7e6235f29174924f928cc2ac818eb64fed8004e115fbcca67', '0x0000000000000000000000001111111254eeb25477b68fb85ed929f73a960582', '0x0000000000000000000000001111111254eeb25477b68fb85ed929f73a960582']",0x000000000000000000000000000000000000000000000000000000007ed236aeffffffffffffffffffffffffffffffffffffffffffffffffee0de0c054b522130000000000000000000000000000000000006052e5ca85b0f1ddf9ce2947f712000000000000000000000000000000000000000000000001f09cc15db053c444000000000000000000000000000000000000000000000000000000000003161b,0x112ac5b,0x9393bb4059e7910b3469dfd1b340be39adaf3a54443081946d215c241a23afa0,0x64ea551b,0x3979b4dfb,0x3d5f1,0x23,0x230b6b0fff52edad58ac21e298546fcd24d833101b878c469b46bc9654976c06,0x5,18000987,1693078811,2023-08-26 19:40:11,0x1111111254eeb25477b68fb85ed929f73a960582,0x1111111254eeb25477b68fb85ed929f73a960582,2127705774,-1293130401325964781,1953679148178333484096870532249362,35784689347313517636,202267
0x88e6a0c2ddd26feeb64f039a2c41296fcb3f5640,"['0xc42079f94a6350d7e6235f29174924f928cc2ac818eb64fed8004e115fbcca67', '0x0000000000000000000000003fc91a3afd70395cd496c647d5a6cc9d4b2b7fad', '0x0000000000000000000000003fc91a3afd70395cd496c647d5a6cc9d4b2b7fad']",0x00000000000000000000000000000000000000000000000000000000231f28affffffffffffffffffffffffffffffffffffffffffffffffffb07b6087fa031650000000000000000000000000000000000006052e33aaaa9639ce22f4e885b7d000000000000000000000000000000000000000000000001f09cc15db053c444000000000000000000000000000000000000000000000000000000000003161b,0x112ac5b,0x9393bb4059e7910b3469dfd1b340be39adaf3a54443081946d215c241a23afa0,0x64ea551b,0x291181832,0x4cfc1,0xf9,0x8b8fe54ef45220ead91300fbd0a120c434cfb02e0a8891dea6efec7875aa6dcf,0x6e,18000987,1693078811,2023-08-26 19:40:11,0x3fc91a3afd70395cd496c647d5a6cc9d4b2b7fad,0x3fc91a3afd70395cd496c647d5a6cc9d4b2b7fad,589244591,-358117497735466651,1953678355297583999057594916821885,35784689347313517636,202267
0x88e6a0c2ddd26feeb64f039a2c41296fcb3f5640,"['0xc42079f94a6350d7e6235f29174924f928cc2ac818eb64fed8004e115fbcca67', '0x0000000000000000000000003fc91a3afd70395cd496c647d5a6cc9d4b2b7fad', '0x0000000000000000000000003fc91a3afd70395cd496c647d5a6cc9d4b2b7fad']",0x000000000000000000000000000000000000000000000000000000002f6b28c8fffffffffffffffffffffffffffffffffffffffffffffffff94a41b4b6a52df10000000000000000000000000000000000006052dfc52ebe954595c362bf80ac000000000000000000000000000000000000000000000001f09cc15db053c444000000000000000000000000000000000000000000000000000000000003161b,0x112ac5b,0x9393bb4059e7910b3469dfd1b340be39adaf3a54443081946d215c241a23afa0,0x64ea551b,0x291181832,0x2aa5c,0x12f,0xd35e0dd691c4ee7a8ed5b7b42dd55f123019d0c2a8e6879fab45b9c2e5c224ea,0x73,18000987,1693078811,2023-08-26 19:40:11,0x3fc91a3afd70395cd496c647d5a6cc9d4b2b7fad,0x3fc91a3afd70395cd496c647d5a6cc9d4b2b7fad,795551944,-483501765574709775,1953677284813051156167839717490860,35784689347313517636,202267
0x88e6a0c2ddd26feeb64f039a2c41296fcb3f5640,"['0xc42079f94a6350d7e6235f29174924f928cc2ac818eb64fed8004e115fbcca67', '0x0000000000000000000000003fc91a3afd70395cd496c647d5a6cc9d4b2b7fad', '0x0000000000000000000000003fc91a3afd70395cd496c647d5a6cc9d4b2b7fad']",0x0000000000000000000000000000000000000000000000000000000077359400ffffffffffffffffffffffffffffffffffffffffffffffffef21a3b8f823d9140000000000000000000000000000000000006052d713197c30c944974c6f37c4000000000000000000000000000000000000000000000001f09cc15db053c444000000000000000000000000000000000000000000000000000000000003161b,0x112ac5b,0x9393bb4059e7910b3469dfd1b340be39adaf3a54443081946d215c241a23afa0,0x64ea551b,0x291181832,0x36f6c,0x13e,0x0293b53360080c68ae85845bcda6235166d8edb1f1cfac432a5761726c51df42,0x7a,18000987,1693078811,2023-08-26 19:40:11,0x3fc91a3afd70395cd496c647d5a6cc9d4b2b7fad,0x3fc91a3afd70395cd496c647d5a6cc9d4b2b7fad,2000000000,-1215510409580914412,1953674593643782272002618741962692,35784689347313517636,202267
0x88e6a0c2ddd26feeb64f039a2c41296fcb3f5640,"['0xc42079f94a6350d7e6235f29174924f928cc2ac818eb64fed8004e115fbcca67', '0x0000000000000000000000003fc91a3afd70395cd496c647d5a6cc9d4b2b7fad', '0x00000000000000000000000052c77b0cb827afbad022e6d6caf2c44452edbc39']",0x000000000000000000000000000000000000000000000000000000001dcd6500fffffffffffffffffffffffffffffffffffffffffffffffffbc869681144a3750000000000000000000000000000000000006052d4e6946a647439f22bd00a9c000000000000000000000000000000000000000000000001f09cc15db053c444000000000000000000000000000000000000000000000000000000000003161b,0x112ac5c,0x699546fdbd7c4b76326693dab3303fcb9add646b7c98542563e1fb3ffe2b5c8c,0x64ea5527,0x297c1808a,0x3cea4,0xc8,0x2c2c7510608656df5147beca94fdc1d465d4ad509ec49971a0588b9a3da37451,0x55,18000988,1693078823,2023-08-26 19:40:23,0x3fc91a3afd70395cd496c647d5a6cc9d4b2b7fad,0x52c77b0cb827afbad022e6d6caf2c44452edbc39,500000000,-303877079160282251,1953673920852623505711620638640796,35784689347313517636,202267
0x88e6a0c2ddd26feeb64f039a2c41296fcb3f5640,"['0xc42079f94a6350d7e6235f29174924f928cc2ac818eb64fed8004e115fbcca67', '0x000000000000000000000000bc2c6cd5013585ac720160efcb1feced30837177', '0x000000000000000000000000bc2c6cd5013585ac720160efcb1feced30837177']",0x000000000000000000000000000000000000000000000000000000123c1c18f3fffffffffffffffffffffffffffffffffffffffffffffffd6b7b0a4226afa1a100000000000000000000000000000000000060518068672b2554efc97029cfb9000000000000000000000000000000000000000000000001f09cc15db053c444000000000000000000000000000000000000000000000000000000000003161a,0x112ac5d,0x93efa738155e1f60ae150fd89aa0af5d45a165a9cf8563cb6aac3f54c8589dba,0x64ea5533,0x2ac2a3854,0x1f786,0xfc,0xfe81c3b33f8ac30e796e3cf23399eb841d10ce15852ff99c8b6e4bf19ba9b9b7,0x6a,18000989,1693078835,2023-08-26 19:40:35,0xbc2c6cd5013585ac720160efcb1feced30837177,0xbc2c6cd5013585ac720160efcb1feced30837177,78317885683,-47595436957701791327,1953568543410957791903512988864441,35784689347313517636,202266
0x88e6a0c2ddd26feeb64f039a2c41296fcb3f5640,"['0xc42079f94a6350d7e6235f29174924f928cc2ac818eb64fed8004e115fbcca67', '0x000000000000000000000000def1c0ded9bec7f1a1670819833240f027b25eff', '0x000000000000000000000000def1c0ded9bec7f1a1670819833240f027b25eff']",0x00000000000000000000000000000000000000000000000000000002601d774affffffffffffffffffffffffffffffffffffffffffffffffa9f596423afe3bad0000000000000000000000000000000000006051540df2fa59d6f76b8c7122c8000000000000000000000000000000000000000000000001f09cc15db053c444000000000000000000000000000000000000000000000000000000000003161a,0x112ac5f,0x98bc6d2f8c0f52700582b87b644350a7724ae3ecc19c4dc3d4c1fa1b112bd401,0x64ea554b,0x31adc5e05,0x4d2c7,0x54,0x81232f488ffee79d02ce67cc9215bf6b47fae639e5e1c049b286108d33fe0807,0x9,18000991,1693078859,2023-08-26 19:40:59,0xdef1c0ded9bec7f1a1670819833240f027b25eff,0xdef1c0ded9bec7f1a1670819833240f027b25eff,10202478410,-6199884100803871827,1953554816718507268526402547294920,35784689347313517636,202266
0x88e6a0c2ddd26feeb64f039a2c41296fcb3f5640,"['0xc42079f94a6350d7e6235f29174924f928cc2ac818eb64fed8004e115fbcca67', '0x0000000000000000000000003fc91a3afd70395cd496c647d5a6cc9d4b2b7fad', '0x00000000000000000000000081a460ea6fd96a73d5672f1f4aa684697d4b44cc']",0x00000000000000000000000000000000000000000000000000000000b100f441ffffffffffffffffffffffffffffffffffffffffffffffffe6f4d79ed4f86ae7000000000000000000000000000000000000605147250b63c7aef438008e6c64000000000000000000000000000000000000000000000001f09cc15db053c444000000000000000000000000000000000000000000000000000000000003161a,0x112ac5f,0x98bc6d2f8c0f52700582b87b644350a7724ae3ecc19c4dc3d4c1fa1b112bd401,0x64ea554b,0x2a99cab05,0x38964,0xbb,0x14423c067bd478691b8bb9849c158141fd4c4db517eae1e4c0a6a05d15091ace,0x30,18000991,1693078859,2023-08-26 19:40:59,0x3fc91a3afd70395cd496c647d5a6cc9d4b2b7fad,0x81a460ea6fd96a73d5672f1f4aa684697d4b44cc,2969629761,-1804580473490871577,1953550821333955060966416309972068,35784689347313517636,202266
0x88e6a0c2ddd26feeb64f039a2c41296fcb3f5640,"['0xc42079f94a6350d7e6235f29174924f928cc2ac818eb64fed8004e115fbcca67', '0x0000000000000000000000003fc91a3afd70395cd496c647d5a6cc9d4b2b7fad', '0x0000000000000000000000003fc91a3afd70395cd496c647d5a6cc9d4b2b7fad']",0xfffffffffffffffffffffffffffffffffffffffffffffffffffffffe780cccf90000000000000000000000000000000000000000000000003782dace9d900000000000000000000000000000000000000000605163bef905d8f694581f3bc6b3000000000000000000000000000000000000000000000001f09cc15db053c444000000000000000000000000000000000000000000000000000000000003161a,0x112ac5f,0x98bc6d2f8c0f52700582b87b644350a7724ae3ecc19c4dc3d4c1fa1b112bd401,0x64ea554b,0x2a99cab05,0x30855,0xca,0x2be5f6c56d688e700204b761fe5ea5528239ad76a53b1f79e727c400eca61642,0x33,18000991,1693078859,2023-08-26 19:40:59,0x3fc91a3afd70395cd496c647d5a6cc9d4b2b7fad,0x3fc91a3afd70395cd496c647d5a6cc9d4b2b7fad,-6575829767,4000000000000000000,1953559673002070933786533002200755,35784689347313517636,202266
0x88e6a0c2ddd26feeb64f039a2c41296fcb3f5640,"['0xc42079f94a6350d7e6235f29174924f928cc2ac818eb64fed8004e115fbcca67', '0x000000000000000000000000e592427a0aece92de3edee1f18e0157c05861564', '0x0000000000000000000000004a14347083b80e5216ca31350a2d21702ac3650d']",0x0000000000000000000000000000000000000000000000000000000005f48561ffffffffffffffffffffffffffffffffffffffffffffffffff284cc0c08a66690000000000000000000000000000000000006051634fc7e841e395c74829cdd4000000000000000000000000000000000000000000000001f09cc15db053c444000000000000000000000000000000000000000000000000000000000003161a,0x112ac62,0xf012f109249684576eeb7b269adeddd203131aa2ea291dadae31d596ea56fd32,0x64ea556f,0x29db9e9f8,0x5490f,0xac,0x37e02879017021771a78a136d01f396d50b20f54fc323d7e9bf5cb9b106819c4,0x45,18000994,1693078895,2023-08-26 19:41:35,0xe592427a0aece92de3edee1f18e0157c05861564,0x4a14347083b80e5216ca31350a2d21702ac3650d,99911009,-60714204221774231,1953559538579363157280797072412116,35784689347313517636,202266
0x88e6a0c2ddd26feeb64f039a2c41296fcb3f5640,"['0xc42079f94a6350d7e6235f29174924f928cc2ac818eb64fed8004e115fbcca67', '0x0000000000000000000000003fc91a3afd70395cd496c647d5a6cc9d4b2b7fad', '0x0000000000000000000000003fc91a3afd70395cd496c647d5a6cc9d4b2b7fad']",0x000000000000000000000000000000000000000000000000000000003b9aca00fffffffffffffffffffffffffffffffffffffffffffffffff791141b2358de0800000000000000000000000000000000000060515ef6df6d1f479b6644ad9c4c000000000000000000000000000000000000000000000001f09cc15db053c444000000000000000000000000000000000000000000000000000000000003161a,0x112ac6b,0x039a5683780e44458da4c0a13dfcb88a7c7894169a82383abd76932c9ef32893,0x64ea55db,0x346b392ea,0x23825,0xe8,0x94c5511f15d1900e53d3e3f98cf2cc936dd45575b6b7141604359e756d480ecd,0x75,18001003,1693079003,2023-08-26 19:43:23,0x3fc91a3afd70395cd496c647d5a6cc9d4b2b7fad,0x3fc91a3afd70395cd496c647d5a6cc9d4b2b7fad,1000000000,-607682367928607224,1953558193155991278404217577774156,35784689347313517636,202266
0x88e6a0c2ddd26feeb64f039a2c41296fcb3f5640,"['0xc42079f94a6350d7e6235f29174924f928cc2ac818eb64fed8004e115fbcca67', '0x0000000000000000000000003fc91a3afd70395cd496c647d5a6cc9d4b2b7fad', '0x0000000000000000000000002a6af3fa6a5ec82f7ea23a866a2a8a435d6ca9b1']",0xffffffffffffffffffffffffffffffffffffffffffffffffffffffff6338839a00000000000000000000000000000000000000000000000016345785d8a0000000000000000000000000000000000000000060516a67a4e126310ea650f2f39f000000000000000000000000000000000000000000000001f09cc15db053c444000000000000000000000000000000000000000000000000000000000003161a,0x112ac6f,0x20cd1a417142387ab9f5c31698873c456c0d2fc1eec053c0045441fa0255a8e8,0x64ea560b,0x31148f36e,0x21b22,0x15d,0xf2d7ff90105f2917bd2b321440c8afa334b6003156cffaea61fb3ce134ffcb9d,0x83,18001007,1693079051,2023-08-26 19:44:11,0x3fc91a3afd70395cd496c647d5a6cc9d4b2b7fad,0x2a6af3fa6a5ec82f7ea23a866a2a8a435d6ca9b1,-2630319206,1600000000000000000,1953561733823237627532264254665631,35784689347313517636,202266
0x88e6a0c2ddd26feeb64f039a2c41296fcb3f5640,"['0xc42079f94a6350d7e6235f29174924f928cc2ac818eb64fed8004e115fbcca67', '0x0000000000000000000000003208684f96458c540eb08f6f01b9e9afb2b7d4f0', '0x0000000000000000000000003208684f96458c540eb08f6f01b9e9afb2b7d4f0']",0xffffffffffffffffffffffffffffffffffffffffffffffffffffffff3da577a40000000000000000000000000000000000000000000000001b86b46eeab130a900000000000000000000000000000000000060517896973be03b498088d5ba57000000000000000000000000000000000000000000000001f09467d35d79921a000000000000000000000000000000000000000000000000000000000003161a,0x112ac74,0x764e651522a9742bc7db68b8c5ba3575da33634e81a492e7db4bd2ac2976af63,0x64ea5647,0x66cf61f5a,0x4d7bc,0x113,0x25ca64c7e964ff058156572f848e24a845473bf24e4452fbb12b530c1befda3b,0x79,18001012,1693079111,2023-08-26 19:45:11,0x3208684f96458c540eb08f6f01b9e9afb2b7d4f0,0x3208684f96458c540eb08f6f01b9e9afb2b7d4f0,-3260713052,1983471074380165289,1953566123368449130049206176037463,35782339096869442074,202266
0x88e6a0c2ddd26feeb64f039a2c41296fcb3f5640,"['0xc42079f94a6350d7e6235f29174924f928cc2ac818eb64fed8004e115fbcca67', '0x0000000000000000000000000eae044f00b0af300500f090ea00027097d03000', '0x0000000000000000000000000eae044f00b0af300500f090ea00027097d03000']",0x00000000000000000000000000000000000000000000000000000000167cf557fffffffffffffffffffffffffffffffffffffffffffffffffcd1757de3f3839c000000000000000000000000000000000000605176f2ac5ad60ab3d5a40cfa52000000000000000000000000000000000000000000000001f09467d35d79921a000000000000000000000000000000000000000000000000000000000003161a,0x112ac75,0x63384401217c0138626bde4ace8669c8a87379e4ccecc190c140bd8c77fb2b16,0x64ea5653,0x3767f9d37,0x3659b,0x31,0xa53a046e11c4c59646e171a6249a8fd11594339025dfd92ecd4c923476b68e5d,0xd,18001013,1693079123,2023-08-26 19:45:23,0x0eae044f00b0af300500f090ea00027097d03000,0x0eae044f00b0af300500f090ea00027097d03000,377288023,-229272922463435876,1953565615719345702860199868299858,35782339096869442074,202266
0x88e6a0c2ddd26feeb64f039a2c41296fcb3f5640,"['0xc42079f94a6350d7e6235f29174924f928cc2ac818eb64fed8004e115fbcca67', '0x0000000000000000000000003fc91a3afd70395cd496c647d5a6cc9d4b2b7fad', '0x000000000000000000000000c5cec06618387f718403da8c34bee1decd294947']",0x000000000000000000000000000000000000000000000000000000002ec690f8fffffffffffffffffffffffffffffffffffffffffffffffff961be2a042e966a000000000000000000000000000000000000605173893d21510d645456809e97000000000000000000000000000000000000000000000001f09467d35d79921a000000000000000000000000000000000000000000000000000000000003161a,0x112ac77,0x883661178bd6899b3ec73b130530a1a3c93e247ffdbc3ddd1c0fd9f2fda898c4,0x64ea566b,0x2b85abb3d,0x3483a,0x136,0xdb6b84056d2219a3e3bbebfaafe1775dd372685ae43d2d038e243f647a71dcd7,0x96,18001015,1693079147,2023-08-26 19:45:47,0x3fc91a3afd70395cd496c647d5a6cc9d4b2b7fad,0xc5cec06618387f718403da8c34bee1decd294947,784765176,-476890997856496022,1953564559801861452375199401942679,35782339096869442074,202266
0x88e6a0c2ddd26feeb64f039a2c41296fcb3f5640,"['0xc42079f94a6350d7e6235f29174924f928cc2ac818eb64fed8004e115fbcca67', '0x0000000000000000000000006af1a16fde7346e7729fa921ad2ddf6a462061e2', '0x0000000000000000000000006af1a16fde7346e7729fa921ad2ddf6a462061e2']",0x00000000000000000000000000000000000000000000000000000000408d4458fffffffffffffffffffffffffffffffffffffffffffffffff6dde05b8d32e99300000000000000000000000000000000000060516ed3dfc5a4a569758816b2a3000000000000000000000000000000000000000000000001f09467d35d79921a000000000000000000000000000000000000000000000000000000000003161a,0x112ac7c,0x3337bcc429fc834ff3c4b8b708d4e251ca67fde2eeac3e636064653a4713b46d,0x64ea56a7,0x293e1c213,0x55081,0x1a,0x0b654ff52a7b7c3960e07891c719aa755f7ec97dcf289dac8ac2035798100712,0x1,18001020,1693079207,2023-08-26 19:46:47,0x6af1a16fde7346e7729fa921ad2ddf6a462061e2,0x6af1a16fde7346e7729fa921ad2ddf6a462061e2,1082999896,-658123286710654573,1953563102605377656955527329395363,35782339096869442074,202266
0x88e6a0c2ddd26feeb64f039a2c41296fcb3f5640,"['0xc42079f94a6350d7e6235f29174924f928cc2ac818eb64fed8004e115fbcca67', '0x000000000000000000000000def1c0ded9bec7f1a1670819833240f027b25eff', '0x000000000000000000000000def1c0ded9bec7f1a1670819833240f027b25eff']",0xfffffffffffffffffffffffffffffffffffffffffffffffffffffffffc78f45b000000000000000000000000000000000000000000000000007fe5cf2bea000000000000000000000000000000000000000060516f15c69a4f8608670a566726000000000000000000000000000000000000000000000001f09467d35d79921a000000000000000000000000000000000000000000000000000000000003161a,0x112ac7c,0x3337bcc429fc834ff3c4b8b708d4e251ca67fde2eeac3e636064653a4713b46d,0x64ea56a7,0x30b175613,0x30921,0x142,0x64d77f3f9c24db166f994a18c7dda439fd2aac80957aafe6173a21388bf60da8,0x79,18001020,1693079207,2023-08-26 19:46:47,0xdef1c0ded9bec7f1a1670819833240f027b25eff,0xdef1c0ded9bec7f1a1670819833240f027b25eff,-59181989,36000000000000000,1953563182275623245726209849845542,35782339096869442074,202266
0x88e6a0c2ddd26feeb64f039a2c41296fcb3f5640,"['0xc42079f94a6350d7e6235f29174924f928cc2ac818eb64fed8004e115fbcca67', '0x000000000000000000000000def1c0ded9bec7f1a1670819833240f027b25eff', '0x000000000000000000000000def1c0ded9bec7f1a1670819833240f027b25eff']",0x0000000000000000000000000000000000000000000000000000000000e4e1c0ffffffffffffffffffffffffffffffffffffffffffffffffffdf9db47d8fa60700000000000000000000000000000000000060516f0514bc6c01fbac12495473000000000000000000000000000000000000000000000001f09467d35d79921a000000000000000000000000000000000000000000000000000000000003161a,0x112ac7e,0xda49475244b9048dd0a45beffd28db232da5babcdf1bad2aec35e617ee715a99,0x64ea56bf,0x31abb3acc,0x2ff7f,0x62,0x5869aa27e565935d60ee42b441fa0ff90a6de2583657cf65e990874b47127ba1,0x19,18001022,1693079231,2023-08-26 19:47:11,0xdef1c0ded9bec7f1a1670819833240f027b25eff,0xdef1c0ded9bec7f1a1670819833240f027b25eff,15000000,-9115275705211385,1953563162092858139741385340310643,35782339096869442074,202266
0x88e6a0c2ddd26feeb64f039a2c41296fcb3f5640,"['0xc42079f94a6350d7e6235f29174924f928cc2ac818eb64fed8004e115fbcca67', '0x0000000000000000000000003fc91a3afd70395cd496c647d5a6cc9d4b2b7fad', '0x0000000000000000000000003fc91a3afd70395cd496c647d5a6cc9d4b2b7fad']",0x000000000000000000000000000000000000000000000000000000001dcd6500fffffffffffffffffffffffffffffffffffffffffffffffffbc888eec6968fb800000000000000000000000000000000000060516cd8968fbbd459919c1bdd51000000000000000000000000000000000000000000000001f09467d35d79921a000000000000000000000000000000000000000000000000000000000003161a,0x112ac7e,0xda49475244b9048dd0a45beffd28db232da5babcdf1bad2aec35e617ee715a99,0x64ea56bf,0x2b56749cc,0x22565,0x93,0x06a567709e07deb97ad77fc5dc8796fe41c4f90f71f68590d2ff796b93b1aebe,0x43,18001022,1693079231,2023-08-26 19:47:11,0x3fc91a3afd70395cd496c647d5a6cc9d4b2b7fad,0x3fc91a3afd70395cd496c647d5a6cc9d4b2b7fad,500000000,-303842415732158536,1953562489334259905445586523643217,35782339096869442074,202266
0x88e6a0c2ddd26feeb64f039a2c41296fcb3f5640,"['0xc42079f94a6350d7e6235f29174924f928cc2ac818eb64fed8004e115fbcca67', '0x000000000000000000000000e592427a0aece92de3edee1f18e0157c05861564', '0x000000000000000000000000e592427a0aece92de3edee1f18e0157c05861564']",0x0000000000000000000000000000000000000000000000000000000002625a00ffffffffffffffffffffffffffffffffffffffffffffffffffa9a4901643c1ef00000000000000000000000000000000000060516cac11977bd9c2237271a85d000000000000000000000000000000000000000000000001f09467d35d79921a000000000000000000000000000000000000000000000000000000000003161a,0x112ac80,0x69959b617097e67af7adef238fa146f512efd068b3b7c069040aa839c892673c,0x64ea56d7,0x312c14f17,0x22d4b,0xa7,0x067e078460c5a450610a4e26d2425f14c62d2075cb593d8b635f0f8e204e893e,0x26,18001024,1693079255,2023-08-26 19:47:35,0xe592427a0aece92de3edee1f18e0157c05861564,0xe592427a0aece92de3edee1f18e0157c05861564,40000000,-24307384218041873,1953562435513592063969161731221597,35782339096869442074,202266
0x88e6a0c2ddd26feeb64f039a2c41296fcb3f5640,"['0xc42079f94a6350d7e6235f29174924f928cc2ac818eb64fed8004e115fbcca67', '0x00000000000000000000000068b3465833fb72a70ecdf485e0e4c7bd8665fc45', '0x00000000000000000000000068b3465833fb72a70ecdf485e0e4c7bd8665fc45']",0x000000000000000000000000000000000000000000000000000000003bccfc03fffffffffffffffffffffffffffffffffffffffffffffffff789f85a2dbd35af0000000000000000000000000000000000006051684f6c4432bee8205292f5d0000000000000000000000000000000000000000000000001f09467d35d79921a000000000000000000000000000000000000000000000000000000000003161a,0x112ac89,0x2b5abb373d56d06ea9426aa6fcd446f50302cda8b323ec76014901aecf5f6b8b,0x64ea5743,0x2c62c8252,0x381a1,0xd8,0x7d1484cb436ba69cb634aa8d57e2486d8a798a4f4b68bc583c69aa90ad5c7713,0x5d,18001033,1693079363,2023-08-26 19:49:23,0x68b3465833fb72a70ecdf485e0e4c7bd8665fc45,0x68b3465833fb72a70ecdf485e0e4c7bd8665fc45,1003289603,-609683208333871697,1953561085571650556848972288423376,35782339096869442074,202266
0x88e6a0c2ddd26feeb64f039a2c41296fcb3f5640,"['0xc42079f94a6350d7e6235f29174924f928cc2ac818eb64fed8004e115fbcca67', '0x0000000000000000000000003fc91a3afd70395cd496c647d5a6cc9d4b2b7fad', '0x0000000000000000000000003fc91a3afd70395cd496c647d5a6cc9d4b2b7fad']",0x0000000000000000000000000000000000000000000000000000000005f5e100ffffffffffffffffffffffffffffffffffffffffffffffffff281b7d22bfbc37000000000000000000000000000000000000605167e01fe66016418985077452000000000000000000000000000000000000000000000001f09479c0aa6e1c47000000000000000000000000000000000000000000000000000000000003161a,0x112ac8b,0xe7e5ba8e598dc9acaa8ab92e9435ef2f137f83b7ae7b11ca312629c4003d9059,0x64ea575b,0x2ddcef1d1,0x301eb,0xb3,0x5d03fd419ae5216ec5f3c2f4c8ce03f52d44d937ce8aeec8e56129834814130f,0x42,18001035,1693079387,2023-08-26 19:49:47,0x3fc91a3afd70395cd496c647d5a6cc9d4b2b7fad,0x3fc91a3afd70395cd496c647d5a6cc9d4b2b7fad,100000000,-60768370701648841,1953560951020254000162475195462738,35782358807765457991,202266
0x88e6a0c2ddd26feeb64f039a2c41296fcb3f5640,"['0xc42079f94a6350d7e6235f29174924f928cc2ac818eb64fed8004e115fbcca67', '0x0000000000000000000000003fc91a3afd70395cd496c647d5a6cc9d4b2b7fad', '0x000000000000000000000000ce08da644e21bb88ea3a8a31008705ed6c3ecda9']",0xffffffffffffffffffffffffffffffffffffffffffffffffffffffff88ca4dbc00000000000000000000000000000000000000000000000010e23228c34ae0000000000000000000000000000000000000006051709337405cd97c3f69a37547000000000000000000000000000000000000000000000001f09479c0aa6e1c47000000000000000000000000000000000000000000000000000000000003161a,0x112ac8e,0x975ad3cabb8b6b8694f45ef0ad3cfdd274b288ec67fcdd31dafbd4f849f7ff22,0x64ea577f,0x31aa41e70,0x1d86e,0x95,0x1c9abf7d105dfdfb17a3dc3d4d76162438acf02d2e055e13b72fc193090f4d45,0x12,18001038,1693079423,2023-08-26 19:50:23,0x3fc91a3afd70395cd496c647d5a6cc9d4b2b7fad,0xce08da644e21bb88ea3a8a31008705ed6c3ecda9,-2000007748,1216590000000000000,1953563643408328684736080171464007,35782358807765457991,202266
0x88e6a0c2ddd26feeb64f039a2c41296fcb3f5640,"['0xc42079f94a6350d7e6235f29174924f928cc2ac818eb64fed8004e115fbcca67', '0x0000000000000000000000003fc91a3afd70395cd496c647d5a6cc9d4b2b7fad', '0x0000000000000000000000003fc91a3afd70395cd496c647d5a6cc9d4b2b7fad']",0x000000000000000000000000000000000000000000000000000000001ef12313fffffffffffffffffffffffffffffffffffffffffffffffffb9f41a357bc5d4100000000000000000000000000000000000060516e517170197a6494167e3d5f000000000000000000000000000000000000000000000001f09479c0aa6e1c47000000000000000000000000000000000000000000000000000000000003161a,0x112ac8f,0x036998737f3f8028044cf773a73a48cf2a1933ad9ef97a726f2da157d62a5814,0x64ea578b,0x2daaa613b,0x2aa4c,0x7d,0x7c92b2eb02c22720bf85f9673abc23961a8072d0255057ba0691d0e483f732bb,0x2b,18001039,1693079435,2023-08-26 19:50:35,0x3fc91a3afd70395cd496c647d5a6cc9d4b2b7fad,0x3fc91a3afd70395cd496c647d5a6cc9d4b2b7fad,519119635,-315461279085208255,1953562944923982792577446741687647,35782358807765457991,202266
0x88e6a0c2ddd26feeb64f039a2c41296fcb3f5640,"['0xc42079f94a6350d7e6235f29174924f928cc2ac818eb64fed8004e115fbcca67', '0x00000000000000000000000068b3465833fb72a70ecdf485e0e4c7bd8665fc45', '0x000000000000000000000000ce16f69375520ab01377ce7b88f5ba8c48f8d666']",0xfffffffffffffffffffffffffffffffffffffffffffffffffffffffda07c8f1c000000000000000000000000000000000000000000000000560ad326a76c000000000000000000000000000000000000000060519aa72bcbfce26f65c3630878000000000000000000000000000000000000000000000001f09479c0aa6e1c47000000000000000000000000000000000000000000000000000000000003161a,0x112ac92,0xde539710625eaddd2b3a154531e88bbc55c7c77f62230484d3d8baad85fb7914,0x64ea57af,0x306dc4200,0x3c70e,0x50,0x956cb65b2e24b44e625d8c384f51a97d2f43657759092789410683871809e99d,0x32,18001042,1693079471,2023-08-26 19:51:11,0x68b3465833fb72a70ecdf485e0e4c7bd8665fc45,0xce16f69375520ab01377ce7b88f5ba8c48f8d666,-10192384228,6200000000000000000,1953576665903164804887551913691256,35782358807765457991,202266
0x88e6a0c2ddd26feeb64f039a2c41296fcb3f5640,"['0xc42079f94a6350d7e6235f29174924f928cc2ac818eb64fed8004e115fbcca67', '0x0000000000000000000000001111111254eeb25477b68fb85ed929f73a960582', '0x00000000000000000000000074de5d4fcbf63e00296fd95d33236b9794016631']",0xffffffffffffffffffffffffffffffffffffffffffffffffffffffffd6720e5200000000000000000000000000000000000000000000000005e2aa825bd1c87100000000000000000000000000000000000060519daf823189d8041a5e48a098000000000000000000000000000000000000000000000001f09479c0aa6e1c47000000000000000000000000000000000000000000000000000000000003161a,0x112ac92,0xde539710625eaddd2b3a154531e88bbc55c7c77f62230484d3d8baad85fb7914,0x64ea57af,0x2ab117504,0x3a65e,0x69,0x16c367aa58a59a48df87fe6825f00a13df0d8bcdd13f3d874b1f8cc5aecaf685,0x50,18001042,1693079471,2023-08-26 19:51:11,0x1111111254eeb25477b68fb85ed929f73a960582,0x74de5d4fcbf63e00296fd95d33236b9794016631,-697168302,424088791789193329,1953577604437597621706063656558744,35782358807765457991,202266
0x88e6a0c2ddd26feeb64f039a2c41296fcb3f5640,"['0xc42079f94a6350d7e6235f29174924f928cc2ac818eb64fed8004e115fbcca67', '0x0000000000000000000000001111111254eeb25477b68fb85ed929f73a960582', '0x0000000000000000000000001111111254eeb25477b68fb85ed929f73a960582']",0x000000000000000000000000000000000000000000000000000000001d8aa328fffffffffffffffffffffffffffffffffffffffffffffffffbd1f6e241bf05ec00000000000000000000000000000000000060519b87fd2be6e9d659d4bf4cb2000000000000000000000000000000000000000000000001f0ae3e63940cffc0000000000000000000000000000000000000000000000000000000000003161a,0x112ac99,0x05a855771f203d30d9a5a8a3094063ea8415015b51ed32f4fce3204ca3b8384e,0x64ea5803,0x29067f271,0x3ecd5,0x6d,0x83feb139807062f7737f9e5156c2ade8c267d8caf7649f7ecdc8d3768d9af84c,0x4b,18001049,1693079555,2023-08-26 19:52:35,0x1111111254eeb25477b68fb85ed929f73a960582,0x1111111254eeb25477b68fb85ed929f73a960582,495625000,-301188248431032852,1953576937691292297731773466365106,35789611886166474688,202266
0x88e6a0c2ddd26feeb64f039a2c41296fcb3f5640,"['0xc42079f94a6350d7e6235f29174924f928cc2ac818eb64fed8004e115fbcca67', '0x0000000000000000000000003fc91a3afd70395cd496c647d5a6cc9d4b2b7fad', '0x0000000000000000000000003fc91a3afd70395cd496c647d5a6cc9d4b2b7fad']",0x0000000000000000000000000000000000000000000000000000000077359400ffffffffffffffffffffffffffffffffffffffffffffffffef2215488cfa2a63000000000000000000000000000000000000605192d670d34b7f519f133b1a1c000000000000000000000000000000000000000000000001f0ae3e63940cffc0000000000000000000000000000000000000000000000000000000000003161a,0x112ac9b,0x2fbeaa9c633caabc59cfc1c79c70b56c4c9981cdf13221b4da0b911e24387860,0x64ea581b,0x2b876ec91,0x3bd14,0x160,0x2a58ce5d446bcb68a2c27f2d29084cac8a6c79e430a56a26698968027f9754ad,0x77,18001051,1693079579,2023-08-26 19:52:59,0x3fc91a3afd70395cd496c647d5a6cc9d4b2b7fad,0x3fc91a3afd70395cd496c647d5a6cc9d4b2b7fad,2000000000,-1215385548089578909,1953574247168577835192261919054364,35789611886166474688,202266
0x88e6a0c2ddd26feeb64f039a2c41296fcb3f5640,"['0xc42079f94a6350d7e6235f29174924f928cc2ac818eb64fed8004e115fbcca67', '0x0000000000000000000000003fc91a3afd70395cd496c647d5a6cc9d4b2b7fad', '0x0000000000000000000000003fc91a3afd70395cd496c647d5a6cc9d4b2b7fad']",0xfffffffffffffffffffffffffffffffffffffffffffffffffffffffb8b0f39f2000000000000000000000000000000000000000000000000a1983560de620b340000000000000000000000000000000000006051e615da8f10fc928f18d35526000000000000000000000000000000000000000000000001f0ae3e63940cffc0000000000000000000000000000000000000000000000000000000000003161b,0x112aca4,0x0044891046a19b11861752eea1cce996c304f9bf632a6f8c8efefba6d95f1540,0x64ea5887,0x33469b483,0x4e1e9,0x54,0x960e23a2850a100e12027344c6f65231e92b7e8dbbf668c6c33326ff800b8f2b,0x15,18001060,1693079687,2023-08-26 19:54:47,0x3fc91a3afd70395cd496c647d5a6cc9d4b2b7fad,0x3fc91a3afd70395cd496c647d5a6cc9d4b2b7fad,-19141805582,11644115526730517300,1953600011086031894999497706788134,35789611886166474688,202267
0x88e6a0c2ddd26feeb64f039a2c41296fcb3f5640,"['0xc42079f94a6350d7e6235f29174924f928cc2ac818eb64fed8004e115fbcca67', '0x0000000000000000000000003fc91a3afd70395cd496c647d5a6cc9d4b2b7fad', '0x0000000000000000000000003fc91a3afd70395cd496c647d5a6cc9d4b2b7fad']",0x0000000000000000000000000000000000000000000000000000000ba43b81f4fffffffffffffffffffffffffffffffffffffffffffffffe5a5516c12b21936c00000000000000000000000000000000000060510cbfab3acedc9e90b8d35636000000000000000000000000000000000000000000000001f0ae3e63940cffc0000000000000000000000000000000000000000000000000000000000003161a,0x112aca6,0xe95900f4126f41b0e1b2a07b989ea79da526fd04c023dd6dd1828a13471ce34b,0x64ea589f,0x31602820f,0x248a8,0xbd,0xf2d65ce326d77be725d0d383d23c38aca416a9184b59c07f2091f7111fd581a7,0x34,18001062,1693079711,2023-08-26 19:55:11,0x3fc91a3afd70395cd496c647d5a6cc9d4b2b7fad,0x3fc91a3afd70395cd496c647d5a6cc9d4b2b7fad,50000003572,-30384354292077063316,1953532748647774660269205838059062,35789611886166474688,202266
0x88e6a0c2ddd26feeb64f039a2c41296fcb3f5640,"['0xc42079f94a6350d7e6235f29174924f928cc2ac818eb64fed8004e115fbcca67', '0x0000000000000000000000003fc91a3afd70395cd496c647d5a6cc9d4b2b7fad', '0x0000000000000000000000003fc91a3afd70395cd496c647d5a6cc9d4b2b7fad']",0x00000000000000000000000000000000000000000000000000000000621682a4fffffffffffffffffffffffffffffffffffffffffffffffff21f494c589c00000000000000000000000000000000000000006051059885e30fabea63d5d27ec8000000000000000000000000000000000000000000000001f0ae3e63940cffc0000000000000000000000000000000000000000000000000000000000003161a,0x112aca6,0xe95900f4126f41b0e1b2a07b989ea79da526fd04c023dd6dd1828a13471ce34b,0x64ea589f,0x2cb417800,0x23e66,0xe9,0x817db882a33fe71d1863f9b70dad42168f0bc06f57c970c69831bffac20d5ecc,0x59,18001062,1693079711,2023-08-26 19:55:11,0x3fc91a3afd70395cd496c647d5a6cc9d4b2b7fad,0x3fc91a3afd70395cd496c647d5a6cc9d4b2b7fad,1645642404,-1000000000000000000,1953530534928252742573232340762312,35789611886166474688,202266
0x88e6a0c2ddd26feeb64f039a2c41296fcb3f5640,"['0xc42079f94a6350d7e6235f29174924f928cc2ac818eb64fed8004e115fbcca67', '0x0000000000000000000000003fc91a3afd70395cd496c647d5a6cc9d4b2b7fad', '0x0000000000000000000000003fc91a3afd70395cd496c647d5a6cc9d4b2b7fad']",0x0000000000000000000000000000000000000000000000000000000009cf0ddffffffffffffffffffffffffffffffffffffffffffffffffffe9cba87a2760000000000000000000000000000000000000000605104e1688d7c8d71f8f252693d000000000000000000000000000000000000000000000001f0ae3e63940cffc0000000000000000000000000000000000000000000000000000000000003161a,0x112acaf,0x5b922e0e29ef06477b86833421d8bd4944e3aa8cc277a4d43a68ed547334d82d,0x64ea590b,0x2974269c0,0x2c341,0x10b,0xcb9b021294ee27e4a0fbf750ab957efb39d6203726dca3d28430c5602daad8e3,0x76,18001071,1693079819,2023-08-26 19:56:59,0x3fc91a3afd70395cd496c647d5a6cc9d4b2b7fad,0x3fc91a3afd70395cd496c647d5a6cc9d4b2b7fad,164564447,-100000000000000000,1953530313556300550803634991032637,35789611886166474688,202266
0x88e6a0c2ddd26feeb64f039a2c41296fcb3f5640,"['0xc42079f94a6350d7e6235f29174924f928cc2ac818eb64fed8004e115fbcca67', '0x0000000000000000000000003fc91a3afd70395cd496c647d5a6cc9d4b2b7fad', '0x0000000000000000000000003fc91a3afd70395cd496c647d5a6cc9d4b2b7fad']",0x000000000000000000000000000000000000000000000000000000002a46c6c9fffffffffffffffffffffffffffffffffffffffffffffffffa04c333119c7165000000000000000000000000000000000000605101cc2ce1157302c94aca30de000000000000000000000000000000000000000000000001f0ae3e63940cffc0000000000000000000000000000000000000000000000000000000000003161a,0x112acaf,0x5b922e0e29ef06477b86833421d8bd4944e3aa8cc277a4d43a68ed547334d82d,0x64ea590b,0x2974269c0,0x22577,0x117,0x2508c563f6b33ab648e0715a76b60389362aeb198274e921c624b1d4bf2c1f15,0x7d,18001071,1693079819,2023-08-26 19:56:59,0x3fc91a3afd70395cd496c647d5a6cc9d4b2b7fad,0x3fc91a3afd70395cd496c647d5a6cc9d4b2b7fad,709281481,-431005040214511259,1953529359432028983018443271450846,35789611886166474688,202266
0x88e6a0c2ddd26feeb64f039a2c41296fcb3f5640,"['0xc42079f94a6350d7e6235f29174924f928cc2ac818eb64fed8004e115fbcca67', '0x0000000000000000000000003fc91a3afd70395cd496c647d5a6cc9d4b2b7fad', '0x0000000000000000000000003fc91a3afd70395cd496c647d5a6cc9d4b2b7fad']",0x00000000000000000000000000000000000000000000000000000000d69c84e6ffffffffffffffffffffffffffffffffffffffffffffffffe1a2e1713e6c6ec10000000000000000000000000000000000006050f225bd976c15d16dfb355765000000000000000000000000000000000000000000000001f0ae3e63940cffc0000000000000000000000000000000000000000000000000000000000003161a,0x112acb0,0x845efe09efadd5d9601d1c5128cb5230bba88f7effb0c4d7ad5280ef9129f33a,0x64ea5917,0x2a651bf82,0x39e25,0xb8,0xa2b91f3da8c74c2f998589402e6a024f64e46fb9e51142dd52f30d654e7b710a,0x5a,18001072,1693079831,2023-08-26 19:57:11,0x3fc91a3afd70395cd496c647d5a6cc9d4b2b7fad,0x3fc91a3afd70395cd496c647d5a6cc9d4b2b7fad,3600581862,-2187938592453792063,1953524515949654110933224491669349,35789611886166474688,202266
0x88e6a0c2ddd26feeb64f039a2c41296fcb3f5640,"['0xc42079f94a6350d7e6235f29174924f928cc2ac818eb64fed8004e115fbcca67', '0x0000000000000000000000003fc91a3afd70395cd496c647d5a6cc9d4b2b7fad', '0x0000000000000000000000009cf90945e841576266f33233c8f621261dcd9d5b']",0xffffffffffffffffffffffffffffffffffffffffffffffffffffffff238591880000000000000000000000000000000000000000000000001f399b1438a100000000000000000000000000000000000000006051023c97ee723982c675d2b19d000000000000000000000000000000000000000000000001f09479c0aa6e1c47000000000000000000000000000000000000000000000000000000000003161a,0x112acb4,0x349803fdfaa1715c270d7782dd8f7855bf22af16b17ecbb85cf125bfe8ca412d,0x64ea5947,0x293c62242,0x1d85c,0x171,0x09dbe90ff821f2c6fcba201dcd6c822510c129e8fa05c37193447b7844a88075,0xa3,18001076,1693079879,2023-08-26 19:57:59,0x3fc91a3afd70395cd496c647d5a6cc9d4b2b7fad,0x9cf90945e841576266f33233c8f621261dcd9d5b,-3699011192,2250000000000000000,1953529495337260486368343304090013,35782358807765457991,202266
0x88e6a0c2ddd26feeb64f039a2c41296fcb3f5640,"['0xc42079f94a6350d7e6235f29174924f928cc2ac818eb64fed8004e115fbcca67', '0x0000000000000000000000003fc91a3afd70395cd496c647d5a6cc9d4b2b7fad', '0x0000000000000000000000003fc91a3afd70395cd496c647d5a6cc9d4b2b7fad']",0x000000000000000000000000000000000000000000000000000000000ef5f4c0fffffffffffffffffffffffffffffffffffffffffffffffffde22089ad800c84000000000000000000000000000000000000605101253e696f19f1892ddd37e7000000000000000000000000000000000000000000000001f09479c0aa6e1c47000000000000000000000000000000000000000000000000000000000003161a,0x112acc3,0x82eaa8f1bf1abda0d9190158015827e05a1c450705c096bdf8b131cf47396496,0x64ea59fb,0x2e5e5047d,0x29792,0x16b,0x49a43879ec1e4aaa42dd24dd3841ae82dfe0b9cffe8b4b0ad8a6ae355b93f273,0x7b,18001091,1693080059,2023-08-26 20:00:59,0x3fc91a3afd70395cd496c647d5a6cc9d4b2b7fad,0x3fc91a3afd70395cd496c647d5a6cc9d4b2b7fad,251000000,-152523661683716988,1953529157624212554891402988566503,35782358807765457991,202266
0x88e6a0c2ddd26feeb64f039a2c41296fcb3f5640,"['0xc42079f94a6350d7e6235f29174924f928cc2ac818eb64fed8004e115fbcca67', '0x0000000000000000000000001111111254eeb25477b68fb85ed929f73a960582', '0x000000000000000000000000a7ca2c8673bcfa5a26d8ceec2887f2cc2b0db22a']",0x000000000000000000000000000000000000000000000000000000002439710ffffffffffffffffffffffffffffffffffffffffffffffffffadff7e2fd7644140000000000000000000000000000000000006050fe80db685b7396b47c72ca80000000000000000000000000000000000000000000000001f09479c0aa6e1c47000000000000000000000000000000000000000000000000000000000003161a,0x112acc4,0xf98c1962144ce81fe90be0a2e86cc4a44edf863df7d6769d00c382246878fe5e,0x64ea5a07,0x2fd16e854,0x3dae7,0x75,0x8c24f74bc98be138a955da09b2927061b366dbdac5982de26f6de61ff960f7ff,0x2d,18001092,1693080071,2023-08-26 20:01:11,0x1111111254eeb25477b68fb85ed929f73a960582,0xa7ca2c8673bcfa5a26d8ceec2887f2cc2b0db22a,607744271,-369304090134035436,1953528339922824350934909890775680,35782358807765457991,202266
0x88e6a0c2ddd26feeb64f039a2c41296fcb3f5640,"['0xc42079f94a6350d7e6235f29174924f928cc2ac818eb64fed8004e115fbcca67', '0x000000000000000000000000cb3702bc25b0f284b032e5edf1a1ebea2fe43255', '0x000000000000000000000000cb3702bc25b0f284b032e5edf1a1ebea2fe43255']",0x0000000000000000000000000000000000000000000000000000000006c167d1ffffffffffffffffffffffffffffffffffffffffffffffffff0b51b2c7b486d00000000000000000000000000000000000006050fe02b7b890aeba739adc0770000000000000000000000000000000000000000000000001f09479c0aa6e1c47000000000000000000000000000000000000000000000000000000000003161a,0x112acc7,0x2ba10a12f0280bc44aabe841ee3014bbaa363362c0d9f629ad6b050833e4a65c,0x64ea5a2b,0x2c6bc7169,0x59a96,0x29,0xd95521fb88a83a584b00eff275f165496958782f572166c4a4017d36f8213066,0x6,18001095,1693080107,2023-08-26 20:01:47,0xcb3702bc25b0f284b032e5edf1a1ebea2fe43255,0xcb3702bc25b0f284b032e5edf1a1ebea2fe43255,113338321,-68871540997585200,1953528187429645461333034806282096,35782358807765457991,202266
0x88e6a0c2ddd26feeb64f039a2c41296fcb3f5640,"['0xc42079f94a6350d7e6235f29174924f928cc2ac818eb64fed8004e115fbcca67', '0x000000000000000000000000def1c0ded9bec7f1a1670819833240f027b25eff', '0x0000000000000000000000002a6c340bcbb0a79d3deecd3bc5cbc2605ea9259f']",0x00000000000000000000000000000000000000000000000000000001276a5f90ffffffffffffffffffffffffffffffffffffffffffffffffd63437d55223e60f0000000000000000000000000000000000006050e876b3173867f994c1123a40000000000000000000000000000000000000000000000001f09479c0aa6e1c47000000000000000000000000000000000000000000000000000000000003161a,0x112accb,0x4762ad846f114b7df30555629bbe4ce80ed16e3883fa0f2484d8f066121a9063,0x64ea5a5b,0x2df9fdfa6,0x51e5a,0x126,0xc83f2bb3b32f23b75c7360fc7d85a2167f61d7445ce7c59b58caa66061a9eea6,0x71,18001099,1693080155,2023-08-26 20:02:35,0xdef1c0ded9bec7f1a1670819833240f027b25eff,0x2a6c340bcbb0a79d3deecd3bc5cbc2605ea9259f,4956250000,-3011720861458373105,1953521518972958714327574231792192,35782358807765457991,202266
0x88e6a0c2ddd26feeb64f039a2c41296fcb3f5640,"['0xc42079f94a6350d7e6235f29174924f928cc2ac818eb64fed8004e115fbcca67', '0x0000000000000000000000001111111254eeb25477b68fb85ed929f73a960582', '0x0000000000000000000000001231deb6f5749ef6ce6943a275a1d3e7486f4eae']",0xfffffffffffffffffffffffffffffffffffffffffffffffffffffffdf72c6e4b00000000000000000000000000000000000000000000000049c2f6eb2212a00000000000000000000000000000000000000060510e787ed9bfd2dba8c09e40ac000000000000000000000000000000000000000000000001f09479c0aa6e1c47000000000000000000000000000000000000000000000000000000000003161a,0x112acd0,0x1b299df2e4d21ae0ae262e9be019648f5e95d8aa9637101b61f522464d4152ec,0x64ea5a97,0x2dc6a6e49,0x9004d,0xd2,0x1f1e1ad250544152b43e97f996d2ed0ef0567f25350a1b377c95f00953f6a5a0,0x77,18001104,1693080215,2023-08-26 20:03:35,0x1111111254eeb25477b68fb85ed929f73a960582,0x1231deb6f5749ef6ce6943a275a1d3e7486f4eae,-8738017717,5315082000000000000,1953533281574486567287770750795948,35782358807765457991,202266
0x88e6a0c2ddd26feeb64f039a2c41296fcb3f5640,"['0xc42079f94a6350d7e6235f29174924f928cc2ac818eb64fed8004e115fbcca67', '0x0000000000000000000000003fc91a3afd70395cd496c647d5a6cc9d4b2b7fad', '0x0000000000000000000000003fc91a3afd70395cd496c647d5a6cc9d4b2b7fad']",0x000000000000000000000000000000000000000000000000000000002d594964fffffffffffffffffffffffffffffffffffffffffffffffff9957ad7532951c800000000000000000000000000000000000060510b29bbba2fc6c59fd09801ab000000000000000000000000000000000000000000000001f09479c0aa6e1c47000000000000000000000000000000000000000000000000000000000003161a,0x112acd3,0x19a72c7a60c07ad0ef91ec7db5056578cfa8c0b8cd731ba640389721016ceeac,0x64ea5abb,0x308457690,0x22577,0x102,0x0e3f45d9b202fc35573f9a425589a218592f68adab651667334a508384c62260,0x70,18001107,1693080251,2023-08-26 20:04:11,0x3fc91a3afd70395cd496c647d5a6cc9d4b2b7fad,0x3fc91a3afd70395cd496c647d5a6cc9d4b2b7fad,760826212,-462328321503833656,1953532257901799480390154311958955,35782358807765457991,202266
0x88e6a0c2ddd26feeb64f039a2c41296fcb3f5640,"['0xc42079f94a6350d7e6235f29174924f928cc2ac818eb64fed8004e115fbcca67', '0x00000000000000000000000068b3465833fb72a70ecdf485e0e4c7bd8665fc45', '0x000000000000000000000000cdd37ada79f589c15bd4f8fd2083dc88e34a2af2']",0xfffffffffffffffffffffffffffffffffffffffffffffffffffffffffa28666800000000000000000000000000000000000000000000000000d3d067aca983a900000000000000000000000000000000000060510b96dbdb2daaedca493916fa000000000000000000000000000000000000000000000001f0a6a95d779800f1000000000000000000000000000000000000000000000000000000000003161a,0x112acde,0x4a94f29be4d4e7f3278b754f5c51198e0b548b3baa9ce1869ea9e0d9a17d11b0,0x64ea5b3f,0x388f077be,0x2e700,0x75,0xe4fb75542a508c8efaba0b01d5c6b97466dadf6fd94a19fb4b5c6a0d6dc798ca,0xd,18001118,1693080383,2023-08-26 20:06:23,0x68b3465833fb72a70ecdf485e0e4c7bd8665fc45,0xcdd37ada79f589c15bd4f8fd2083dc88e34a2af2,-98015640,59620363782947753,1953532389826438136438670870779642,35787477707849728241,202266
0x88e6a0c2ddd26feeb64f039a2c41296fcb3f5640,"['0xc42079f94a6350d7e6235f29174924f928cc2ac818eb64fed8004e115fbcca67', '0x0000000000000000000000003fc91a3afd70395cd496c647d5a6cc9d4b2b7fad', '0x0000000000000000000000003fc91a3afd70395cd496c647d5a6cc9d4b2b7fad']",0x000000000000000000000000000000000000000000000000000000003b9aca00fffffffffffffffffffffffffffffffffffffffffffffffff79123779d028b0c0000000000000000000000000000000000006051073e117dc7312220be1479bd000000000000000000000000000000000000000000000001f0a6a95d779800f1000000000000000000000000000000000000000000000000000000000003161a,0x112acde,0x4a94f29be4d4e7f3278b754f5c51198e0b548b3baa9ce1869ea9e0d9a17d11b0,0x64ea5b3f,0x3357e29be,0x35ebf,0x195,0x47059b06c3d59b06c2ec7b89931af4531e769638607ad14353e8cedd6036c153,0x99,18001118,1693080383,2023-08-26 20:06:23,0x3fc91a3afd70395cd496c647d5a6cc9d4b2b7fad,0x3fc91a3afd70395cd496c647d5a6cc9d4b2b7fad,1000000000,-607665478076036340,1953531044545285764075512181062077,35787477707849728241,202266
0x88e6a0c2ddd26feeb64f039a2c41296fcb3f5640,"['0xc42079f94a6350d7e6235f29174924f928cc2ac818eb64fed8004e115fbcca67', '0x0000000000000000000000003fc91a3afd70395cd496c647d5a6cc9d4b2b7fad', '0x0000000000000000000000003fc91a3afd70395cd496c647d5a6cc9d4b2b7fad']",0x000000000000000000000000000000000000000000000000000000003b9aca00fffffffffffffffffffffffffffffffffffffffffffffffff791243a79a553f2000000000000000000000000000000000000605102e54784d1e0170842e6eb30000000000000000000000000000000000000000000000001f0a6a95d779800f1000000000000000000000000000000000000000000000000000000000003161a,0x112ace3,0x29aa7aaf97c04ca32bea32e0f707625c3c25ddfc3229a59d2d0ef3cd99efc460,0x64ea5b7b,0x329144d6d,0x2382b,0x24a,0x2e14290386e56cc798224b14be50b7de524066cbc8ccb64c70bcd4abb696dfce,0x6c,18001123,1693080443,2023-08-26 20:07:23,0x3fc91a3afd70395cd496c647d5a6cc9d4b2b7fad,0x3fc91a3afd70395cd496c647d5a6cc9d4b2b7fad,1000000000,-607664641150725134,1953529699265986220098579071429424,35787477707849728241,202266
0x88e6a0c2ddd26feeb64f039a2c41296fcb3f5640,"['0xc42079f94a6350d7e6235f29174924f928cc2ac818eb64fed8004e115fbcca67', '0x0000000000000000000000003fc91a3afd70395cd496c647d5a6cc9d4b2b7fad', '0x0000000000000000000000003fc91a3afd70395cd496c647d5a6cc9d4b2b7fad']",0x00000000000000000000000000000000000000000000000000000002cb417800ffffffffffffffffffffffffffffffffffffffffffffffff9acdee1cc7d5e6df0000000000000000000000000000000000006050cebbee73b9283a0206899c4a000000000000000000000000000000000000000000000001f0a6a95d779800f1000000000000000000000000000000000000000000000000000000000003161a,0x112ace5,0x334f3dc1cb10951623f56ed41bb10a2fb1ac8f1b8e351e64f56d4756fc4b54d3,0x64ea5b93,0x3358221d5,0x29792,0xb9,0xa0d4db8657c4455f13c4283fcfea819ac5af523d431ad2b1a578d1ee284f4a1d,0x5f,18001125,1693080467,2023-08-26 20:07:47,0x3fc91a3afd70395cd496c647d5a6cc9d4b2b7fad,0x3fc91a3afd70395cd496c647d5a6cc9d4b2b7fad,12000000000,-7291910414263785761,1953513556058910913195361232854090,35787477707849728241,202266
0x88e6a0c2ddd26feeb64f039a2c41296fcb3f5640,"['0xc42079f94a6350d7e6235f29174924f928cc2ac818eb64fed8004e115fbcca67', '0x0000000000000000000000003fc91a3afd70395cd496c647d5a6cc9d4b2b7fad', '0x000000000000000000000000c0d19f4fae83eb51b2adb59eb649c7bc2b19b2f6']",0xffffffffffffffffffffffffffffffffffffffffffffffffffffffffda0610de0000000000000000000000000000000000000000000000000560d761acbf158b0000000000000000000000000000000000006050d18145dba859651383f261e2000000000000000000000000000000000000000000000001f0a6a95d779800f1000000000000000000000000000000000000000000000000000000000003161a,0x112ace6,0xf094f5e944b45642a727460521532e8bf86a71c3938c10c1b0ff0a8417df4e67,0x64ea5b9f,0x31b1612b0,0x45ec8,0x75,0xee36f8fcb14668b379deeb2f79e987704df56b019440012f5d8cb840b335911f,0x2b,18001126,1693080479,2023-08-26 20:07:59,0x3fc91a3afd70395cd496c647d5a6cc9d4b2b7fad,0xc0d19f4fae83eb51b2adb59eb649c7bc2b19b2f6,-637136674,387546382463866251,1953514413600080154221300358996450,35787477707849728241,202266
0x88e6a0c2ddd26feeb64f039a2c41296fcb3f5640,"['0xc42079f94a6350d7e6235f29174924f928cc2ac818eb64fed8004e115fbcca67', '0x0000000000000000000000003fc91a3afd70395cd496c647d5a6cc9d4b2b7fad', '0x0000000000000000000000003fc91a3afd70395cd496c647d5a6cc9d4b2b7fad']",0x00000000000000000000000000000000000000000000000000000000bb883a76ffffffffffffffffffffffffffffffffffffffffffffffffe577c7aa161e887e0000000000000000000000000000000000006050c3d434cad4820dc319d0172d000000000000000000000000000000000000000000000001f0a6a95d779800f1000000000000000000000000000000000000000000000000000000000003161a,0x112ace6,0xf094f5e944b45642a727460521532e8bf86a71c3938c10c1b0ff0a8417df4e67,0x64ea5b9f,0x31b1612b0,0x26792,0xcc,0x8c342657526ccf5757ade9c8e357b63c07d71ab2b0416cf7dd3aba6a0df197b7,0x63,18001126,1693080479,2023-08-26 20:07:59,0x3fc91a3afd70395cd496c647d5a6cc9d4b2b7fad,0x3fc91a3afd70395cd496c647d5a6cc9d4b2b7fad,3146267254,-1911839983466018690,1953510181070195040525131505997613,35787477707849728241,202266
0x88e6a0c2ddd26feeb64f039a2c41296fcb3f5640,"['0xc42079f94a6350d7e6235f29174924f928cc2ac818eb64fed8004e115fbcca67', '0x0000000000000000000000003fc91a3afd70395cd496c647d5a6cc9d4b2b7fad', '0x00000000000000000000000081a460ea6fd96a73d5672f1f4aa684697d4b44cc']",0x000000000000000000000000000000000000000000000000000000009ae42f5bffffffffffffffffffffffffffffffffffffffffffffffffea16049664b204640000000000000000000000000000000000006050b88886ed01f84276a4fbfb89000000000000000000000000000000000000000000000001f0a6a95d779800f1000000000000000000000000000000000000000000000000000000000003161a,0x112aceb,0x1209b42b5fce19ae08b0960255f4865b9de06baa0e5fafb5d47a01d67ffd8320,0x64ea5bdb,0x320463079,0x3049b,0xe5,0xafa9eb43e88abbf763e8493fcec45b5201bc8a4c779f3e355463cfb1bc749c73,0x3e,18001131,1693080539,2023-08-26 20:08:59,0x3fc91a3afd70395cd496c647d5a6cc9d4b2b7fad,0x81a460ea6fd96a73d5672f1f4aa684697d4b44cc,2598645595,-1579069575365786524,1953506685244589231775099985329033,35787477707849728241,202266
0x88e6a0c2ddd26feeb64f039a2c41296fcb3f5640,"['0xc42079f94a6350d7e6235f29174924f928cc2ac818eb64fed8004e115fbcca67', '0x000000000000000000000000e592427a0aece92de3edee1f18e0157c05861564', '0x000000000000000000000000def171fe48cf0115b1d80b88dc8eab59176fee57']",0xfffffffffffffffffffffffffffffffffffffffffffffffffffffff680251de3000000000000000000000000000000000000000000000001586963739353ab25000000000000000000000000000000000000605169f8eeebc8c34109fcce0cdc000000000000000000000000000000000000000000000001f0a6a95d779800f1000000000000000000000000000000000000000000000000000000000003161a,0x112aced,0xdc249df24aef8ca190711335d5531e5891c545e560355dd8003d4ef742067956,0x64ea5bf3,0x3105eb5c3,0x92261,0x3d,0x5384b328759e1bbb3192fa649dd69cc569bce5dea40a0583b4e6cf061877c974,0x5,18001133,1693080563,2023-08-26 20:09:23,0xe592427a0aece92de3edee1f18e0157c05861564,0xdef171fe48cf0115b1d80b88dc8eab59176fee57,-40799756829,24817476569645951781,1953561599982122951962501114105052,35787477707849728241,202266
0x88e6a0c2ddd26feeb64f039a2c41296fcb3f5640,"['0xc42079f94a6350d7e6235f29174924f928cc2ac818eb64fed8004e115fbcca67', '0x0000000000000000000000001111111254eeb25477b68fb85ed929f73a960582', '0x0000000000000000000000001111111254eeb25477b68fb85ed929f73a960582']",0x000000000000000000000000000000000000000000000000000000001fc41635fffffffffffffffffffffffffffffffffffffffffffffffffb81697a32a28f27000000000000000000000000000000000000605167a7dc1fc934b7600e1cc3bc000000000000000000000000000000000000000000000001f0a6a95d779800f1000000000000000000000000000000000000000000000000000000000003161a,0x112acee,0xc6a135645464f92fb42a051279ed3b77a22d6675126aaf60fb4b56991ec094b0,0x64ea5bff,0x2f4ec6852,0x41436,0xc3,0x36ce565ab9689c9de7eb303d725c00469d97153387a7271a73af2cae41a6c34a,0x63,18001134,1693080575,2023-08-26 20:09:35,0x1111111254eeb25477b68fb85ed929f73a960582,0x1111111254eeb25477b68fb85ed929f73a960582,532944437,-323861724637524185,1953560883000346219941494548906940,35787477707849728241,202266
0x88e6a0c2ddd26feeb64f039a2c41296fcb3f5640,"['0xc42079f94a6350d7e6235f29174924f928cc2ac818eb64fed8004e115fbcca67', '0x0000000000000000000000003fc91a3afd70395cd496c647d5a6cc9d4b2b7fad', '0x0000000000000000000000003fc91a3afd70395cd496c647d5a6cc9d4b2b7fad']",0x0000000000000000000000000000000000000000000000000000000015f4b2b3fffffffffffffffffffffffffffffffffffffffffffffffffce4be0f975e28090000000000000000000000000000000000006051660df13f50c34e30c4170a40000000000000000000000000000000000000000000000001f0a6a95d779800f1000000000000000000000000000000000000000000000000000000000003161a,0x112acf5,0xa748833ca9c6761380a12d137598082b4c3000d7a3d058504d53754a7dfa5667,0x64ea5c53,0x2cad4eb6f,0x6731d,0x1b9,0xeab0c942f2632ac2ec085fb38f5ec23a235db6f025c38e3c7722cb72aa293eb4,0x7c,18001141,1693080659,2023-08-26 20:10:59,0x3fc91a3afd70395cd496c647d5a6cc9d4b2b7fad,0x3fc91a3afd70395cd496c647d5a6cc9d4b2b7fad,368358067,-223845107288365047,1953560387440511491060545428589120,35787477707849728241,202266
0x88e6a0c2ddd26feeb64f039a2c41296fcb3f5640,"['0xc42079f94a6350d7e6235f29174924f928cc2ac818eb64fed8004e115fbcca67', '0x0000000000000000000000003fc91a3afd70395cd496c647d5a6cc9d4b2b7fad', '0x000000000000000000000000e42318ea3b998e8355a3da364eb9d48ec725eb45']",0x00000000000000000000000000000000000000000000000000000001215506a0ffffffffffffffffffffffffffffffffffffffffffffffffd7103570ab714585000000000000000000000000000000000000605150f41ba5fdb9bda57f86e7f1000000000000000000000000000000000000000000000001f0a6a95d779800f1000000000000000000000000000000000000000000000000000000000003161a,0x112acf7,0x8eb5d4e10988545b4fe5ac39bd8988db42b39647b6d80d7b602e03b0f8404905,0x64ea5c6b,0x77e902e93,0x2fb7a,0x4,0xa9a38064c52cf12350c6411dfb3c5445791e33439768362ade23a47dccd65a9d,0x2,18001143,1693080683,2023-08-26 20:11:23,0x3fc91a3afd70395cd496c647d5a6cc9d4b2b7fad,0xe42318ea3b998e8355a3da364eb9d48ec725eb45,4854187680,-2949798997898738299,1953553857023467356281353085052913,35787477707849728241,202266
0x88e6a0c2ddd26feeb64f039a2c41296fcb3f5640,"['0xc42079f94a6350d7e6235f29174924f928cc2ac818eb64fed8004e115fbcca67', '0x00000000000000000000000068b3465833fb72a70ecdf485e0e4c7bd8665fc45', '0x0000000000000000000000007e430c8f403000a72f6d70ed2a9b54ff53cb03ce']",0xfffffffffffffffffffffffffffffffffffffffffffffffffffffffd16fcf59e0000000000000000000000000000000000000000000000006983f1d8562d0635000000000000000000000000000000000000605187508528e9b23a50b4aeca0f000000000000000000000000000000000000000000000001f0a6a95d779800f1000000000000000000000000000000000000000000000000000000000003161a,0x112acf7,0x8eb5d4e10988545b4fe5ac39bd8988db42b39647b6d80d7b602e03b0f8404905,0x64ea5c6b,0x2dc6e4793,0x3ab2b,0x40,0x7c0f28bac2de75c4a37c5059f950d7ae0c23dfc00af6f8b40b5cdc352d7790ce,0x37,18001143,1693080683,2023-08-26 20:11:23,0x68b3465833fb72a70ecdf485e0e4c7bd8665fc45,0x7e430c8f403000a72f6d70ed2a9b54ff53cb03ce,-12499225186,7603186507392550453,1953570680933436674369311195712015,35787477707849728241,202266
0x88e6a0c2ddd26feeb64f039a2c41296fcb3f5640,"['0xc42079f94a6350d7e6235f29174924f928cc2ac818eb64fed8004e115fbcca67', '0x0000000000000000000000002684e2d55e30680186ca2d5f5393ac0fb808f011', '0x0000000000000000000000002684e2d55e30680186ca2d5f5393ac0fb808f011']",0x00000000000000000000000000000000000000000000000000000000543e1a58fffffffffffffffffffffffffffffffffffffffffffffffff414a425ef383d390000000000000000000000000000000000006051812bb090515115a5d1a06162000000000000000000000000000000000000000000000001f0a6a95d779800f1000000000000000000000000000000000000000000000000000000000003161a,0x112acf7,0x8eb5d4e10988545b4fe5ac39bd8988db42b39647b6d80d7b602e03b0f8404905,0x64ea5c6b,0x2dc6e4793,0x37636,0x47,0x4fa259e9b8e0111ab83cadb22886cd7de7331eb1dd9483f602cba59892a25dd0,0x38,18001143,1693080683,2023-08-26 20:11:23,0x2684e2d55e30680186ca2d5f5393ac0fb808f011,0x2684e2d55e30680186ca2d5f5393ac0fb808f011,1413356120,-858881146086736583,1953568779498091660606997042061666,35787477707849728241,202266
0x88e6a0c2ddd26feeb64f039a2c41296fcb3f5640,"['0xc42079f94a6350d7e6235f29174924f928cc2ac818eb64fed8004e115fbcca67', '0x0000000000000000000000003208684f96458c540eb08f6f01b9e9afb2b7d4f0', '0x0000000000000000000000003208684f96458c540eb08f6f01b9e9afb2b7d4f0']",0x00000000000000000000000000000000000000000000000000000000ac500464ffffffffffffffffffffffffffffffffffffffffffffffffe79eab3143d395d60000000000000000000000000000000000006051749a947ca12b5d61d2ad32be000000000000000000000000000000000000000000000001f0a6a95d779800f1000000000000000000000000000000000000000000000000000000000003161a,0x112acf8,0x0e3cda417c2a5d1b5c95ba83197fdad8a5eef16a111b5bfcb53f43010638fbe4,0x64ea5c77,0x2c6c38752,0x5075e,0x121,0x9ae9391d4e42a4ce658a69f54bf7d4f35d9ea12f28a8b38ebfde13d3949d6071,0x56,18001144,1693080695,2023-08-26 20:11:35,0x3208684f96458c540eb08f6f01b9e9afb2b7d4f0,0x3208684f96458c540eb08f6f01b9e9afb2b7d4f0,2890925156,-1756778576548227626,1953564890251140517933464471548606,35787477707849728241,202266
0x88e6a0c2ddd26feeb64f039a2c41296fcb3f5640,"['0xc42079f94a6350d7e6235f29174924f928cc2ac818eb64fed8004e115fbcca67', '0x0000000000000000000000003fc91a3afd70395cd496c647d5a6cc9d4b2b7fad', '0x0000000000000000000000003fc91a3afd70395cd496c647d5a6cc9d4b2b7fad']",0x0000000000000000000000000000000000000000000000000000000061572778fffffffffffffffffffffffffffffffffffffffffffffffff23a3e72ba3ebed700000000000000000000000000000000000060516d813867599d3f5e6eccc674000000000000000000000000000000000000000000000001f0a6a95d779800f1000000000000000000000000000000000000000000000000000000000003161a,0x112acf8,0x0e3cda417c2a5d1b5c95ba83197fdad8a5eef16a111b5bfcb53f43010638fbe4,0x64ea5c77,0x2b80454f4,0x46b2b,0x1aa,0x1a565c06aa25780c52dd91dd16686085830037914026c015b78d57fa9273e5d6,0x8d,18001144,1693080695,2023-08-26 20:11:35,0x3fc91a3afd70395cd496c647d5a6cc9d4b2b7fad,0x3fc91a3afd70395cd496c647d5a6cc9d4b2b7fad,1633101688,-992412105409904937,1953562693198076024011075474998900,35787477707849728241,202266
0x88e6a0c2ddd26feeb64f039a2c41296fcb3f5640,"['0xc42079f94a6350d7e6235f29174924f928cc2ac818eb64fed8004e115fbcca67', '0x0000000000000000000000003fc91a3afd70395cd496c647d5a6cc9d4b2b7fad', '0x0000000000000000000000003fc91a3afd70395cd496c647d5a6cc9d4b2b7fad']",0x000000000000000000000000000000000000000000000000000000006d5fe0c0fffffffffffffffffffffffffffffffffffffffffffffffff0865e5cbcb45f87000000000000000000000000000000000000605165873006e83c81b38d15a3f8000000000000000000000000000000000000000000000001f0a6a95d779800f1000000000000000000000000000000000000000000000000000000000003161a,0x112acfa,0x583520af8717fcc49c5c9ef97a1061b7696d64a8e119082a50590a58f88f869e,0x64ea5c8f,0x2d2f593ec,0x35649,0x104,0x047842b224fe4ecd1f094c430c9ebdac3e165bfaa00f7a7b90c7c65e7def38b1,0x6f,18001146,1693080719,2023-08-26 20:11:59,0x3fc91a3afd70395cd496c647d5a6cc9d4b2b7fad,0x3fc91a3afd70395cd496c647d5a6cc9d4b2b7fad,1835000000,-1115100105331679353,1953560224531994381906001767277560,35787477707849728241,202266
0x88e6a0c2ddd26feeb64f039a2c41296fcb3f5640,"['0xc42079f94a6350d7e6235f29174924f928cc2ac818eb64fed8004e115fbcca67', '0x0000000000000000000000003fc91a3afd70395cd496c647d5a6cc9d4b2b7fad', '0x0000000000000000000000003fc91a3afd70395cd496c647d5a6cc9d4b2b7fad']",0x000000000000000000000000000000000000000000000000000000000f60fd0bfffffffffffffffffffffffffffffffffffffffffffffffffdd2f761f5dd0b0a00000000000000000000000000000000000060516468102f74d73e502fa849f2000000000000000000000000000000000000000000000001f0a6a95d779800f1000000000000000000000000000000000000000000000000000000000003161a,0x112acfb,0x8b6d369fd95d94226b1c99ac4b893232fe119e3f66f2d01baae018e65c09dab3,0x64ea5c9b,0x2c72f049e,0x648b9,0x66,0x7a163656b30e400f52434cc88c1ac236d8408cffa98f9fe0ea752ad1db5be54a,0x1a,18001147,1693080731,2023-08-26 20:12:11,0x3fc91a3afd70395cd496c647d5a6cc9d4b2b7fad,0x3fc91a3afd70395cd496c647d5a6cc9d4b2b7fad,258014475,-156791036895753462,1953559877419916426436241013623282,35787477707849728241,202266
0x88e6a0c2ddd26feeb64f039a2c41296fcb3f5640,"['0xc42079f94a6350d7e6235f29174924f928cc2ac818eb64fed8004e115fbcca67', '0x00000000000000000000000023ebcd701fd92867235aeb0174b7c444b9b2b3ad', '0x00000000000000000000000023ebcd701fd92867235aeb0174b7c444b9b2b3ad']",0xffffffffffffffffffffffffffffffffffffffffffffffffffffffffc1eefdb900000000000000000000000000000000000000000000000008ca57d86dcf30cb000000000000000000000000000000000000605168ef6d9eb9927b207581be17000000000000000000000000000000000000000000000001f0a6a95d779800f1000000000000000000000000000000000000000000000000000000000003161a,0x112ad03,0xfc06b008be9db26d3e00c72addb82e5fe73c0619c6f792f8757030b4550c3a03,0x64ea5cfb,0x3982408b8,0x51756,0xd,0x57e5ca9de2efaed6b059c07fed910f48f87903ac0b11e5b90077f8e6d65dc500,0x3,18001155,1693080827,2023-08-26 20:13:47,0x23ebcd701fd92867235aeb0174b7c444b9b2b3ad,0x23ebcd701fd92867235aeb0174b7c444b9b2b3ad,-1041302087,633415284665823435,1953561279006173983909593709919767,35787477707849728241,202266
0x88e6a0c2ddd26feeb64f039a2c41296fcb3f5640,"['0xc42079f94a6350d7e6235f29174924f928cc2ac818eb64fed8004e115fbcca67', '0x0000000000000000000000001111111254eeb25477b68fb85ed929f73a960582', '0x0000000000000000000000001111111254eeb25477b68fb85ed929f73a960582']",0x000000000000000000000000000000000000000000000000000000006f1a6200fffffffffffffffffffffffffffffffffffffffffffffffff047c3ffb7720b01000000000000000000000000000000000000605160d5206a21c199394aad4394000000000000000000000000000000000000000000000001f0a6a95d779800f1000000000000000000000000000000000000000000000000000000000003161a,0x112ad03,0xfc06b008be9db26d3e00c72addb82e5fe73c0619c6f792f8757030b4550c3a03,0x64ea5cfb,0x2800efbf8,0x33579,0x6e,0x895415c9b0ce3a7f51b178ff8e5954892434dc5f40a6c28756163fb557575a95,0xf,18001155,1693080827,2023-08-26 20:13:47,0x1111111254eeb25477b68fb85ed929f73a960582,0x1111111254eeb25477b68fb85ed929f73a960582,1864000000,-1132721278198609151,1953558771329431713804011935974292,35787477707849728241,202266
0x88e6a0c2ddd26feeb64f039a2c41296fcb3f5640,"['0xc42079f94a6350d7e6235f29174924f928cc2ac818eb64fed8004e115fbcca67', '0x0000000000000000000000003fc91a3afd70395cd496c647d5a6cc9d4b2b7fad', '0x0000000000000000000000009b3df8eae6e1ed1b931086852860d3c6375d7ae6']",0x000000000000000000000000000000000000000000000000000000003ce971c8fffffffffffffffffffffffffffffffffffffffffffffffff761bb1bb739e01500000000000000000000000000000000000060515c63e6555b2cd02968bcbcbc000000000000000000000000000000000000000000000001f0a6a95d779800f1000000000000000000000000000000000000000000000000000000000003161a,0x112ad0a,0x6b2dd68f52c29475954787141c924bca7faf38aa9deb4873deec365677264d28,0x64ea5d4f,0x2b3ee2f29,0x44a8b,0x74,0x44c96a314e8df669769e3cc2f57a5df915099ab4c48a4dea1b766ed804bf9b19,0xd,18001162,1693080911,2023-08-26 20:15:11,0x3fc91a3afd70395cd496c647d5a6cc9d4b2b7fad,0x9b3df8eae6e1ed1b931086852860d3c6375d7ae6,1021931976,-621009545887883243,1953557396506494311799740566387900,35787477707849728241,202266
0x88e6a0c2ddd26feeb64f039a2c41296fcb3f5640,"['0xc42079f94a6350d7e6235f29174924f928cc2ac818eb64fed8004e115fbcca67', '0x0000000000000000000000003fc91a3afd70395cd496c647d5a6cc9d4b2b7fad', '0x0000000000000000000000003fc91a3afd70395cd496c647d5a6cc9d4b2b7fad']",0x000000000000000000000000000000000000000000000000000000003b9aca00fffffffffffffffffffffffffffffffffffffffffffffffff7911551691e32560000000000000000000000000000000000006051580b14ace1eb4db8e957c204000000000000000000000000000000000000000000000001f0a6a95d779800f1000000000000000000000000000000000000000000000000000000000003161a,0x112ad0b,0xb02fc03023908697e85352ea51e41662b2939a6f039791d8ffa46cbed3ac5e74,0x64ea5d5b,0x2b2fb3d8a,0x3a042,0x18f,0xbd35c23b6b8d5d8171d2a5d81ce6b7f83d68e7b02cc56c8a07292e57ec38c0c3,0x72,18001163,1693080923,2023-08-26 20:15:23,0x3fc91a3afd70395cd496c647d5a6cc9d4b2b7fad,0x3fc91a3afd70395cd496c647d5a6cc9d4b2b7fad,1000000000,-607681035318185386,1953556051190900514999787478041092,35787477707849728241,202266
0x88e6a0c2ddd26feeb64f039a2c41296fcb3f5640,"['0xc42079f94a6350d7e6235f29174924f928cc2ac818eb64fed8004e115fbcca67', '0x0000000000000000000000003fc91a3afd70395cd496c647d5a6cc9d4b2b7fad', '0x0000000000000000000000005183d153a2431d9d582f54a8b2225a3a78f60e05']",0xffffffffffffffffffffffffffffffffffffffffffffffffffffffff3dbed9f40000000000000000000000000000000000000000000000001b831196afc2ef2400000000000000000000000000000000000060516637a1ff0b27ff260d099f39000000000000000000000000000000000000000000000001f0a6a95d779800f1000000000000000000000000000000000000000000000000000000000003161a,0x112ad0b,0xb02fc03023908697e85352ea51e41662b2939a6f039791d8ffa46cbed3ac5e74,0x64ea5d5b,0x2b2fb3d8a,0x34cd0,0x1ae,0x7778de47f1913c489190c8abded6f91f9e3501c64323f5916c1c30845c6e81c9,0x7c,18001163,1693080923,2023-08-26 20:15:23,0x3fc91a3afd70395cd496c647d5a6cc9d4b2b7fad,0x5183d153a2431d9d582f54a8b2225a3a78f60e05,-3259049484,1982447599864704804,1953560437841143355418033936506681,35787477707849728241,202266
0x88e6a0c2ddd26feeb64f039a2c41296fcb3f5640,"['0xc42079f94a6350d7e6235f29174924f928cc2ac818eb64fed8004e115fbcca67', '0x000000000000000000000000def1c0ded9bec7f1a1670819833240f027b25eff', '0x000000000000000000000000def1c0ded9bec7f1a1670819833240f027b25eff']",0x0000000000000000000000000000000000000000000000000000000002a97ff1ffffffffffffffffffffffffffffffffffffffffffffffffff9f93917b3971dc00000000000000000000000000000000000060516605ee5842716169822e347c000000000000000000000000000000000000000000000001f0a6a95d779800f1000000000000000000000000000000000000000000000000000000000003161a,0x112ad0b,0xb02fc03023908697e85352ea51e41662b2939a6f039791d8ffa46cbed3ac5e74,0x64ea5d5b,0x2b13c8f2b,0x41a8a,0x1fc,0xa145dbba02d4fd0c5b1e75a63a2bf78ca98dd4dabfc9cd46169b9b45e42f849f,0x87,18001163,1693080923,2023-08-26 20:15:23,0xdef1c0ded9bec7f1a1670819833240f027b25eff,0xdef1c0ded9bec7f1a1670819833240f027b25eff,44662769,-27140819694030372,1953560377755397971430615641109628,35787477707849728241,202266
0x88e6a0c2ddd26feeb64f039a2c41296fcb3f5640,"['0xc42079f94a6350d7e6235f29174924f928cc2ac818eb64fed8004e115fbcca67', '0x0000000000000000000000001111111254eeb25477b68fb85ed929f73a960582', '0x0000000000000000000000001111111254eeb25477b68fb85ed929f73a960582']",0x00000000000000000000000000000000000000000000000000000002540be400ffffffffffffffffffffffffffffffffffffffffffffffffabaae690ddbf28e400000000000000000000000000000000000060513a8dc6b9ada3222142e194bb000000000000000000000000000000000000000000000001f0a6a95d779800f1000000000000000000000000000000000000000000000000000000000003161a,0x112ad0c,0x577a8be0bb4d53dbe2cc7fb863fdf7741face94c97bd8a5fef7dee6f2c0574cb,0x64ea5d67,0x2d9bb0a6c,0x1eed3,0x1b6,0x1d71b1554be21637714c4af844a527d031e44a9b407b42fe07023044e6d07bea,0x99,18001164,1693080935,2023-08-26 20:15:35,0x1111111254eeb25477b68fb85ed929f73a960582,0x1111111254eeb25477b68fb85ed929f73a960582,10000000000,-6076791237313091356,1953546924641779698864254890382523,35787477707849728241,202266
0x88e6a0c2ddd26feeb64f039a2c41296fcb3f5640,"['0xc42079f94a6350d7e6235f29174924f928cc2ac818eb64fed8004e115fbcca67', '0x0000000000000000000000003fc91a3afd70395cd496c647d5a6cc9d4b2b7fad', '0x000000000000000000000000ab5048768b1b8e6c70a9119c1203b461d0246cfa']",0xffffffffffffffffffffffffffffffffffffffffffffffffffffffffcaf3ad8000000000000000000000000000000000000000000000000007835734bda67fea00000000000000000000000000000000000060513e6cabd8f2959b59532b12ff000000000000000000000000000000000000000000000001f0a6a95d779800f1000000000000000000000000000000000000000000000000000000000003161a,0x112ad0d,0x33c6ccb81076276be25164f15ae997fa681f5781d36649746ee89ce73fd2e55f,0x64ea5d73,0x2e86f5225,0x34c34,0xe5,0x891a59eb12fd5d0b2499e61c11222a75ba12091427eff3f24c78d0b3abf63423,0x37,18001165,1693080947,2023-08-26 20:15:47,0x3fc91a3afd70395cd496c647d5a6cc9d4b2b7fad,0xab5048768b1b8e6c70a9119c1203b461d0246cfa,-890000000,541372264246312938,1953548122560339859157192240993023,35787477707849728241,202266
0x88e6a0c2ddd26feeb64f039a2c41296fcb3f5640,"['0xc42079f94a6350d7e6235f29174924f928cc2ac818eb64fed8004e115fbcca67', '0x00000000000000000000000051c72848c68a965f66fa7a88855f9f7784502a7f', '0x00000000000000000000000051c72848c68a965f66fa7a88855f9f7784502a7f']",0x00000000000000000000000000000000000000000000000000000022555b571cfffffffffffffffffffffffffffffffffffffffffffffffb248f3e6da6b73d94000000000000000000000000000000000000604ebd7d72db4a66c08570c8df83000000000000000000000000000000000000000000000001f0a6a95d779800f10000000000000000000000000000000000000000000000000000000000031618,0x112ad10,0x064d4c765c7eabad3d781df2e287c3a82ab7acfd31d18dcdd7ec7062a935e18c,0x64ea5d97,0x35e9bf474,0x20c08,0x1c,0x887c82a57e20da75ba58577ab060f7b321ce088a70bd48ed02927be4c1666340,0x1,18001168,1693080983,2023-08-26 20:16:23,0x51c72848c68a965f66fa7a88855f9f7784502a7f,0x51c72848c68a965f66fa7a88855f9f7784502a7f,147460937500,-89599327420843344492,1953349762951651642261236106190723,35787477707849728241,202264
0x88e6a0c2ddd26feeb64f039a2c41296fcb3f5640,"['0xc42079f94a6350d7e6235f29174924f928cc2ac818eb64fed8004e115fbcca67', '0x000000000000000000000000bc2c6cd5013585ac720160efcb1feced30837177', '0x000000000000000000000000bc2c6cd5013585ac720160efcb1feced30837177']",0x0000000000000000000000000000000000000000000000000000001c8765884bfffffffffffffffffffffffffffffffffffffffffffffffbf6f8dccc64051dd1000000000000000000000000000000000000604ca9036484edcc0fdca17fb29a000000000000000000000000000000000000000000000001f0a6a95d779800f10000000000000000000000000000000000000000000000000000000000031616,0x112ad11,0x54912354e9c569e41b817fe586e73bf8eacea885dd33ebbbd998aee9f00de890,0x64ea5da3,0x568c22754,0x1f786,0xb7,0x59b7e596dde1fe004bba1912945b975230c20bdd67617ab86020baef43880fa0,0x16,18001169,1693080995,2023-08-26 20:16:35,0xbc2c6cd5013585ac720160efcb1feced30837177,0xbc2c6cd5013585ac720160efcb1feced30837177,122530662475,-74437503670583747119,1953184969369770470109364172599962,35787477707849728241,202262
0x88e6a0c2ddd26feeb64f039a2c41296fcb3f5640,"['0xc42079f94a6350d7e6235f29174924f928cc2ac818eb64fed8004e115fbcca67', '0x0000000000000000000000003fc91a3afd70395cd496c647d5a6cc9d4b2b7fad', '0x0000000000000000000000003fc91a3afd70395cd496c647d5a6cc9d4b2b7fad']",0x000000000000000000000000000000000000000000000000000000009502f900ffffffffffffffffffffffffffffffffffffffffffffffffeaecc57d53c919bd000000000000000000000000000000000000604c9e2668a21862358a2f59749f000000000000000000000000000000000000000000000001f0a6a95d779800f10000000000000000000000000000000000000000000000000000000000031616,0x112ad11,0x54912354e9c569e41b817fe586e73bf8eacea885dd33ebbbd998aee9f00de890,0x64ea5da3,0x3465520a9,0x30f44,0x1b9,0x4080d43329122fbc9900e5210e2d17d72ae173d505cace0fe6ffa0dc05741a26,0x6f,18001169,1693080995,2023-08-26 20:16:35,0x3fc91a3afd70395cd496c647d5a6cc9d4b2b7fad,0x3fc91a3afd70395cd496c647d5a6cc9d4b2b7fad,2500000000,-1518621832263427651,1953181607366493612016868911576223,35787477707849728241,202262
0x88e6a0c2ddd26feeb64f039a2c41296fcb3f5640,"['0xc42079f94a6350d7e6235f29174924f928cc2ac818eb64fed8004e115fbcca67', '0x0000000000000000000000003fc91a3afd70395cd496c647d5a6cc9d4b2b7fad', '0x0000000000000000000000003fc91a3afd70395cd496c647d5a6cc9d4b2b7fad']",0x000000000000000000000000000000000000000000000000000000009502f900ffffffffffffffffffffffffffffffffffffffffffffffffeaecca3e8f7b4d5c000000000000000000000000000000000000604c93496f32affdbb4370fa25ea000000000000000000000000000000000000000000000001f0a6a95d779800f10000000000000000000000000000000000000000000000000000000000031616,0x112ad16,0x92cf10cbd28f5bd464509d8f4bc75a808bbf2d22d3bfa83f01b7aab5b9ae55d1,0x64ea5ddf,0x3705a0789,0x307b3,0x10d,0x25863a095afd5ff55bde8a8b9a903ecb927aa1ff930cd716a9aea77dffbad0d8,0x4b,18001174,1693081055,2023-08-26 20:17:35,0x3fc91a3afd70395cd496c647d5a6cc9d4b2b7fad,0x3fc91a3afd70395cd496c647d5a6cc9d4b2b7fad,2500000000,-1518616604286694052,1953178245374790718249317934179818,35787477707849728241,202262
0x88e6a0c2ddd26feeb64f039a2c41296fcb3f5640,"['0xc42079f94a6350d7e6235f29174924f928cc2ac818eb64fed8004e115fbcca67', '0x000000000000000000000000bc2c6cd5013585ac720160efcb1feced30837177', '0x000000000000000000000000bc2c6cd5013585ac720160efcb1feced30837177']",0x0000000000000000000000000000000000000000000000000000001ae6ad1fe5fffffffffffffffffffffffffffffffffffffffffffffffc3214d87afdda770b000000000000000000000000000000000000604a9d4732524a40ba1ac503db8c000000000000000000000000000000000000000000000001f0a6a95d779800f10000000000000000000000000000000000000000000000000000000000031615,0x112ad17,0x6b0614817e0e0727e719c660fc33099dda720bed72633bc217e8e118e181dab1,0x64ea5deb,0x5212ac5a5,0x1f76e,0x3b,0xe58a5127042d733420d40a8a8760c75d8e03c0d5ca96d51aafe08dd3dcc0713a,0x6,18001175,1693081067,2023-08-26 20:17:47,0xbc2c6cd5013585ac720160efcb1feced30837177,0xbc2c6cd5013585ac720160efcb1feced30837177,115539255269,-70178229070651033845,1953022881194527373133827467893644,35787477707849728241,202261
0x88e6a0c2ddd26feeb64f039a2c41296fcb3f5640,"['0xc42079f94a6350d7e6235f29174924f928cc2ac818eb64fed8004e115fbcca67', '0x0000000000000000000000001111111254eeb25477b68fb85ed929f73a960582', '0x0000000000000000000000003a23f943181408eac424116af7b7790c94cb97a5']",0xfffffffffffffffffffffffffffffffffffffffffffffffffffffffff5836f96000000000000000000000000000000000000000000000000017c00b0564f3ff2000000000000000000000000000000000000604a9e0af8d261065a24c40cf53e000000000000000000000000000000000000000000000001f0a6a95d779800f10000000000000000000000000000000000000000000000000000000000031615,0x112ad19,0x76b395fe4a521ad64d4f35769ebec63022b59909f8ca925ca16cddfca9b2ffe6,0x64ea5e03,0x3c1fec1fa,0x42b66,0x69,0x938fbebd75e93424891ea2e84211e40b675c82a925d77a28652ed831a8fb6066,0xa,18001177,1693081091,2023-08-26 20:18:11,0x1111111254eeb25477b68fb85ed929f73a960582,0x3a23f943181408eac424116af7b7790c94cb97a5,-175935594,106961248512327666,1953023117872453585729745150866750,35787477707849728241,202261
0x88e6a0c2ddd26feeb64f039a2c41296fcb3f5640,"['0xc42079f94a6350d7e6235f29174924f928cc2ac818eb64fed8004e115fbcca67', '0x0000000000000000000000003fc91a3afd70395cd496c647d5a6cc9d4b2b7fad', '0x0000000000000000000000003fc91a3afd70395cd496c647d5a6cc9d4b2b7fad']",0xfffffffffffffffffffffffffffffffffffffffffffffffffffffffff8a59d66000000000000000000000000000000000000000000000000010a741a46278000000000000000000000000000000000000000604a9e943f56ceaaae9d875aee99000000000000000000000000000000000000000000000001f0a6a95d779800f10000000000000000000000000000000000000000000000000000000000031615,0x112ad1a,0xede1990ce74b6d48a213cd7a67cbade29e1f803c31500bebb462321dcc58526d,0x64ea5e0f,0x3a1818b18,0x51834,0x81,0xf5dcf45dfd223ff0fc49b7252bb9c29c94aded8801e7fbb7cec7574d4810e8a1,0x1b,18001178,1693081103,2023-08-26 20:18:23,0x3fc91a3afd70395cd496c647d5a6cc9d4b2b7fad,0x3fc91a3afd70395cd496c647d5a6cc9d4b2b7fad,-123363994,75000000000000000,1953023283828299397485070875553433,35787477707849728241,202261
0x88e6a0c2ddd26feeb64f039a2c41296fcb3f5640,"['0xc42079f94a6350d7e6235f29174924f928cc2ac818eb64fed8004e115fbcca67', '0x0000000000000000000000001111111254eeb25477b68fb85ed929f73a960582', '0x00000000000000000000000074de5d4fcbf63e00296fd95d33236b9794016631']",0xfffffffffffffffffffffffffffffffffffffffffffffffffffffffffa3f322900000000000000000000000000000000000000000000000000d07a188a0350c8000000000000000000000000000000000000604a9effa755176b551b8273a4ef000000000000000000000000000000000000000000000001f0a6a95d779800f10000000000000000000000000000000000000000000000000000000000031615,0x112ad1b,0x4bdbf1a8ad0f8a1e0937eac2a30fb37a34b3f34221072b28ebc31489b5b5f96b,0x64ea5e1b,0x355d90170,0x3e853,0xd2,0x5d8e2827c0d935e53477fd0b6ec91b8d4e0e0ca9fd1c43f4eb38248d964a1a5c,0x42,18001179,1693081115,2023-08-26 20:18:35,0x1111111254eeb25477b68fb85ed929f73a960582,0x74de5d4fcbf63e00296fd95d33236b9794016631,-96521687,58681040969093320,1953023413674456559353714525316335,35787477707849728241,202261
0x88e6a0c2ddd26feeb64f039a2c41296fcb3f5640,"['0xc42079f94a6350d7e6235f29174924f928cc2ac818eb64fed8004e115fbcca67', '0x0000000000000000000000003fc91a3afd70395cd496c647d5a6cc9d4b2b7fad', '0x0000000000000000000000006d53723abbbe5847022d91d8961fe3cb6df3b824']",0xffffffffffffffffffffffffffffffffffffffffffffffffffffffffe29676a90000000000000000000000000000000000000000000000000429d069189e0000000000000000000000000000000000000000604aa124c166cdfca6fe8fab8a5d000000000000000000000000000000000000000000000001f0a6a95d779800f10000000000000000000000000000000000000000000000000000000000031615,0x112ad1d,0xe1f00b844ee6440fd254c23eb12ffe04b93aa33dce2c825c9a0c65c004eab077,0x64ea5e33,0x44813ec29,0x1d83e,0x32,0x288cce45c7fb6dbf021f741159236a737593ad72a97309085e52d2d8ea1f6526,0x6,18001181,1693081139,2023-08-26 20:18:59,0x3fc91a3afd70395cd496c647d5a6cc9d4b2b7fad,0x6d53723abbbe5847022d91d8961fe3cb6df3b824,-493455703,300000000000000000,1953024077497839806375017424063069,35787477707849728241,202261
0x88e6a0c2ddd26feeb64f039a2c41296fcb3f5640,"['0xc42079f94a6350d7e6235f29174924f928cc2ac818eb64fed8004e115fbcca67', '0x0000000000000000000000003fc91a3afd70395cd496c647d5a6cc9d4b2b7fad', '0x0000000000000000000000003fc91a3afd70395cd496c647d5a6cc9d4b2b7fad']",0x0000000000000000000000000000000000000000000000000000000003b977bcffffffffffffffffffffffffffffffffffffffffffffffffff792ba5bc06c2d4000000000000000000000000000000000000604aa0df41dcb231b007afad7f8c000000000000000000000000000000000000000000000001f0a6a95d779800f10000000000000000000000000000000000000000000000000000000000031615,0x112ad1f,0x614bca90f5c08741c489c970ad65e8a1bbbe574e1fc42a1c3c9d9a5a42b33098,0x64ea5e4b,0x33d6ca9b9,0x2975c,0xd9,0xede5eb6b5730e9d1da0b810ddc0c12b945553696d65cc8b8c431f246267871a9,0x30,18001183,1693081163,2023-08-26 20:19:23,0x3fc91a3afd70395cd496c647d5a6cc9d4b2b7fad,0x3fc91a3afd70395cd496c647d5a6cc9d4b2b7fad,62486460,-37951131031780652,1953023993479670056274463009111948,35787477707849728241,202261
0x88e6a0c2ddd26feeb64f039a2c41296fcb3f5640,"['0xc42079f94a6350d7e6235f29174924f928cc2ac818eb64fed8004e115fbcca67', '0x0000000000000000000000003fc91a3afd70395cd496c647d5a6cc9d4b2b7fad', '0x0000000000000000000000003fc91a3afd70395cd496c647d5a6cc9d4b2b7fad']",0x000000000000000000000000000000000000000000000000000000003ca14059fffffffffffffffffffffffffffffffffffffffffffffffff76d25bd8a63761a000000000000000000000000000000000000604a9c73ea42481511b891a7421a000000000000000000000000000000000000000000000001f0a6a95d779800f10000000000000000000000000000000000000000000000000000000000031615,0x112ad23,0x2bc89ccd87f63ce296344209351801f1f3bcc02f3af753ed8df5f817f9309c1e,0x64ea5e7b,0x3f5476a00,0x3e439,0xb6,0xb20e47dc8d4e743b6b256b103797d6c266fafedaceded222d1421b052bd2f022,0x34,18001187,1693081211,2023-08-26 20:20:11,0x3fc91a3afd70395cd496c647d5a6cc9d4b2b7fad,0x3fc91a3afd70395cd496c647d5a6cc9d4b2b7fad,1017200729,-617796077879069158,1953022625770873743371526000296474,35787477707849728241,202261
0x88e6a0c2ddd26feeb64f039a2c41296fcb3f5640,"['0xc42079f94a6350d7e6235f29174924f928cc2ac818eb64fed8004e115fbcca67', '0x000000000000000000000000bc2c6cd5013585ac720160efcb1feced30837177', '0x000000000000000000000000bc2c6cd5013585ac720160efcb1feced30837177']",0x00000000000000000000000000000000000000000000000000000019b3416a17fffffffffffffffffffffffffffffffffffffffffffffffc5db3b567f15dd79f0000000000000000000000000000000000006048bed1306cd5324a6f6f114c47000000000000000000000000000000000000000000000001fbff1d6273bc46200000000000000000000000000000000000000000000000000000000000031613,0x112ad24,0x76c98a1bdba11dbacf337a535e4011d3f71148243e0468de31cd79b9d761e241,0x64ea5e87,0x3ba9a1bd2,0x26bcd,0x5e,0xbed96f5d7c58a33a0bfbcca4d9b1a81458edcbea2f59a65ba77c656bfbf08dec,0xf,18001188,1693081223,2023-08-26 20:20:23,0xbc2c6cd5013585ac720160efcb1feced30837177,0xbc2c6cd5013585ac720160efcb1feced30837177,110381591063,-67035036570443982945,1952874804697630949987051491118151,36605008604976399904,202259
0x88e6a0c2ddd26feeb64f039a2c41296fcb3f5640,"['0xc42079f94a6350d7e6235f29174924f928cc2ac818eb64fed8004e115fbcca67', '0x0000000000000000000000003fc91a3afd70395cd496c647d5a6cc9d4b2b7fad', '0x0000000000000000000000003fc91a3afd70395cd496c647d5a6cc9d4b2b7fad']",0x000000000000000000000000000000000000000000000000000000001a862940fffffffffffffffffffffffffffffffffffffffffffffffffc3ff3f37c5b5af50000000000000000000000000000000000006048bced61f37dae0513e9395c3a000000000000000000000000000000000000000000000001fbff1d6273bc46200000000000000000000000000000000000000000000000000000000000031613,0x112ad28,0x95be0d78edd08656797428e920679e12766b05990e65288f843571a480879461,0x64ea5eb7,0x40720e813,0x2380c,0x10d,0xd25a7b982ef966acb950836e4125f999c50da40cdfd01f321f83212a81d892c3,0x77,18001192,1693081271,2023-08-26 20:21:11,0x3fc91a3afd70395cd496c647d5a6cc9d4b2b7fad,0x3fc91a3afd70395cd496c647d5a6cc9d4b2b7fad,445000000,-270229225529976075,1952874219811414218375456722869306,36605008604976399904,202259
0x88e6a0c2ddd26feeb64f039a2c41296fcb3f5640,"['0xc42079f94a6350d7e6235f29174924f928cc2ac818eb64fed8004e115fbcca67', '0x00000000000000000000000068b3465833fb72a70ecdf485e0e4c7bd8665fc45', '0x000000000000000000000000ce16f69375520ab01377ce7b88f5ba8c48f8d666']",0xffffffffffffffffffffffffffffffffffffffffffffffffffffffffe295501d0000000000000000000000000000000000000000000000000429d069189e00000000000000000000000000000000000000006048bf06388c8ba7b7431b97dd59000000000000000000000000000000000000000000000001fbff1d6273bc46200000000000000000000000000000000000000000000000000000000000031613,0x112ad32,0xc6e0d206575c79f35e722e88e22b1b173c699ed6066f5f913c9796f709ecb092,0x64ea5f2f,0x3f91b44a4,0x3ea22,0x198,0x430e55d85d9c7758148e5c3b25bb07feb9da3c89535ad22e9967adfb030cac4a,0x68,18001202,1693081391,2023-08-26 20:23:11,0x68b3465833fb72a70ecdf485e0e4c7bd8665fc45,0xce16f69375520ab01377ce7b88f5ba8c48f8d666,-493531107,300000000000000000,1952874868809063318025983474785625,36605008604976399904,202259
0x88e6a0c2ddd26feeb64f039a2c41296fcb3f5640,"['0xc42079f94a6350d7e6235f29174924f928cc2ac818eb64fed8004e115fbcca67', '0x0000000000000000000000003fc91a3afd70395cd496c647d5a6cc9d4b2b7fad', '0x0000000000000000000000003fc91a3afd70395cd496c647d5a6cc9d4b2b7fad']",0x000000000000000000000000000000000000000000000000000000029e8d6080ffffffffffffffffffffffffffffffffffffffffffffffffa1315276220a1df000000000000000000000000000000000000060488f3f3eae5860cae891e48497000000000000000000000000000000000000000000000001fbff1d6273bc46200000000000000000000000000000000000000000000000000000000000031613,0x112ad36,0x18e620d113e237094a323ee851d7561ebb5cfad11c9047e0c6e264b07d746409,0x64ea5f5f,0x430e23400,0x4841d,0x5c,0x30217ac6429b1b1e665bde95e02f99596e6bf383d6867ef3e05ad1acc865082c,0x23,18001206,1693081439,2023-08-26 20:23:59,0x3fc91a3afd70395cd496c647d5a6cc9d4b2b7fad,0x3fc91a3afd70395cd496c647d5a6cc9d4b2b7fad,11250000000,-6831588492413624848,1952860082466321304791853734069399,36605008604976399904,202259
0x88e6a0c2ddd26feeb64f039a2c41296fcb3f5640,"['0xc42079f94a6350d7e6235f29174924f928cc2ac818eb64fed8004e115fbcca67', '0x0000000000000000000000003fc91a3afd70395cd496c647d5a6cc9d4b2b7fad', '0x000000000000000000000000d16eea441d747bb9231e94621aa5bba243a85966']",0xffffffffffffffffffffffffffffffffffffffffffffffffffffffff7d422d0b0000000000000000000000000000000000000000000000001280e7312e78dd18000000000000000000000000000000000000604898912b165b91aa5383207df5000000000000000000000000000000000000000000000001fbff1d6273bc46200000000000000000000000000000000000000000000000000000000000031613,0x112ad37,0x82d4bcda6f41ee037991c4ecd96fd56b9fef24d14e44ec710e6129368473982b,0x64ea5f6b,0x43821edbd,0x43fed,0xa0,0xfdb385ae6b9cd89d014f9f44c15cd70675b865ad3dc0b59cde325d1ef52cb037,0x2a,18001207,1693081451,2023-08-26 20:24:11,0x3fc91a3afd70395cd496c647d5a6cc9d4b2b7fad,0xd16eea441d747bb9231e94621aa5bba243a85966,-2193478389,1333319688120753432,1952862966870798266952568874761717,36605008604976399904,202259
0x88e6a0c2ddd26feeb64f039a2c41296fcb3f5640,"['0xc42079f94a6350d7e6235f29174924f928cc2ac818eb64fed8004e115fbcca67', '0x0000000000000000000000003fc91a3afd70395cd496c647d5a6cc9d4b2b7fad', '0x00000000000000000000000066ce151f5ea5114c5dd7aa9a70c3c7bc7c1a5502']",0xffffffffffffffffffffffffffffffffffffffffffffffffffffffff856dcf020000000000000000000000000000000000000000000000001158e460913d00000000000000000000000000000000000000006048a14dfe9415ccbb6d7faa42a2000000000000000000000000000000000000000000000001fbff1d6273bc46200000000000000000000000000000000000000000000000000000000000031613,0x112ad37,0x82d4bcda6f41ee037991c4ecd96fd56b9fef24d14e44ec710e6129368473982b,0x64ea5f6b,0x43821edbd,0x21af6,0xe9,0x4f36763673f5d0240493dd5f77d0e80a777cb08a97829adce1277809236e5a61,0x3b,18001207,1693081451,2023-08-26 20:24:11,0x3fc91a3afd70395cd496c647d5a6cc9d4b2b7fad,0x66ce151f5ea5114c5dd7aa9a70c3c7bc7c1a5502,-2056401150,1250000000000000000,1952865671027669515496430341079714,36605008604976399904,202259
0x88e6a0c2ddd26feeb64f039a2c41296fcb3f5640,"['0xc42079f94a6350d7e6235f29174924f928cc2ac818eb64fed8004e115fbcca67', '0x0000000000000000000000003fc91a3afd70395cd496c647d5a6cc9d4b2b7fad', '0x0000000000000000000000003fc91a3afd70395cd496c647d5a6cc9d4b2b7fad']",0x00000000000000000000000000000000000000000000000000000009c7fb6d32fffffffffffffffffffffffffffffffffffffffffffffffe9dfaf361540905af0000000000000000000000000000000000006047eee65a04fc533ad012971dba000000000000000000000000000000000000000000000001fbff1d6273bc46200000000000000000000000000000000000000000000000000000000000031613,0x112ad38,0xcea7d92f4db03ee381d6f42261782a5859e0990ab9491558b188cd528de7ada0,0x64ea5f77,0x482e9f06e,0x2269e,0xa2,0x4eb024f4ee7f4f8c5953bdc06d94d0817410c4a1d246dca975fe60b1184298c4,0x24,18001208,1693081463,2023-08-26 20:24:23,0x3fc91a3afd70395cd496c647d5a6cc9d4b2b7fad,0x3fc91a3afd70395cd496c647d5a6cc9d4b2b7fad,42009849138,-25509809539939498577,1952810457399454072534493296008634,36605008604976399904,202259
0x88e6a0c2ddd26feeb64f039a2c41296fcb3f5640,"['0xc42079f94a6350d7e6235f29174924f928cc2ac818eb64fed8004e115fbcca67', '0x0000000000000000000000003fc91a3afd70395cd496c647d5a6cc9d4b2b7fad', '0x0000000000000000000000003fc91a3afd70395cd496c647d5a6cc9d4b2b7fad']",0x000000000000000000000000000000000000000000000000000000004469d2c5fffffffffffffffffffffffffffffffffffffffffffffffff653eba6a0abfd360000000000000000000000000000000000006047ea068e182a0b41b736fe9568000000000000000000000000000000000000000000000001fbff1d6273bc46200000000000000000000000000000000000000000000000000000000000031613,0x112ad3b,0xd0b477622e81d9e97764deb3fb6621e327795a2a06682053f4a14ac8f244d372,0x64ea5f9b,0x3b8815773,0x34478,0x156,0xef09b8925d5bae753d3b68981fedd3135b51ac83ff505e4d864be63e49c9594a,0x73,18001211,1693081499,2023-08-26 20:24:59,0x3fc91a3afd70395cd496c647d5a6cc9d4b2b7fad,0x3fc91a3afd70395cd496c647d5a6cc9d4b2b7fad,1147785925,-696954416419570378,1952808948905948033114622534784360,36605008604976399904,202259
0x88e6a0c2ddd26feeb64f039a2c41296fcb3f5640,"['0xc42079f94a6350d7e6235f29174924f928cc2ac818eb64fed8004e115fbcca67', '0x0000000000000000000000003fc91a3afd70395cd496c647d5a6cc9d4b2b7fad', '0x0000000000000000000000003fc91a3afd70395cd496c647d5a6cc9d4b2b7fad']",0xfffffffffffffffffffffffffffffffffffffffffffffffffffffff8c40288e000000000000000000000000000000000000000000000000106195aca1146123500000000000000000000000000000000000060486e0ab80472366bbdce158595000000000000000000000000000000000000000000000001fbff1d6273bc46200000000000000000000000000000000000000000000000000000000000031613,0x112ad3c,0x5ed30376ec9ec56c3238b882d453352f26b4c18d95aebaf02f12a9a4ce372be6,0x64ea5fa7,0x51eb8a9c0,0x640ee,0x2f,0x20c651eb2f9e57006208c63f44d088294c0b3f11ae3a60138ce1cc797bea623f,0x4,18001212,1693081511,2023-08-26 20:25:11,0x3fc91a3afd70395cd496c647d5a6cc9d4b2b7fad,0x3fc91a3afd70395cd496c647d5a6cc9d4b2b7fad,-31071237920,18886226336274584117,1952849805960923386817664335054229,36605008604976399904,202259
0x88e6a0c2ddd26feeb64f039a2c41296fcb3f5640,"['0xc42079f94a6350d7e6235f29174924f928cc2ac818eb64fed8004e115fbcca67', '0x000000000000000000000000def1c0ded9bec7f1a1670819833240f027b25eff', '0x000000000000000000000000def1c0ded9bec7f1a1670819833240f027b25eff']",0x0000000000000000000000000000000000000000000000000000000005f5e100ffffffffffffffffffffffffffffffffffffffffffffffffff2843ba2d0dbc7300000000000000000000000000000000000060486d9e0041e511ff07834a65ac000000000000000000000000000000000000000000000001fbff1d6273bc46200000000000000000000000000000000000000000000000000000000000031613,0x112ad3c,0x5ed30376ec9ec56c3238b882d453352f26b4c18d95aebaf02f12a9a4ce372be6,0x64ea5fa7,0x45410c7c0,0x328d2,0xc1,0xf115a5c83759a75493bc5d5c79ca0f94761defbc11d5a547daca6107650374ea,0x1d,18001212,1693081511,2023-08-26 20:25:11,0xdef1c0ded9bec7f1a1670819833240f027b25eff,0xdef1c0ded9bec7f1a1670819833240f027b25eff,100000000,-60724128070648717,1952849674529152963348880035571116,36605008604976399904,202259
0x88e6a0c2ddd26feeb64f039a2c41296fcb3f5640,"['0xc42079f94a6350d7e6235f29174924f928cc2ac818eb64fed8004e115fbcca67', '0x000000000000000000000000def1c0ded9bec7f1a1670819833240f027b25eff', '0x000000000000000000000000def1c0ded9bec7f1a1670819833240f027b25eff']",0x0000000000000000000000000000000000000000000000000000000077359400ffffffffffffffffffffffffffffffffffffffffffffffffef254c1b2be77b340000000000000000000000000000000000006048651fa5d844ca2777d0ef3110000000000000000000000000000000000000000000000001fbff1d6273bc46200000000000000000000000000000000000000000000000000000000000031613,0x112ad41,0x47d1ab6f1d5f9459714f5ff6a3d40bd495d13209ffc243f114cd145877488a17,0x64ea5fe3,0x435434e16,0x39a3c,0x39,0xfbb762344498e18aaed9824b26f68c52e3d77e7e1388339e3872ea04318bcb2d,0x16,18001217,1693081571,2023-08-26 20:26:11,0xdef1c0ded9bec7f1a1670819833240f027b25eff,0xdef1c0ded9bec7f1a1670819833240f027b25eff,2000000000,-1214480844922062028,1952847045897459680122265064648976,36605008604976399904,202259
0x88e6a0c2ddd26feeb64f039a2c41296fcb3f5640,"['0xc42079f94a6350d7e6235f29174924f928cc2ac818eb64fed8004e115fbcca67', '0x0000000000000000000000003fc91a3afd70395cd496c647d5a6cc9d4b2b7fad', '0x0000000000000000000000003785ca1128d2efddfec1a87ddb5686b59c7138f8']",0x00000000000000000000000000000000000000000000000000000000d6a09525ffffffffffffffffffffffffffffffffffffffffffffffffe1a7bc0fca43be1a000000000000000000000000000000000000604855d4e79f04d914befae0c3a6000000000000000000000000000000000000000000000001fbff1d6273bc46200000000000000000000000000000000000000000000000000000000000031613,0x112ad41,0x47d1ab6f1d5f9459714f5ff6a3d40bd495d13209ffc243f114cd145877488a17,0x64ea5fe3,0x3c4039b16,0x32d0b,0x7c,0xf9c9090193ae899d402800c07ccb78f3f4b9da340cf7c35fb4cddf44c4db58df,0x50,18001217,1693081571,2023-08-26 20:26:11,0x3fc91a3afd70395cd496c647d5a6cc9d4b2b7fad,0x3785ca1128d2efddfec1a87ddb5686b59c7138f8,3600848165,-2186572318061117926,1952842313263496004821762378351526,36605008604976399904,202259
0x88e6a0c2ddd26feeb64f039a2c41296fcb3f5640,"['0xc42079f94a6350d7e6235f29174924f928cc2ac818eb64fed8004e115fbcca67', '0x0000000000000000000000003fc91a3afd70395cd496c647d5a6cc9d4b2b7fad', '0x0000000000000000000000003fc91a3afd70395cd496c647d5a6cc9d4b2b7fad']",0x000000000000000000000000000000000000000000000000000000003baa0c40fffffffffffffffffffffffffffffffffffffffffffffffff79081913633ebe100000000000000000000000000000000000060485194a602bb8c3442aa947b5c000000000000000000000000000000000000000000000001fbff1d6273bc46200000000000000000000000000000000000000000000000000000000000031613,0x112ad42,0x9e79085937be117e1ca4a139411c462a3a06724a6e2f9ef5befc1e41392cab02,0x64ea5fef,0x38fb26683,0x35eb0,0x190,0x6d76c3f1f70e187d6e0c98a83d46741da6af39774043eacb58cbbf27d611376a,0x7d,18001218,1693081583,2023-08-26 20:26:23,0x3fc91a3afd70395cd496c647d5a6cc9d4b2b7fad,0x3fc91a3afd70395cd496c647d5a6cc9d4b2b7fad,1001000000,-607843489015403551,1952840997642367468799907142597468,36605008604976399904,202259
0x88e6a0c2ddd26feeb64f039a2c41296fcb3f5640,"['0xc42079f94a6350d7e6235f29174924f928cc2ac818eb64fed8004e115fbcca67', '0x0000000000000000000000003fc91a3afd70395cd496c647d5a6cc9d4b2b7fad', '0x00000000000000000000000027a5d11f8e3eca3140af87af610be77736c2b581']",0xffffffffffffffffffffffffffffffffffffffffffffffffffffffffaeedf8f20000000000000000000000000000000000000000000000000b79354ab3de9ddc0000000000000000000000000000000000006048575c161bdf809027fa9406ab000000000000000000000000000000000000000000000001fbff1d6273bc46200000000000000000000000000000000000000000000000000000000000031613,0x112ad48,0x9d998f16f4160ed4609c169835f6de7af7591de79e18d0aae6c37961b787b98b,0x64ea6037,0x3b03952cb,0x36a65,0xb9,0x79cbbb7f8fc32831b685163d4872292186493a323c58f05ee2a98420049b60ed,0x36,18001224,1693081655,2023-08-26 20:27:35,0x3fc91a3afd70395cd496c647d5a6cc9d4b2b7fad,0x27a5d11f8e3eca3140af87af610be77736c2b581,-1360135950,826750601560759772,1952842786173023484316425628419755,36605008604976399904,202259
0x88e6a0c2ddd26feeb64f039a2c41296fcb3f5640,"['0xc42079f94a6350d7e6235f29174924f928cc2ac818eb64fed8004e115fbcca67', '0x0000000000000000000000003fc91a3afd70395cd496c647d5a6cc9d4b2b7fad', '0x00000000000000000000000027a5d11f8e3eca3140af87af610be77736c2b581']",0xffffffffffffffffffffffffffffffffffffffffffffffffffffffffada5792d0000000000000000000000000000000000000000000000000ba7b4555b3ee72600000000000000000000000000000000000060485d3af1a1c2d49b74d0826abe000000000000000000000000000000000000000000000001fbff1d6273bc46200000000000000000000000000000000000000000000000000000000000031613,0x112ad4e,0x7e71e8d0157cfda61f1767bc7a53701411f09911a43e9ce3ef8c3dce6d6fc63d,0x64ea607f,0x3a92e73b1,0x347ed,0x50,0xa83b4348ff50a5d1e4926fc050c23ce222e3b2c028fb91894a7ef8cd5b808042,0xb,18001230,1693081727,2023-08-26 20:28:47,0x3fc91a3afd70395cd496c647d5a6cc9d4b2b7fad,0x27a5d11f8e3eca3140af87af610be77736c2b581,-1381664467,839838134223955750,1952844603016272602929870997187262,36605008604976399904,202259
0x88e6a0c2ddd26feeb64f039a2c41296fcb3f5640,"['0xc42079f94a6350d7e6235f29174924f928cc2ac818eb64fed8004e115fbcca67', '0x000000000000000000000000def1c0ded9bec7f1a1670819833240f027b25eff', '0x000000000000000000000000def1c0ded9bec7f1a1670819833240f027b25eff']",0xffffffffffffffffffffffffffffffffffffffffffffffffffffffffdea8f67c00000000000000000000000000000000000000000000000004b7ec32d7a2000000000000000000000000000000000000000060485f9b5c4f3911babb5eed859d000000000000000000000000000000000000000000000001fbff1d6273bc46200000000000000000000000000000000000000000000000000000000000031613,0x112ad53,0x98cdae6948066aa266a1260ffc436a414f7d578f3fbdf76d07a724bfae5af94a,0x64ea60bb,0x302acf12b,0x4a09f,0xeb,0x8e0ac25725ad17ce93f2601ff0a16e2d2221a6c7f343a6da713924ab9e75e90e,0x3d,18001235,1693081787,2023-08-26 20:29:47,0xdef1c0ded9bec7f1a1670819833240f027b25eff,0xdef1c0ded9bec7f1a1670819833240f027b25eff,-559352196,340000000000000000,1952845338546941582533801316025757,36605008604976399904,202259
0x88e6a0c2ddd26feeb64f039a2c41296fcb3f5640,"['0xc42079f94a6350d7e6235f29174924f928cc2ac818eb64fed8004e115fbcca67', '0x0000000000000000000000001111111254eeb25477b68fb85ed929f73a960582', '0x0000000000000000000000001111111254eeb25477b68fb85ed929f73a960582']",0x00000000000000000000000000000000000000000000000000000000330030f5fffffffffffffffffffffffffffffffffffffffffffffffff8ca1162431996c000000000000000000000000000000000000060485bf91ee9d47cefb184da68bf000000000000000000000000000000000000000000000001fbff1d6273bc46200000000000000000000000000000000000000000000000000000000000031613,0x112ad53,0x98cdae6948066aa266a1260ffc436a414f7d578f3fbdf76d07a724bfae5af94a,0x64ea60bb,0x2fa3631ab,0x71084,0x154,0x643bd2090c361ac88b72db24df304c71be93e11d2b67621ef3b815b1b79e3f1f,0x67,18001235,1693081787,2023-08-26 20:29:47,0x1111111254eeb25477b68fb85ed929f73a960582,0x1111111254eeb25477b68fb85ed929f73a960582,855650549,-519583693277653312,1952844213955994616681232296732863,36605008604976399904,202259
0x88e6a0c2ddd26feeb64f039a2c41296fcb3f5640,"['0xc42079f94a6350d7e6235f29174924f928cc2ac818eb64fed8004e115fbcca67', '0x0000000000000000000000003fc91a3afd70395cd496c647d5a6cc9d4b2b7fad', '0x0000000000000000000000005d509188204730248ffc8c1fce33e41118d762c9']",0xfffffffffffffffffffffffffffffffffffffffffffffffffffffffdabf41c00000000000000000000000000000000000000000000000000545b282f1ede43ff000000000000000000000000000000000000604886765a2f3bad27cdede16ab1000000000000000000000000000000000000000000000001fbff1d6273bc46200000000000000000000000000000000000000000000000000000000000031613,0x112ad55,0xe048d9157a38af8618ef68ca6c4a107576d3bfdde2e7ec2678ac04eb918c32f8,0x64ea60d3,0x2f5835fc2,0x27301,0x211,0xfb48e78dcb4e33068e3bff68f589abf4ec6a0092dce7380312f2c6d3466c7a5a,0x167,18001237,1693081811,2023-08-26 20:30:11,0x3fc91a3afd70395cd496c647d5a6cc9d4b2b7fad,0x5d509188204730248ffc8c1fce33e41118d762c9,-10000000000,6078496304913073151,1952857363722034448337840063474353,36605008604976399904,202259
0x88e6a0c2ddd26feeb64f039a2c41296fcb3f5640,"['0xc42079f94a6350d7e6235f29174924f928cc2ac818eb64fed8004e115fbcca67', '0x0000000000000000000000003fc91a3afd70395cd496c647d5a6cc9d4b2b7fad', '0x000000000000000000000000cbad2fd05bec13e4108c608f0f9581dbbf4d1921']",0xfffffffffffffffffffffffffffffffffffffffffffffffffffffffc20c813390000000000000000000000000000000000000000000000008c4924e7849ce2b80000000000000000000000000000000000006048cd1f638b1cdf08d6e8e75535000000000000000000000000000000000000000000000001fbff1d6273bc46200000000000000000000000000000000000000000000000000000000000031613,0x112ad56,0xc180ffe7d0dd6bc063186461759ee54b5593d1dc07a805a2641f674e0e300615,0x64ea60df,0x3500d71ee,0x2f03a,0x135,0x73c0686e56cfaacc49f970cd953e39624c70d17ef05d5027ed5864d3a73292bc,0x47,18001238,1693081823,2023-08-26 20:30:23,0x3fc91a3afd70395cd496c647d5a6cc9d4b2b7fad,0xcbad2fd05bec13e4108c608f0f9581dbbf4d1921,-16629886151,10108651415390708408,1952879232025381636419876779676981,36605008604976399904,202259
0x88e6a0c2ddd26feeb64f039a2c41296fcb3f5640,"['0xc42079f94a6350d7e6235f29174924f928cc2ac818eb64fed8004e115fbcca67', '0x0000000000000000000000003fc91a3afd70395cd496c647d5a6cc9d4b2b7fad', '0x0000000000000000000000003fc91a3afd70395cd496c647d5a6cc9d4b2b7fad']",0x00000000000000000000000000000000000000000000000000000000b5e154f7ffffffffffffffffffffffffffffffffffffffffffffffffe648c50cc680ce950000000000000000000000000000000000006048c029d5387a2e955223be5928000000000000000000000000000000000000000000000001fbff1d6273bc46200000000000000000000000000000000000000000000000000000000000031613,0x112ad59,0x3b271f5c3ff1f676e82228eb7ee00802bf0988e896522e6713549f790719be4b,0x64ea6103,0x39b8272c3,0x56ac7,0x195,0x824c3fb03d7771fa43aec59649d6906744de8ba19f997c75b92eb015fc90b504,0x6a,18001241,1693081859,2023-08-26 20:30:59,0x3fc91a3afd70395cd496c647d5a6cc9d4b2b7fad,0x3fc91a3afd70395cd496c647d5a6cc9d4b2b7fad,3051443447,-1853014588002349419,1952875221346337578116526349637928,36605008604976399904,202259
0x88e6a0c2ddd26feeb64f039a2c41296fcb3f5640,"['0xc42079f94a6350d7e6235f29174924f928cc2ac818eb64fed8004e115fbcca67', '0x000000000000000000000000e592427a0aece92de3edee1f18e0157c05861564', '0x000000000000000000000000e592427a0aece92de3edee1f18e0157c05861564']",0xffffffffffffffffffffffffffffffffffffffffffffffffffffffffb3b3f0390000000000000000000000000000000000000000000000000acc5dd3d3bb40000000000000000000000000000000000000006048c59a36619c201c37e6cf9f03000000000000000000000000000000000000000000000001fbff1d6273bc46200000000000000000000000000000000000000000000000000000000000031613,0x112ad5e,0x7c5f62ce06c54b801dc5a8c29f3cc6581fe0c224ed1e66daf021a6bad6f690c5,0x64ea613f,0x3c2b8f5fb,0x2fcb8,0x89,0xeab02808cf71d969ff9565cdba8cfff91fcb24a57a50ce3f8ec4baba01de8caf,0x13,18001246,1693081919,2023-08-26 20:31:59,0xe592427a0aece92de3edee1f18e0157c05861564,0xe592427a0aece92de3edee1f18e0157c05861564,-1280053191,778100000000000000,1952876904629906792910109235191555,36605008604976399904,202259
0x88e6a0c2ddd26feeb64f039a2c41296fcb3f5640,"['0xc42079f94a6350d7e6235f29174924f928cc2ac818eb64fed8004e115fbcca67', '0x000000000000000000000000e592427a0aece92de3edee1f18e0157c05861564', '0x000000000000000000000000e592427a0aece92de3edee1f18e0157c05861564']",0x000000000000000000000000000000000000000000000000000000004c4c0fc7fffffffffffffffffffffffffffffffffffffffffffffffff53665ac863f761d0000000000000000000000000000000000006048c02a877207a2b58a62faa76c000000000000000000000000000000000000000000000001fbff1d6273bc46200000000000000000000000000000000000000000000000000000000000031613,0x112ad5e,0x7c5f62ce06c54b801dc5a8c29f3cc6581fe0c224ed1e66daf021a6bad6f690c5,0x64ea613f,0x3c2b8f5fb,0x2fcb8,0x8c,0xeab02808cf71d969ff9565cdba8cfff91fcb24a57a50ce3f8ec4baba01de8caf,0x13,18001246,1693081919,2023-08-26 20:31:59,0xe592427a0aece92de3edee1f18e0157c05861564,0xe592427a0aece92de3edee1f18e0157c05861564,1280053191,-777322094013745635,1952875222187980469286807239567212,36605008604976399904,202259
0x88e6a0c2ddd26feeb64f039a2c41296fcb3f5640,"['0xc42079f94a6350d7e6235f29174924f928cc2ac818eb64fed8004e115fbcca67', '0x0000000000000000000000003fc91a3afd70395cd496c647d5a6cc9d4b2b7fad', '0x0000000000000000000000003fc91a3afd70395cd496c647d5a6cc9d4b2b7fad']",0x0000000000000000000000000000000000000000000000000000000029a3f63ffffffffffffffffffffffffffffffffffffffffffffffffffa1ccf2dbcc813110000000000000000000000000000000000006048bd32fea72324ae11285cd106000000000000000000000000000000000000000000000001fbff1d6273bc46200000000000000000000000000000000000000000000000000000000000031613,0x112ad5e,0x7c5f62ce06c54b801dc5a8c29f3cc6581fe0c224ed1e66daf021a6bad6f690c5,0x64ea613f,0x34b27d47b,0x26767,0xff,0x519850116444f181eb7c690ea77098121d09f5bca1050f1ff75d2c027834c24c,0x57,18001246,1693081919,2023-08-26 20:31:59,0x3fc91a3afd70395cd496c647d5a6cc9d4b2b7fad,0x3fc91a3afd70395cd496c647d5a6cc9d4b2b7fad,698611263,-424236469531962607,1952874303967298833204597590118662,36605008604976399904,202259
0x88e6a0c2ddd26feeb64f039a2c41296fcb3f5640,"['0xc42079f94a6350d7e6235f29174924f928cc2ac818eb64fed8004e115fbcca67', '0x0000000000000000000000003fc91a3afd70395cd496c647d5a6cc9d4b2b7fad', '0x000000000000000000000000a3bc1b1261f25fb19f13c68cb418f06568a7f3de']",0xfffffffffffffffffffffffffffffffffffffffffffffffffffffff5fe862f0f0000000000000000000000000000000000000000000000016a86650b4a3372f80000000000000000000000000000000000006048ca85aa9a19361b44db34360000000000000000000000000000000000000000000000001b326db4f22174d68d0000000000000000000000000000000000000000000000000000000000031613,0x112ad60,0x5d003edcd78c5e7d4cbad2926ab4fcbb3b0a4a9e88e223fcbbd80a3d7d45db2a,0x64ea6157,0x3297bca0a,0x21c78,0x15,0x483207a8d98b1175215ef5a036d440e99fdd106a874c35cc51cd42b64b6e5e01,0x3,18001248,1693081943,2023-08-26 20:32:23,0x3fc91a3afd70395cd496c647d5a6cc9d4b2b7fad,0xa3bc1b1261f25fb19f13c68cb418f06568a7f3de,-42974433521,26122677787773072120,1952878427216350230799907126785536,501695849416552142477,202259
0x88e6a0c2ddd26feeb64f039a2c41296fcb3f5640,"['0xc42079f94a6350d7e6235f29174924f928cc2ac818eb64fed8004e115fbcca67', '0x00000000000000000000000068b3465833fb72a70ecdf485e0e4c7bd8665fc45', '0x0000000000000000000000002f62f2b4c5fcd7570a709dec05d68ea19c82a9ec']",0x00000000000000000000000000000000000000000000000000000000031e0a23ffffffffffffffffffffffffffffffffffffffffffffffffff8f2a968aa75f030000000000000000000000000000000000006048ca4cce1325cc324ea43082c3000000000000000000000000000000000000000000000001fbff1d6273bc46200000000000000000000000000000000000000000000000000000000000031613,0x112ad6b,0x2ea8b8bb55f506731933da80a7de8ffae879a30913af15300d9230146bfd83b3,0x64ea61db,0x366b7578a,0x31b5f,0xc1,0xa3b3101a6cc12116ad470b442d1ac527650e2a1d988fcc750d73d27ab9ffa1a1,0x2b,18001259,1693082075,2023-08-26 20:34:35,0x68b3465833fb72a70ecdf485e0e4c7bd8665fc45,0x2f62f2b4c5fcd7570a709dec05d68ea19c82a9ec,52300323,-31759846308618493,1952878358475094302637106362614467,36605008604976399904,202259
0x88e6a0c2ddd26feeb64f039a2c41296fcb3f5640,"['0xc42079f94a6350d7e6235f29174924f928cc2ac818eb64fed8004e115fbcca67', '0x0000000000000000000000003fc91a3afd70395cd496c647d5a6cc9d4b2b7fad', '0x000000000000000000000000ebc2d4b0f888660ea8ff12b7e2343324d9e8c0a1']",0xfffffffffffffffffffffffffffffffffffffffffffffffffffffffff73bd605000000000000000000000000000000000000000000000000013d9dd9678441090000000000000000000000000000000000006048caecc8e87ea0823a2cf88d84000000000000000000000000000000000000000000000001fbff1d6273bc46200000000000000000000000000000000000000000000000000000000000031613,0x112ad6b,0x2ea8b8bb55f506731933da80a7de8ffae879a30913af15300d9230146bfd83b3,0x64ea61db,0x30f33a56d,0x3b5cb,0x181,0x53d9a98fb44996a4abf43b2af900454aad46b063756164bb56b6bf887940366e,0x8c,18001259,1693082075,2023-08-26 20:34:35,0x3fc91a3afd70395cd496c647d5a6cc9d4b2b7fad,0xebc2d4b0f888660ea8ff12b7e2343324d9e8c0a1,-147073531,89401124687462665,1952878551878826799397100009852292,36605008604976399904,202259
0x88e6a0c2ddd26feeb64f039a2c41296fcb3f5640,"['0xc42079f94a6350d7e6235f29174924f928cc2ac818eb64fed8004e115fbcca67', '0x0000000000000000000000003fc91a3afd70395cd496c647d5a6cc9d4b2b7fad', '0x0000000000000000000000003fc91a3afd70395cd496c647d5a6cc9d4b2b7fad']",0x000000000000000000000000000000000000000000000000000000003b9aca00fffffffffffffffffffffffffffffffffffffffffffffffff792955905761fa90000000000000000000000000000000000006048c6ad93488c3f6bdf34b0d7b4000000000000000000000000000000000000000000000001fbff1d6273bc46200000000000000000000000000000000000000000000000000000000000031613,0x112ad6e,0x4ed191e08c805b0d4dce0df71328088a767054fe1573bb0b12e315915edd3b6e,0x64ea61ff,0x2dfa7f867,0x2bcdb,0x157,0x3e31d800928e65c5d65395ad968fdaedf77d70005ff272b2f339d26bc4bdf1a2,0x77,18001262,1693082111,2023-08-26 20:35:11,0x3fc91a3afd70395cd496c647d5a6cc9d4b2b7fad,0x3fc91a3afd70395cd496c647d5a6cc9d4b2b7fad,1000000000,-607258790165340247,1952877237523224957129966201395124,36605008604976399904,202259
0x88e6a0c2ddd26feeb64f039a2c41296fcb3f5640,"['0xc42079f94a6350d7e6235f29174924f928cc2ac818eb64fed8004e115fbcca67', '0x0000000000000000000000003fc91a3afd70395cd496c647d5a6cc9d4b2b7fad', '0x0000000000000000000000003fc91a3afd70395cd496c647d5a6cc9d4b2b7fad']",0x0000000000000000000000000000000000000000000000000000000035a4e900fffffffffffffffffffffffffffffffffffffffffffffffff86a53d93ddbf80d0000000000000000000000000000000000006048c2db168a992000f545640ee4000000000000000000000000000000000000000000000001fbff1d6273bc46200000000000000000000000000000000000000000000000000000000000031613,0x112ad6e,0x4ed191e08c805b0d4dce0df71328088a767054fe1573bb0b12e315915edd3b6e,0x64ea61ff,0x2dfa7f867,0x2975b,0x19c,0x3df021a06fa84405141feb7162cca59543052fd283bf94c17863b0dc3a9645e3,0x91,18001262,1693082111,2023-08-26 20:35:11,0x3fc91a3afd70395cd496c647d5a6cc9d4b2b7fad,0x3fc91a3afd70395cd496c647d5a6cc9d4b2b7fad,900000000,-546532212261259251,1952876054604695976678237757771492,36605008604976399904,202259
0x88e6a0c2ddd26feeb64f039a2c41296fcb3f5640,"['0xc42079f94a6350d7e6235f29174924f928cc2ac818eb64fed8004e115fbcca67', '0x0000000000000000000000003fc91a3afd70395cd496c647d5a6cc9d4b2b7fad', '0x0000000000000000000000003fc91a3afd70395cd496c647d5a6cc9d4b2b7fad']",0xffffffffffffffffffffffffffffffffffffffffffffffffffffffff7e91139d000000000000000000000000000000000000000000000000125195019f8400000000000000000000000000000000000000006048cc152d2c09d110f82303e0a1000000000000000000000000000000000000000000000001fbff1d6273bc46200000000000000000000000000000000000000000000000000000000000031613,0x112ad76,0xfb2f9998687782615532743c9eee250860d8e4bbd27d9e098baf758fee45ada3,0x64ea625f,0x2d7f22844,0x4113b,0x148,0x3d2dcb828d51906ca69e41a63bcf00e7afb9ccee3b20f1f15a30bc1aa3d2d5b2,0x86,18001270,1693082207,2023-08-26 20:36:47,0x3fc91a3afd70395cd496c647d5a6cc9d4b2b7fad,0x3fc91a3afd70395cd496c647d5a6cc9d4b2b7fad,-2171530339,1320000000000000000,1952878910194352015140555466203297,36605008604976399904,202259
0x88e6a0c2ddd26feeb64f039a2c41296fcb3f5640,"['0xc42079f94a6350d7e6235f29174924f928cc2ac818eb64fed8004e115fbcca67', '0x0000000000000000000000003fc91a3afd70395cd496c647d5a6cc9d4b2b7fad', '0x0000000000000000000000006490828bd87be38279a36f029f3b9af8b4e14b49']",0x0000000000000000000000000000000000000000000000000000000014dc9380fffffffffffffffffffffffffffffffffffffffffffffffffd0ce750f30256d60000000000000000000000000000000000006048ca98a71ffef9e39106f86c3b000000000000000000000000000000000000000000000001fbff1d6273bc46200000000000000000000000000000000000000000000000000000000000031613,0x112ad77,0x02da81f36a3160197b4011519f31b722f8dd906654a901cf4b8ad7a0d2a03663,0x64ea626b,0x2d781157f,0x376b0,0xf4,0x53f711ffd3a4a07c2180c720331f8b30c9ec9eb206a6ed08d03cad4d51b59f23,0x3f,18001271,1693082219,2023-08-26 20:36:59,0x3fc91a3afd70395cd496c647d5a6cc9d4b2b7fad,0x6490828bd87be38279a36f029f3b9af8b4e14b49,350000000,-212540747532839210,1952878450169521310805070857137211,36605008604976399904,202259
0x88e6a0c2ddd26feeb64f039a2c41296fcb3f5640,"['0xc42079f94a6350d7e6235f29174924f928cc2ac818eb64fed8004e115fbcca67', '0x000000000000000000000000e592427a0aece92de3edee1f18e0157c05861564', '0x000000000000000000000000def171fe48cf0115b1d80b88dc8eab59176fee57']",0xfffffffffffffffffffffffffffffffffffffffffffffffffffffffee92a642c0000000000000000000000000000000000000000000000002776ac4d04eccc100000000000000000000000000000000000006048de7940b3b8827a74d4e24477000000000000000000000000000000000000000000000001fbff1d6273bc46200000000000000000000000000000000000000000000000000000000000031613,0x112ad7a,0x5c4ac41acf3c3f5e232447dd2d0c87f2103e37c131eeaab247ae28ca8646bd7f,0x64ea628f,0x2ace4246e,0x650ea,0x120,0xc0d56fb8e2ce964076bcb5271480547e74258e773b6ecdf07479b23257a380b0,0x7f,18001274,1693082255,2023-08-26 20:37:35,0xe592427a0aece92de3edee1f18e0157c05861564,0xdef171fe48cf0115b1d80b88dc8eab59176fee57,-4678065108,2843649661526133776,1952884601909338622397601789658231,36605008604976399904,202259
0x88e6a0c2ddd26feeb64f039a2c41296fcb3f5640,"['0xc42079f94a6350d7e6235f29174924f928cc2ac818eb64fed8004e115fbcca67', '0x0000000000000000000000003fc91a3afd70395cd496c647d5a6cc9d4b2b7fad', '0x0000000000000000000000003fc91a3afd70395cd496c647d5a6cc9d4b2b7fad']",0x000000000000000000000000000000000000000000000000000000000def876dfffffffffffffffffffffffffffffffffffffffffffffffffe0796d5da4c09470000000000000000000000000000000000006048dd7b0f4b52d6482ceb8770e6000000000000000000000000000000000000000000000001fbff1d6273bc46200000000000000000000000000000000000000000000000000000000000031613,0x112ad82,0xa3dfe3eb6ed263c829d54794ed7d294012a83a8d9cf6d89e52d8052f150d98f5,0x64ea62ef,0x2a8b3f9ac,0x3b1cc,0x2c,0xc5ad543d738b00f2e31b1c59d8fa500bdd7a16b31e7c2c7048605c261e37cff9,0x5,18001282,1693082351,2023-08-26 20:39:11,0x3fc91a3afd70395cd496c647d5a6cc9d4b2b7fad,0x3fc91a3afd70395cd496c647d5a6cc9d4b2b7fad,233801581,-141979018004264633,1952884294608858694951534741385446,36605008604976399904,202259
0x88e6a0c2ddd26feeb64f039a2c41296fcb3f5640,"['0xc42079f94a6350d7e6235f29174924f928cc2ac818eb64fed8004e115fbcca67', '0x0000000000000000000000006352a56caadc4f1e25cd6c75970fa768a3304e64', '0x0000000000000000000000006352a56caadc4f1e25cd6c75970fa768a3304e64']",0xfffffffffffffffffffffffffffffffffffffffffffffffffffffffed9eb13d3000000000000000000000000000000000000000000000000299f2d310fe841210000000000000000000000000000000000006048f271f3045134ae4f1e83e5ee000000000000000000000000000000000000000000000001fbff1d6273bc46200000000000000000000000000000000000000000000000000000000000031613,0x112ad84,0x1966abd0061a824f2b5ec542087db2b7036c071ab856a49a2e427b3435846666,0x64ea6307,0x28d6bf839,0x44777,0xa4,0x1669595c6e7713668ef4d0ed749aaac7437bd3291a8033fcd45f04e308590ff0,0x14,18001284,1693082375,2023-08-26 20:39:35,0x6352a56caadc4f1e25cd6c75970fa768a3304e64,0x6352a56caadc4f1e25cd6c75970fa768a3304e64,-4933872685,2999165565595566369,1952890782780196468772488750556654,36605008604976399904,202259
0x88e6a0c2ddd26feeb64f039a2c41296fcb3f5640,"['0xc42079f94a6350d7e6235f29174924f928cc2ac818eb64fed8004e115fbcca67', '0x0000000000000000000000003fc91a3afd70395cd496c647d5a6cc9d4b2b7fad', '0x0000000000000000000000003fc91a3afd70395cd496c647d5a6cc9d4b2b7fad']",0x000000000000000000000000000000000000000000000000000000002e501440fffffffffffffffffffffffffffffffffffffffffffffffff973aa81e50fb7f70000000000000000000000000000000000006048ef252d43db954639d24f2110000000000000000000000000000000000000000000000001fbff1d6273bc46200000000000000000000000000000000000000000000000000000000000031613,0x112ad86,0xd58b0349eb4d9137f66b9d391a05ed63ed76bad8c33403f8509937a177c2ce5d,0x64ea631f,0x283c0956f,0x2bcf5,0xee,0x6c8ab7cd3b8381a14ed78f41c09673df6d7e2e3cb7b6e3d6a7c471364f267d4d,0x6b,18001286,1693082399,2023-08-26 20:39:59,0x3fc91a3afd70395cd496c647d5a6cc9d4b2b7fad,0x3fc91a3afd70395cd496c647d5a6cc9d4b2b7fad,777000000,-471846061073254409,1952889761512948266430528540844304,36605008604976399904,202259
0x88e6a0c2ddd26feeb64f039a2c41296fcb3f5640,"['0xc42079f94a6350d7e6235f29174924f928cc2ac818eb64fed8004e115fbcca67', '0x000000000000000000000000def1c0ded9bec7f1a1670819833240f027b25eff', '0x000000000000000000000000def1c0ded9bec7f1a1670819833240f027b25eff']",0x0000000000000000000000000000000000000000000000000000000008f0d180fffffffffffffffffffffffffffffffffffffffffffffffffebc6234256e18f50000000000000000000000000000000000006048ee8217eb0e1669210869810c000000000000000000000000000000000000000000000001fbff1d6273bc46200000000000000000000000000000000000000000000000000000000000031613,0x112ad87,0x4f15576d19833f34d96954cb1f677c146b1ac47f23aea3a7f379857bc5233776,0x64ea632b,0x2d0c9bec7,0x30541,0x57,0x6d0d9042aaa664ccb70e8a58566dcc0a24c0870c450504d89c060777c82a1991,0x28,18001287,1693082411,2023-08-26 20:40:11,0xdef1c0ded9bec7f1a1670819833240f027b25eff,0xdef1c0ded9bec7f1a1670819833240f027b25eff,150000000,-91089916348458763,1952889564357231852111500696715532,36605008604976399904,202259
0x88e6a0c2ddd26feeb64f039a2c41296fcb3f5640,"['0xc42079f94a6350d7e6235f29174924f928cc2ac818eb64fed8004e115fbcca67', '0x0000000000000000000000003fc91a3afd70395cd496c647d5a6cc9d4b2b7fad', '0x0000000000000000000000003fc91a3afd70395cd496c647d5a6cc9d4b2b7fad']",0x0000000000000000000000000000000000000000000000000000000018d58cf5fffffffffffffffffffffffffffffffffffffffffffffffffc7d1af1cff8565a0000000000000000000000000000000000006048ecbd1aa0e289f9c9b76a6d46000000000000000000000000000000000000000000000001fbff1d6273bc46200000000000000000000000000000000000000000000000000000000000031613,0x112ad88,0x6558d74ad9d6f149cd10cc48c733800de1f24907c03f83b5a705c7cccdc57812,0x64ea6337,0x2aaaa842d,0x47861,0x154,0x5e16f3586738973b8f6ac8ff729a1ec0c09e96aedb8b9374599bcf60709e21f1,0xa4,18001288,1693082423,2023-08-26 20:40:23,0x3fc91a3afd70395cd496c647d5a6cc9d4b2b7fad,0x3fc91a3afd70395cd496c647d5a6cc9d4b2b7fad,416648437,-253016378184280486,1952889016726634469066177801514310,36605008604976399904,202259
0x88e6a0c2ddd26feeb64f039a2c41296fcb3f5640,"['0xc42079f94a6350d7e6235f29174924f928cc2ac818eb64fed8004e115fbcca67', '0x0000000000000000000000003fc91a3afd70395cd496c647d5a6cc9d4b2b7fad', '0x0000000000000000000000003fc91a3afd70395cd496c647d5a6cc9d4b2b7fad']",0xffffffffffffffffffffffffffffffffffffffffffffffffffffffffcef90c4100000000000000000000000000000000000000000000000006f05b59d3b200000000000000000000000000000000000000006048f03bd59ff9d4cd6db607ef25000000000000000000000000000000000000000000000001fbff1d6273bc46200000000000000000000000000000000000000000000000000000000000031613,0x112ad8c,0xd817f855d878a6a0f17b113d5ceffaeaf996adafc2f537fc154996310b1357a4,0x64ea6367,0x30859e66c,0x306be,0x40,0x9998fb520244ef7b7f30dc954f67817fd2b3fa78f3f2214ca745e4b3011c8020,0x6,18001292,1693082471,2023-08-26 20:41:11,0x3fc91a3afd70395cd496c647d5a6cc9d4b2b7fad,0x3fc91a3afd70395cd496c647d5a6cc9d4b2b7fad,-822539199,500000000000000000,1952890098389382968483722388041509,36605008604976399904,202259
0x88e6a0c2ddd26feeb64f039a2c41296fcb3f5640,"['0xc42079f94a6350d7e6235f29174924f928cc2ac818eb64fed8004e115fbcca67', '0x0000000000000000000000006b75d8af000000e20b7a7ddf000ba900b4009a80', '0x0000000000000000000000006b75d8af000000e20b7a7ddf000ba900b4009a80']",0x0000000000000000000000000000000000000000000000000000000017d2fe2dfffffffffffffffffffffffffffffffffffffffffffffffffca1a98af5f479670000000000000000000000000000000000006048ee894482e2dab23115eb3436000000000000000000000000000000000000000000000001fbff1d6273bc46200000000000000000000000000000000000000000000000000000000000031613,0x112ad8c,0xd817f855d878a6a0f17b113d5ceffaeaf996adafc2f537fc154996310b1357a4,0x64ea6367,0x2e09cb276,0x429fd,0x4c,0xff8dba9a6d05438f9e1e3d85be49998f086758b08b8a504041fd29b5238224d4,0x7,18001292,1693082471,2023-08-26 20:41:11,0x6b75d8af000000e20b7a7ddf000ba900b4009a80,0x6b75d8af000000e20b7a7ddf000ba900b4009a80,399703597,-242726490604275353,1952889573030297504474664222274614,36605008604976399904,202259
0x88e6a0c2ddd26feeb64f039a2c41296fcb3f5640,"['0xc42079f94a6350d7e6235f29174924f928cc2ac818eb64fed8004e115fbcca67', '0x0000000000000000000000003fc91a3afd70395cd496c647d5a6cc9d4b2b7fad', '0x0000000000000000000000003fc91a3afd70395cd496c647d5a6cc9d4b2b7fad']",0x0000000000000000000000000000000000000000000000000000000108cad09cffffffffffffffffffffffffffffffffffffffffffffffffda8fa418e709a80f0000000000000000000000000000000000006048dbab52512cd18f3bf3df2c18000000000000000000000000000000000000000000000001fbff1d6273bc46200000000000000000000000000000000000000000000000000000000000031613,0x112ad99,0xcc062904e47daf37755fc0fe594164f9e381dd7a1bcf17afbd7126561d503246,0x64ea6403,0x32dc3015a,0x26773,0x5e,0xc8f7e426c02a74a9065a7c0e64203bc6dc45a10740e65301fa902bee9415134c,0x23,18001305,1693082627,2023-08-26 20:43:47,0x3fc91a3afd70395cd496c647d5a6cc9d4b2b7fad,0x3fc91a3afd70395cd496c647d5a6cc9d4b2b7fad,4442476700,-2697757224909297649,1952883733983784889062487729581080,36605008604976399904,202259
0x88e6a0c2ddd26feeb64f039a2c41296fcb3f5640,"['0xc42079f94a6350d7e6235f29174924f928cc2ac818eb64fed8004e115fbcca67', '0x00000000000000000000000068b3465833fb72a70ecdf485e0e4c7bd8665fc45', '0x000000000000000000000000ce16f69375520ab01377ce7b88f5ba8c48f8d666']",0xfffffffffffffffffffffffffffffffffffffffffffffffffffffffffef34a40000000000000000000000000000000000000000000000000002607de4b8f8d9a0000000000000000000000000000000000006048dbbe7a29650db03a8473acc8000000000000000000000000000000000000000000000001fbff1d6273bc46200000000000000000000000000000000000000000000000000000000000031613,0x112ad99,0xcc062904e47daf37755fc0fe594164f9e381dd7a1bcf17afbd7126561d503246,0x64ea6403,0x2b871ea3d,0x3ea2e,0x15b,0xb59ddef6c9ac5772f0f50b39bd2e833a01b8ee3926c13bbe3daea5c7b626d052,0x79,18001305,1693082627,2023-08-26 20:43:47,0x68b3465833fb72a70ecdf485e0e4c7bd8665fc45,0xce16f69375520ab01377ce7b88f5ba8c48f8d666,-17610176,10704700446838170,1952883757141536303442321921518792,36605008604976399904,202259
0x88e6a0c2ddd26feeb64f039a2c41296fcb3f5640,"['0xc42079f94a6350d7e6235f29174924f928cc2ac818eb64fed8004e115fbcca67', '0x00000000000000000000000068b3465833fb72a70ecdf485e0e4c7bd8665fc45', '0x0000000000000000000000004fd39c9e151e50580779bd04b1f7ecc310079fd3']",0x0000000000000000000000000000000000000000000000000000000bf20b2becfffffffffffffffffffffffffffffffffffffffffffffffe4fa05de01d64f8960000000000000000000000000000000000006048cbc84967bb6435581d4e89d400000000000000000000000000000000000000000000001b1695b3edd747432b0000000000000000000000000000000000000000000000000000000000031613,0x112ad9b,0x6af593631630a8e69ac98df37c72115f14276ff0fe8922462b4bd1444933964b,0x64ea641b,0x2ddd03474,0x477dc,0x11,0x35892b1902764df35bf2c943cac71940e5ed677e2a1b5b23b82f5beaf13160d5,0x2,18001307,1693082651,2023-08-26 20:44:11,0x68b3465833fb72a70ecdf485e0e4c7bd8665fc45,0x4fd39c9e151e50580779bd04b1f7ecc310079fd3,51305458668,-31155799005001877354,1952878817240391319845768872757716,499689494664622588715,202259
0x88e6a0c2ddd26feeb64f039a2c41296fcb3f5640,"['0xc42079f94a6350d7e6235f29174924f928cc2ac818eb64fed8004e115fbcca67', '0x0000000000000000000000003fc91a3afd70395cd496c647d5a6cc9d4b2b7fad', '0x0000000000000000000000003fc91a3afd70395cd496c647d5a6cc9d4b2b7fad']",0x000000000000000000000000000000000000000000000000000000009b0afdb7ffffffffffffffffffffffffffffffffffffffffffffffffea142818350a9f930000000000000000000000000000000000006048c0bc407e4ce602dc6ab3d488000000000000000000000000000000000000000000000001fbff1d6273bc46200000000000000000000000000000000000000000000000000000000000031613,0x112ad9c,0xb7babb347bae8f9fd383a3c0989e8066ab159986efdb1c31e70354ffde2864ea,0x64ea6427,0x2baf5a5f8,0x983c4,0x13,0x719c45ddb867e3b03dd0eed344b0183697caceb438706e7904d85ff693c6c64d,0x,18001308,1693082663,2023-08-26 20:44:23,0x3fc91a3afd70395cd496c647d5a6cc9d4b2b7fad,0x3fc91a3afd70395cd496c647d5a6cc9d4b2b7fad,2601188791,-1579593484865986669,1952875398356088464585633219990664,36605008604976399904,202259
0x88e6a0c2ddd26feeb64f039a2c41296fcb3f5640,"['0xc42079f94a6350d7e6235f29174924f928cc2ac818eb64fed8004e115fbcca67', '0x00000000000000000000000000fc00900000002c00be4ef8f49c000211000c43', '0x00000000000000000000000000fc00900000002c00be4ef8f49c000211000c43']",0xffffffffffffffffffffffffffffffffffffffffffffffffffffffff7024d118000000000000000000000000000000000000000000000000145c2500000000000000000000000000000000000000000000006048cafd8c8c9d462d8241172532000000000000000000000000000000000000000000000001fbff1d6273bc46200000000000000000000000000000000000000000000000000000000000031613,0x112ad9c,0xb7babb347bae8f9fd383a3c0989e8066ab159986efdb1c31e70354ffde2864ea,0x64ea6427,0x1e598adcf5,0xc4cd0,0x30,0xaf84a63eebee778e7a05ae701eefe43733942400bd49203bf41683b12c76e127,0x1,18001308,1693082663,2023-08-26 20:44:23,0x00fc00900000002c00be4ef8f49c000211000c43,0x00fc00900000002c00be4ef8f49c000211000c43,-2413506280,1467088260546166784,1952878572145528851778354346927410,36605008604976399904,202259
0x88e6a0c2ddd26feeb64f039a2c41296fcb3f5640,"['0xc42079f94a6350d7e6235f29174924f928cc2ac818eb64fed8004e115fbcca67', '0x0000000000000000000000003fc91a3afd70395cd496c647d5a6cc9d4b2b7fad', '0x000000000000000000000000090a4a5219b6a3578460ea20e2fde04f15f3dcf5']",0xffffffffffffffffffffffffffffffffffffffffffffffffffffffffb96670a500000000000000000000000000000000000000000000000009fdf42f6e4800000000000000000000000000000000000000006048d005f5fbf203d926b9f9f4b0000000000000000000000000000000000000000000000001fbff1d6273bc46200000000000000000000000000000000000000000000000000000000000031613,0x112ada2,0xd3f03748a7595089b7cef63fb7d38bf418e6c287352df1872407d11ce79164c7,0x64ea646f,0x2cdbd9988,0x21af6,0x67,0x3eb8e761714878ea14b52e64b29179d118c34f5963f9aec9d35b46993ba023ae,0x21,18001314,1693082735,2023-08-26 20:45:35,0x3fc91a3afd70395cd496c647d5a6cc9d4b2b7fad,0x090a4a5219b6a3578460ea20e2fde04f15f3dcf5,-1184468827,720000000000000000,1952880129739886690939618551526576,36605008604976399904,202259
0x88e6a0c2ddd26feeb64f039a2c41296fcb3f5640,"['0xc42079f94a6350d7e6235f29174924f928cc2ac818eb64fed8004e115fbcca67', '0x0000000000000000000000003fc91a3afd70395cd496c647d5a6cc9d4b2b7fad', '0x0000000000000000000000003fc91a3afd70395cd496c647d5a6cc9d4b2b7fad']",0xfffffffffffffffffffffffffffffffffffffffffffffffffffffffa4fe7460a000000000000000000000000000000000000000000000000ce15cc52428d0000000000000000000000000000000000000000604938b399884efe55dbc270e5ab000000000000000000000000000000000000000000000001f0a6a95d779800f10000000000000000000000000000000000000000000000000000000000031614,0x112ada2,0xd3f03748a7595089b7cef63fb7d38bf418e6c287352df1872407d11ce79164c7,0x64ea646f,0x2cdbd9988,0x3b645,0x6c,0xc4d2bfb49e7f6be8627173ac8293ba5608c3ba624d7b4b7da04613e868765df8,0x25,18001314,1693082735,2023-08-26 20:45:35,0x3fc91a3afd70395cd496c647d5a6cc9d4b2b7fad,0x3fc91a3afd70395cd496c647d5a6cc9d4b2b7fad,-24429246966,14850000000000000000,1952912526097409884840197299955115,35787477707849728241,202260
0x88e6a0c2ddd26feeb64f039a2c41296fcb3f5640,"['0xc42079f94a6350d7e6235f29174924f928cc2ac818eb64fed8004e115fbcca67', '0x0000000000000000000000003fc91a3afd70395cd496c647d5a6cc9d4b2b7fad', '0x000000000000000000000000090a4a5219b6a3578460ea20e2fde04f15f3dcf5']",0xfffffffffffffffffffffffffffffffffffffffffffffffffffffffffb18ef3400000000000000000000000000000000000000000000000000b1a2bc2ec500000000000000000000000000000000000000006049390f1de098168e2c44a4e13d000000000000000000000000000000000000000000000001f0a6a95d779800f10000000000000000000000000000000000000000000000000000000000031614,0x112ada7,0x85fd8bc279276b32cd6ce6bcb8afa7211c89a414324c18eeb5bab8f1cd487146,0x64ea64ab,0x295e9a616,0x1d836,0xf7,0x7ad220cb883fd5dc8cc1d8f9403250ecfc0425479c13b9f22b0f9bd577fa4181,0x5c,18001319,1693082795,2023-08-26 20:46:35,0x3fc91a3afd70395cd496c647d5a6cc9d4b2b7fad,0x090a4a5219b6a3578460ea20e2fde04f15f3dcf5,-82251980,50000000000000000,1952912636734640426010414449746237,35787477707849728241,202260
0x88e6a0c2ddd26feeb64f039a2c41296fcb3f5640,"['0xc42079f94a6350d7e6235f29174924f928cc2ac818eb64fed8004e115fbcca67', '0x0000000000000000000000003fc91a3afd70395cd496c647d5a6cc9d4b2b7fad', '0x0000000000000000000000004823be7f266c5bca85b7dbd8e41f4710e1c49a7b']",0xfffffffffffffffffffffffffffffffffffffffffffffffffffffffea9c594b6000000000000000000000000000000000000000000000000306ffd08cf6a421a000000000000000000000000000000000000604952038691f56a3b313455b3f0000000000000000000000000000000000000000000000001f0a6a95d779800f10000000000000000000000000000000000000000000000000000000000031614,0x112ada8,0x3e64593b7050d940593848b997b3231d836ea75512cdfbc9f655e63fa1fda779,0x64ea64b7,0x35ea7264a,0x5ddba,0x5e,0xc4ad27d3240202137c522f14c7cd789ee1838dc0387aaf3315f28d4fabbb8ef1,0x11,18001320,1693082807,2023-08-26 20:46:47,0x3fc91a3afd70395cd496c647d5a6cc9d4b2b7fad,0x4823be7f266c5bca85b7dbd8e41f4710e1c49a7b,-5741636426,3490286450516836890,1952920359847174037089977472758768,35787477707849728241,202260
0x88e6a0c2ddd26feeb64f039a2c41296fcb3f5640,"['0xc42079f94a6350d7e6235f29174924f928cc2ac818eb64fed8004e115fbcca67', '0x0000000000000000000000003fc91a3afd70395cd496c647d5a6cc9d4b2b7fad', '0x0000000000000000000000003fc91a3afd70395cd496c647d5a6cc9d4b2b7fad']",0x000000000000000000000000000000000000000000000000000000001d71df4efffffffffffffffffffffffffffffffffffffffffffffffffbd62f96e762000000000000000000000000000000000000000060494fde262e46916101129e9c72000000000000000000000000000000000000000000000001f0a6a95d779800f10000000000000000000000000000000000000000000000000000000000031614,0x112adac,0x3790d366661eadd59dbe960b9a57cee728bbdd7416ba1b9283ea576682fe5e38,0x64ea64e7,0x2a5aeef3f,0x23e58,0xbc,0xb07752a89cd80e64b57bc7146428b82b5a818b5a4760709a23f5c2b6ba467b04,0x32,18001324,1693082855,2023-08-26 20:47:35,0x3fc91a3afd70395cd496c647d5a6cc9d4b2b7fad,0x3fc91a3afd70395cd496c647d5a6cc9d4b2b7fad,494001998,-300000000000000000,1952919695691713059579919545048178,35787477707849728241,202260
0x88e6a0c2ddd26feeb64f039a2c41296fcb3f5640,"['0xc42079f94a6350d7e6235f29174924f928cc2ac818eb64fed8004e115fbcca67', '0x0000000000000000000000001111111254eeb25477b68fb85ed929f73a960582', '0x0000000000000000000000001111111254eeb25477b68fb85ed929f73a960582']",0x0000000000000000000000000000000000000000000000000000000043d9f9b1fffffffffffffffffffffffffffffffffffffffffffffffff667fb9966bb1dd100000000000000000000000000000000000060494aec30620e1e681b61d0c62f000000000000000000000000000000000000000000000001f0a6a95d779800f10000000000000000000000000000000000000000000000000000000000031614,0x112adae,0x918ca57d8487115e5b3fdbf086fce486a0ec7463cd4108516537376253abf99a,0x64ea64ff,0x2a1a704dc,0x42e96,0xdd,0xb4c7299ce14d401f3bf51411ca27117fdefe37d3c39fde64cae9478d9f9f362f,0x4b,18001326,1693082879,2023-08-26 20:47:59,0x1111111254eeb25477b68fb85ed929f73a960582,0x1111111254eeb25477b68fb85ed929f73a960582,1138358705,-691307381505974831,1952918165239804255392834849392175,35787477707849728241,202260
0x88e6a0c2ddd26feeb64f039a2c41296fcb3f5640,"['0xc42079f94a6350d7e6235f29174924f928cc2ac818eb64fed8004e115fbcca67', '0x0000000000000000000000006719c6ebf80d6499ca9ce170cda72beb3f1d1a54', '0x000000000000000000000000d14782a6f2512495584a252ffca49b17486a08d3']",0xffffffffffffffffffffffffffffffffffffffffffffffffffffffffe830ac8d000000000000000000000000000000000000000000000000035eb4fdaaca030000000000000000000000000000000000000060494ca8a6af55163e5e69f350b3000000000000000000000000000000000000000000000001f0a6a95d779800f10000000000000000000000000000000000000000000000000000000000031614,0x112adb1,0x28282d42288908c731adc20a352abbdc21fd6178a15ea24f687feffb6ef2015a,0x64ea6523,0x2c48086e3,0x2a673,0x57,0x66c60b765e6450d42d5727df8a6568d381548a35c967ff83d6287be7e387212d,0x35,18001329,1693082915,2023-08-26 20:48:35,0x6719c6ebf80d6499ca9ce170cda72beb3f1d1a54,0xd14782a6f2512495584a252ffca49b17486a08d3,-399463283,242830431509676800,1952918702561532922351967479746739,35787477707849728241,202260
0x88e6a0c2ddd26feeb64f039a2c41296fcb3f5640,"['0xc42079f94a6350d7e6235f29174924f928cc2ac818eb64fed8004e115fbcca67', '0x0000000000000000000000006719c6ebf80d6499ca9ce170cda72beb3f1d1a54', '0x0000000000000000000000006719c6ebf80d6499ca9ce170cda72beb3f1d1a54']",0xffffffffffffffffffffffffffffffffffffffffffffffffffffffffee2548df0000000000000000000000000000000000000000000000000286eb97a068415800000000000000000000000000000000000060494df5f0e879bd02f541be1c98000000000000000000000000000000000000000000000001f0a6a95d779800f10000000000000000000000000000000000000000000000000000000000031614,0x112adb5,0xd4740f367b517edca4aba29f025440fdeffa84e91ecc332f784df3ddaa6580cc,0x64ea6553,0x2c41952c6,0x2dda4,0x69,0xed1970b92bb936aa480e54fd66c13de5b3a3fa959be09ce28ee7d0115a5034a7,0xe,18001333,1693082963,2023-08-26 20:49:23,0x6719c6ebf80d6499ca9ce170cda72beb3f1d1a54,0x6719c6ebf80d6499ca9ce170cda72beb3f1d1a54,-299546401,182091871418859864,1952919105484340079182421491063960,35787477707849728241,202260
0x88e6a0c2ddd26feeb64f039a2c41296fcb3f5640,"['0xc42079f94a6350d7e6235f29174924f928cc2ac818eb64fed8004e115fbcca67', '0x0000000000000000000000001111111254eeb25477b68fb85ed929f73a960582', '0x0000000000000000000000001111111254eeb25477b68fb85ed929f73a960582']",0x000000000000000000000000000000000000000000000000000000001d34dccefffffffffffffffffffffffffffffffffffffffffffffffffbded04ea6311d0600000000000000000000000000000000000060494bd50301fca88f35390c1d58000000000000000000000000000000000000000000000001f0a6a95d779800f10000000000000000000000000000000000000000000000000000000000031614,0x112adb6,0xec2af5c6231c846f0cd25dcdec890f85ebd8bed311722e55ff45e369cdba66fc,0x64ea655f,0x388f2af26,0x3b2d7,0x54,0xb76444400a44e3cf5924b5d31df377d9770d826a9e760c0d7d57ca3854c18f29,0xc,18001334,1693082975,2023-08-26 20:49:35,0x1111111254eeb25477b68fb85ed929f73a960582,0x1111111254eeb25477b68fb85ed929f73a960582,490003662,-297571489145611002,1952918446705241588291068446383448,35787477707849728241,202260
0x88e6a0c2ddd26feeb64f039a2c41296fcb3f5640,"['0xc42079f94a6350d7e6235f29174924f928cc2ac818eb64fed8004e115fbcca67', '0x0000000000000000000000003fc91a3afd70395cd496c647d5a6cc9d4b2b7fad', '0x00000000000000000000000047082a75bc16313ef92cfaca1feb885659c3c9b5']",0x000000000000000000000000000000000000000000000000000000003b9aca00fffffffffffffffffffffffffffffffffffffffffffffffff7927eca5d8b9d3c0000000000000000000000000000000000006049477cebabea7ccdadc36a1516000000000000000000000000000000000000000000000001f0a6a95d779800f10000000000000000000000000000000000000000000000000000000000031614,0x112adb9,0x1240257503f228540e6c848a1300a87521830e8d5018de9e58aaf90a05767b16,0x64ea6583,0x28a56f585,0x329bc,0x18,0xc4da74d14d26ae18296d620be0f6dc22a4c5356a64e12ecb429313cc5ca534fd,0x2,18001337,1693083011,2023-08-26 20:50:11,0x3fc91a3afd70395cd496c647d5a6cc9d4b2b7fad,0x47082a75bc16313ef92cfaca1feb885659c3c9b5,1000000000,-607283592123671236,1952917102269528018374181092201750,35787477707849728241,202260
0x88e6a0c2ddd26feeb64f039a2c41296fcb3f5640,"['0xc42079f94a6350d7e6235f29174924f928cc2ac818eb64fed8004e115fbcca67', '0x000000000000000000000000def1c0ded9bec7f1a1670819833240f027b25eff', '0x000000000000000000000000b1c33de7a914f4d9ba293a055822cbc6e662a698']",0x000000000000000000000000000000000000000000000000000000003b7dc672fffffffffffffffffffffffffffffffffffffffffffffffff79699c3370e6cac00000000000000000000000000000000000060494326f20fbdc5f5344fc5726c000000000000000000000000000000000000000000000001f0a6a95d779800f10000000000000000000000000000000000000000000000000000000000031614,0x112adbd,0x6a781dc66c665b704c6dab3579abbd9d53093891f1359f1083db1de7ef51c39d,0x64ea65b3,0x328447bd1,0x45989,0x9a,0x0137e54191cf673bda985acdcb5f6e262cc61eb27baefa75f5f2bfa6cf706839,0xf,18001341,1693083059,2023-08-26 20:50:59,0xdef1c0ded9bec7f1a1670819833240f027b25eff,0xb1c33de7a914f4d9ba293a055822cbc6e662a698,998098546,-606128036113388372,1952915760392043897439786421809772,35787477707849728241,202260
0x88e6a0c2ddd26feeb64f039a2c41296fcb3f5640,"['0xc42079f94a6350d7e6235f29174924f928cc2ac818eb64fed8004e115fbcca67', '0x0000000000000000000000003fc91a3afd70395cd496c647d5a6cc9d4b2b7fad', '0x0000000000000000000000003fc91a3afd70395cd496c647d5a6cc9d4b2b7fad']",0x00000000000000000000000000000000000000000000000000000001a13b8600ffffffffffffffffffffffffffffffffffffffffffffffffc5019223ab79dd83000000000000000000000000000000000000604924be5c6c0c89831c229c4151000000000000000000000000000000000000000000000001f0a6a95d779800f10000000000000000000000000000000000000000000000000000000000031614,0x112adbe,0xa7a4b0264836416bf3f9c16c4195baf236d9b2d65469ce5355a6535f6728101a,0x64ea65bf,0x2af7e6d38,0x27916,0xe2,0x101c6d031b0a0ae01f916101ddc08b640a35bb66b8129c0b904c4c5165cff0d5,0x79,18001342,1693083071,2023-08-26 20:51:11,0x3fc91a3afd70395cd496c647d5a6cc9d4b2b7fad,0x3fc91a3afd70395cd496c647d5a6cc9d4b2b7fad,7000000000,-4250955891362636413,1952906349406811820726607236841809,35787477707849728241,202260
0x88e6a0c2ddd26feeb64f039a2c41296fcb3f5640,"['0xc42079f94a6350d7e6235f29174924f928cc2ac818eb64fed8004e115fbcca67', '0x0000000000000000000000001111111254eeb25477b68fb85ed929f73a960582', '0x0000000000000000000000003a23f943181408eac424116af7b7790c94cb97a5']",0xfffffffffffffffffffffffffffffffffffffffffffffffffffffffe5092123a0000000000000000000000000000000000000000000000003d0ff0b013b8000000000000000000000000000000000000000060494433dac52cdcdec8e47abba1000000000000000000000000000000000000000000000001f0a6a95d779800f10000000000000000000000000000000000000000000000000000000000031614,0x112adc0,0x0fea2ccb5e659e40fa545d6a64f5f9451b51f243bceb75721c1119e03bce7d95,0x64ea65d7,0x3adeb873e,0x37c02,0x74,0xa033b3942b2f312f60b4449d59782527491eefa64eb6b67dfe0ebfddaded3642,0xc,18001344,1693083095,2023-08-26 20:51:35,0x1111111254eeb25477b68fb85ed929f73a960582,0x3a23f943181408eac424116af7b7790c94cb97a5,-7238184390,4400000000000000000,1952916085483099443705716418460577,35787477707849728241,202260
0x88e6a0c2ddd26feeb64f039a2c41296fcb3f5640,"['0xc42079f94a6350d7e6235f29174924f928cc2ac818eb64fed8004e115fbcca67', '0x0000000000000000000000003fc91a3afd70395cd496c647d5a6cc9d4b2b7fad', '0x0000000000000000000000003fc91a3afd70395cd496c647d5a6cc9d4b2b7fad']",0x000000000000000000000000000000000000000000000000000000002fe6d4eafffffffffffffffffffffffffffffffffffffffffffffffff93a1c3ddb450484000000000000000000000000000000000000604940b61de9193ae3e753667a13000000000000000000000000000000000000000000000001f0a6a95d779800f10000000000000000000000000000000000000000000000000000000000031614,0x112adc0,0x0fea2ccb5e659e40fa545d6a64f5f9451b51f243bceb75721c1119e03bce7d95,0x64ea65d7,0x28fd1573e,0x2a916,0x15d,0x8bdfe11780948b6815aa4dadd2a0e83155502b95addd27d3120d4b42e7817703,0x67,18001344,1693083095,2023-08-26 20:51:35,0x3fc91a3afd70395cd496c647d5a6cc9d4b2b7fad,0x3fc91a3afd70395cd496c647d5a6cc9d4b2b7fad,803656938,-488046557618961276,1952915005020477930678549324659219,35787477707849728241,202260
0x88e6a0c2ddd26feeb64f039a2c41296fcb3f5640,"['0xc42079f94a6350d7e6235f29174924f928cc2ac818eb64fed8004e115fbcca67', '0x0000000000000000000000003fc91a3afd70395cd496c647d5a6cc9d4b2b7fad', '0x00000000000000000000000008e5da5b1c17670a79eb439bf4ed74f28482fa0c']",0xffffffffffffffffffffffffffffffffffffffffffffffffffffffffff82bea90000000000000000000000000000000000000000000000000011ba60e96de000000000000000000000000000000000000000604940bf400f32233f2154ecfef5000000000000000000000000000000000000000000000001f0a6a95d779800f10000000000000000000000000000000000000000000000000000000000031614,0x112adc2,0x1eb8f968000dce38cd536bdce3e2f462993bf9dc155ff9068dc017a6065f6961,0x64ea65ef,0x28e68c069,0x2aefc,0x12c,0x237ed45e4edd8e6cc6667d86e479ec877252c8383b1756e5264b34a033d0b0fb,0x63,18001346,1693083119,2023-08-26 20:51:59,0x3fc91a3afd70395cd496c647d5a6cc9d4b2b7fad,0x08e5da5b1c17670a79eb439bf4ed74f28482fa0c,-8208727,4990000000000000,1952915016062073538687336996208373,35787477707849728241,202260
0x88e6a0c2ddd26feeb64f039a2c41296fcb3f5640,"['0xc42079f94a6350d7e6235f29174924f928cc2ac818eb64fed8004e115fbcca67', '0x000000000000000000000000827179dd56d07a7eea32e3873493835da2866976', '0x000000000000000000000000827179dd56d07a7eea32e3873493835da2866976']",0x00000000000000000000000000000000000000000000000000000000180be439fffffffffffffffffffffffffffffffffffffffffffffffffc99985cd62e322500000000000000000000000000000000000060493efe991032f3e65613c0761d000000000000000000000000000000000000000000000001f0a6a95d779800f10000000000000000000000000000000000000000000000000000000000031614,0x112adc4,0xa13b66d83244f8712576e0ac2d7c27a90ad558b32212a954eccaa92271fbf1dd,0x64ea6607,0x2b08cdb78,0x34f9a,0xb6,0x927955673b83745abb508b12ca993d42234ada9943a29257e038828da2469580,0x4e,18001348,1693083143,2023-08-26 20:52:23,0x827179dd56d07a7eea32e3873493835da2866976,0x827179dd56d07a7eea32e3873493835da2866976,403432505,-244997180217216475,1952914473674689654168949824189981,35787477707849728241,202260
0x88e6a0c2ddd26feeb64f039a2c41296fcb3f5640,"['0xc42079f94a6350d7e6235f29174924f928cc2ac818eb64fed8004e115fbcca67', '0x000000000000000000000000ef1c6e67703c7bd7107eed8303fbe6ec2554bf6b', '0x000000000000000000000000ef1c6e67703c7bd7107eed8303fbe6ec2554bf6b']",0x00000000000000000000000000000000000000000000000000000005dc408505ffffffffffffffffffffffffffffffffffffffffffffffff2be09c484f13048a0000000000000000000000000000000000006048d314ccc2e80b65931cd9f9d6000000000000000000000000000000000000000000000001fbff1d6273bc46200000000000000000000000000000000000000000000000000000000000031613,0x112adc9,0x0ff0dc3bddb2c4086004536f1d01d457622fd725615b5397fb6ea09258a43b08,0x64ea6643,0x3c2d42823,0x37647,0x1e,0x70988386646e4207998e0c9a21ba140bbd98078e858a3f30494879a02aee8cc0,0x8,18001353,1693083203,2023-08-26 20:53:23,0xef1c6e67703c7bd7107eed8303fbe6ec2554bf6b,0xef1c6e67703c7bd7107eed8303fbe6ec2554bf6b,25170052357,-15285045300917238646,1952881076134134240533187049159126,36605008604976399904,202259
0x88e6a0c2ddd26feeb64f039a2c41296fcb3f5640,"['0xc42079f94a6350d7e6235f29174924f928cc2ac818eb64fed8004e115fbcca67', '0x0000000000000000000000003fc91a3afd70395cd496c647d5a6cc9d4b2b7fad', '0x0000000000000000000000008fa730423ad3286a97d1df617348819b1a5763f2']",0x000000000000000000000000000000000000000000000000000000001067a88ffffffffffffffffffffffffffffffffffffffffffffffffffdae3707956260440000000000000000000000000000000000006048d1e9914b523d7abc3e66eac3000000000000000000000000000000000000000000000001fbff1d6273bc46200000000000000000000000000000000000000000000000000000000000031613,0x112add1,0x3fcae83ff81af1faa91372705b8861014149121c55e06ca89af8a8ba29007d86,0x64ea66a3,0x302403ba1,0x215a9,0x91,0x9a15d4498fabf4ab84edafc379c1275af78f7f04f6aa90e9abff40cdc8b5d36b,0x2c,18001361,1693083299,2023-08-26 20:54:59,0x3fc91a3afd70395cd496c647d5a6cc9d4b2b7fad,0x8fa730423ad3286a97d1df617348819b1a5763f2,275228815,-167135630455578556,1952880714384488596182892854831811,36605008604976399904,202259
0x88e6a0c2ddd26feeb64f039a2c41296fcb3f5640,"['0xc42079f94a6350d7e6235f29174924f928cc2ac818eb64fed8004e115fbcca67', '0x000000000000000000000000def1c0ded9bec7f1a1670819833240f027b25eff', '0x000000000000000000000000def1c0ded9bec7f1a1670819833240f027b25eff']",0x000000000000000000000000000000000000000000000000000000001dcd6500fffffffffffffffffffffffffffffffffffffffffffffffffbc949f827bdb5b70000000000000000000000000000000000006048cfc9f620759f2c9ec7d407cc000000000000000000000000000000000000000000000001fbff1d6273bc46200000000000000000000000000000000000000000000000000000000000031613,0x112add1,0x3fcae83ff81af1faa91372705b8861014149121c55e06ca89af8a8ba29007d86,0x64ea66a3,0x2abd2fd21,0x2ebf1,0x142,0xe478325c98a156a7e2c34a2c46a6ad990777ddd0a12fee3559c143af1b6dad8b,0x7d,18001361,1693083299,2023-08-26 20:54:59,0xdef1c0ded9bec7f1a1670819833240f027b25eff,0xdef1c0ded9bec7f1a1670819833240f027b25eff,500000000,-303630169703336521,1952880057205011080113737065301964,36605008604976399904,202259
0x88e6a0c2ddd26feeb64f039a2c41296fcb3f5640,"['0xc42079f94a6350d7e6235f29174924f928cc2ac818eb64fed8004e115fbcca67', '0x000000000000000000000000d7f3fbe8c72a961a5515203eada59750437fa762', '0x0000000000000000000000001c09a10047fcc944efde9226e259eddfde2c1cf0']",0x000000000000000000000000000000000000000000000000000000139065a7bbfffffffffffffffffffffffffffffffffffffffffffffffd3be8b0f1abcaadbd00000000000000000000000000000000000060476af404c65a691bae0cc577d3000000000000000000000000000000000000000000000001fbff1d6273bc46200000000000000000000000000000000000000000000000000000000000031612,0x112add3,0x7ead3d8fc71b3298d59de39f74224c3f89358832647668e39b97df14ec90e551,0x64ea66bb,0x2a8e80fcd,0x1f86f,0x2,0x227e3a0d7fd5032138dfac83c29753ee03cae6dc68f8479f26739dca341493f3,0x,18001363,1693083323,2023-08-26 20:55:23,0xd7f3fbe8c72a961a5515203eada59750437fa762,0x1c09a10047fcc944efde9226e259eddfde2c1cf0,84026959803,-51023337426278240835,1952769621900562613241724591765459,36605008604976399904,202258
0x88e6a0c2ddd26feeb64f039a2c41296fcb3f5640,"['0xc42079f94a6350d7e6235f29174924f928cc2ac818eb64fed8004e115fbcca67', '0x0000000000000000000000003fc91a3afd70395cd496c647d5a6cc9d4b2b7fad', '0x0000000000000000000000003fc91a3afd70395cd496c647d5a6cc9d4b2b7fad']",0x000000000000000000000000000000000000000000000000000000001e6d99d3fffffffffffffffffffffffffffffffffffffffffffffffffbb2c34b4bc27bef000000000000000000000000000000000000604768c90f8bea674fba854bc3dd000000000000000000000000000000000000000000000001fbff1d6273bc46200000000000000000000000000000000000000000000000000000000000031612,0x112add5,0xbe9a8d9f676720f0d8cdfd3ba96d7ff6b8af8cd890a99cb3190bf7f43f6205b5,0x64ea66d3,0x2b6561a45,0x3c7e0,0x60,0x993ef0bb07b913d9ab75617519410c9c610e780f473d03a36de70270a1dabcb6,0x2e,18001365,1693083347,2023-08-26 20:55:47,0x3fc91a3afd70395cd496c647d5a6cc9d4b2b7fad,0x3fc91a3afd70395cd496c647d5a6cc9d4b2b7fad,510499283,-309970696174142481,1952768950997600776321569538163677,36605008604976399904,202258
0x88e6a0c2ddd26feeb64f039a2c41296fcb3f5640,"['0xc42079f94a6350d7e6235f29174924f928cc2ac818eb64fed8004e115fbcca67', '0x0000000000000000000000003fc91a3afd70395cd496c647d5a6cc9d4b2b7fad', '0x0000000000000000000000003fc91a3afd70395cd496c647d5a6cc9d4b2b7fad']",0x0000000000000000000000000000000000000000000000000000000032377551fffffffffffffffffffffffffffffffffffffffffffffffff8e69726fdea82db0000000000000000000000000000000000006047653531ce8ff4b0a515649365000000000000000000000000000000000000000000000001fbff1d6273bc46200000000000000000000000000000000000000000000000000000000000031612,0x112addd,0x6108041cc1f232a6111211dd63bf76345fa8a95227121fcdfc4ae36672dc326e,0x64ea6733,0x2a1154c3f,0x3ef38,0x144,0xfda3bc6dfc79e65bb5adc5bf3855d2b250894eabbb6de73ad175e78bc47b85e6,0x7d,18001373,1693083443,2023-08-26 20:57:23,0x3fc91a3afd70395cd496c647d5a6cc9d4b2b7fad,0x3fc91a3afd70395cd496c647d5a6cc9d4b2b7fad,842495313,-511555313935416613,1952767843783339884145226805449573,36605008604976399904,202258
0x88e6a0c2ddd26feeb64f039a2c41296fcb3f5640,"['0xc42079f94a6350d7e6235f29174924f928cc2ac818eb64fed8004e115fbcca67', '0x0000000000000000000000001111111254eeb25477b68fb85ed929f73a960582', '0x0000000000000000000000001111111254eeb25477b68fb85ed929f73a960582']",0x000000000000000000000000000000000000000000000000000000001d78338dfffffffffffffffffffffffffffffffffffffffffffffffffbd575250fcf11800000000000000000000000000000000000006047631bb88097fdf0c491ae5cdf000000000000000000000000000000000000000000000001fbff1d6273bc46200000000000000000000000000000000000000000000000000000000000031612,0x112adde,0x066611dc76d32135361840041836aecf89c5d8c63cf56bb26726cb2d6620d95b,0x64ea673f,0x29f4950d5,0x3f275,0x8e,0x918070166aceec413786f37f05004cee02ae71edce122b92dd53d95bd8b4f504,0x1c,18001374,1693083455,2023-08-26 20:57:35,0x1111111254eeb25477b68fb85ed929f73a960582,0x1111111254eeb25477b68fb85ed929f73a960582,494416781,-300204998110801536,1952767194017330139688914639543519,36605008604976399904,202258
0x88e6a0c2ddd26feeb64f039a2c41296fcb3f5640,"['0xc42079f94a6350d7e6235f29174924f928cc2ac818eb64fed8004e115fbcca67', '0x0000000000000000000000003fc91a3afd70395cd496c647d5a6cc9d4b2b7fad', '0x0000000000000000000000003fc91a3afd70395cd496c647d5a6cc9d4b2b7fad']",0x000000000000000000000000000000000000000000000000000000003b9aca00fffffffffffffffffffffffffffffffffffffffffffffffff792d4552e12c9ae00000000000000000000000000000000000060475edca29e4332d241c5c9b646000000000000000000000000000000000000000000000001fbff1d6273bc46200000000000000000000000000000000000000000000000000000000000031612,0x112adde,0x066611dc76d32135361840041836aecf89c5d8c63cf56bb26726cb2d6620d95b,0x64ea673f,0x2935d8ed5,0x30794,0xbf,0x463021300160ce2ef93090b2c1689bb905f8e16fae958af48c5e15c926dc50ce,0x31,18001374,1693083455,2023-08-26 20:57:35,0x3fc91a3afd70395cd496c647d5a6cc9d4b2b7fad,0x3fc91a3afd70395cd496c647d5a6cc9d4b2b7fad,1000000000,-607189537431303762,1952765879811619448275214252226118,36605008604976399904,202258
0x88e6a0c2ddd26feeb64f039a2c41296fcb3f5640,"['0xc42079f94a6350d7e6235f29174924f928cc2ac818eb64fed8004e115fbcca67', '0x0000000000000000000000003208684f96458c540eb08f6f01b9e9afb2b7d4f0', '0x0000000000000000000000003208684f96458c540eb08f6f01b9e9afb2b7d4f0']",0x00000000000000000000000000000000000000000000000000000001324d3852ffffffffffffffffffffffffffffffffffffffffffffffffd4b2960c0f3aa9a40000000000000000000000000000000000006047490a3f34e330b98e49405a81000000000000000000000000000000000000000000000001fbff1d6273bc46200000000000000000000000000000000000000000000000000000000000031612,0x112ade4,0xfcde295c4561f184da8c06b9831730da51971d43557059464c1bec4bbd5d76c2,0x64ea6787,0x35d90f17e,0x40089,0x10d,0x2e195cd152833114bbdf0d882b9c9be7649f0ff40e9d4c65c9e5b20d3169f3b1,0x6a,18001380,1693083527,2023-08-26 20:58:47,0x3208684f96458c540eb08f6f01b9e9afb2b7d4f0,0x3208684f96458c540eb08f6f01b9e9afb2b7d4f0,5138888786,-3120266613275055708,1952759126282532972905673202358913,36605008604976399904,202258
0x88e6a0c2ddd26feeb64f039a2c41296fcb3f5640,"['0xc42079f94a6350d7e6235f29174924f928cc2ac818eb64fed8004e115fbcca67', '0x0000000000000000000000003fc91a3afd70395cd496c647d5a6cc9d4b2b7fad', '0x0000000000000000000000002a116f2b9c7308a62160c49b5bd9b5c2dae44794']",0xffffffffffffffffffffffffffffffffffffffffffffffffffffffffc04198230000000000000000000000000000000000000000000000000905438e6001000000000000000000000000000000000000000060474d95658081786649e10d1cef000000000000000000000000000000000000000000000001fbff1d6273bc46200000000000000000000000000000000000000000000000000000000000031612,0x112ade4,0xfcde295c4561f184da8c06b9831730da51971d43557059464c1bec4bbd5d76c2,0x64ea6787,0x2f7393b07,0x1d460,0x1d8,0x9333089d235f079e3735d0dc0f1a1038c44c394c54343a7ca6a6f4cf3860fd15,0x9c,18001380,1693083527,2023-08-26 20:58:47,0x3fc91a3afd70395cd496c647d5a6cc9d4b2b7fad,0x2a116f2b9c7308a62160c49b5bd9b5c2dae44794,-1069443037,650000000000000000,1952760532444106022148481164844271,36605008604976399904,202258
0x88e6a0c2ddd26feeb64f039a2c41296fcb3f5640,"['0xc42079f94a6350d7e6235f29174924f928cc2ac818eb64fed8004e115fbcca67', '0x000000000000000000000000def1c0ded9bec7f1a1670819833240f027b25eff', '0x000000000000000000000000def1c0ded9bec7f1a1670819833240f027b25eff']",0x00000000000000000000000000000000000000000000000000000000092d836bfffffffffffffffffffffffffffffffffffffffffffffffffeb3d88ccfb156bd00000000000000000000000000000000000060474cee02b740b30b7dfed9861a000000000000000000000000000000000000000000000001fbff1d6273bc46200000000000000000000000000000000000000000000000000000000000031612,0x112ade7,0x3dbd6b28aa047d7da5218282338d8abbf7eb1ddb07b7a764411ebeb381ca249c,0x64ea67ab,0x335010959,0x469c2,0x213,0xa5f96ef97dce0c451ddf317e61321492b14273b24a5b04c95302dd1bff4bb731,0x6d,18001383,1693083563,2023-08-26 20:59:23,0xdef1c0ded9bec7f1a1670819833240f027b25eff,0xdef1c0ded9bec7f1a1670819833240f027b25eff,153977707,-93493067953121603,1952760330086989768388947578816026,36605008604976399904,202258
0x88e6a0c2ddd26feeb64f039a2c41296fcb3f5640,"['0xc42079f94a6350d7e6235f29174924f928cc2ac818eb64fed8004e115fbcca67', '0x000000000000000000000000def1c0ded9bec7f1a1670819833240f027b25eff', '0x000000000000000000000000d120cf3e0408dd794f856e8ca2a23e3396a9b687']",0xffffffffffffffffffffffffffffffffffffffffffffffffffffffecb3e0c7bf000000000000000000000000000000000000000000000002bb17f39a104d8000000000000000000000000000000000000000604763c22304ce01ed0c93e8151200000000000000000000000000000000000000000000001e9bb62fa5fb92bf600000000000000000000000000000000000000000000000000000000000031612,0x112aded,0x8fd97cc939caa1e33ea3864a3bf5fb7b5136d0c93e141abec5cf32b12f2538ef,0x64ea67f3,0x3891814c1,0x34d31,0x32,0x28703cc1024f9fa467e7e5b9d25225695035a29d7dbeb79524a00cad9f2a7ad5,0x3,18001389,1693083635,2023-08-26 21:00:35,0xdef1c0ded9bec7f1a1670819833240f027b25eff,0xd120cf3e0408dd794f856e8ca2a23e3396a9b687,-82881493057,50375000000000000000,1952767395202025905351158877656338,564622530122863525728,202258
0x88e6a0c2ddd26feeb64f039a2c41296fcb3f5640,"['0xc42079f94a6350d7e6235f29174924f928cc2ac818eb64fed8004e115fbcca67', '0x0000000000000000000000003fc91a3afd70395cd496c647d5a6cc9d4b2b7fad', '0x0000000000000000000000003fc91a3afd70395cd496c647d5a6cc9d4b2b7fad']",0x000000000000000000000000000000000000000000000000000000001dcd6500fffffffffffffffffffffffffffffffffffffffffffffffffbc96a043d3fc943000000000000000000000000000000000000604761a298005007d920da943214000000000000000000000000000000000000000000000001fbff1d6273bc46200000000000000000000000000000000000000000000000000000000000031612,0x112adee,0x88b8c671806905bdacd3870389e8dd733ba26257222c3848e7905749607e7ad7,0x64ea67ff,0x38d51651c,0x309f1,0x2,0x2cf6b07ecdc2fd5494584b9d6404f72dd4c0ff6be25f33f74126442268690a8e,0x,18001390,1693083647,2023-08-26 21:00:47,0x3fc91a3afd70395cd496c647d5a6cc9d4b2b7fad,0x3fc91a3afd70395cd496c647d5a6cc9d4b2b7fad,500000000,-303594933430793917,1952766738098814048922439423111700,36605008604976399904,202258
0x88e6a0c2ddd26feeb64f039a2c41296fcb3f5640,"['0xc42079f94a6350d7e6235f29174924f928cc2ac818eb64fed8004e115fbcca67', '0x0000000000000000000000001111111254eeb25477b68fb85ed929f73a960582', '0x0000000000000000000000001111111254eeb25477b68fb85ed929f73a960582']",0x000000000000000000000000000000000000000000000000000000003d7d5a9afffffffffffffffffffffffffffffffffffffffffffffffff74e9bf428db5a6400000000000000000000000000000000000060475d41211c3dc01afa7627a415000000000000000000000000000000000000000000000001fbff1d6273bc46200000000000000000000000000000000000000000000000000000000000031612,0x112adee,0x88b8c671806905bdacd3870389e8dd733ba26257222c3848e7905749607e7ad7,0x64ea67ff,0x3993d271c,0x434a3,0xb3,0x73f2f5614c89f33997c82d4df358a83aeca505a6b63aea22e173203d2e09db82,0x44,18001390,1693083647,2023-08-26 21:00:47,0x1111111254eeb25477b68fb85ed929f73a960582,0x1111111254eeb25477b68fb85ed929f73a960582,1031625370,-626391825198130588,1952765382331523841065222532473877,36605008604976399904,202258
0x88e6a0c2ddd26feeb64f039a2c41296fcb3f5640,"['0xc42079f94a6350d7e6235f29174924f928cc2ac818eb64fed8004e115fbcca67', '0x0000000000000000000000003fc91a3afd70395cd496c647d5a6cc9d4b2b7fad', '0x000000000000000000000000b34dfe5836d283f288ab7cd93be78a077dc1ddaf']",0xffffffffffffffffffffffffffffffffffffffffffffffffffffffff4f7aea7700000000000000000000000000000000000000000000000018fae27693b40000000000000000000000000000000000000000604769d628b2919a4815a45eaad1000000000000000000000000000000000000000000000001fbff1d6273bc46200000000000000000000000000000000000000000000000000000000000031612,0x112adf0,0x4201cd9ddede58a48abc4b8ca3a050a3002f620df6d85be12026c6a11de5ae24,0x64ea6817,0x3dc7145fc,0x2172c,0x7b,0x0e6c11161cb54fa2fd57a813ac822f03c045766518070ca34df626c3b7a52e7b,0x13,18001392,1693083671,2023-08-26 21:01:11,0x3fc91a3afd70395cd496c647d5a6cc9d4b2b7fad,0xb34dfe5836d283f288ab7cd93be78a077dc1ddaf,-2961511817,1800000000000000000,1952769276317418438968383043971793,36605008604976399904,202258
0x88e6a0c2ddd26feeb64f039a2c41296fcb3f5640,"['0xc42079f94a6350d7e6235f29174924f928cc2ac818eb64fed8004e115fbcca67', '0x0000000000000000000000003fc91a3afd70395cd496c647d5a6cc9d4b2b7fad', '0x0000000000000000000000003fc91a3afd70395cd496c647d5a6cc9d4b2b7fad']",0x00000000000000000000000000000000000000000000000000000000cdd6590effffffffffffffffffffffffffffffffffffffffffffffffe2e679401de5eed700000000000000000000000000000000000060475b2c0a98d2972c4304028d82000000000000000000000000000000000000000000000001fbff1d6273bc46200000000000000000000000000000000000000000000000000000000000031612,0x112adf2,0x4207ac8d9d3fa5d1b5a29da37164011a4c972f6ad51649f8717e7a13caf5b2fe,0x64ea682f,0x3349ad84f,0x398b2,0x102,0x869b7d4d71e879c35fbaa7dbe45a381f6d7651b63f7c50d1a334043394234947,0x65,18001394,1693083695,2023-08-26 21:01:35,0x3fc91a3afd70395cd496c647d5a6cc9d4b2b7fad,0x3fc91a3afd70395cd496c647d5a6cc9d4b2b7fad,3453376782,-2096855260207911209,1952764737867745678687051479944578,36605008604976399904,202258
0x88e6a0c2ddd26feeb64f039a2c41296fcb3f5640,"['0xc42079f94a6350d7e6235f29174924f928cc2ac818eb64fed8004e115fbcca67', '0x00000000000000000000000068b3465833fb72a70ecdf485e0e4c7bd8665fc45', '0x0000000000000000000000004cb6f0ef0eeb503f8065af1a6e6d5dd46197d3d9']",0xffffffffffffffffffffffffffffffffffffffffffffffffffffffff0dce9e4900000000000000000000000000000000000000000000000022460f3e23e44d8400000000000000000000000000000000000060476c6f6f1ac6ab6f486fb1c62b000000000000000000000000000000000000000000000001fbff1d6273bc46200000000000000000000000000000000000000000000000000000000000031612,0x112adf4,0x2207d43cc41daa1295aecd5f8e0f092d49d97b4a8418443f664786ba3777911e,0x64ea6847,0x5c7e20851,0x2cd6c,0x24,0x776476e1b00b15e00a1ae3d8d8d2829eaf94c4e972ff16048a523ae735ad1405,0x3,18001396,1693083719,2023-08-26 21:01:59,0x68b3465833fb72a70ecdf485e0e4c7bd8665fc45,0x4cb6f0ef0eeb503f8065af1a6e6d5dd46197d3d9,-4063322551,2469678205223849348,1952770080585576421761982909236779,36605008604976399904,202258
0x88e6a0c2ddd26feeb64f039a2c41296fcb3f5640,"['0xc42079f94a6350d7e6235f29174924f928cc2ac818eb64fed8004e115fbcca67', '0x0000000000000000000000003fc91a3afd70395cd496c647d5a6cc9d4b2b7fad', '0x0000000000000000000000008616b44b734817a2c954016a57cf2c4d72d6f838']",0x000000000000000000000000000000000000000000000000000000003b9aca00fffffffffffffffffffffffffffffffffffffffffffffffff792d2b33a797f9e000000000000000000000000000000000000604768305865d277a13198b0da6e000000000000000000000000000000000000000000000001fbff1d6273bc46200000000000000000000000000000000000000000000000000000000000031612,0x112adf7,0x6b9f517eeed997f1e068d0bcf11dfe98719484ad1d67fe66ad97490c3e73f196,0x64ea686b,0x3071e01f1,0x37d9f,0x10,0xf7648f3f6b2ad7de5bf8f9e601024982775936606e7e145450a275464db128cd,0x2,18001399,1693083755,2023-08-26 21:02:35,0x3fc91a3afd70395cd496c647d5a6cc9d4b2b7fad,0x8616b44b734817a2c954016a57cf2c4d72d6f838,1000000000,-607191332519575650,1952768766375980427468903531207278,36605008604976399904,202258
0x88e6a0c2ddd26feeb64f039a2c41296fcb3f5640,"['0xc42079f94a6350d7e6235f29174924f928cc2ac818eb64fed8004e115fbcca67', '0x00000000000000000000000023ebcd701fd92867235aeb0174b7c444b9b2b3ad', '0x00000000000000000000000023ebcd701fd92867235aeb0174b7c444b9b2b3ad']",0xfffffffffffffffffffffffffffffffffffffffffffffffffffffffa8887baac000000000000000000000000000000000000000000000000c60b826e3bb5609f00000000000000000000000000000000000060476eaa8f61109b1ea70e5ab10300000000000000000000000000000000000000000000001e8f393c56c6284c0b0000000000000000000000000000000000000000000000000000000000031612,0x112adfc,0x5c93d03f7b055de6be15bfa3128d74e4848f2d7ad6d0f53eadb6c7ffadde9d25,0x64ea68a7,0x2c9f68f67,0x55dc2,0xf,0xc6af191c26178b861c99c0d318081505cb4109c4161318e4890efc07aa357af9,0x2,18001404,1693083815,2023-08-26 21:03:35,0x23ebcd701fd92867235aeb0174b7c444b9b2b3ad,0x23ebcd701fd92867235aeb0174b7c444b9b2b3ad,-23479207252,14270643254213304479,1952770771034631748921935108157699,563722668575772134411,202258
0x88e6a0c2ddd26feeb64f039a2c41296fcb3f5640,"['0xc42079f94a6350d7e6235f29174924f928cc2ac818eb64fed8004e115fbcca67', '0x00000000000000000000000068b3465833fb72a70ecdf485e0e4c7bd8665fc45', '0x00000000000000000000000068b3465833fb72a70ecdf485e0e4c7bd8665fc45']",0x000000000000000000000000000000000000000000000000000000011eefcf80ffffffffffffffffffffffffffffffffffffffffffffffffd76f5e950a3ce45300000000000000000000000000000000000060475a395326db66d430f1840285000000000000000000000000000000000000000000000001fbff1d6273bc46200000000000000000000000000000000000000000000000000000000000031612,0x112adfd,0x9c2e93004fe53007ff7429d7d64661f9b48f5402f705c90a0af984c8ecd6da84,0x64ea68b3,0x460f76ca9,0x3506e,0x6a,0x5f2b54ea3698d3cf123e2ab46790fd68be8b8279945a7dd02fe5d8d6e66cf14e,0xa,18001405,1693083827,2023-08-26 21:03:47,0x68b3465833fb72a70ecdf485e0e4c7bd8665fc45,0x68b3465833fb72a70ecdf485e0e4c7bd8665fc45,4814000000,-2923013638925261741,1952764444441401971667956054360709,36605008604976399904,202258
0x88e6a0c2ddd26feeb64f039a2c41296fcb3f5640,"['0xc42079f94a6350d7e6235f29174924f928cc2ac818eb64fed8004e115fbcca67', '0x0000000000000000000000003fc91a3afd70395cd496c647d5a6cc9d4b2b7fad', '0x0000000000000000000000003fc91a3afd70395cd496c647d5a6cc9d4b2b7fad']",0x0000000000000000000000000000000000000000000000000000000011490c80fffffffffffffffffffffffffffffffffffffffffffffffffd8e6c07ed032280000000000000000000000000000000000000604758fe121d35e6537016ffdf77000000000000000000000000000000000000000000000001fbff1d6273bc46200000000000000000000000000000000000000000000000000000000000031612,0x112adfd,0x9c2e93004fe53007ff7429d7d64661f9b48f5402f705c90a0af984c8ecd6da84,0x64ea68b3,0x2c018fe86,0x2a65d,0xd8,0x8c9aa4516df615b5ef5455e17edc85feced359dd3cd4ca6a5ca86b27e789ad57,0x39,18001405,1693083827,2023-08-26 21:03:47,0x3fc91a3afd70395cd496c647d5a6cc9d4b2b7fad,0x3fc91a3afd70395cd496c647d5a6cc9d4b2b7fad,290000000,-176084554123894144,1952764063322637025303196631818103,36605008604976399904,202258
0x88e6a0c2ddd26feeb64f039a2c41296fcb3f5640,"['0xc42079f94a6350d7e6235f29174924f928cc2ac818eb64fed8004e115fbcca67', '0x0000000000000000000000003fc91a3afd70395cd496c647d5a6cc9d4b2b7fad', '0x0000000000000000000000003fc91a3afd70395cd496c647d5a6cc9d4b2b7fad']",0x00000000000000000000000000000000000000000000000000000002a3a020b1ffffffffffffffffffffffffffffffffffffffffffffffffa07c78da7ece7854000000000000000000000000000000000000604728dbf5026125979927adae2d000000000000000000000000000000000000000000000001fbff1d6273bc46200000000000000000000000000000000000000000000000000000000000031612,0x112adfe,0x782345ac3d63265053675eccb20e2b949cb3604ee327b67156d71d4a02bca006,0x64ea68bf,0x360dd86ec,0x37772,0x9c,0x5556d03c9f1a78e76d4f24d907d750fc408fa1f13af9c3dd61154305be33f4bc,0x24,18001406,1693083839,2023-08-26 21:03:59,0x3fc91a3afd70395cd496c647d5a6cc9d4b2b7fad,0x3fc91a3afd70395cd496c647d5a6cc9d4b2b7fad,11335114929,-6882493250703296428,1952749166801244160033706361073197,36605008604976399904,202258
0x88e6a0c2ddd26feeb64f039a2c41296fcb3f5640,"['0xc42079f94a6350d7e6235f29174924f928cc2ac818eb64fed8004e115fbcca67', '0x0000000000000000000000001111111254eeb25477b68fb85ed929f73a960582', '0x000000000000000000000000a7ca2c8673bcfa5a26d8ceec2887f2cc2b0db22a']",0xffffffffffffffffffffffffffffffffffffffffffffffffffffffff4a92e50f00000000000000000000000000000000000000000000000019ac8532c2790000000000000000000000000000000000000000604735ca75b237540d1188f47519000000000000000000000000000000000000000000000001fbff1d6273bc46200000000000000000000000000000000000000000000000000000000000031612,0x112ae00,0x5c3dc210c4daafea03592917fbddbfdc3200e76ff97170f1487aee80d9224df7,0x64ea68d7,0x2bd5ff43c,0x398b5,0x7c,0x86de3817b5e834204ff21a6b88e9a090df8c4d5e33aa5af44faeab0f1eefe5d0,0x3e,18001408,1693083863,2023-08-26 21:04:23,0x1111111254eeb25477b68fb85ed929f73a960582,0xa7ca2c8673bcfa5a26d8ceec2887f2cc2b0db22a,-3043826417,1850000000000000000,1952753168953413607878621331223833,36605008604976399904,202258
0x88e6a0c2ddd26feeb64f039a2c41296fcb3f5640,"['0xc42079f94a6350d7e6235f29174924f928cc2ac818eb64fed8004e115fbcca67', '0x0000000000000000000000003208684f96458c540eb08f6f01b9e9afb2b7d4f0', '0x0000000000000000000000003208684f96458c540eb08f6f01b9e9afb2b7d4f0']",0xffffffffffffffffffffffffffffffffffffffffffffffffffffffff6f2dbb14000000000000000000000000000000000000000000000000147e7533774f9d3c0000000000000000000000000000000000006047401d0a40b9b88e32669ce857000000000000000000000000000000000000000000000001fbff1d6273bc46200000000000000000000000000000000000000000000000000000000000031612,0x112ae02,0x2bbdeb50d4c2a30b69779a696a2aea7b39f27829b0e17023a5e1fd9d967f978b,0x64ea68ef,0x2be56a540,0xbf9e9,0x73,0x405dd20eeeccb421bb2bcf99bf62cba0149f3fc7ebd334dd1508d74d3df2c64d,0x10,18001410,1693083887,2023-08-26 21:04:47,0x3208684f96458c540eb08f6f01b9e9afb2b7d4f0,0x3208684f96458c540eb08f6f01b9e9afb2b7d4f0,-2429699308,1476746591729589564,1952756363636968102628775912335447,36605008604976399904,202258
0x88e6a0c2ddd26feeb64f039a2c41296fcb3f5640,"['0xc42079f94a6350d7e6235f29174924f928cc2ac818eb64fed8004e115fbcca67', '0x0000000000000000000000003fc91a3afd70395cd496c647d5a6cc9d4b2b7fad', '0x0000000000000000000000003fc91a3afd70395cd496c647d5a6cc9d4b2b7fad']",0x00000000000000000000000000000000000000000000000000000000b2d05e00ffffffffffffffffffffffffffffffffffffffffffffffffe6b8919ad2fd0bee0000000000000000000000000000000000006047335fd2fc292ddbf1762dfb3c000000000000000000000000000000000000000000000001fbff1d6273bc46200000000000000000000000000000000000000000000000000000000000031612,0x112ae04,0x5b6936c63a989981cc3a9d4d5cbe65c55e89204ad5a18928ec4ee38b189e7e9f,0x64ea6907,0x2bd4deb26,0x2b911,0x12e,0xe801783e81385a65bf18b565369294887c6af961edfa7a61c439051c52b6c8ab,0x6c,18001412,1693083911,2023-08-26 21:05:11,0x3fc91a3afd70395cd496c647d5a6cc9d4b2b7fad,0x3fc91a3afd70395cd496c647d5a6cc9d4b2b7fad,3000000000,-1821545955120575506,1952752421068875388835114230086460,36605008604976399904,202258
0x88e6a0c2ddd26feeb64f039a2c41296fcb3f5640,"['0xc42079f94a6350d7e6235f29174924f928cc2ac818eb64fed8004e115fbcca67', '0x00000000000000000000000068b3465833fb72a70ecdf485e0e4c7bd8665fc45', '0x0000000000000000000000002f62f2b4c5fcd7570a709dec05d68ea19c82a9ec']",0x00000000000000000000000000000000000000000000000000000000032c0303ffffffffffffffffffffffffffffffffffffffffffffffffff8d34a6d37da08100000000000000000000000000000000000060473325f98305da84272d6764bb000000000000000000000000000000000000000000000001fbff1d6273bc46200000000000000000000000000000000000000000000000000000000000031612,0x112ae08,0xf8940f7dd747b881d85e63f2cbe2c0f7d9b7652467f3521fad6a35d34cef23b4,0x64ea6937,0x2e6a89257,0x2f68f,0x78,0x70e89b9ad87bb7bc61d903c2034659c4258d69019cbf813d877101f53b5afe47,0x11,18001416,1693083959,2023-08-26 21:05:59,0x68b3465833fb72a70ecdf485e0e4c7bd8665fc45,0x2f62f2b4c5fcd7570a709dec05d68ea19c82a9ec,53216003,-32311731204284287,1952752351133115542510878694270139,36605008604976399904,202258
0x88e6a0c2ddd26feeb64f039a2c41296fcb3f5640,"['0xc42079f94a6350d7e6235f29174924f928cc2ac818eb64fed8004e115fbcca67', '0x0000000000000000000000003fc91a3afd70395cd496c647d5a6cc9d4b2b7fad', '0x0000000000000000000000003fc91a3afd70395cd496c647d5a6cc9d4b2b7fad']",0x00000000000000000000000000000000000000000000000000000000b2d05e00ffffffffffffffffffffffffffffffffffffffffffffffffe6b89869bdd1c85d00000000000000000000000000000000000060472668c5acc8e61de0429a8424000000000000000000000000000000000000000000000001fbff1d6273bc46200000000000000000000000000000000000000000000000000000000000031612,0x112ae09,0x6f9e19e4e47e392c70f87f04cef1edf30a9b928193ae4885247993ec8ba47ce6,0x64ea6943,0x28f6ac442,0x2b911,0xf0,0xbfbb411d5f4dd3ee0d6cf17555da9a4a9d4a41513580422f3d8d6e00baac82e9,0x60,18001417,1693083971,2023-08-26 21:06:11,0x3fc91a3afd70395cd496c647d5a6cc9d4b2b7fad,0x3fc91a3afd70395cd496c647d5a6cc9d4b2b7fad,3000000000,-1821538469347735459,1952748408581225093099022861370404,36605008604976399904,202258
0x88e6a0c2ddd26feeb64f039a2c41296fcb3f5640,"['0xc42079f94a6350d7e6235f29174924f928cc2ac818eb64fed8004e115fbcca67', '0x0000000000000000000000001111111254eeb25477b68fb85ed929f73a960582', '0x00000000000000000000000074de5d4fcbf63e00296fd95d33236b9794016631']",0xffffffffffffffffffffffffffffffffffffffffffffffffffffffffd8f6bbb2000000000000000000000000000000000000000000000000058628dce902de5900000000000000000000000000000000000060472931116c69ecdd81c7677901000000000000000000000000000000000000000000000001fbff1d6273bc46200000000000000000000000000000000000000000000000000000000000031612,0x112ae0a,0xbfcb1790efb03947ec47bf9575c47bca17ed3dd7172d5a688f9f0ee8386063e0,0x64ea694f,0x2c88d18fb,0x438ad,0xbd,0xc681a13bbc2912c54fcddf191fb6a3a4248e4cdc4ac83f6862f1067866a9ab7d,0x4a,18001418,1693083983,2023-08-26 21:06:23,0x1111111254eeb25477b68fb85ed929f73a960582,0x74de5d4fcbf63e00296fd95d33236b9794016631,-654918734,398050546336063065,1952749269694121076220487572879617,36605008604976399904,202258
0x88e6a0c2ddd26feeb64f039a2c41296fcb3f5640,"['0xc42079f94a6350d7e6235f29174924f928cc2ac818eb64fed8004e115fbcca67', '0x0000000000000000000000003208684f96458c540eb08f6f01b9e9afb2b7d4f0', '0x0000000000000000000000003208684f96458c540eb08f6f01b9e9afb2b7d4f0']",0xffffffffffffffffffffffffffffffffffffffffffffffffffffffff2f20e9dc0000000000000000000000000000000000000000000000001d8ec7faab6bf646000000000000000000000000000000000000604738145e5454ac101874fd1bbc000000000000000000000000000000000000000000000001fbff1d6273bc46200000000000000000000000000000000000000000000000000000000000031612,0x112ae12,0x78914193720e27089498f830b4d7704d7a9dc73e4b2cf72fb08575f3f1902271,0x64ea69af,0x4fc342d04,0x770d3,0x28,0x60c15f4dab5254a9c80715c4313da8169933073953d10a99f373155a2a976688,0x4,18001426,1693084079,2023-08-26 21:07:59,0x3208684f96458c540eb08f6f01b9e9afb2b7d4f0,0x3208684f96458c540eb08f6f01b9e9afb2b7d4f0,-3504281124,2129859553224554054,1952753877273597593445740486400956,36605008604976399904,202258
0x88e6a0c2ddd26feeb64f039a2c41296fcb3f5640,"['0xc42079f94a6350d7e6235f29174924f928cc2ac818eb64fed8004e115fbcca67', '0x0000000000000000000000003fc91a3afd70395cd496c647d5a6cc9d4b2b7fad', '0x0000000000000000000000003fc91a3afd70395cd496c647d5a6cc9d4b2b7fad']",0x00000000000000000000000000000000000000000000000000000001bbcea790ffffffffffffffffffffffffffffffffffffffffffffffffc14251f98734ada0000000000000000000000000000000000000604718763d100857f9d481c04c32000000000000000000000000000000000000000000000001fbff1d6273bc46200000000000000000000000000000000000000000000000000000000000031612,0x112ae16,0x81c01002b1ee8b5e270bad49d90e86e881b1a59557ed292849c32c3982d84e68,0x64ea69df,0x283295fb6,0x5b753,0xdb,0x3ac2b02651ecd8a4339380a0445e8e96c1542bb8725f90fdf832a4b980cac2f1,0x59,18001430,1693084127,2023-08-26 21:08:47,0x3fc91a3afd70395cd496c647d5a6cc9d4b2b7fad,0x3fc91a3afd70395cd496c647d5a6cc9d4b2b7fad,7445850000,-4520960943769473632,1952744092070915660059963847363634,36605008604976399904,202258
0x88e6a0c2ddd26feeb64f039a2c41296fcb3f5640,"['0xc42079f94a6350d7e6235f29174924f928cc2ac818eb64fed8004e115fbcca67', '0x0000000000000000000000003fc91a3afd70395cd496c647d5a6cc9d4b2b7fad', '0x000000000000000000000000ac06883bb82c3a7b64a793b32da99869404c2bdb']",0xfffffffffffffffffffffffffffffffffffffffffffffffffffffffe6deb538100000000000000000000000000000000000000000000000038e62046fb1a00000000000000000000000000000000000000006047351f073bc75727aedccbdb8a000000000000000000000000000000000000000000000001fbff1d6273bc46200000000000000000000000000000000000000000000000000000000000031612,0x112ae18,0x8cd3d93a254d8e5b06168733fddefbdc86697b55e22bc2b2fbe9c03344817a63,0x64ea69f7,0x2affc0d5f,0x1d46c,0xa5,0xfd1d8dc9d09fd543819d941910d863295c311aeadedeb490c76850e22e318dde,0x3d,18001432,1693084151,2023-08-26 21:09:11,0x3fc91a3afd70395cd496c647d5a6cc9d4b2b7fad,0xac06883bb82c3a7b64a793b32da99869404c2bdb,-6745795711,4100000000000000000,1952752961705453355283829456886666,36605008604976399904,202258
0x88e6a0c2ddd26feeb64f039a2c41296fcb3f5640,"['0xc42079f94a6350d7e6235f29174924f928cc2ac818eb64fed8004e115fbcca67', '0x00000000000000000000000053facee52e897740b140f5304e9cd9dc6238d735', '0x00000000000000000000000053facee52e897740b140f5304e9cd9dc6238d735']",0x0000000000000000000000000000000000000000000000000000000019acd204fffffffffffffffffffffffffffffffffffffffffffffffffc5ecc5a63b322240000000000000000000000000000000000006047334ac41366b3bf17b5f4adf1000000000000000000000000000000000000000000000001fbff1d6273bc46200000000000000000000000000000000000000000000000000000000000031612,0x112ae1f,0x6d7d8a6cf367a932223efbc9ce4d5e20f8c4b5cfa05f9858f10d75d4a566cfc9,0x64ea6a4b,0x282cf3a90,0x8daf4,0x19,0xabce35f63de1c89f7141c0bce4876a2e761b01f2d183d63a8081ab848bdbc276,0x1,18001439,1693084235,2023-08-26 21:10:35,0x53facee52e897740b140f5304e9cd9dc6238d735,0x53facee52e897740b140f5304e9cd9dc6238d735,430756356,-261547039749103068,1952752395611026387997713837108721,36605008604976399904,202258
0x88e6a0c2ddd26feeb64f039a2c41296fcb3f5640,"['0xc42079f94a6350d7e6235f29174924f928cc2ac818eb64fed8004e115fbcca67', '0x0000000000000000000000003fc91a3afd70395cd496c647d5a6cc9d4b2b7fad', '0x0000000000000000000000003fc91a3afd70395cd496c647d5a6cc9d4b2b7fad']",0x0000000000000000000000000000000000000000000000000000000077359400ffffffffffffffffffffffffffffffffffffffffffffffffef25ba25ffe2bded00000000000000000000000000000000000060472acca11e31cbbc57a010a1d9000000000000000000000000000000000000000000000001fbff1d6273bc46200000000000000000000000000000000000000000000000000000000000031612,0x112ae20,0x0f65caacd7ffbbbdb18ada8257f368161de19972377d4d145ee842ca5ccd2721,0x64ea6a57,0x2cb417800,0x3306d,0xa1,0x4d2f264d24f0e6de951fb574d5b93f75d0f60096f8fa90a17a5186cfd3458ed8,0x36,18001440,1693084247,2023-08-26 21:10:47,0x3fc91a3afd70395cd496c647d5a6cc9d4b2b7fad,0x3fc91a3afd70395cd496c647d5a6cc9d4b2b7fad,2000000000,-1214359852136874515,1952749767241210820778152655102425,36605008604976399904,202258
0x88e6a0c2ddd26feeb64f039a2c41296fcb3f5640,"['0xc42079f94a6350d7e6235f29174924f928cc2ac818eb64fed8004e115fbcca67', '0x0000000000000000000000003fc91a3afd70395cd496c647d5a6cc9d4b2b7fad', '0x0000000000000000000000003fc91a3afd70395cd496c647d5a6cc9d4b2b7fad']",0x0000000000000000000000000000000000000000000000000000000001fccf39ffffffffffffffffffffffffffffffffffffffffffffffffffb811d51ad8876b00000000000000000000000000000000000060472aa861796a6a0e753f49dc85000000000000000000000000000000000000000000000001fbff1d6273bc46200000000000000000000000000000000000000000000000000000000000031612,0x112ae20,0x0f65caacd7ffbbbdb18ada8257f368161de19972377d4d145ee842ca5ccd2721,0x64ea6a57,0x28cfabccc,0x413cc,0x1ac,0x850d89bb38efb67caa420389628d9c27374b1195553ef8e13b8157328c824cb4,0x6c,18001440,1693084247,2023-08-26 21:10:47,0x3fc91a3afd70395cd496c647d5a6cc9d4b2b7fad,0x3fc91a3afd70395cd496c647d5a6cc9d4b2b7fad,33345337,-20246591347062933,1952749723419332593247152264305797,36605008604976399904,202258
0x88e6a0c2ddd26feeb64f039a2c41296fcb3f5640,"['0xc42079f94a6350d7e6235f29174924f928cc2ac818eb64fed8004e115fbcca67', '0x000000000000000000000000ad3b67bca8935cb510c8d18bd45f0b94f54a968f', '0x00000000000000000000000016588709ca8f7b84829b43cc1c5cb7e84a321b16']",0x000000000000000000000000000000000000000000000000000000004441ef91fffffffffffffffffffffffffffffffffffffffffffffffff659b6a20a1e2a57000000000000000000000000000000000000604725cb80e242f79de7dfeb60f8000000000000000000000000000000000000000000000001fbff1d6273bc46200000000000000000000000000000000000000000000000000000000000031612,0x112ae21,0x9f1ebf34dcc9e353d9aeba9c71b85a28d7d78e42b4546f3fcc530b447c5e024f,0x64ea6a63,0x2d04f6785,0x459a1,0xab,0xcfee4956ff084223061f9bd99d9cce3128bd9edd854bfa6684c1330bdc507d06,0x18,18001441,1693084259,2023-08-26 21:10:59,0xad3b67bca8935cb510c8d18bd45f0b94f54a968f,0x16588709ca8f7b84829b43cc1c5cb7e84a321b16,1145171857,-695323860381324713,1952748218455014599672460942729464,36605008604976399904,202258
0x88e6a0c2ddd26feeb64f039a2c41296fcb3f5640,"['0xc42079f94a6350d7e6235f29174924f928cc2ac818eb64fed8004e115fbcca67', '0x000000000000000000000000e8cfad4c75a5e1caf939fd80afcf837dde340a69', '0x000000000000000000000000e8cfad4c75a5e1caf939fd80afcf837dde340a69']",0x0000000000000000000000000000000000000000000000000000002778abaf7ffffffffffffffffffffffffffffffffffffffffffffffffa6bab3e4a9c42a3de000000000000000000000000000000000000604456004b05a81c0d12d786c8c2000000000000000000000000000000000000000000000001fbff1d6273bc46200000000000000000000000000000000000000000000000000000000000031610,0x112ae27,0x39d4cf68c63720e1ca1077458a823f1bf544e554680cbb0f7c9c69bb18b6b2f8,0x64ea6aab,0xb0206b4b4,0x202c7,0x4c,0xae9c33710a0d3fe21ba6923d8676dd6e02d659ee0aa2a164ac6937efe0b6b772,0xa,18001447,1693084331,2023-08-26 21:12:11,0xe8cfad4c75a5e1caf939fd80afcf837dde340a69,0xe8cfad4c75a5e1caf939fd80afcf837dde340a69,169528242047,-102922101169011383330,1952525453066656804838271678335170,36605008604976399904,202256
0x88e6a0c2ddd26feeb64f039a2c41296fcb3f5640,"['0xc42079f94a6350d7e6235f29174924f928cc2ac818eb64fed8004e115fbcca67', '0x0000000000000000000000001111111254eeb25477b68fb85ed929f73a960582', '0x0000000000000000000000001111111254eeb25477b68fb85ed929f73a960582']",0x00000000000000000000000000000000000000000000000000000000265b266efffffffffffffffffffffffffffffffffffffffffffffffffa942fec3964299b00000000000000000000000000000000000060445344eb06395c5a011afa7acb000000000000000000000000000000000000000000000001fbff1d6273bc46200000000000000000000000000000000000000000000000000000000000031610,0x112ae2b,0x2c2df6244d8001d8fb580a41c78cc6a8805186a64375829d5445eaeaa9d1d89b,0x64ea6adb,0x2963f8321,0x42a7e,0x109,0x0ec7bcbffada6a9afa1e31ade392114b64e66b4e8fb7fa8c3c1feb8bbe6d295f,0x64,18001451,1693084379,2023-08-26 21:12:59,0x1111111254eeb25477b68fb85ed929f73a960582,0x1111111254eeb25477b68fb85ed929f73a960582,643507822,-390634576052737637,1952524607574172178307112844819147,36605008604976399904,202256
0x88e6a0c2ddd26feeb64f039a2c41296fcb3f5640,"['0xc42079f94a6350d7e6235f29174924f928cc2ac818eb64fed8004e115fbcca67', '0x000000000000000000000000a69babef1ca67a37ffaf7a485dfff3382056e78c', '0x000000000000000000000000a69babef1ca67a37ffaf7a485dfff3382056e78c']",0x00000000000000000000000000000000000000000000000000000011e09deac9fffffffffffffffffffffffffffffffffffffffffffffffd792fcdb4f538b8ac00000000000000000000000000000000000060430d50587652aee795100f18a8000000000000000000000000000000000000000000000001fbff1d6273bc4620000000000000000000000000000000000000000000000000000000000003160f,0x112ae2f,0xc74c49e3590761a3dddad6f4a479ef016f97601c62d033d3b68d5fc703143736,0x64ea6b0b,0x2855e8eec,0x1ec31,0x14,0x6e7bcf7cf84fbe9522d8cb3c74d3e1b5e67f6d1b8c15ee407baa62d5c8d32451,0x4,18001455,1693084427,2023-08-26 21:13:47,0xa69babef1ca67a37ffaf7a485dfff3382056e78c,0xa69babef1ca67a37ffaf7a485dfff3382056e78c,76782889673,-46607807841542031188,1952423729275960242221141935986856,36605008604976399904,202255
0x88e6a0c2ddd26feeb64f039a2c41296fcb3f5640,"['0xc42079f94a6350d7e6235f29174924f928cc2ac818eb64fed8004e115fbcca67', '0x000000000000000000000000e8cfad4c75a5e1caf939fd80afcf837dde340a69', '0x000000000000000000000000e8cfad4c75a5e1caf939fd80afcf837dde340a69']",0x000000000000000000000000000000000000000000000000000000235e0a75dffffffffffffffffffffffffffffffffffffffffffffffffb0096dabb62d0ebce000000000000000000000000000000000000604088912a187fb8bf84815aeaf7000000000000000000000000000000000000000000000001fbff1d6273bc4620000000000000000000000000000000000000000000000000000000000003160d,0x112ae30,0xcba61de666fe31f5626ba21ef66014516964a4e21257f829c93f5c5ca9c633d2,0x64ea6b17,0x8f6278dd2,0x1ff07,0x64,0x4728d4ce16b69512ea7afc031b96f6fb0934b8a48f3f10f04cd84a2c3829204f,0xa,18001456,1693084439,2023-08-26 21:13:59,0xe8cfad4c75a5e1caf939fd80afcf837dde340a69,0xe8cfad4c75a5e1caf939fd80afcf837dde340a69,151901599199,-92191258623689561138,1952224189805844142810208325528311,36605008604976399904,202253
0x88e6a0c2ddd26feeb64f039a2c41296fcb3f5640,"['0xc42079f94a6350d7e6235f29174924f928cc2ac818eb64fed8004e115fbcca67', '0x0000000000000000000000003fc91a3afd70395cd496c647d5a6cc9d4b2b7fad', '0x0000000000000000000000003fc91a3afd70395cd496c647d5a6cc9d4b2b7fad']",0x00000000000000000000000000000000000000000000000000000000419fd4dafffffffffffffffffffffffffffffffffffffffffffffffff6ba4a1c3dee8c2b000000000000000000000000000000000000604083e4f4aa4ea21d899b255bb2000000000000000000000000000000000000000000000001fbff1d6273bc4620000000000000000000000000000000000000000000000000000000000003160d,0x112ae31,0x8f04427a98eb0edb76c9473804df8eeb5d2e435075f0a5ed2637985ad8576b1e,0x64ea6b23,0x286b82961,0x2128c,0xe7,0x9d704ec5f8d123669dd361f45ea96b0a1eafee530c5a4cafe3c1d28be6b2becb,0x70,18001457,1693084451,2023-08-26 21:14:11,0x3fc91a3afd70395cd496c647d5a6cc9d4b2b7fad,0x3fc91a3afd70395cd496c647d5a6cc9d4b2b7fad,1100993754,-668140109552514005,1952222743678245781080859807669170,36605008604976399904,202253
0x88e6a0c2ddd26feeb64f039a2c41296fcb3f5640,"['0xc42079f94a6350d7e6235f29174924f928cc2ac818eb64fed8004e115fbcca67', '0x000000000000000000000000e8cfad4c75a5e1caf939fd80afcf837dde340a69', '0x000000000000000000000000e8cfad4c75a5e1caf939fd80afcf837dde340a69']",0x000000000000000000000000000000000000000000000000000000293f191c16fffffffffffffffffffffffffffffffffffffffffffffffa2c3ea923bae83274000000000000000000000000000000000000603d9423798a31bca551edcc75e0000000000000000000000000000000000000000000000001fbff1d6273bc4620000000000000000000000000000000000000000000000000000000000003160a,0x112ae32,0xd223e5d06f9052c2f0494a744725c47c98e837a60ca000fcc123d1762725061a,0x64ea6b2f,0xbe88dd560,0x202db,0x52,0x9fad3a3d6452586cc6f0b6e06971ae0f5ccd5a3d91aee8465c9a43bf4d95b41c,0xb,18001458,1693084463,2023-08-26 21:14:23,0xe8cfad4c75a5e1caf939fd80afcf837dde340a69,0xe8cfad4c75a5e1caf939fd80afcf837dde340a69,177152269334,-107492292885107690892,1951990086531743309904908456326624,36605008604976399904,202250
0x88e6a0c2ddd26feeb64f039a2c41296fcb3f5640,"['0xc42079f94a6350d7e6235f29174924f928cc2ac818eb64fed8004e115fbcca67', '0x000000000000000000000000def1c0ded9bec7f1a1670819833240f027b25eff', '0x000000000000000000000000def1c0ded9bec7f1a1670819833240f027b25eff']",0xffffffffffffffffffffffffffffffffffffffffffffffffffffffffe61993fa00000000000000000000000000000000000000000000000003a98cefa288aef8000000000000000000000000000000000000603d95fbb549b1be6555192e917a000000000000000000000000000000000000000000000001fbff1d6273bc4620000000000000000000000000000000000000000000000000000000000003160a,0x112ae34,0x5664a856cd678b233bba945b1b6d91ce117e7734967321704a2c0ef54caf2b51,0x64ea6b47,0x2f7aeff6e,0x6d74d,0x25,0x5315bf7123188cd731d125bf611af055038fc8787424eb1db30a20bdf321f7c9,0x15,18001460,1693084487,2023-08-26 21:14:47,0xdef1c0ded9bec7f1a1670819833240f027b25eff,0xdef1c0ded9bec7f1a1670819833240f027b25eff,-434531334,263897014029823736,1951990657426882342481898186379642,36605008604976399904,202250
0x88e6a0c2ddd26feeb64f039a2c41296fcb3f5640,"['0xc42079f94a6350d7e6235f29174924f928cc2ac818eb64fed8004e115fbcca67', '0x000000000000000000000000b2d392abb24e79baf51eec7e2a9955509a42663b', '0x000000000000000000000000b2d392abb24e79baf51eec7e2a9955509a42663b']",0xfffffffffffffffffffffffffffffffffffffffffffffffffffffffed5fa0e000000000000000000000000000000000000000000000000002a241af60d2a913e000000000000000000000000000000000000603dab358d69b78a482dca6454fc000000000000000000000000000000000000000000000001fbff1d6273bc4620000000000000000000000000000000000000000000000000000000000003160a,0x112ae37,0xaedf7307596a646086c7c84d1c7814d50b4401a89d65f58d2bc10a2563a128ec,0x64ea6b6b,0x2861403e7,0x320eb,0x14d,0x06c237998c27eef2c92d99727704226233f32b3419db2d43771aa27fefff89d5,0x33,18001463,1693084523,2023-08-26 21:15:23,0xb2d392abb24e79baf51eec7e2a9955509a42663b,0xb2d392abb24e79baf51eec7e2a9955509a42663b,-5000000000,3036581692839727422,1951997226541482182549217212650748,36605008604976399904,202250
0x88e6a0c2ddd26feeb64f039a2c41296fcb3f5640,"['0xc42079f94a6350d7e6235f29174924f928cc2ac818eb64fed8004e115fbcca67', '0x0000000000000000000000006719c6ebf80d6499ca9ce170cda72beb3f1d1a54', '0x0000000000000000000000006719c6ebf80d6499ca9ce170cda72beb3f1d1a54']",0xffffffffffffffffffffffffffffffffffffffffffffffffffffffffd7d49ad600000000000000000000000000000000000000000000000005ae18c1315baa4a000000000000000000000000000000000000603dae11f6d15fd5c3db9a5aa28a000000000000000000000000000000000000000000000001fbff1d6273bc4620000000000000000000000000000000000000000000000000000000000003160a,0x112ae39,0x885bd1e1f1a8776cf5975023b1cd0c1c2d1c17b4909c551af5cc1550f7c587a0,0x64ea6b83,0x60b73d86f,0x3edf7,0x4f,0xc7873d18dd842e79211f382e5a1175955190f7078a1a97fb4dffa412cdf29886,0x7,18001465,1693084547,2023-08-26 21:15:47,0x6719c6ebf80d6499ca9ce170cda72beb3f1d1a54,0x6719c6ebf80d6499ca9ce170cda72beb3f1d1a54,-673932586,409291834173139530,1951998111972942762721086002602634,36605008604976399904,202250
0x88e6a0c2ddd26feeb64f039a2c41296fcb3f5640,"['0xc42079f94a6350d7e6235f29174924f928cc2ac818eb64fed8004e115fbcca67', '0x0000000000000000000000003fc91a3afd70395cd496c647d5a6cc9d4b2b7fad', '0x0000000000000000000000003fc91a3afd70395cd496c647d5a6cc9d4b2b7fad']",0x0000000000000000000000000000000000000000000000000000000137ed1336ffffffffffffffffffffffffffffffffffffffffffffffffd3efe83edc82819c000000000000000000000000000000000000603d97dd781f690ec4981cc33262000000000000000000000000000000000000000000000001fbff1d6273bc4620000000000000000000000000000000000000000000000000000000000003160a,0x112ae3a,0x991aa1d502072625b973ef529417d25996eab2ac732f630dd37836e9c4fee6ff,0x64ea6b8f,0x2e3c0c384,0x22562,0x4d,0x45262224f16e3e8577f64bbc1b6ee5b14c1a9251a2b3e82f0367367aa4ccd8ab,0x37,18001466,1693084559,2023-08-26 21:15:59,0x3fc91a3afd70395cd496c647d5a6cc9d4b2b7fad,0x3fc91a3afd70395cd496c647d5a6cc9d4b2b7fad,5233251126,-3175063855587753572,1951991239840283040445391031186018,36605008604976399904,202250
0x88e6a0c2ddd26feeb64f039a2c41296fcb3f5640,"['0xc42079f94a6350d7e6235f29174924f928cc2ac818eb64fed8004e115fbcca67', '0x0000000000000000000000001111111254eeb25477b68fb85ed929f73a960582', '0x000000000000000000000000550f589100e379c8530c0564566d6e270ff13457']",0xffffffffffffffffffffffffffffffffffffffffffffffffffffffffd63d5d5200000000000000000000000000000000000000000000000005e7ac158fbb8a76000000000000000000000000000000000000603d9ad6e18ed4d411ccd892b598000000000000000000000000000000000000000000000001fbff1d6273bc4620000000000000000000000000000000000000000000000000000000000003160a,0x112ae3c,0xf592a6097bc9532d18decd8f3c94e8775f7da314a511873f86a6022534bec860,0x64ea6ba7,0x2cb0cf652,0x1bd8a,0xdb,0x0c96401cac4277286edec6ae596f4f284f26c9c61f229650f21b3d64cfdd617a,0x43,18001468,1693084583,2023-08-26 21:16:23,0x1111111254eeb25477b68fb85ed929f73a960582,0x550f589100e379c8530c0564566d6e270ff13457,-700621486,425497898415524470,1951992160330735602169708845118872,36605008604976399904,202250
0x88e6a0c2ddd26feeb64f039a2c41296fcb3f5640,"['0xc42079f94a6350d7e6235f29174924f928cc2ac818eb64fed8004e115fbcca67', '0x0000000000000000000000003fc91a3afd70395cd496c647d5a6cc9d4b2b7fad', '0x0000000000000000000000003fc91a3afd70395cd496c647d5a6cc9d4b2b7fad']",0x000000000000000000000000000000000000000000000000000000005ff1d9f6fffffffffffffffffffffffffffffffffffffffffffffffff2726417bc3460af000000000000000000000000000000000000603d940267a0f352db1b3dcbedcf000000000000000000000000000000000000000000000001fbff1d6273bc4620000000000000000000000000000000000000000000000000000000000003160a,0x112ae3d,0xa93a55238c9ae24c452a9a416f03f80ff9a0c3790b697c38423a3a253138078c,0x64ea6bb3,0x2b67588b9,0x3ce48,0xa1,0x75a968f9202ecc54911859a1db94a10c71fe766c9c414ca698f0f25e21c960b3,0x4b,18001469,1693084595,2023-08-26 21:16:35,0x3fc91a3afd70395cd496c647d5a6cc9d4b2b7fad,0x3fc91a3afd70395cd496c647d5a6cc9d4b2b7fad,1609685494,-976608116081401681,1951990046552608443696148260842959,36605008604976399904,202250
0x88e6a0c2ddd26feeb64f039a2c41296fcb3f5640,"['0xc42079f94a6350d7e6235f29174924f928cc2ac818eb64fed8004e115fbcca67', '0x0000000000000000000000003fc91a3afd70395cd496c647d5a6cc9d4b2b7fad', '0x0000000000000000000000003fc91a3afd70395cd496c647d5a6cc9d4b2b7fad']",0x0000000000000000000000000000000000000000000000000000000011e1a300fffffffffffffffffffffffffffffffffffffffffffffffffd795d0f71014811000000000000000000000000000000000000603d92bc89dce894b3bad964fc9d000000000000000000000000000000000000000000000001fbff1d6273bc4620000000000000000000000000000000000000000000000000000000000003160a,0x112ae3d,0xa93a55238c9ae24c452a9a416f03f80ff9a0c3790b697c38423a3a253138078c,0x64ea6bb3,0x2ba86ecd6,0x2380a,0xae,0xaeb2134cecee0c0a2f4f8cacc7e31f74361c35d53270f2ad1c92e0bf9bf9c1a5,0x54,18001469,1693084595,2023-08-26 21:16:35,0x3fc91a3afd70395cd496c647d5a6cc9d4b2b7fad,0x3fc91a3afd70395cd496c647d5a6cc9d4b2b7fad,300000000,-182011989029992431,1951989652604457740289546907876509,36605008604976399904,202250
0x88e6a0c2ddd26feeb64f039a2c41296fcb3f5640,"['0xc42079f94a6350d7e6235f29174924f928cc2ac818eb64fed8004e115fbcca67', '0x000000000000000000000000c11ce44147c9f6149fbe54adb0588523c38718d7', '0x000000000000000000000000fe0df74636bc25c7f2400f22fe7dae32d39443d2']",0xfffffffffffffffffffffffffffffffffffffffffffffffffffffffff40b394d00000000000000000000000000000000000000000000000001b0cc2e5f63ddc7000000000000000000000000000000000000603d9396889f24a5163285ff30a7000000000000000000000000000000000000000000000001fbff1d6273bc4620000000000000000000000000000000000000000000000000000000000003160a,0x112ae3d,0xa93a55238c9ae24c452a9a416f03f80ff9a0c3790b697c38423a3a253138078c,0x64ea6bb3,0x2cbd6ed58,0x328ec,0x120,0x0165de463fba57fbbaa589a72395d39f6640f1c7dc1525802ae01dc9516e1932,0x7e,18001469,1693084595,2023-08-26 21:16:35,0xc11ce44147c9f6149fbe54adb0588523c38718d7,0xfe0df74636bc25c7f2400f22fe7dae32d39443d2,-200591027,121821689479945671,1951989916144424679730775395872935,36605008604976399904,202250
0x88e6a0c2ddd26feeb64f039a2c41296fcb3f5640,"['0xc42079f94a6350d7e6235f29174924f928cc2ac818eb64fed8004e115fbcca67', '0x000000000000000000000000e592427a0aece92de3edee1f18e0157c05861564', '0x00000000000000000000000022f9dcf4647084d6c31b2765f6910cd85c178c18']",0xfffffffffffffffffffffffffffffffffffffffffffffffffffffffe3c850d360000000000000000000000000000000000000000000000003fd717ef4e31b74d000000000000000000000000000000000000603db3be5c84d23bb7f43f0afdfd000000000000000000000000000000000000000000000001fbff1d6273bc4620000000000000000000000000000000000000000000000000000000000003160a,0x112ae40,0x886d0ee05420dc4e7a526118c7c84bb90cd1c284646f32b562e17402f46ded5f,0x64ea6bd7,0x2f9c1f30d,0x51fec,0x15f,0x4349147edc5e29574216737bf4780cba2d92abc61ba12ade67f3d775d198cfe7,0x29,18001472,1693084631,2023-08-26 21:17:11,0xe592427a0aece92de3edee1f18e0157c05861564,0x22f9dcf4647084d6c31b2765f6910cd85c178c18,-7574581962,4600171860958754637,1951999867813502068384755503267325,36605008604976399904,202250
0x88e6a0c2ddd26feeb64f039a2c41296fcb3f5640,"['0xc42079f94a6350d7e6235f29174924f928cc2ac818eb64fed8004e115fbcca67', '0x000000000000000000000000def1c0ded9bec7f1a1670819833240f027b25eff', '0x000000000000000000000000def1c0ded9bec7f1a1670819833240f027b25eff']",0x00000000000000000000000000000000000000000000000000000000b19541f7ffffffffffffffffffffffffffffffffffffffffffffffffe6ea182e83b1e307000000000000000000000000000000000000603da71a1a7fa4c09565cfe8ebb4000000000000000000000000000000000000000000000001fbff1d6273bc4620000000000000000000000000000000000000000000000000000000000003160a,0x112ae41,0x18d0619032be59d00478c5852db3ae2d511c3618d647435ea6f4a7b13099ecd2,0x64ea6be3,0x34b08b969,0x3ad2d,0x22,0xb4f6d752a4cb1e9c0dc74b4053b9edfe073dd657f81828a44277b49af6f8dda2,0x11,18001473,1693084643,2023-08-26 21:17:23,0xdef1c0ded9bec7f1a1670819833240f027b25eff,0xdef1c0ded9bec7f1a1670819833240f027b25eff,2979348983,-1807605712378797305,1951995955417778096603832034847668,36605008604976399904,202250
0x88e6a0c2ddd26feeb64f039a2c41296fcb3f5640,"['0xc42079f94a6350d7e6235f29174924f928cc2ac818eb64fed8004e115fbcca67', '0x000000000000000000000000def1c0ded9bec7f1a1670819833240f027b25eff', '0x000000000000000000000000def1c0ded9bec7f1a1670819833240f027b25eff']",0x00000000000000000000000000000000000000000000000000000000dd965631ffffffffffffffffffffffffffffffffffffffffffffffffe0b2d043e5bc8361000000000000000000000000000000000000603d9753ef4fe477ad49b99a1d42000000000000000000000000000000000000000000000001fbff1d6273bc4620000000000000000000000000000000000000000000000000000000000003160a,0x112ae43,0x2685d548db093f84d407b63798f39d20947a7ea798a1ddc631b1fdf4ebbd5037,0x64ea6bfb,0x2ecfadc97,0x4be3f,0x109,0xad8bd7f517e3b0f47c3d585c3f42cb7673d88689126ed0bdaad7e268bccd90c3,0x6b,18001475,1693084667,2023-08-26 21:17:47,0xdef1c0ded9bec7f1a1670819833240f027b25eff,0xdef1c0ded9bec7f1a1670819833240f027b25eff,3717617201,-2255511473323474079,1951991073571375881416904541871426,36605008604976399904,202250
0x88e6a0c2ddd26feeb64f039a2c41296fcb3f5640,"['0xc42079f94a6350d7e6235f29174924f928cc2ac818eb64fed8004e115fbcca67', '0x0000000000000000000000003fc91a3afd70395cd496c647d5a6cc9d4b2b7fad', '0x0000000000000000000000003fc91a3afd70395cd496c647d5a6cc9d4b2b7fad']",0x00000000000000000000000000000000000000000000000000000000ce484605ffffffffffffffffffffffffffffffffffffffffffffffffe2dc511be032104e000000000000000000000000000000000000603d88a4b2e5209bfb12b6308d5c000000000000000000000000000000000000000000000001fbff1d6273bc4620000000000000000000000000000000000000000000000000000000000003160a,0x112ae46,0x89062c5da233baf6baaa5ac235030fd498bcd76c452fa85bdad55c2b28fdafec,0x64ea6c1f,0x2dcb0e18d,0x2aa31,0x150,0x7ca810a035b7fde5cd3d530aa905b029b8f940fa91163af3cc6bcfc05ec80921,0x71,18001478,1693084703,2023-08-26 21:18:23,0x3fc91a3afd70395cd496c647d5a6cc9d4b2b7fad,0x3fc91a3afd70395cd496c647d5a6cc9d4b2b7fad,3460843013,-2099714146094149554,1951986528933908493112038250286428,36605008604976399904,202250
0x88e6a0c2ddd26feeb64f039a2c41296fcb3f5640,"['0xc42079f94a6350d7e6235f29174924f928cc2ac818eb64fed8004e115fbcca67', '0x0000000000000000000000003fc91a3afd70395cd496c647d5a6cc9d4b2b7fad', '0x0000000000000000000000003fc91a3afd70395cd496c647d5a6cc9d4b2b7fad']",0x00000000000000000000000000000000000000000000000000000000596c10c6fffffffffffffffffffffffffffffffffffffffffffffffff35e4892e188b492000000000000000000000000000000000000603d82471929d47a51e6c4215c72000000000000000000000000000000000000000000000001fbff1d6273bc4620000000000000000000000000000000000000000000000000000000000003160a,0x112ae4a,0xe5716cbff243c4b34e1b463e4183fd4601ea8821de34a527b570c18d70688308,0x64ea6c4f,0x2ae1a839c,0x2bce5,0x12e,0x3e4c2087c24bb816dd2f054969c150b36cc9f23ea72bd09a2c674ed58a00e02f,0x5d,18001482,1693084751,2023-08-26 21:19:11,0x3fc91a3afd70395cd496c647d5a6cc9d4b2b7fad,0x3fc91a3afd70395cd496c647d5a6cc9d4b2b7fad,1500254406,-910210278996003694,1951984558867771242008445926333554,36605008604976399904,202250
0x88e6a0c2ddd26feeb64f039a2c41296fcb3f5640,"['0xc42079f94a6350d7e6235f29174924f928cc2ac818eb64fed8004e115fbcca67', '0x000000000000000000000000def1c0ded9bec7f1a1670819833240f027b25eff', '0x000000000000000000000000def1c0ded9bec7f1a1670819833240f027b25eff']",0xffffffffffffffffffffffffffffffffffffffffffffffffffffffffe23988560000000000000000000000000000000000000000000000000435d22f0433674e000000000000000000000000000000000000603d8465fbfc3f87ae0a1248ef18000000000000000000000000000000000000000000000001fbff1d6273bc4620000000000000000000000000000000000000000000000000000000000003160a,0x112ae4b,0xbc053409ac18f9ca939d311dc07431c737d0946cdb464fc4a426756d2f220107,0x64ea6c5b,0x325cda01d,0x345bf,0xd,0x36fca7564cff1f80aa1b0c7bc2d920466af4484e36c62094dea071ab1c91c439,0x1,18001483,1693084763,2023-08-26 21:19:23,0xdef1c0ded9bec7f1a1670819833240f027b25eff,0xdef1c0ded9bec7f1a1670819833240f027b25eff,-499546026,303379649293150030,1951985215176701828444520901570328,36605008604976399904,202250
0x88e6a0c2ddd26feeb64f039a2c41296fcb3f5640,"['0xc42079f94a6350d7e6235f29174924f928cc2ac818eb64fed8004e115fbcca67', '0x0000000000000000000000003fc91a3afd70395cd496c647d5a6cc9d4b2b7fad', '0x0000000000000000000000003fc91a3afd70395cd496c647d5a6cc9d4b2b7fad']",0x00000000000000000000000000000000000000000000000000000000b0851589ffffffffffffffffffffffffffffffffffffffffffffffffe710a34307ca0de4000000000000000000000000000000000000603d77d52662c452c851fcc46723000000000000000000000000000000000000000000000001fbff1d6273bc4620000000000000000000000000000000000000000000000000000000000003160a,0x112ae4d,0xfe11ca2b943cd5e942d1539974c4f2cc57b263f4c2553d8b7277ed181bb1eb07,0x64ea6c73,0x32d7f63af,0x26771,0x6a,0x29dbe94db6a0ab3b71b737ae4faa54a08e982ec9bac1906206b592abf688f511,0x1c,18001485,1693084787,2023-08-26 21:19:47,0x3fc91a3afd70395cd496c647d5a6cc9d4b2b7fad,0x3fc91a3afd70395cd496c647d5a6cc9d4b2b7fad,2961511817,-1796756743032009244,1951981326262570657129238802753315,36605008604976399904,202250
0x88e6a0c2ddd26feeb64f039a2c41296fcb3f5640,"['0xc42079f94a6350d7e6235f29174924f928cc2ac818eb64fed8004e115fbcca67', '0x0000000000000000000000003fc91a3afd70395cd496c647d5a6cc9d4b2b7fad', '0x0000000000000000000000003fc91a3afd70395cd496c647d5a6cc9d4b2b7fad']",0x000000000000000000000000000000000000000000000000000000001d334d70fffffffffffffffffffffffffffffffffffffffffffffffffbe00c9362ea80cd000000000000000000000000000000000000603d75c1037b1f57560955d70af8000000000000000000000000000000000000000000000001fbff1d6273bc4620000000000000000000000000000000000000000000000000000000000003160a,0x112ae52,0xb0d7688390a6b56f4016039b80da8b00f722ef1428f2e0766870f260c4956619,0x64ea6caf,0x2be744589,0x29771,0x1ad,0x8c0044e58640ae0937901b5d1b6828828b81401c2cbc592326526ebff68ada31,0x6e,18001490,1693084847,2023-08-26 21:20:47,0x3fc91a3afd70395cd496c647d5a6cc9d4b2b7fad,0x3fc91a3afd70395cd496c647d5a6cc9d4b2b7fad,489901424,-297223748247191347,1951980682949201075626625277037304,36605008604976399904,202250
0x88e6a0c2ddd26feeb64f039a2c41296fcb3f5640,"['0xc42079f94a6350d7e6235f29174924f928cc2ac818eb64fed8004e115fbcca67', '0x0000000000000000000000003fc91a3afd70395cd496c647d5a6cc9d4b2b7fad', '0x000000000000000000000000a4e0faa58465a2d369aa21b3e42d43374c6f9613']",0x000000000000000000000000000000000000000000000000000000003551907ffffffffffffffffffffffffffffffffffffffffffffffffff877e21b559831a9000000000000000000000000000000000000603d71f55b8ad97974a3c152f40d000000000000000000000000000000000000000000000001fbff1d6273bc4620000000000000000000000000000000000000000000000000000000000003160a,0x112ae53,0x3146d4d4326031403dd262f517bfcc441db3747d845f77c6d3439fbe86c50662,0x64ea6cbb,0x2b759bea6,0x37c7e,0x1e6,0x2b95c02dfee4449b584e99bfd5fd68825f9e1d047f828116f2fffacd93b33e37,0x89,18001491,1693084859,2023-08-26 21:20:59,0x3fc91a3afd70395cd496c647d5a6cc9d4b2b7fad,0xa4e0faa58465a2d369aa21b3e42d43374c6f9613,894537855,-542716623046823511,1951979508289162774176990724551693,36605008604976399904,202250
0x88e6a0c2ddd26feeb64f039a2c41296fcb3f5640,"['0xc42079f94a6350d7e6235f29174924f928cc2ac818eb64fed8004e115fbcca67', '0x00000000000000000000000068b3465833fb72a70ecdf485e0e4c7bd8665fc45', '0x000000000000000000000000ce16f69375520ab01377ce7b88f5ba8c48f8d666']",0xfffffffffffffffffffffffffffffffffffffffffffffffffffffffff4e3d08c00000000000000000000000000000000000000000000000001922accdc930000000000000000000000000000000000000000603d72bfecb01f4282f7c862220a000000000000000000000000000000000000000000000001fbff1d6273bc4620000000000000000000000000000000000000000000000000000000000003160a,0x112ae54,0x310db8ee4af3123fb1500078dc30d5100e0a0b9798afed337ed82f6c9804626a,0x64ea6cc7,0x2db6146e1,0x3ea2c,0x15f,0x91780f5d2cee330b22f31ab46cacac76e9fee46773ed53177fe5d84341f6aed1,0x92,18001492,1693084871,2023-08-26 21:21:11,0x68b3465833fb72a70ecdf485e0e4c7bd8665fc45,0xce16f69375520ab01377ce7b88f5ba8c48f8d666,-186396532,113200000000000000,1951979753177609034445122818941450,36605008604976399904,202250
0x88e6a0c2ddd26feeb64f039a2c41296fcb3f5640,"['0xc42079f94a6350d7e6235f29174924f928cc2ac818eb64fed8004e115fbcca67', '0x0000000000000000000000003fc91a3afd70395cd496c647d5a6cc9d4b2b7fad', '0x0000000000000000000000003fc91a3afd70395cd496c647d5a6cc9d4b2b7fad']",0x00000000000000000000000000000000000000000000000000000000021b9561ffffffffffffffffffffffffffffffffffffffffffffffffffb3c77f07192a00000000000000000000000000000000000000603d7299838c5b0c1e45ccf9f3ea000000000000000000000000000000000000000000000001fbff1d6273bc4620000000000000000000000000000000000000000000000000000000000003160a,0x112ae55,0x10b39ff81ab305bf9a2c168fac8cea9a295faac29433775fdf67e37fed5aed71,0x64ea6cd3,0x2e1602409,0x2253e,0xba,0xb3bb2f3f8d8b255631c951aa9dfdc7095a2597141f4c018d072aaea1a647e035,0x54,18001493,1693084883,2023-08-26 21:21:23,0x3fc91a3afd70395cd496c647d5a6cc9d4b2b7fad,0x3fc91a3afd70395cd496c647d5a6cc9d4b2b7fad,35362145,-21454224812856832,1951979706741919633746525832213482,36605008604976399904,202250
0x88e6a0c2ddd26feeb64f039a2c41296fcb3f5640,"['0xc42079f94a6350d7e6235f29174924f928cc2ac818eb64fed8004e115fbcca67', '0x000000000000000000000000e592427a0aece92de3edee1f18e0157c05861564', '0x000000000000000000000000def171fe48cf0115b1d80b88dc8eab59176fee57']",0xfffffffffffffffffffffffffffffffffffffffffffffffffffffffe94dca66500000000000000000000000000000000000000000000000033590d5eb1e646b8000000000000000000000000000000000000603d8c76866b6ca032ac665051b1000000000000000000000000000000000000000000000001fbff1d6273bc4620000000000000000000000000000000000000000000000000000000000003160a,0x112ae57,0x3eae15207a00e443fffc8c9a29af7dfd205abe380b4fa1814fadde270008ad20,0x64ea6ceb,0x2983f832c,0xc3169,0x93,0x247ad2b7aef2fcb9f1e2cc7380789d190384321150733874f3eaa4140475cf5f,0x22,18001495,1693084907,2023-08-26 21:21:47,0xe592427a0aece92de3edee1f18e0157c05861564,0xdef171fe48cf0115b1d80b88dc8eab59176fee57,-6092446107,3700003269224318648,1951987711053330925760294171988401,36605008604976399904,202250
0x88e6a0c2ddd26feeb64f039a2c41296fcb3f5640,"['0xc42079f94a6350d7e6235f29174924f928cc2ac818eb64fed8004e115fbcca67', '0x0000000000000000000000001111111254eeb25477b68fb85ed929f73a960582', '0x000000000000000000000000a428b592888811ebdded34161eca2450c6650803']",0xfffffffffffffffffffffffffffffffffffffffffffffffffffffffff67828e50000000000000000000000000000000000000000000000000158feeaeadfc817000000000000000000000000000000000000603d8d244ba3d33e3d75837d8f1a000000000000000000000000000000000000000000000001fbff1d6273bc4620000000000000000000000000000000000000000000000000000000000003160a,0x112ae57,0x3eae15207a00e443fffc8c9a29af7dfd205abe380b4fa1814fadde270008ad20,0x64ea6ceb,0x29bc0129b,0x2ba22,0xde,0x3b9878a1557948dfaa47e2c491b06a76859669d2030bacffd451b492619f477f,0x44,18001495,1693084907,2023-08-26 21:21:47,0x1111111254eeb25477b68fb85ed929f73a960582,0xa428b592888811ebdded34161eca2450c6650803,-159897371,97107676904802327,1951987921128844328244086321286938,36605008604976399904,202250
0x88e6a0c2ddd26feeb64f039a2c41296fcb3f5640,"['0xc42079f94a6350d7e6235f29174924f928cc2ac818eb64fed8004e115fbcca67', '0x0000000000000000000000003fc91a3afd70395cd496c647d5a6cc9d4b2b7fad', '0x0000000000000000000000003fc91a3afd70395cd496c647d5a6cc9d4b2b7fad']",0xfffffffffffffffffffffffffffffffffffffffffffffffffffffff28a9c0685000000000000000000000000000000000000000000000001e73357bf6f404000000000000000000000000000000000000000603e828a0140edb46ec1bad70510000000000000000000000000000000000000000000000001fbff1d6273bc4620000000000000000000000000000000000000000000000000000000000003160b,0x112ae59,0x7addf6cf36246a59b22a7683ad3c5e6dee5c9d066798c7fd680e50cce7c06b59,0x64ea6d03,0x2942e1f0f,0x4432f,0x390,0xa0167e3113b5a49ca54d6b9d7e24a9a3078e50ed1cff63b212621a85dcd9d656,0xa6,18001497,1693084931,2023-08-26 21:22:11,0x3fc91a3afd70395cd496c647d5a6cc9d4b2b7fad,0x3fc91a3afd70395cd496c647d5a6cc9d4b2b7fad,-57804061051,35106500000000000000,1952063867915404717848144375121168,36605008604976399904,202251
0x88e6a0c2ddd26feeb64f039a2c41296fcb3f5640,"['0xc42079f94a6350d7e6235f29174924f928cc2ac818eb64fed8004e115fbcca67', '0x0000000000000000000000003fc91a3afd70395cd496c647d5a6cc9d4b2b7fad', '0x00000000000000000000000088a9119246f5178c5f98bc47f324b0f6c8a7b925']",0xffffffffffffffffffffffffffffffffffffffffffffffffffffffffce7aac660000000000000000000000000000000000000000000000000700ba17493f77ad000000000000000000000000000000000000603e8610fb13d89c63201026e3b6000000000000000000000000000000000000000000000001fbff1d6273bc4620000000000000000000000000000000000000000000000000000000000003160b,0x112ae62,0x19bd4a158c7b5d302e41362bd9ac7eeb599cd378d7b029b16aeffb84373c4e74,0x64ea6d6f,0x3969746cb,0x38bfe,0x144,0x29ae2a85cfcfebe8176471e657ec16d17dd1110af87a9ed30d0427304594f4a8,0x7e,18001506,1693085039,2023-08-26 21:23:59,0x3fc91a3afd70395cd496c647d5a6cc9d4b2b7fad,0x88a9119246f5178c5f98bc47f324b0f6c8a7b925,-830821274,504607767441405869,1952064959546254007500091114841014,36605008604976399904,202251
0x88e6a0c2ddd26feeb64f039a2c41296fcb3f5640,"['0xc42079f94a6350d7e6235f29174924f928cc2ac818eb64fed8004e115fbcca67', '0x00000000000000000000000051c72848c68a965f66fa7a88855f9f7784502a7f', '0x00000000000000000000000051c72848c68a965f66fa7a88855f9f7784502a7f']",0x0000000000000000000000000000000000000000000000000000001a5472775cfffffffffffffffffffffffffffffffffffffffffffffffc47d824e8f89dd79e000000000000000000000000000000000000603ca56d270a1509c31f9fd3c548000000000000000000000000000000000000000000000001ec20d95b95dd94690000000000000000000000000000000000000000000000000000000000031609,0x112ae65,0xc80bc137e27a8237f43b90cf01b1f68adba16982380e309759e2aac0c4fc0c76,0x64ea6d93,0xcc867b37f,0x26073,0x22,0x26f11682a8f9c9ac0249195474b67af56818cf588851eda38e5346f7dbbe8cd9,0x3,18001509,1693085075,2023-08-26 21:24:35,0x51c72848c68a965f66fa7a88855f9f7784502a7f,0x51c72848c68a965f66fa7a88855f9f7784502a7f,113085937500,-68610047940153714786,1951916208685309357115411830916424,35461582453294863465,202249
0x88e6a0c2ddd26feeb64f039a2c41296fcb3f5640,"['0xc42079f94a6350d7e6235f29174924f928cc2ac818eb64fed8004e115fbcca67', '0x000000000000000000000000d7f3fbe8c72a961a5515203eada59750437fa762', '0x0000000000000000000000001c09a10047fcc944efde9226e259eddfde2c1cf0']",0x000000000000000000000000000000000000000000000000000000129a822ddefffffffffffffffffffffffffffffffffffffffffffffffd5f562d3d8d6be4ad000000000000000000000000000000000000603b478390f15daf3177e954159b000000000000000000000000000000000000000000000001ec20d95b95dd94690000000000000000000000000000000000000000000000000000000000031608,0x112ae67,0xe2f44b6f8ca9c37236d6f3738ce7d3ef4f3f3f5ff308cccc25efc5c8efc62c8d,0x64ea6dab,0x3584ee9dd,0x1fc1a,0x200,0xd445b92429db4020a6b2a16e82397bec333735750ed4b7f57d0dc81c2237777d,0x9f,18001511,1693085099,2023-08-26 21:24:59,0xd7f3fbe8c72a961a5515203eada59750437fa762,0x1c09a10047fcc944efde9226e259eddfde2c1cf0,79901634014,-48470504197139471187,1951807916028354831157007012337051,35461582453294863465,202248
0x88e6a0c2ddd26feeb64f039a2c41296fcb3f5640,"['0xc42079f94a6350d7e6235f29174924f928cc2ac818eb64fed8004e115fbcca67', '0x000000000000000000000000e8cfad4c75a5e1caf939fd80afcf837dde340a69', '0x000000000000000000000000e8cfad4c75a5e1caf939fd80afcf837dde340a69']",0x0000000000000000000000000000000000000000000000000000002aa860a1c0fffffffffffffffffffffffffffffffffffffffffffffff9f9df523187f20bbd00000000000000000000000000000000000060382550b53060d3c53952461edf000000000000000000000000000000000000000000000001ec20d95b95dd94690000000000000000000000000000000000000000000000000000000000031606,0x112ae68,0x5568ade9a09be851ee2779896cec75753e8f224e11ceb3b00383164d1c7cb439,0x64ea6db7,0xd4f19b57d,0x202c0,0x2,0x8e0ac083a73594eb1eea052342b6a55231b173e1f48d543dfc19ecff6fffba5a,0x,18001512,1693085111,2023-08-26 21:25:11,0xe8cfad4c75a5e1caf939fd80afcf837dde340a69,0xe8cfad4c75a5e1caf939fd80afcf837dde340a69,183213531584,-111122008308028666947,1951559647566428876794092931391199,35461582453294863465,202246
0x88e6a0c2ddd26feeb64f039a2c41296fcb3f5640,"['0xc42079f94a6350d7e6235f29174924f928cc2ac818eb64fed8004e115fbcca67', '0x000000000000000000000000e592427a0aece92de3edee1f18e0157c05861564', '0x000000000000000000000000a9e84133c96252ee2a09379f38b42d74a9842c98']",0xfffffffffffffffffffffffffffffffffffffffffffffffffffffffd533c919100000000000000000000000000000000000000000000000060c8d56a9833e300000000000000000000000000000000000000603857a2e9bb55ae6584e002de42000000000000000000000000000000000000000000000001ec20d95b95dd94690000000000000000000000000000000000000000000000000000000000031606,0x112ae68,0x5568ade9a09be851ee2779896cec75753e8f224e11ceb3b00383164d1c7cb439,0x64ea6db7,0x4959ecb93,0x2d4c1,0x65,0x922700d60edc5b51687139405296aee2e7a7d77bcd1c44b2f4593ceb55e49495,0x17,18001512,1693085111,2023-08-26 21:25:11,0xe592427a0aece92de3edee1f18e0157c05861564,0xa9e84133c96252ee2a09379f38b42d74a9842c98,-11488423535,6974058676780000000,1951575221196963503829251503873602,35461582453294863465,202246
0x88e6a0c2ddd26feeb64f039a2c41296fcb3f5640,"['0xc42079f94a6350d7e6235f29174924f928cc2ac818eb64fed8004e115fbcca67', '0x0000000000000000000000001111111254eeb25477b68fb85ed929f73a960582', '0x0000000000000000000000001111111254eeb25477b68fb85ed929f73a960582']",0x000000000000000000000000000000000000000000000000000000001dcd6500fffffffffffffffffffffffffffffffffffffffffffffffffbcabb0f300d572300000000000000000000000000000000000060385572875f61db8d234947a4e5000000000000000000000000000000000000000000000001ec20d95b95dd94690000000000000000000000000000000000000000000000000000000000031606,0x112ae73,0xf0000403c8917a72a41e93a1d108a70b27c13e9dc09ac7a8eacb186fcecc5429,0x64ea6e3b,0x40e1bd1bf,0x2d864,0x5c,0x6649a4046761c417e3f56fa74826f21721742c732b6913bc5eff09e894701cec,0x2a,18001523,1693085243,2023-08-26 21:27:23,0x1111111254eeb25477b68fb85ed929f73a960582,0x1111111254eeb25477b68fb85ed929f73a960582,500000000,-303224350989002973,1951574543734016381261970890269925,35461582453294863465,202246
0x88e6a0c2ddd26feeb64f039a2c41296fcb3f5640,"['0xc42079f94a6350d7e6235f29174924f928cc2ac818eb64fed8004e115fbcca67', '0x00000000000000000000000068b3465833fb72a70ecdf485e0e4c7bd8665fc45', '0x000000000000000000000000ce16f69375520ab01377ce7b88f5ba8c48f8d666']",0xffffffffffffffffffffffffffffffffffffffffffffffffffffffffec5cda3300000000000000000000000000000000000000000000000002c68af0bb140000000000000000000000000000000000000000603856e3f5fc9c24b56ba4b01a76000000000000000000000000000000000000000000000001ec20d95b95dd94690000000000000000000000000000000000000000000000000000000000031606,0x112ae73,0xf0000403c8917a72a41e93a1d108a70b27c13e9dc09ac7a8eacb186fcecc5429,0x64ea6e3b,0x3a8c7e0bf,0x3c69e,0xe5,0x1d7658d61fa6b98b36767e048cc6c6a45f403c6a58c0faba3c0365978639f07c,0x5b,18001523,1693085243,2023-08-26 21:27:23,0x68b3465833fb72a70ecdf485e0e4c7bd8665fc45,0xce16f69375520ab01377ce7b88f5ba8c48f8d666,-329459149,200000000000000000,1951574990350004470927788465986166,35461582453294863465,202246
0x88e6a0c2ddd26feeb64f039a2c41296fcb3f5640,"['0xc42079f94a6350d7e6235f29174924f928cc2ac818eb64fed8004e115fbcca67', '0x000000000000000000000000a69babef1ca67a37ffaf7a485dfff3382056e78c', '0x000000000000000000000000a69babef1ca67a37ffaf7a485dfff3382056e78c']",0x0000000000000000000000000000000000000000000000000000001d001a2691fffffffffffffffffffffffffffffffffffffffffffffffbe7cef87fc60dbfde000000000000000000000000000000000000603635a1d8b3872eace161e7d947000000000000000000000000000000000000000000000001ec20d95b95dd94690000000000000000000000000000000000000000000000000000000000031604,0x112ae77,0x2120a308e267759c3906f54d9a68712aa45a83ec7bcaa48343252a542dbd22c2,0x64ea6e6b,0x38216e9ad,0x1ec01,0x2,0x968aef92fa8bb47daa6594bfb4b101e158c07804e63489de979066b46cdb29fc,0x,18001527,1693085291,2023-08-26 21:28:11,0xa69babef1ca67a37ffaf7a485dfff3382056e78c,0xa69babef1ca67a37ffaf7a485dfff3382056e78c,124555765393,-75530159072916684834,1951406241092250992575092472928583,35461582453294863465,202244
0x88e6a0c2ddd26feeb64f039a2c41296fcb3f5640,"['0xc42079f94a6350d7e6235f29174924f928cc2ac818eb64fed8004e115fbcca67', '0x000000000000000000000000a69babef1ca67a37ffaf7a485dfff3382056e78c', '0x000000000000000000000000a69babef1ca67a37ffaf7a485dfff3382056e78c']",0x0000000000000000000000000000000000000000000000000000000c965bdb95fffffffffffffffffffffffffffffffffffffffffffffffe391961de5e38a3f8000000000000000000000000000000000000603548ff5f839a8c7df73de6f95b000000000000000000000000000000000000000000000001ec20d95b95dd94690000000000000000000000000000000000000000000000000000000000031603,0x112ae78,0x7e29af0dbb43f7d72aec7ef0fd6440c35dc1ea3a63459f3962f65c1726b477aa,0x64ea6e77,0x3770be6c2,0x1ebd9,0x40,0x85cc85d0dff946c243df5a8d9b661b8f13a5d35cc0af103e21a9b626e11e5cf0,0x8,18001528,1693085303,2023-08-26 21:28:23,0xa69babef1ca67a37ffaf7a485dfff3382056e78c,0xa69babef1ca67a37ffaf7a485dfff3382056e78c,54062209941,-32779060805148040200,1951333006211659984927533363034459,35461582453294863465,202243
0x88e6a0c2ddd26feeb64f039a2c41296fcb3f5640,"['0xc42079f94a6350d7e6235f29174924f928cc2ac818eb64fed8004e115fbcca67', '0x00000000000000000000000024902aa0cf0000a08c0ea0b003b0c0bf600000e0', '0x00000000000000000000000024902aa0cf0000a08c0ea0b003b0c0bf600000e0']",0xfffffffffffffffffffffffffffffffffffffffffffffffffffffffd25f18f9600000000000000000000000000000000000000000000000067298d378d71fd0000000000000000000000000000000000000060357ea279fb13974575468033d1000000000000000000000000000000000000000000000001ec20d95b95dd94690000000000000000000000000000000000000000000000000000000000031604,0x112ae79,0xdf407fcb56d57d85e757a1723f5a12bfea0349f657df2144bb54c15fec255fac,0x64ea6e83,0x3626289fd,0x5af34,0x164,0xeac41df7b7b07885285d56c34bcad104742331876a7f072bed9cc32bad9183cf,0x7b,18001529,1693085315,2023-08-26 21:28:35,0x24902aa0cf0000a08c0ea0b003b0c0bf600000e0,0x24902aa0cf0000a08c0ea0b003b0c0bf600000e0,-12248313962,7433627929687489792,1951349606097074526503085946188753,35461582453294863465,202244
0x88e6a0c2ddd26feeb64f039a2c41296fcb3f5640,"['0xc42079f94a6350d7e6235f29174924f928cc2ac818eb64fed8004e115fbcca67', '0x0000000000000000000000003fc91a3afd70395cd496c647d5a6cc9d4b2b7fad', '0x0000000000000000000000003785ca1128d2efddfec1a87ddb5686b59c7138f8']",0x000000000000000000000000000000000000000000000000000000003b02c484fffffffffffffffffffffffffffffffffffffffffffffffff7ab6bb2a5111d1300000000000000000000000000000000000060357a4d218c8e3d6ca18fa7f275000000000000000000000000000000000000000000000001ec20d95b95dd94690000000000000000000000000000000000000000000000000000000000031604,0x112ae7c,0xf06befb580c150cd9a75e8f14816aec03ec2d703a7121f9161ea7ce3e8e018df,0x64ea6ea7,0x33abe714b,0x3043c,0xa,0xc0c65c679b8ed0fb983ff263acae628df22220217f79a239e8cc793a6933b426,0x1,18001532,1693085351,2023-08-26 21:29:11,0x3fc91a3afd70395cd496c647d5a6cc9d4b2b7fad,0x3785ca1128d2efddfec1a87ddb5686b59c7138f8,990037124,-600267710306116333,1951348264980733572589010578567797,35461582453294863465,202244
0x88e6a0c2ddd26feeb64f039a2c41296fcb3f5640,"['0xc42079f94a6350d7e6235f29174924f928cc2ac818eb64fed8004e115fbcca67', '0x0000000000000000000000001111111254eeb25477b68fb85ed929f73a960582', '0x000000000000000000000000add7a1ed12c52af46ed43575328ea21439b3054d']",0xfffffffffffffffffffffffffffffffffffffffffffffffffffffffff691a43200000000000000000000000000000000000000000000000001552b442dfbc17d00000000000000000000000000000000000060357afe83ce0b9f8bec43c9002b000000000000000000000000000000000000000000000001ec20d95b95dd94690000000000000000000000000000000000000000000000000000000000031604,0x112ae7e,0x3c8df35c4cd64d79ff189985098797d65b0167a2bb5555e9eafad8db10fa9e9e,0x64ea6ebf,0x3a261bf52,0x325f7,0xa9,0xb3340bd5ba9a2925d7f4fd813ee05954ce1f27111ec0c26a4b01efc8e994f5ee,0x17,18001534,1693085375,2023-08-26 21:29:35,0x1111111254eeb25477b68fb85ed929f73a960582,0xadd7a1ed12c52af46ed43575328ea21439b3054d,-158227406,96030538887577981,1951348479424603632882599022100523,35461582453294863465,202244
0x88e6a0c2ddd26feeb64f039a2c41296fcb3f5640,"['0xc42079f94a6350d7e6235f29174924f928cc2ac818eb64fed8004e115fbcca67', '0x0000000000000000000000000b8a49d816cc709b6eadb09498030ae3416b66dc', '0x000000000000000000000000a6cc3c2531fdaa6ae1a3ca84c2855806728693e8']",0x000000000000000000000000000000000000000000000000000000049c1dcf69ffffffffffffffffffffffffffffffffffffffffffffffff5968a0312ee39e7e00000000000000000000000000000000000060352455cc0ea757b2165a222af5000000000000000000000000000000000000000000000001ec20d95b95dd94690000000000000000000000000000000000000000000000000000000000031603,0x112ae81,0x154ec736734bc8b3527d5613ac3b92603cde79296b8cc1b5c128c7ff03f9c621,0x64ea6ee3,0x47b1b1e46,0x568b4,0x3d,0x4d8e5acc463421581efe141dd4716f968e30a3d4fd45a2e4c6f9eea4909e6875,0x5,18001537,1693085411,2023-08-26 21:30:11,0x0b8a49d816cc709b6eadb09498030ae3416b66dc,0xa6cc3c2531fdaa6ae1a3ca84c2855806728693e8,19799068521,-12004168673655546242,1951321659746497681482123831290613,35461582453294863465,202243
0x88e6a0c2ddd26feeb64f039a2c41296fcb3f5640,"['0xc42079f94a6350d7e6235f29174924f928cc2ac818eb64fed8004e115fbcca67', '0x000000000000000000000000b2d392abb24e79baf51eec7e2a9955509a42663b', '0x000000000000000000000000b2d392abb24e79baf51eec7e2a9955509a42663b']",0xffffffffffffffffffffffffffffffffffffffffffffffffffffffffe60876d100000000000000000000000000000000000000000000000003ab53aadb6e60510000000000000000000000000000000000006035263e2e46e0869ca802e8b810000000000000000000000000000000000000000000000001ec20d95b95dd94690000000000000000000000000000000000000000000000000000000000031603,0x112ae86,0x0f6d313e0323f21f3c604e47a5b59105c50eb6613824f7e3186f1867ab45562d,0x64ea6f1f,0x7aef40a00,0x4b6d5,0x8,0xfab55b8807327b37d2bae2622512c097c9c313f71ae285f8df7f4c34f23cdfd2,0x1,18001542,1693085471,2023-08-26 21:31:11,0xb2d392abb24e79baf51eec7e2a9955509a42663b,0xb2d392abb24e79baf51eec7e2a9955509a42663b,-435652911,264396996422295633,1951322250166126706899134467061776,35461582453294863465,202243
0x88e6a0c2ddd26feeb64f039a2c41296fcb3f5640,"['0xc42079f94a6350d7e6235f29174924f928cc2ac818eb64fed8004e115fbcca67', '0x0000000000000000000000003fc91a3afd70395cd496c647d5a6cc9d4b2b7fad', '0x000000000000000000000000741c92b3ab24130d51bb5ec2110266e98e393ac4']",0xffffffffffffffffffffffffffffffffffffffffffffffffffffffff207b8a800000000000000000000000000000000000000000000000001f95885ac7894d88000000000000000000000000000000000000603536aa16543f75022348fbb1f8000000000000000000000000000000000000000000000001ec20d95b95dd94690000000000000000000000000000000000000000000000000000000000031603,0x112ae86,0x0f6d313e0323f21f3c604e47a5b59105c50eb6613824f7e3186f1867ab45562d,0x64ea6f1f,0x2e702f029,0x27307,0xe6,0xbda27194980f92335eee5a348157af50d6e38fc3565a9fb14e19a5e0989607df,0x6b,18001542,1693085471,2023-08-26 21:31:11,0x3fc91a3afd70395cd496c647d5a6cc9d4b2b7fad,0x741c92b3ab24130d51bb5ec2110266e98e393ac4,-3750000000,2275875110181752200,1951327332377182219400735824261624,35461582453294863465,202243
0x88e6a0c2ddd26feeb64f039a2c41296fcb3f5640,"['0xc42079f94a6350d7e6235f29174924f928cc2ac818eb64fed8004e115fbcca67', '0x00000000000000000000000068b3465833fb72a70ecdf485e0e4c7bd8665fc45', '0x000000000000000000000000cdd37ada79f589c15bd4f8fd2083dc88e34a2af2']",0xfffffffffffffffffffffffffffffffffffffffffffffffffffffffffaf09c1f00000000000000000000000000000000000000000000000000b70ba5b1411f9800000000000000000000000000000000000060353709420a0b2b72c29468ab6e000000000000000000000000000000000000000000000001ec20d95b95dd94690000000000000000000000000000000000000000000000000000000000031603,0x112ae88,0xf1072806480da07296293ae570206b3cd66ad37fa9a6ca5ce54d6389e79aa1d2,0x64ea6f37,0x33cff5ce6,0x2e6d0,0xb2,0x5933c4bc5265f13294b2f35f76c749b4ae78a9044b752bb0d82e4c256f076d4f,0x53,18001544,1693085495,2023-08-26 21:31:35,0x68b3465833fb72a70ecdf485e0e4c7bd8665fc45,0xcdd37ada79f589c15bd4f8fd2083dc88e34a2af2,-84894689,51522727009394584,1951327447431550381275108522634094,35461582453294863465,202243
0x88e6a0c2ddd26feeb64f039a2c41296fcb3f5640,"['0xc42079f94a6350d7e6235f29174924f928cc2ac818eb64fed8004e115fbcca67', '0x0000000000000000000000001111111254eeb25477b68fb85ed929f73a960582', '0x000000000000000000000000add7a1ed12c52af46ed43575328ea21439b3054d']",0xfffffffffffffffffffffffffffffffffffffffffffffffffffffffff78425640000000000000000000000000000000000000000000000000132e4ff86ad96e1000000000000000000000000000000000000603537a8d24b7256ef21b4155647000000000000000000000000000000000000000000000001ec20d95b95dd94690000000000000000000000000000000000000000000000000000000000031603,0x112ae8b,0xd071de34c5d55bb48aadf4aaa0239f46b445308168a2f1441e94f1969834819a,0x64ea6f5b,0x3398052ef,0x2df23,0x1d,0xd8fea3748de5970c27d182cdfa6d70731cd9bc9e73917c4c410329b2f8d3ebaa,0xa,18001547,1693085531,2023-08-26 21:32:11,0x1111111254eeb25477b68fb85ed929f73a960582,0xadd7a1ed12c52af46ed43575328ea21439b3054d,-142334620,86383129000777441,1951327640331982946071525232825927,35461582453294863465,202243
0x88e6a0c2ddd26feeb64f039a2c41296fcb3f5640,"['0xc42079f94a6350d7e6235f29174924f928cc2ac818eb64fed8004e115fbcca67', '0x000000000000000000000000e592427a0aece92de3edee1f18e0157c05861564', '0x0000000000000000000000000bd2af7132ff0f92566db2f4093ca422a093ee4d']",0xffffffffffffffffffffffffffffffffffffffffffffffffffffffff25c67c470000000000000000000000000000000000000000000000001ed61d8d71e0ccd4000000000000000000000000000000000000603547b13458f5ddf35908771a6f000000000000000000000000000000000000000000000001ec20d95b95dd94690000000000000000000000000000000000000000000000000000000000031603,0x112ae8c,0x58c8ec36c85f242ffcefaa524028fb0b25ae6356a8d5c705fe2467250e9b55ee,0x64ea6f67,0x5da51616f,0x36dd8,0x70,0xf63ca6e2d3b4cc3408bff4b352bb9bda5a111fdc97ca3b1ff0e52aa4cff63849,0xd,18001548,1693085543,2023-08-26 21:32:23,0xe592427a0aece92de3edee1f18e0157c05861564,0x0bd2af7132ff0f92566db2f4093ca422a093ee4d,-3661202361,2221995959492070612,1951332602226587845052418191989359,35461582453294863465,202243
0x88e6a0c2ddd26feeb64f039a2c41296fcb3f5640,"['0xc42079f94a6350d7e6235f29174924f928cc2ac818eb64fed8004e115fbcca67', '0x0000000000000000000000001111111254eeb25477b68fb85ed929f73a960582', '0x000000000000000000000000a7ca2c8673bcfa5a26d8ceec2887f2cc2b0db22a']",0xffffffffffffffffffffffffffffffffffffffffffffffffffffffffd3ce1dae000000000000000000000000000000000000000000000000063eb89da4ed000000000000000000000000000000000000000060354af06d3ab9028dfbd62222f7000000000000000000000000000000000000000000000001ec20d95b95dd94690000000000000000000000000000000000000000000000000000000000031603,0x112ae8e,0x5bf50b31d27b604da450716c4b034bb12f479d5ddce636f1b25d166f3cfb5ea8,0x64ea6f7f,0x2e10c7d38,0x3df51,0x139,0x7bc5a1303416531bd63e56c0a13dcf8f04ac859c84bb4049ece11380bcafea06,0x59,18001550,1693085567,2023-08-26 21:32:47,0x1111111254eeb25477b68fb85ed929f73a960582,0xa7ca2c8673bcfa5a26d8ceec2887f2cc2b0db22a,-741466706,450000000000000000,1951333607112561046800507737350903,35461582453294863465,202243
0x88e6a0c2ddd26feeb64f039a2c41296fcb3f5640,"['0xc42079f94a6350d7e6235f29174924f928cc2ac818eb64fed8004e115fbcca67', '0x0000000000000000000000003fc91a3afd70395cd496c647d5a6cc9d4b2b7fad', '0x0000000000000000000000003fc91a3afd70395cd496c647d5a6cc9d4b2b7fad']",0x0000000000000000000000000000000000000000000000000000000002aea540ffffffffffffffffffffffffffffffffffffffffffffffffff9f11da549b382f00000000000000000000000000000000000060354abe012b735d81eb2fc00c8a000000000000000000000000000000000000000000000001ec20d95b95dd94690000000000000000000000000000000000000000000000000000000000031603,0x112ae91,0xdcbb5045aa9199ec67cb93e4dae43f7549dbf6a05074789e33c266ad9d39f9fc,0x64ea6fa3,0x30a038dc6,0x351ed,0x117,0x36cd70185239186821a761d9fada463c1db3f0100bf38e27b141051828d3f5c2,0x68,18001553,1693085603,2023-08-26 21:33:23,0x3fc91a3afd70395cd496c647d5a6cc9d4b2b7fad,0x3fc91a3afd70395cd496c647d5a6cc9d4b2b7fad,45000000,-27283443320932305,1951333546155972766327396250946698,35461582453294863465,202243
0x88e6a0c2ddd26feeb64f039a2c41296fcb3f5640,"['0xc42079f94a6350d7e6235f29174924f928cc2ac818eb64fed8004e115fbcca67', '0x0000000000000000000000003fc91a3afd70395cd496c647d5a6cc9d4b2b7fad', '0x000000000000000000000000add7a1ed12c52af46ed43575328ea21439b3054d']",0xffffffffffffffffffffffffffffffffffffffffffffffffffffffffb3d4d1dd0000000000000000000000000000000000000000000000000ac35b7be260f8ad000000000000000000000000000000000000603550569891fcb0f89d815f3d6b000000000000000000000000000000000000000000000001ec20d95b95dd94690000000000000000000000000000000000000000000000000000000000031603,0x112ae92,0x64132aff4196516ba745a21726863020a33d01a3a5b16ffebc2451efb6506dd3,0x64ea6faf,0x372f309ec,0x2fd4f,0xfd,0x6ca9d096157a1d60cd69cbaf0fdb48d03c85032366507d763b72fe2eaba43d7e,0x2b,18001554,1693085615,2023-08-26 21:33:35,0x3fc91a3afd70395cd496c647d5a6cc9d4b2b7fad,0xadd7a1ed12c52af46ed43575328ea21439b3054d,-1277898275,775564148474968237,1951335278052715256668523740478827,35461582453294863465,202243
0x88e6a0c2ddd26feeb64f039a2c41296fcb3f5640,"['0xc42079f94a6350d7e6235f29174924f928cc2ac818eb64fed8004e115fbcca67', '0x0000000000000000000000003fc91a3afd70395cd496c647d5a6cc9d4b2b7fad', '0x000000000000000000000000aec67ec6661cfc518bc059354226f4e49df26e1a']",0xfffffffffffffffffffffffffffffffffffffffffffffffffffffffed5fa0e000000000000000000000000000000000000000000000000002a1cdd0df2c760b20000000000000000000000000000000000006035663be2612db9dff950f1e8bb000000000000000000000000000000000000000000000001ec20d95b95dd94690000000000000000000000000000000000000000000000000000000000031604,0x112ae92,0x64132aff4196516ba745a21726863020a33d01a3a5b16ffebc2451efb6506dd3,0x64ea6faf,0x2e9dbd2ec,0x25210,0x1ae,0x6722a26855e09d40e3c3f9a54fd1d8754672df404971e2a51b7d3b7f1bfb9334,0x79,18001554,1693085615,2023-08-26 21:33:35,0x3fc91a3afd70395cd496c647d5a6cc9d4b2b7fad,0xaec67ec6661cfc518bc059354226f4e49df26e1a,-5000000000,3034543300918337714,1951342054430488959266079129069755,35461582453294863465,202244
0x88e6a0c2ddd26feeb64f039a2c41296fcb3f5640,"['0xc42079f94a6350d7e6235f29174924f928cc2ac818eb64fed8004e115fbcca67', '0x0000000000000000000000003fc91a3afd70395cd496c647d5a6cc9d4b2b7fad', '0x0000000000000000000000003fc91a3afd70395cd496c647d5a6cc9d4b2b7fad']",0x000000000000000000000000000000000000000000000000000000003b9aca00fffffffffffffffffffffffffffffffffffffffffffffffff795fa1963b273e0000000000000000000000000000000000000603561db6250ecc326b4d1beed45000000000000000000000000000000000000000000000001ec20d95b95dd94690000000000000000000000000000000000000000000000000000000000031604,0x112ae9c,0x356be63eeaf4e71befa0d717efe518cf8c24604d1c423beadfe0112893197a21,0x64ea7027,0x2f6b68c56,0x34d62,0x80,0x7028594c3f3e9c34afa37dd5eebc36adef9711db456e82a361508c759a989da9,0x2c,18001564,1693085735,2023-08-26 21:35:35,0x3fc91a3afd70395cd496c647d5a6cc9d4b2b7fad,0x3fc91a3afd70395cd496c647d5a6cc9d4b2b7fad,1000000000,-606303587857697824,1951340699828808252036342976802117,35461582453294863465,202244
0x88e6a0c2ddd26feeb64f039a2c41296fcb3f5640,"['0xc42079f94a6350d7e6235f29174924f928cc2ac818eb64fed8004e115fbcca67', '0x0000000000000000000000003fc91a3afd70395cd496c647d5a6cc9d4b2b7fad', '0x0000000000000000000000003fc91a3afd70395cd496c647d5a6cc9d4b2b7fad']",0x0000000000000000000000000000000000000000000000000000000035a5e492fffffffffffffffffffffffffffffffffffffffffffffffff86d3e3b2d89353600000000000000000000000000000000000060355deadced18693bc6bbc28ddc000000000000000000000000000000000000000000000001ec20d95b95dd94690000000000000000000000000000000000000000000000000000000000031604,0x112ae9d,0x83d0b42552ce77e3460fdc944b831bcb25e52f6d3d91d89a9630f4cfe46bbbeb,0x64ea7033,0x2d59e79ad,0x39efe,0x166,0xde517dee483cd6dccf8df4a81e1d9d24ae0b13f28d01920397e610aa441e3f1a,0x59,18001565,1693085747,2023-08-26 21:35:47,0x3fc91a3afd70395cd496c647d5a6cc9d4b2b7fad,0x3fc91a3afd70395cd496c647d5a6cc9d4b2b7fad,900064402,-545711555954002634,1951339480601665809085657553997276,35461582453294863465,202244
0x88e6a0c2ddd26feeb64f039a2c41296fcb3f5640,"['0xc42079f94a6350d7e6235f29174924f928cc2ac818eb64fed8004e115fbcca67', '0x0000000000000000000000001111111254eeb25477b68fb85ed929f73a960582', '0x0000000000000000000000001111111254eeb25477b68fb85ed929f73a960582']",0x00000000000000000000000000000000000000000000000000000000007a1200ffffffffffffffffffffffffffffffffffffffffffffffffffeec491c3bca14200000000000000000000000000000000000060355de1e625681140840d8bf2a5000000000000000000000000000000000000000000000001ec20d95b95dd94690000000000000000000000000000000000000000000000000000000000031604,0x112ae9d,0x83d0b42552ce77e3460fdc944b831bcb25e52f6d3d91d89a9630f4cfe46bbbeb,0x64ea7033,0x2d2a3892d,0x4ec0f,0x1c2,0x272d94085f75a4758324579aa7289ec4aa96ac6f636260237fefb58575f89744,0x73,18001565,1693085747,2023-08-26 21:35:47,0x1111111254eeb25477b68fb85ed929f73a960582,0x1111111254eeb25477b68fb85ed929f73a960582,8000000,-4850419247570622,1951339469764873488410885774635685,35461582453294863465,202244
0x88e6a0c2ddd26feeb64f039a2c41296fcb3f5640,"['0xc42079f94a6350d7e6235f29174924f928cc2ac818eb64fed8004e115fbcca67', '0x0000000000000000000000003fc91a3afd70395cd496c647d5a6cc9d4b2b7fad', '0x0000000000000000000000004bd347c158217ce1ce00626355597616ad289a77']",0xfffffffffffffffffffffffffffffffffffffffffffffffffffffffbf97c5ec6000000000000000000000000000000000000000000000000919ee412321e64710000000000000000000000000000000000006035a9984ab8428ca5ebbc8bbe7a000000000000000000000000000000000000000000000001ec20d95b95dd94690000000000000000000000000000000000000000000000000000000000031604,0x112aea4,0x84c72f9e11eb407a1202c3ae2316d70d922b0e3de9d4e7f230518dd92aa59583,0x64ea7087,0x3ae4492ce,0x2ce80,0xc,0x7024d1c96705890ed3794f26ba1b1f00ad293697e06adab92c653cd38a6ac7f8,0x3,18001572,1693085831,2023-08-26 21:37:11,0x3fc91a3afd70395cd496c647d5a6cc9d4b2b7fad,0x4bd347c158217ce1ce00626355597616ad289a77,-17289158970,10493074948621231217,1951362901640054875363694441381498,35461582453294863465,202244
0x88e6a0c2ddd26feeb64f039a2c41296fcb3f5640,"['0xc42079f94a6350d7e6235f29174924f928cc2ac818eb64fed8004e115fbcca67', '0x0000000000000000000000003208684f96458c540eb08f6f01b9e9afb2b7d4f0', '0x00000000000000000000000067cea36eeb36ace126a3ca6e21405258130cf33c']",0xffffffffffffffffffffffffffffffffffffffffffffffffffffffff8b2e96500000000000000000000000000000000000000000000000001081f3f2a053c0000000000000000000000000000000000000006035b22d7d3ccfc3976c000903f6000000000000000000000000000000000000000000000001ec20d95b95dd94690000000000000000000000000000000000000000000000000000000000031604,0x112aea9,0xcbb3f20d5f2cb4974b8559808837ef48648bb1b08b6d57725cdcb4db46b3c864,0x64ea70c3,0x2c330b927,0x54933,0x166,0x0aaf7523677cef92098416bfe18cb0478d1f8b2867e5fff6b6e00dad4d50045e,0x75,18001577,1693085891,2023-08-26 21:38:11,0x3208684f96458c540eb08f6f01b9e9afb2b7d4f0,0x67cea36eeb36ace126a3ca6e21405258130cf33c,-1959881136,1189500000000000000,1951365557888644038651144472953846,35461582453294863465,202244
0x88e6a0c2ddd26feeb64f039a2c41296fcb3f5640,"['0xc42079f94a6350d7e6235f29174924f928cc2ac818eb64fed8004e115fbcca67', '0x0000000000000000000000003fc91a3afd70395cd496c647d5a6cc9d4b2b7fad', '0x00000000000000000000000067cea36eeb36ace126a3ca6e21405258130cf33c']",0xfffffffffffffffffffffffffffffffffffffffffffffffffffffffd508d82f30000000000000000000000000000000000000000000000006124fee993bc00000000000000000000000000000000000000006035e4af9cbbc7c419507f5116e4000000000000000000000000000000000000000000000001ec20d95b95dd94690000000000000000000000000000000000000000000000000000000000031604,0x112aeae,0x964375c3269356d95a2f62da043803e50c38cc789aceda8ecf5cd46adcb74a6b,0x64ea70ff,0x29d8a064d,0x3c9af,0x11,0xe492b2a200a81de61bfe9360c8c89c1c680f30edf968666230efaed9ba878977,0x5,18001582,1693085951,2023-08-26 21:39:11,0x3fc91a3afd70395cd496c647d5a6cc9d4b2b7fad,0x67cea36eeb36ace126a3ca6e21405258130cf33c,-11533450509,7000000000000000000,1951381189448227176954759623022308,35461582453294863465,202244
0x88e6a0c2ddd26feeb64f039a2c41296fcb3f5640,"['0xc42079f94a6350d7e6235f29174924f928cc2ac818eb64fed8004e115fbcca67', '0x0000000000000000000000003fc91a3afd70395cd496c647d5a6cc9d4b2b7fad', '0x0000000000000000000000001434ba3759853ee9b390ffb60323ce2eeb37876d']",0xffffffffffffffffffffffffffffffffffffffffffffffffffffffff8315a68000000000000000000000000000000000000000000000000011a6f74fe5fcb1400000000000000000000000000000000000006035eddd27de318ebbb6028e4664000000000000000000000000000000000000000000000001ec20d95b95dd94690000000000000000000000000000000000000000000000000000000000031604,0x112aeae,0x964375c3269356d95a2f62da043803e50c38cc789aceda8ecf5cd46adcb74a6b,0x64ea70ff,0x3a9c2934d,0x39023,0xb9,0xc98bbbd3774ede8128076b536bb2abc2ec35861e35f09f0a11b8cfd64bd60f3e,0x11,18001582,1693085951,2023-08-26 21:39:11,0x3fc91a3afd70395cd496c647d5a6cc9d4b2b7fad,0x1434ba3759853ee9b390ffb60323ce2eeb37876d,-2095733120,1271975867311763776,1951384029872021205219953972495972,35461582453294863465,202244
0x88e6a0c2ddd26feeb64f039a2c41296fcb3f5640,"['0xc42079f94a6350d7e6235f29174924f928cc2ac818eb64fed8004e115fbcca67', '0x0000000000000000000000003fc91a3afd70395cd496c647d5a6cc9d4b2b7fad', '0x0000000000000000000000003fc91a3afd70395cd496c647d5a6cc9d4b2b7fad']",0x000000000000000000000000000000000000000000000000000000000718e6fafffffffffffffffffffffffffffffffffffffffffffffffffeff80fec655d3f80000000000000000000000000000000000006035ed57baa8f8796769c5145c45000000000000000000000000000000000000000000000001ec20d95b95dd94690000000000000000000000000000000000000000000000000000000000031604,0x112aeaf,0x87bf2237165c33f16b7252abdc1dc6172e4fe324c25d17f8acd3435ce2ffbf5f,0x64ea710b,0x2c4b220b4,0x26724,0xa7,0x8ab73a69903bfba5eeb5a25cfadbe9ce4913f14c8ec5679eb2e8340b8c72eabd,0x46,18001583,1693085963,2023-08-26 21:39:23,0x3fc91a3afd70395cd496c647d5a6cc9d4b2b7fad,0x3fc91a3afd70395cd496c647d5a6cc9d4b2b7fad,119072506,-72197237277076488,1951383868569167459119054703582277,35461582453294863465,202244
0x88e6a0c2ddd26feeb64f039a2c41296fcb3f5640,"['0xc42079f94a6350d7e6235f29174924f928cc2ac818eb64fed8004e115fbcca67', '0x0000000000000000000000003fc91a3afd70395cd496c647d5a6cc9d4b2b7fad', '0x000000000000000000000000ea01856270d3c7cb7d2d37effb03bc56898c2d9d']",0xffffffffffffffffffffffffffffffffffffffffffffffffffffffffc4e425ca000000000000000000000000000000000000000000000000085a56117ef16ae10000000000000000000000000000000000006035f1af835997986b077ccba0f2000000000000000000000000000000000000000000000001ec20d95b95dd94690000000000000000000000000000000000000000000000000000000000031604,0x112aeb1,0xc3c2b2eb8a815696782a77574c7a934d2ddccb0dfa340b8addd5859748b75db3,0x64ea7123,0x29e3e0102,0x3d42e,0xd6,0xf34f1f73eb443d9df9fc339a0e80af14717370f3c4422107711540e219d732e9,0x4f,18001585,1693085987,2023-08-26 21:39:47,0x3fc91a3afd70395cd496c647d5a6cc9d4b2b7fad,0xea01856270d3c7cb7d2d37effb03bc56898c2d9d,-991681078,601888133351566049,1951385212633484440390121961529586,35461582453294863465,202244
0x88e6a0c2ddd26feeb64f039a2c41296fcb3f5640,"['0xc42079f94a6350d7e6235f29174924f928cc2ac818eb64fed8004e115fbcca67', '0x000000000000000000000000e4000004000bd8006e00720000d27d1fa000d43e', '0x000000000000000000000000e4000004000bd8006e00720000d27d1fa000d43e']",0xffffffffffffffffffffffffffffffffffffffffffffffffffffffffc513a3220000000000000000000000000000000000000000000000000853a0d22b6d31ec0000000000000000000000000000000000006035f603cf31436edb40168306ab000000000000000000000000000000000000000000000001ec20d95b95dd94690000000000000000000000000000000000000000000000000000000000031604,0x112aeb2,0x6bcd1326fa70575d02cbca02c0e488c0af389e0095b558db60e2922330d93ffc,0x64ea712f,0x441cd64b1,0x478f5,0x35,0x501ebd5d66a458c62a5a155c77666f8b0704e5aa645838fba9066819a41e7e03,0x8,18001586,1693085999,2023-08-26 21:39:59,0xe4000004000bd8006e00720000d27d1fa000d43e,0xe4000004000bd8006e00720000d27d1fa000d43e,-988568798,599999999902560748,1951386552481448491797932381767339,35461582453294863465,202244
0x88e6a0c2ddd26feeb64f039a2c41296fcb3f5640,"['0xc42079f94a6350d7e6235f29174924f928cc2ac818eb64fed8004e115fbcca67', '0x0000000000000000000000003fc91a3afd70395cd496c647d5a6cc9d4b2b7fad', '0x000000000000000000000000e239fd24a571c5c7f0ba655ed1b34654ba4982a3']",0xffffffffffffffffffffffffffffffffffffffffffffffffffffffffff69280f000000000000000000000000000000000000000000000000001550f7dca700000000000000000000000000000000000000006035f60ee46e4cdc923804c628ea000000000000000000000000000000000000000000000001ec20d95b95dd94690000000000000000000000000000000000000000000000000000000000031604,0x112aeb3,0x7faa5480ca0e1287d33818524a265e715b245056758f1494cc3bec7aa263b7da,0x64ea713b,0x28e09b2cb,0x21ace,0x9f,0x3d14aa98255e97d635c6aab0a25a02285bab444838ebeb300858749d5b0cd8c2,0x54,18001587,1693086011,2023-08-26 21:40:11,0x3fc91a3afd70395cd496c647d5a6cc9d4b2b7fad,0xe239fd24a571c5c7f0ba655ed1b34654ba4982a3,-9885681,6000000000000000,1951386565879928134487906909038826,35461582453294863465,202244
0x88e6a0c2ddd26feeb64f039a2c41296fcb3f5640,"['0xc42079f94a6350d7e6235f29174924f928cc2ac818eb64fed8004e115fbcca67', '0x0000000000000000000000003fc91a3afd70395cd496c647d5a6cc9d4b2b7fad', '0x0000000000000000000000002a182e532a379cb2c7f1b34ce3f76f3f7d3596f7']",0x000000000000000000000000000000000000000000000000000000001ad27480fffffffffffffffffffffffffffffffffffffffffffffffffc36a5210d71c9540000000000000000000000000000000000006035f416a4dd32c61c3f8316352d000000000000000000000000000000000000000000000001ec20d95b95dd94690000000000000000000000000000000000000000000000000000000000031604,0x112aeb3,0x7faa5480ca0e1287d33818524a265e715b245056758f1494cc3bec7aa263b7da,0x64ea713b,0x28e09b2cb,0x2fc77,0xb7,0x16d8fa483ded5780adfd37f5cd836d0030277819883eefd9fd5702d484280ead,0x59,18001587,1693086011,2023-08-26 21:40:11,0x3fc91a3afd70395cd496c647d5a6cc9d4b2b7fad,0x2a182e532a379cb2c7f1b34ce3f76f3f7d3596f7,450000000,-272849166031271596,1951385956281129302583722661786925,35461582453294863465,202244
0x88e6a0c2ddd26feeb64f039a2c41296fcb3f5640,"['0xc42079f94a6350d7e6235f29174924f928cc2ac818eb64fed8004e115fbcca67', '0x0000000000000000000000003fc91a3afd70395cd496c647d5a6cc9d4b2b7fad', '0x0000000000000000000000003fc91a3afd70395cd496c647d5a6cc9d4b2b7fad']",0x0000000000000000000000000000000000000000000000000000000005f4286fffffffffffffffffffffffffffffffffffffffffffffffffff28d4b0b504c01b0000000000000000000000000000000000006035f3a6b71a50eeceb6ddb37e10000000000000000000000000000000000000000000000001ec20d95b95dd94690000000000000000000000000000000000000000000000000000000000031604,0x112aeb6,0xac1bab6763118f7aad5cb6b37cf5e1b268ab159e18a5e7a7e084653b6a52d0ca,0x64ea715f,0x2c16597c6,0x3f552,0x1b2,0xa3aa44567002d042060fe2c529b26e3648ef2503fd3fbdf16923fb2e5856e8ea,0x86,18001590,1693086047,2023-08-26 21:40:47,0x3fc91a3afd70395cd496c647d5a6cc9d4b2b7fad,0x3fc91a3afd70395cd496c647d5a6cc9d4b2b7fad,99887215,-60564739553181669,1951385820967567527008450888564240,35461582453294863465,202244
0x88e6a0c2ddd26feeb64f039a2c41296fcb3f5640,"['0xc42079f94a6350d7e6235f29174924f928cc2ac818eb64fed8004e115fbcca67', '0x0000000000000000000000003fc91a3afd70395cd496c647d5a6cc9d4b2b7fad', '0x0000000000000000000000003fc91a3afd70395cd496c647d5a6cc9d4b2b7fad']",0x0000000000000000000000000000000000000000000000000000000cd0974486fffffffffffffffffffffffffffffffffffffffffffffffe30df14353b4c41550000000000000000000000000000000000006035ebe248f37c522e7f6d203b5000000000000000000000000000000000000000000000003ba0193bd5457767eb0000000000000000000000000000000000000000000000000000000000031604,0x112aeb8,0x282869aa64afb3ae6c65a324e1ce52334155e3c23de3c7bf9b652e26710ea50b,0x64ea7177,0x2d4ff10fd,0x2267f,0x5,0x45b8b284e2e8e07e42f7fd84c5d8aab7f01536871cc440fb4e2490511fb9a6b6,0x1,18001592,1693086071,2023-08-26 21:41:11,0x3fc91a3afd70395cd496c647d5a6cc9d4b2b7fad,0x3fc91a3afd70395cd496c647d5a6cc9d4b2b7fad,55039181958,-33371932494931410603,1951383417102861523438997256289104,1099894218056529307627,202244
0x88e6a0c2ddd26feeb64f039a2c41296fcb3f5640,"['0xc42079f94a6350d7e6235f29174924f928cc2ac818eb64fed8004e115fbcca67', '0x0000000000000000000000003fc91a3afd70395cd496c647d5a6cc9d4b2b7fad', '0x0000000000000000000000003fc91a3afd70395cd496c647d5a6cc9d4b2b7fad']",0x00000000000000000000000000000000000000000000000000000000fa56ea00ffffffffffffffffffffffffffffffffffffffffffffffffdca8bd602fb4fa020000000000000000000000000000000000006035d97ffeaf8302b76e2364de38000000000000000000000000000000000000000000000001ec20d95b95dd94690000000000000000000000000000000000000000000000000000000000031604,0x112aeba,0x915883b0407bf281218b74f27ae133e9b4ba81945298291cafd9e4f57a68e585,0x64ea718f,0x34d6dee82,0x22521,0x9d,0xb2c25e00f89ecf612b9058cc0bfdc750e759eabdbbd6eca0ef58639ab14f6aa4,0x61,18001594,1693086095,2023-08-26 21:41:35,0x3fc91a3afd70395cd496c647d5a6cc9d4b2b7fad,0x3fc91a3afd70395cd496c647d5a6cc9d4b2b7fad,4200000000,-2546577368463115774,1951377727547245400700454063889976,35461582453294863465,202244
0x88e6a0c2ddd26feeb64f039a2c41296fcb3f5640,"['0xc42079f94a6350d7e6235f29174924f928cc2ac818eb64fed8004e115fbcca67', '0x0000000000000000000000003fc91a3afd70395cd496c647d5a6cc9d4b2b7fad', '0x0000000000000000000000003fc91a3afd70395cd496c647d5a6cc9d4b2b7fad']",0x0000000000000000000000000000000000000000000000000000000041a6001bfffffffffffffffffffffffffffffffffffffffffffffffff6bb7a05fc56c6b60000000000000000000000000000000000006035d4add542c7fdcb1e33d4039b000000000000000000000000000000000000000000000001ec20d95b95dd94690000000000000000000000000000000000000000000000000000000000031604,0x112aebf,0xbb05426229042fbfbd1ef940da969c18b454c15561c79c24bd142a699c48348d,0x64ea71cb,0x2d298167b,0x21261,0x12a,0x7d0c03d396ea8bfb6ebc5a4da673f9af0f73c051d5ab9b1d2f3d8243782be0ab,0x5d,18001599,1693086155,2023-08-26 21:42:35,0x3fc91a3afd70395cd496c647d5a6cc9d4b2b7fad,0x3fc91a3afd70395cd496c647d5a6cc9d4b2b7fad,1101398043,-667805953607416138,1951376235537161245934623325946779,35461582453294863465,202244
0x88e6a0c2ddd26feeb64f039a2c41296fcb3f5640,"['0xc42079f94a6350d7e6235f29174924f928cc2ac818eb64fed8004e115fbcca67', '0x0000000000000000000000003fc91a3afd70395cd496c647d5a6cc9d4b2b7fad', '0x0000000000000000000000003fc91a3afd70395cd496c647d5a6cc9d4b2b7fad']",0x000000000000000000000000000000000000000000000000000000002b431ce6fffffffffffffffffffffffffffffffffffffffffffffffff9e483d32a1caed50000000000000000000000000000000000006035d1808644a506fd5ff718880c000000000000000000000000000000000000000000000001ec20d95b95dd94690000000000000000000000000000000000000000000000000000000000031604,0x112aec2,0x5ec1468c6320e676081222908b1891c8be42c0b009674b31d8779160ea9767be,0x64ea71ef,0x2ced9e5a4,0x39e40,0xc6,0x6176490b1d89d700a48283629b2d6a019f9fd0cb7d7c53fc8f045cbe68d331d7,0x78,18001602,1693086191,2023-08-26 21:43:11,0x3fc91a3afd70395cd496c647d5a6cc9d4b2b7fad,0x3fc91a3afd70395cd496c647d5a6cc9d4b2b7fad,725818598,-440081920607605035,1951375252307437321155291230275596,35461582453294863465,202244
0x88e6a0c2ddd26feeb64f039a2c41296fcb3f5640,"['0xc42079f94a6350d7e6235f29174924f928cc2ac818eb64fed8004e115fbcca67', '0x0000000000000000000000003fc91a3afd70395cd496c647d5a6cc9d4b2b7fad', '0x000000000000000000000000854b1e46b413c0ed149aa08e54048f48793c90f2']",0xffffffffffffffffffffffffffffffffffffffffffffffffffffffff54238cfb00000000000000000000000000000000000000000000000018493fba64ef00000000000000000000000000000000000000006035de210e2463071dd916ea8cc7000000000000000000000000000000000000000000000001ec20d95b95dd94690000000000000000000000000000000000000000000000000000000000031604,0x112aec3,0x2321e50901cbdc53d88cbda1cd8338b02e8b8e73cc3d442abf701dca09bb7daa,0x64ea71fb,0x2de6d2fb3,0x21af2,0x11a,0x143822a7744c405849305afeb3168aa53831e939fce07e62af3220489e9bfe0b,0x5b,18001603,1693086203,2023-08-26 21:43:23,0x3fc91a3afd70395cd496c647d5a6cc9d4b2b7fad,0x854b1e46b413c0ed149aa08e54048f48793c90f2,-2883351301,1750000000000000000,1951379160197333105731195017792711,35461582453294863465,202244
0x88e6a0c2ddd26feeb64f039a2c41296fcb3f5640,"['0xc42079f94a6350d7e6235f29174924f928cc2ac818eb64fed8004e115fbcca67', '0x0000000000000000000000003fc91a3afd70395cd496c647d5a6cc9d4b2b7fad', '0x0000000000000000000000003fc91a3afd70395cd496c647d5a6cc9d4b2b7fad']",0x000000000000000000000000000000000000000000000000000000003fa3e9e1fffffffffffffffffffffffffffffffffffffffffffffffff7040c2792adc8c50000000000000000000000000000000000006035d974a4dde89edd8db74342aa000000000000000000000000000000000000000000000001ec20d95b95dd94690000000000000000000000000000000000000000000000000000000000031604,0x112aec5,0xfd3e3480fdedba267ef292d73bfd3fb5d3fa453b7dd74e23ff03da81b6880fa3,0x64ea7213,0x2bfcbc91f,0x2252d,0x11b,0x858c11f1cd02fd515b611d1ab0bf318a776abd47b46609b041985747a4cdf7ce,0x5e,18001605,1693086227,2023-08-26 21:43:47,0x3fc91a3afd70395cd496c647d5a6cc9d4b2b7fad,0x3fc91a3afd70395cd496c647d5a6cc9d4b2b7fad,1067706849,-647379082330388283,1951377713824904273477666976514730,35461582453294863465,202244
0x88e6a0c2ddd26feeb64f039a2c41296fcb3f5640,"['0xc42079f94a6350d7e6235f29174924f928cc2ac818eb64fed8004e115fbcca67', '0x0000000000000000000000006719c6ebf80d6499ca9ce170cda72beb3f1d1a54', '0x000000000000000000000000684b00a5773679f88598a19976fbeb25a68e9a5f']",0xffffffffffffffffffffffffffffffffffffffffffffffffffffffffd000168e00000000000000000000000000000000000000000000000006c87007d02406430000000000000000000000000000000000006035dcfb7813a571b6da325ee5af000000000000000000000000000000000000000000000001ec20d95b95dd94690000000000000000000000000000000000000000000000000000000000031604,0x112aec6,0x2c94334943dfe5b34f6fc2905b7b84614e97c268096298052bea1aee4276eb25,0x64ea721f,0x34d7e0e52,0x2c2bc,0x23,0x5abc3280793b6127aec9b952e6da069192f256700392d1c391974a7200726e2e,0x6,18001606,1693086239,2023-08-26 21:43:59,0x6719c6ebf80d6499ca9ce170cda72beb3f1d1a54,0x684b00a5773679f88598a19976fbeb25a68e9a5f,-805300594,488763738428802627,1951378805273404177370931053651375,35461582453294863465,202244
0x88e6a0c2ddd26feeb64f039a2c41296fcb3f5640,"['0xc42079f94a6350d7e6235f29174924f928cc2ac818eb64fed8004e115fbcca67', '0x0000000000000000000000003fc91a3afd70395cd496c647d5a6cc9d4b2b7fad', '0x0000000000000000000000003fc91a3afd70395cd496c647d5a6cc9d4b2b7fad']",0x0000000000000000000000000000000000000000000000000000000002faf080ffffffffffffffffffffffffffffffffffffffffffffffffff944b72bec1928c0000000000000000000000000000000000006035dcc3711fb5abc6df141143cf000000000000000000000000000000000000000000000001ec20d95b95dd94690000000000000000000000000000000000000000000000000000000000031604,0x112aec8,0x0680c2305e520ff58554df87a3e5e117ffa6c0fea927d43d8f1580bf7c079c81,0x64ea7237,0x30bce3596,0x237d5,0xb0,0x931ed88972ef02a21e5cb14061cb3acea348dcce2e23beda09c9eafd5974b808,0x18,18001608,1693086263,2023-08-26 21:44:23,0x3fc91a3afd70395cd496c647d5a6cc9d4b2b7fad,0x3fc91a3afd70395cd496c647d5a6cc9d4b2b7fad,50000000,-30316341286038900,1951378737540724243765160676770767,35461582453294863465,202244
0x88e6a0c2ddd26feeb64f039a2c41296fcb3f5640,"['0xc42079f94a6350d7e6235f29174924f928cc2ac818eb64fed8004e115fbcca67', '0x000000000000000000000000def1c0ded9bec7f1a1670819833240f027b25eff', '0x000000000000000000000000def1c0ded9bec7f1a1670819833240f027b25eff']",0x0000000000000000000000000000000000000000000000000000000012f452a9fffffffffffffffffffffffffffffffffffffffffffffffffd52fd9acff0c0360000000000000000000000000000000000006035db5f1b70eab129390f51a346000000000000000000000000000000000000000000000001ec20d95b95dd94690000000000000000000000000000000000000000000000000000000000031604,0x112aece,0xeedea73a663ed08ccf2090ce44cea4baa840f66377ccef5671bcd2afefa4b1c5,0x64ea727f,0x324078a18,0x4d338,0x8e,0x5f2853cdcca91bb3037095370e2ad3de13561e4eedf0b8649fbb4d44ba58d524,0x24,18001614,1693086335,2023-08-26 21:45:35,0xdef1c0ded9bec7f1a1670819833240f027b25eff,0xdef1c0ded9bec7f1a1670819833240f027b25eff,318001833,-192812992668057546,1951378306758506950268352967320390,35461582453294863465,202244
0x88e6a0c2ddd26feeb64f039a2c41296fcb3f5640,"['0xc42079f94a6350d7e6235f29174924f928cc2ac818eb64fed8004e115fbcca67', '0x0000000000000000000000003fc91a3afd70395cd496c647d5a6cc9d4b2b7fad', '0x0000000000000000000000003fc91a3afd70395cd496c647d5a6cc9d4b2b7fad']",0xfffffffffffffffffffffffffffffffffffffffffffffffffffffffffa1b8d5800000000000000000000000000000000000000000000000000d529ae9e8600000000000000000000000000000000000000006035dbcdefd348fa4ee85df0f9be000000000000000000000000000000000000000000000001ec20d95b95dd94690000000000000000000000000000000000000000000000000000000000031604,0x112aed2,0x7e866a935761a8546d4eddb22a36c98cc37dbf8cba2ef967b59910ec13d3db2b,0x64ea72af,0x291f0d285,0x37ee8,0x1fd,0x163514bcf4cb8f0fbfaaa43740d26bea4eba7cad19ac52387340e1c413d5434b,0x79,18001618,1693086383,2023-08-26 21:46:23,0x3fc91a3afd70395cd496c647d5a6cc9d4b2b7fad,0x3fc91a3afd70395cd496c647d5a6cc9d4b2b7fad,-98857640,60000000000000000,1951378440743303377168098240035262,35461582453294863465,202244
0x88e6a0c2ddd26feeb64f039a2c41296fcb3f5640,"['0xc42079f94a6350d7e6235f29174924f928cc2ac818eb64fed8004e115fbcca67', '0x00000000000000000000000024902aa0cf0000a08c0ea0b003b0c0bf600000e0', '0x00000000000000000000000024902aa0cf0000a08c0ea0b003b0c0bf600000e0']",0xfffffffffffffffffffffffffffffffffffffffffffffffffffffffdf687269400000000000000000000000000000000000000000000000049b0ea0490f66f000000000000000000000000000000000000006036021e5c6e22f3d81f6412f8cb000000000000000000000000000000000000000000000001ec20d95b95dd94690000000000000000000000000000000000000000000000000000000000031604,0x112aedb,0xd9be8664c88265fe5cccca4bb74f3a5f3ceb0bd9f0fbab09227b5c2187d47e38,0x64ea731b,0x268261a29,0x67ca2,0x67,0x985b2354657c3db4e7c6000f2ca605454af2ef4b57ed47897e94d636d042b375,0x11,18001627,1693086491,2023-08-26 21:48:11,0x24902aa0cf0000a08c0ea0b003b0c0bf600000e0,0x24902aa0cf0000a08c0ea0b003b0c0bf600000e0,-8748849516,5310001266002652928,1951390298400614242924361562650827,35461582453294863465,202244
0x88e6a0c2ddd26feeb64f039a2c41296fcb3f5640,"['0xc42079f94a6350d7e6235f29174924f928cc2ac818eb64fed8004e115fbcca67', '0x0000000000000000000000003fc91a3afd70395cd496c647d5a6cc9d4b2b7fad', '0x0000000000000000000000003fc91a3afd70395cd496c647d5a6cc9d4b2b7fad']",0x00000000000000000000000000000000000000000000000000000001eb84f8a4ffffffffffffffffffffffffffffffffffffffffffffffffba9c6e7dbb0c00000000000000000000000000000000000000006035de05f04d48bd38149a5b2caf000000000000000000000000000000000000000000000001ec20d95b95dd94690000000000000000000000000000000000000000000000000000000000031604,0x112aedd,0x8ccac8a92c9ab41daff6ff0b30b5e9d5f3e9563e6dbc8d3ccb1a45d138431476,0x64ea7333,0x3b9aca000,0x23e28,0xd4,0x2782d6daf94936959ca1d6b63f3027fd32aff787ae467a1d2bd328b3ce53a853,0x4b,18001629,1693086515,2023-08-26 21:48:35,0x3fc91a3afd70395cd496c647d5a6cc9d4b2b7fad,0x3fc91a3afd70395cd496c647d5a6cc9d4b2b7fad,8246327460,-5000000000000000000,1951379127415419403859389683805359,35461582453294863465,202244
0x88e6a0c2ddd26feeb64f039a2c41296fcb3f5640,"['0xc42079f94a6350d7e6235f29174924f928cc2ac818eb64fed8004e115fbcca67', '0x0000000000000000000000003fc91a3afd70395cd496c647d5a6cc9d4b2b7fad', '0x0000000000000000000000003fc91a3afd70395cd496c647d5a6cc9d4b2b7fad']",0x00000000000000000000000000000000000000000000000000000002540be400ffffffffffffffffffffffffffffffffffffffffffffffffabdb15ea07d5cffc0000000000000000000000000000000000006035b2409497ec21e3865b9535b7000000000000000000000000000000000000000000000001ec20d95b95dd94690000000000000000000000000000000000000000000000000000000000031604,0x112aee7,0x700df667c41b0d021c0b85fc33828e927f056eee9803d2a98c870dac2b51317d,0x64ea73ab,0x2df21c420,0x237ed,0xe3,0x57ac81535ac3a6b35bb36117312f1ddb820a49b34edd39edfeb96e1964811644,0x56,18001639,1693086635,2023-08-26 21:50:35,0x3fc91a3afd70395cd496c647d5a6cc9d4b2b7fad,0x3fc91a3afd70395cd496c647d5a6cc9d4b2b7fad,10000000000,-6063228378426257412,1951365580968529738300765163042231,35461582453294863465,202244
0x88e6a0c2ddd26feeb64f039a2c41296fcb3f5640,"['0xc42079f94a6350d7e6235f29174924f928cc2ac818eb64fed8004e115fbcca67', '0x0000000000000000000000003fc91a3afd70395cd496c647d5a6cc9d4b2b7fad', '0x00000000000000000000000081a460ea6fd96a73d5672f1f4aa684697d4b44cc']",0x00000000000000000000000000000000000000000000000000000002540be400ffffffffffffffffffffffffffffffffffffffffffffffffabdb6279f906d5460000000000000000000000000000000000006035867b60b63ed4d3d4c7d0e2c8000000000000000000000000000000000000000000000001ec20d95b95dd94690000000000000000000000000000000000000000000000000000000000031604,0x112aee8,0xb69a188f4df72d20b18f833ad51f893f7a5e693e82846992bcf00befbd21df46,0x64ea73b7,0x354ca4dd0,0x36ca9,0x92,0x1c463af45809653f443eb3fe58a7ac61b1793771e21affb2ee6a904055b99466,0x1b,18001640,1693086647,2023-08-26 21:50:47,0x3fc91a3afd70395cd496c647d5a6cc9d4b2b7fad,0x81a460ea6fd96a73d5672f1f4aa684697d4b44cc,10000000000,-6063144197315701434,1951352034709717260683328894329544,35461582453294863465,202244
0x88e6a0c2ddd26feeb64f039a2c41296fcb3f5640,"['0xc42079f94a6350d7e6235f29174924f928cc2ac818eb64fed8004e115fbcca67', '0x0000000000000000000000003fc91a3afd70395cd496c647d5a6cc9d4b2b7fad', '0x000000000000000000000000b1c33de7a914f4d9ba293a055822cbc6e662a698']",0x0000000000000000000000000000000000000000000000000000000077359400ffffffffffffffffffffffffffffffffffffffffffffffffef2be9aec06ec84900000000000000000000000000000000000060357dba5b1d5f9fd8baabdf7dca000000000000000000000000000000000000000000000001ec20d95b95dd94690000000000000000000000000000000000000000000000000000000000031604,0x112aeea,0x77f998245e316946e0b2d319c31f76d17c89a146ba6586706dc31e962f1ecaf8,0x64ea73cf,0x2b1217168,0x302af,0x18,0x33a360dcc0c637fa3c01a007455090a0353e96cd691d209330e4f79f5dbcfabc,0x2,18001642,1693086671,2023-08-26 21:51:11,0x3fc91a3afd70395cd496c647d5a6cc9d4b2b7fad,0xb1c33de7a914f4d9ba293a055822cbc6e662a698,2000000000,-1212618737884149687,1951349325480523683029537496464842,35461582453294863465,202244
0x88e6a0c2ddd26feeb64f039a2c41296fcb3f5640,"['0xc42079f94a6350d7e6235f29174924f928cc2ac818eb64fed8004e115fbcca67', '0x0000000000000000000000001111111254eeb25477b68fb85ed929f73a960582', '0x0000000000000000000000001111111254eeb25477b68fb85ed929f73a960582']",0x00000000000000000000000000000000000000000000000000000000ef18528cffffffffffffffffffffffffffffffffffffffffffffffffde3f6a917acdc01700000000000000000000000000000000000060356c2b9d5c94938160f99e5a73000000000000000000000000000000000000000000000001ec20d95b95dd94690000000000000000000000000000000000000000000000000000000000031604,0x112aeec,0x7fbc43eb3dde2808dbab6d11fce289cec76e4ef2d696432adf0de1dc73a9538e,0x64ea73e7,0x2a37d275f,0x42fa4,0x8d,0x1425e7cf302a5df53cd98d851a591edb9138864ddcda5145947cebe1423bf2a5,0x35,18001644,1693086695,2023-08-26 21:51:35,0x1111111254eeb25477b68fb85ed929f73a960582,0x1111111254eeb25477b68fb85ed929f73a960582,4011348620,-2432108100693671913,1951343891671806663596179013393011,35461582453294863465,202244
0x88e6a0c2ddd26feeb64f039a2c41296fcb3f5640,"['0xc42079f94a6350d7e6235f29174924f928cc2ac818eb64fed8004e115fbcca67', '0x0000000000000000000000003fc91a3afd70395cd496c647d5a6cc9d4b2b7fad', '0x00000000000000000000000081a460ea6fd96a73d5672f1f4aa684697d4b44cc']",0x00000000000000000000000000000000000000000000000000000002ae293f46ffffffffffffffffffffffffffffffffffffffffffffffff9f234b30812b2594000000000000000000000000000000000000603539c8a0a99a005ff040cc10c1000000000000000000000000000000000000000000000001ec20d95b95dd94690000000000000000000000000000000000000000000000000000000000031603,0x112aef1,0xfda5bd059fcce011954b4353aa98b0e63f78fcd08d94540c7696bb906808657d,0x64ea7423,0x3b9aca000,0x33912,0xe,0x39353985c794ce3bc899dd8184b8420c4b3425c5c42d6ba8effba5db76485ff4,0x2,18001649,1693086755,2023-08-26 21:52:35,0x3fc91a3afd70395cd496c647d5a6cc9d4b2b7fad,0x81a460ea6fd96a73d5672f1f4aa684697d4b44cc,11511873350,-6979652325796534892,1951328297753247344168713679802561,35461582453294863465,202243
0x88e6a0c2ddd26feeb64f039a2c41296fcb3f5640,"['0xc42079f94a6350d7e6235f29174924f928cc2ac818eb64fed8004e115fbcca67', '0x0000000000000000000000003fc91a3afd70395cd496c647d5a6cc9d4b2b7fad', '0x0000000000000000000000003fc91a3afd70395cd496c647d5a6cc9d4b2b7fad']",0x0000000000000000000000000000000000000000000000000000000001e84800ffffffffffffffffffffffffffffffffffffffffffffffffffbb127ae8d8f43f000000000000000000000000000000000000603539a4c5a5d1921889f6fdf81b000000000000000000000000000000000000000000000001ec20d95b95dd94690000000000000000000000000000000000000000000000000000000000031603,0x112aef1,0xfda5bd059fcce011954b4353aa98b0e63f78fcd08d94540c7696bb906808657d,0x64ea7423,0x2c389a48e,0x237d3,0xdf,0x49ea1e4a714e6b3e4f803650ee01d38117941cadb184e70bf827225135a0d362,0x57,18001649,1693086755,2023-08-26 21:52:35,0x3fc91a3afd70395cd496c647d5a6cc9d4b2b7fad,0x3fc91a3afd70395cd496c647d5a6cc9d4b2b7fad,32000000,-19401454291192769,1951328254406575615116459460392987,35461582453294863465,202243
0x88e6a0c2ddd26feeb64f039a2c41296fcb3f5640,"['0xc42079f94a6350d7e6235f29174924f928cc2ac818eb64fed8004e115fbcca67', '0x0000000000000000000000003fc91a3afd70395cd496c647d5a6cc9d4b2b7fad', '0x0000000000000000000000003fc91a3afd70395cd496c647d5a6cc9d4b2b7fad']",0x000000000000000000000000000000000000000000000000000000000bebc200fffffffffffffffffffffffffffffffffffffffffffffffffe513384bb4f3f49000000000000000000000000000000000000603538c4acd08a62b829bea598c0000000000000000000000000000000000000000000000001ec20d95b95dd94690000000000000000000000000000000000000000000000000000000000031603,0x112aef6,0x35060ab3bf617d5632b93971c6b6cebd03401619a906192307b4d4d3b72f6210,0x64ea745f,0x2bbe60d12,0x316d9,0x15a,0x65f7154eb2709879175505360cf75d2d51f511bbbc99c0b508cee2051218b18b,0x7c,18001654,1693086815,2023-08-26 21:53:35,0x3fc91a3afd70395cd496c647d5a6cc9d4b2b7fad,0x3fc91a3afd70395cd496c647d5a6cc9d4b2b7fad,200000000,-121259069791060151,1951327983489920939938485729859776,35461582453294863465,202243
0x88e6a0c2ddd26feeb64f039a2c41296fcb3f5640,"['0xc42079f94a6350d7e6235f29174924f928cc2ac818eb64fed8004e115fbcca67', '0x0000000000000000000000003fc91a3afd70395cd496c647d5a6cc9d4b2b7fad', '0x00000000000000000000000047082a75bc16313ef92cfaca1feb885659c3c9b5']",0x0000000000000000000000000000000000000000000000000000000077359400ffffffffffffffffffffffffffffffffffffffffffffffffef2c04de7d73919800000000000000000000000000000000000060353003b55c0d3dacebdcd0cb68000000000000000000000000000000000000000000000001ec20d95b95dd94690000000000000000000000000000000000000000000000000000000000031603,0x112aefb,0x7145aa30c8b091afc247e2e2c373002000117daf21ff5b032e2d0f04b144aac7,0x64ea749b,0x306abba8b,0x3af93,0x12,0xa4ed6cf049eddfcaf46c216a991479057ebe6efd619ac8d5be7b70617761fb77,0x5,18001659,1693086875,2023-08-26 21:54:35,0x3fc91a3afd70395cd496c647d5a6cc9d4b2b7fad,0x47082a75bc16313ef92cfaca1feb885659c3c9b5,2000000000,-1212588846035529320,1951325274327511641961592423238504,35461582453294863465,202243
0x88e6a0c2ddd26feeb64f039a2c41296fcb3f5640,"['0xc42079f94a6350d7e6235f29174924f928cc2ac818eb64fed8004e115fbcca67', '0x0000000000000000000000003fc91a3afd70395cd496c647d5a6cc9d4b2b7fad', '0x0000000000000000000000003fc91a3afd70395cd496c647d5a6cc9d4b2b7fad']",0x0000000000000000000000000000000000000000000000000000000338cdbe4cffffffffffffffffffffffffffffffffffffffffffffffff8b919a211f46a51c0000000000000000000000000000000000006034f372bb6f4334f6fe1f055289000000000000000000000000000000000000000000000001ec20d95b95dd94690000000000000000000000000000000000000000000000000000000000031603,0x112aefc,0xd2ebb95a0bb615d592509062dd4217d111da41fbb4a2b290b4da0f85128f9162,0x64ea74a7,0x2f732a026,0x21269,0xb9,0xd66a429dfd8dab3faff7ca75f86cd38920a91426bd29cd8194bb8c557cc0d164,0x47,18001660,1693086887,2023-08-26 21:54:47,0x3fc91a3afd70395cd496c647d5a6cc9d4b2b7fad,0x3fc91a3afd70395cd496c647d5a6cc9d4b2b7fad,13837909580,-8389755163765201636,1951306529961367092829102495060617,35461582453294863465,202243
0x88e6a0c2ddd26feeb64f039a2c41296fcb3f5640,"['0xc42079f94a6350d7e6235f29174924f928cc2ac818eb64fed8004e115fbcca67', '0x0000000000000000000000003fc91a3afd70395cd496c647d5a6cc9d4b2b7fad', '0x00000000000000000000000081a460ea6fd96a73d5672f1f4aa684697d4b44cc']",0x00000000000000000000000000000000000000000000000000000000c5b3f28dffffffffffffffffffffffffffffffffffffffffffffffffe417952b3127138d0000000000000000000000000000000000006034e4ee47f2f433f0a604eab131000000000000000000000000000000000000000000000001ec20d95b95dd94690000000000000000000000000000000000000000000000000000000000031603,0x112aefd,0xeab5864e2d591e444e14a314cbfe7e1ea92f134109d95c2ac3afb665ae325bb4,0x64ea74b3,0x342770c00,0x359cd,0x7b,0x96dad852425430ea774c5bc7c105082b73d73e4ecc67fbfefff3d251381217a0,0x1d,18001661,1693086899,2023-08-26 21:54:59,0x3fc91a3afd70395cd496c647d5a6cc9d4b2b7fad,0x81a460ea6fd96a73d5672f1f4aa684697d4b44cc,3316904589,-2010974695856860275,1951302037047656170233560665076017,35461582453294863465,202243
0x88e6a0c2ddd26feeb64f039a2c41296fcb3f5640,"['0xc42079f94a6350d7e6235f29174924f928cc2ac818eb64fed8004e115fbcca67', '0x000000000000000000000000def1c0ded9bec7f1a1670819833240f027b25eff', '0x000000000000000000000000610bb423d080dbbb9ea5fb8bab100aad2d81bca4']",0xfffffffffffffffffffffffffffffffffffffffffffffffffffffffed2ff82ec0000000000000000000000000000000000000000000000002a883edc8895ddc90000000000000000000000000000000000006034fb0b6684b0c6470329d558ab000000000000000000000000000000000000000000000001ec20d95b95dd94690000000000000000000000000000000000000000000000000000000000031603,0x112aefd,0xeab5864e2d591e444e14a314cbfe7e1ea92f134109d95c2ac3afb665ae325bb4,0x64ea74b3,0x304228d1f,0x2f500,0xc0,0x9f1a32e1e96fb2db735805e18defade5d5edf0854fb4cf3a800e4bb7a50c8dfe,0x3f,18001661,1693086899,2023-08-26 21:54:59,0xdef1c0ded9bec7f1a1670819833240f027b25eff,0x610bb423d080dbbb9ea5fb8bab100aad2d81bca4,-5049974036,3064768663330872777,1951308880921080369044079699646635,35461582453294863465,202243
0x88e6a0c2ddd26feeb64f039a2c41296fcb3f5640,"['0xc42079f94a6350d7e6235f29174924f928cc2ac818eb64fed8004e115fbcca67', '0x0000000000000000000000003208684f96458c540eb08f6f01b9e9afb2b7d4f0', '0x0000000000000000000000001111111254eeb25477b68fb85ed929f73a960582']",0xfffffffffffffffffffffffffffffffffffffffffffffffffffffffde8f650d10000000000000000000000000000000000000000000000004b9a4bc2f72260000000000000000000000000000000000000006035225a44ca4186ac19eb5aaf97000000000000000000000000000000000000000000000001ec20d95b95dd94690000000000000000000000000000000000000000000000000000000000031603,0x112af00,0x68bca3f1e61634d7ca5315a614e9354814302496baffc540de89fb287a6e92c5,0x64ea74d7,0x2b66c1b7a,0x29a1e,0x75,0x95b71233ecef03d66e33f47e65f38572a3b9ed19b8e90b869d38d9933738e63c,0x3a,18001664,1693086935,2023-08-26 21:55:35,0x3208684f96458c540eb08f6f01b9e9afb2b7d4f0,0x1111111254eeb25477b68fb85ed929f73a960582,-8976445231,5447750000000000000,1951321046182325946428868190187415,35461582453294863465,202243
0x88e6a0c2ddd26feeb64f039a2c41296fcb3f5640,"['0xc42079f94a6350d7e6235f29174924f928cc2ac818eb64fed8004e115fbcca67', '0x0000000000000000000000001111111254eeb25477b68fb85ed929f73a960582', '0x000000000000000000000000ad3b757366b290311391a30bac301c4330a8b055']",0xffffffffffffffffffffffffffffffffffffffffffffffffffffffff91ca95170000000000000000000000000000000000000000000000000f92af4621f7a81c00000000000000000000000000000000000060352a73103d4d5815b1403f62ca000000000000000000000000000000000000000000000001ec20d95b95dd94690000000000000000000000000000000000000000000000000000000000031603,0x112af00,0x68bca3f1e61634d7ca5315a614e9354814302496baffc540de89fb287a6e92c5,0x64ea74d7,0x2b11ee18e,0x2d1b5,0xeb,0x2eaea6023dc22659c5064ea379650c5467796d6aeba8c4f77c0a51b6e42c3df5,0x69,18001664,1693086935,2023-08-26 21:55:35,0x1111111254eeb25477b68fb85ed929f73a960582,0xad3b757366b290311391a30bac301c4330a8b055,-1848994537,1122151972921124892,1951323552037386811109435993187018,35461582453294863465,202243
0x88e6a0c2ddd26feeb64f039a2c41296fcb3f5640,"['0xc42079f94a6350d7e6235f29174924f928cc2ac818eb64fed8004e115fbcca67', '0x0000000000000000000000003fc91a3afd70395cd496c647d5a6cc9d4b2b7fad', '0x0000000000000000000000003fc91a3afd70395cd496c647d5a6cc9d4b2b7fad']",0x000000000000000000000000000000000000000000000000000000009502f900ffffffffffffffffffffffffffffffffffffffffffffffffeaf70cd383310d9000000000000000000000000000000000000060351f81de6d39de079073e5a9f3000000000000000000000000000000000000000000000001ec20d95b95dd94690000000000000000000000000000000000000000000000000000000000031603,0x112af05,0x770fe49abe680a7c7d672c114a90e38a139556ec72118347c4a81da270aa51d1,0x64ea751f,0x2d43d9258,0x2bcc6,0xbe,0x5215c9440d16f1c83b323ea21265752839969977de8ee8a309e686e126eff776,0x44,18001669,1693087007,2023-08-26 21:56:47,0x3fc91a3afd70395cd496c647d5a6cc9d4b2b7fad,0x3fc91a3afd70395cd496c647d5a6cc9d4b2b7fad,2500000000,-1515728647008219760,1951320165600931786655405529475571,35461582453294863465,202243
0x88e6a0c2ddd26feeb64f039a2c41296fcb3f5640,"['0xc42079f94a6350d7e6235f29174924f928cc2ac818eb64fed8004e115fbcca67', '0x0000000000000000000000003fc91a3afd70395cd496c647d5a6cc9d4b2b7fad', '0x00000000000000000000000081a460ea6fd96a73d5672f1f4aa684697d4b44cc']",0x000000000000000000000000000000000000000000000000000000012a05f200ffffffffffffffffffffffffffffffffffffffffffffffffd5ee2801c049c8670000000000000000000000000000000000006035099f8244a0c3e6951d898eb1000000000000000000000000000000000000000000000001ec20d95b95dd94690000000000000000000000000000000000000000000000000000000000031603,0x112af06,0x6b2ba9f4434cfe686e69777a7acbdef7e6af2210470b1132fb1a9c3824e6fd0d,0x64ea752b,0x2b3301cf8,0x36c99,0xda,0x2873cdb391205b06d6da93446007c3761b24e6e8e1b5ec355037faba55200b3d,0x61,18001670,1693087019,2023-08-26 21:56:59,0x3fc91a3afd70395cd496c647d5a6cc9d4b2b7fad,0x81a460ea6fd96a73d5672f1f4aa684697d4b44cc,5000000000,-3031441511187625881,1951313392763283687149312028544689,35461582453294863465,202243
0x88e6a0c2ddd26feeb64f039a2c41296fcb3f5640,"['0xc42079f94a6350d7e6235f29174924f928cc2ac818eb64fed8004e115fbcca67', '0x0000000000000000000000003fc91a3afd70395cd496c647d5a6cc9d4b2b7fad', '0x0000000000000000000000003fc91a3afd70395cd496c647d5a6cc9d4b2b7fad']",0xfffffffffffffffffffffffffffffffffffffffffffffffffffffffd8b7eefc400000000000000000000000000000000000000000000000058cf72c2a940004f000000000000000000000000000000000000603537cc5676d001b9f4ec1a3785000000000000000000000000000000000000000000000001ec20d95b95dd94690000000000000000000000000000000000000000000000000000000000031603,0x112af0a,0x838720c2d28109a4cf5d63b3f63aed6134bbb1f76d59d2175774144b882f89e5,0x64ea755b,0x281f4a607,0x44e06,0x5b,0x912587d1a4f4f08d1a70cd942fb246517f1c32ecd09050642ff9a2e97c19c3b8,0x49,18001674,1693087067,2023-08-26 21:57:47,0x3fc91a3afd70395cd496c647d5a6cc9d4b2b7fad,0x3fc91a3afd70395cd496c647d5a6cc9d4b2b7fad,-10544549948,6399459775905529935,1951327683268538967747509121333125,35461582453294863465,202243
0x88e6a0c2ddd26feeb64f039a2c41296fcb3f5640,"['0xc42079f94a6350d7e6235f29174924f928cc2ac818eb64fed8004e115fbcca67', '0x0000000000000000000000003fc91a3afd70395cd496c647d5a6cc9d4b2b7fad', '0x00000000000000000000000081a460ea6fd96a73d5672f1f4aa684697d4b44cc']",0x000000000000000000000000000000000000000000000000000000009502f900ffffffffffffffffffffffffffffffffffffffffffffffffeaf706fd32ca484500000000000000000000000000000000000060352cdb219d68ef9099e7d06468000000000000000000000000000000000000000000000001ec20d95b95dd94690000000000000000000000000000000000000000000000000000000000031603,0x112af0b,0x0b44585372560a37a4474831994cf69b39139932921c07c97c0d4b0cd8e46659,0x64ea7567,0x345cc9447,0x36c9b,0x6e,0xd7400df32a8959eece10b867766b87bd301758bc43ce23f89dcf14bc2961d7a5,0x10,18001675,1693087079,2023-08-26 21:57:59,0x3fc91a3afd70395cd496c647d5a6cc9d4b2b7fad,0x81a460ea6fd96a73d5672f1f4aa684697d4b44cc,2500000000,-1515735065038272443,1951324296817744799553767867442280,35461582453294863465,202243
0x88e6a0c2ddd26feeb64f039a2c41296fcb3f5640,"['0xc42079f94a6350d7e6235f29174924f928cc2ac818eb64fed8004e115fbcca67', '0x0000000000000000000000003fc91a3afd70395cd496c647d5a6cc9d4b2b7fad', '0x0000000000000000000000003fc91a3afd70395cd496c647d5a6cc9d4b2b7fad']",0x000000000000000000000000000000000000000000000000000000001dbedd4afffffffffffffffffffffffffffffffffffffffffffffffffbcd0f0f363b76fe00000000000000000000000000000000000060352aabf549e8911235236b5ccf000000000000000000000000000000000000000000000001ec20d95b95dd94690000000000000000000000000000000000000000000000000000000000031603,0x112af0b,0x0b44585372560a37a4474831994cf69b39139932921c07c97c0d4b0cd8e46659,0x64ea7567,0x25d574d47,0x44b04,0x224,0x05f604a12b377e7db584ef6f62ac9e59a1a5a22667815039c363b97d7cd4e192,0x78,18001675,1693087079,2023-08-26 21:57:59,0x3fc91a3afd70395cd496c647d5a6cc9d4b2b7fad,0x3fc91a3afd70395cd496c647d5a6cc9d4b2b7fad,499047754,-302569041955162370,1951323620818887180002021002140879,35461582453294863465,202243
0x88e6a0c2ddd26feeb64f039a2c41296fcb3f5640,"['0xc42079f94a6350d7e6235f29174924f928cc2ac818eb64fed8004e115fbcca67', '0x0000000000000000000000003fc91a3afd70395cd496c647d5a6cc9d4b2b7fad', '0x0000000000000000000000002a182e532a379cb2c7f1b34ce3f76f3f7d3596f7']",0x000000000000000000000000000000000000000000000000000000001ad27480fffffffffffffffffffffffffffffffffffffffffffffffffc36b5235af5018d000000000000000000000000000000000000603528b3be0cb366104b772e45a5000000000000000000000000000000000000000000000001ec20d95b95dd94690000000000000000000000000000000000000000000000000000000000031603,0x112af0c,0x2b092d54f5c7967f148fd19b4c9252ce3b41022725968238d452009782bec72c,0x64ea7573,0x2a820422f,0x2fc75,0x134,0xb39e954c9dd3477f2882a4fab7015d1ca5a248fc7a284ba3dfce499012e9ea94,0x68,18001676,1693087091,2023-08-26 21:58:11,0x3fc91a3afd70395cd496c647d5a6cc9d4b2b7fad,0x2a182e532a379cb2c7f1b34ce3f76f3f7d3596f7,450000000,-272831563954847347,1951323011259414855124579043394981,35461582453294863465,202243
0x88e6a0c2ddd26feeb64f039a2c41296fcb3f5640,"['0xc42079f94a6350d7e6235f29174924f928cc2ac818eb64fed8004e115fbcca67', '0x000000000000000000000000e592427a0aece92de3edee1f18e0157c05861564', '0x00000000000000000000000022f9dcf4647084d6c31b2765f6910cd85c178c18']",0xfffffffffffffffffffffffffffffffffffffffffffffffffffffffff33b82e400000000000000000000000000000000000000000000000001cdda4faccd0000000000000000000000000000000000000000603529a3df8c7faf37474c322baa000000000000000000000000000000000000000000000001ec20d95b95dd94690000000000000000000000000000000000000000000000000000000000031603,0x112af0d,0x116cf8dafb0973dc368f1f4b2f2bb2087474a9d191d9f2f181c1237d6ef53bd1,0x64ea757f,0x5390fef82,0x63445,0x5,0x06b602ba45f7a4272080bea64df2aa72d6c1230ac433fef6ab55c055abde8023,0x,18001677,1693087103,2023-08-26 21:58:23,0xe592427a0aece92de3edee1f18e0157c05861564,0x22f9dcf4647084d6c31b2765f6910cd85c178c18,-214203676,130000000000000000,1951323301559807113407360467610538,35461582453294863465,202243
0x88e6a0c2ddd26feeb64f039a2c41296fcb3f5640,"['0xc42079f94a6350d7e6235f29174924f928cc2ac818eb64fed8004e115fbcca67', '0x0000000000000000000000003fc91a3afd70395cd496c647d5a6cc9d4b2b7fad', '0x000000000000000000000000a45ff34210814b51126ca44c96315d813629dd5c']",0xffffffffffffffffffffffffffffffffffffffffffffffffffffffffbc28791900000000000000000000000000000000000000000000000009961d83027be2ef00000000000000000000000000000000000060352e9fd70b97bf94ddf2a17d42000000000000000000000000000000000000000000000001ec20d95b95dd94690000000000000000000000000000000000000000000000000000000000031603,0x112af13,0x6af73894673acb3f8c60b72a8abb1390fb243e0d51cc7c24eca6f3abbe709bee,0x64ea75c7,0x27abb89ac,0x2eec0,0x101,0x3b23a728e7e07cd433034946322f6f35fe2b7d00c7c185717bc34c1d4ce477c9,0x55,18001683,1693087175,2023-08-26 21:59:35,0x3fc91a3afd70395cd496c647d5a6cc9d4b2b7fad,0xa45ff34210814b51126ca44c96315d813629dd5c,-1138198247,690772041367544559,1951324844108996113814479855254850,35461582453294863465,202243
0x88e6a0c2ddd26feeb64f039a2c41296fcb3f5640,"['0xc42079f94a6350d7e6235f29174924f928cc2ac818eb64fed8004e115fbcca67', '0x0000000000000000000000003fc91a3afd70395cd496c647d5a6cc9d4b2b7fad', '0x0000000000000000000000003fc91a3afd70395cd496c647d5a6cc9d4b2b7fad']",0x000000000000000000000000000000000000000000000000000000003b9aca00fffffffffffffffffffffffffffffffffffffffffffffffff79603d378e3b65600000000000000000000000000000000000060352a3f5c0aa76cf63ba15b80f4000000000000000000000000000000000000000000000001ec20d95b95dd94690000000000000000000000000000000000000000000000000000000000031603,0x112af18,0x5852a80d67c7b276378b9d43eb30e488304ef5c784d90a8067b7f5623a6016b4,0x64ea7603,0x2c4684a6c,0x2252b,0xb3,0x962a48e9e8f0afddd08fb1b2ce44e2864a74f65e9ce54f043a9a336df0287fa1,0x53,18001688,1693087235,2023-08-26 22:00:35,0x3fc91a3afd70395cd496c647d5a6cc9d4b2b7fad,0x3fc91a3afd70395cd496c647d5a6cc9d4b2b7fad,1000000000,-606292893033580970,1951323489531209750958900644643060,35461582453294863465,202243
0x88e6a0c2ddd26feeb64f039a2c41296fcb3f5640,"['0xc42079f94a6350d7e6235f29174924f928cc2ac818eb64fed8004e115fbcca67', '0x0000000000000000000000006af1a16fde7346e7729fa921ad2ddf6a462061e2', '0x0000000000000000000000006af1a16fde7346e7729fa921ad2ddf6a462061e2']",0x000000000000000000000000000000000000000000000000000000000e2615e9fffffffffffffffffffffffffffffffffffffffffffffffffe00b1a5416d606600000000000000000000000000000000000060352935622b145916531f523f84000000000000000000000000000000000000000000000001ec20d95b95dd94690000000000000000000000000000000000000000000000000000000000031603,0x112af19,0x7161d06da24bfbf1e02f47c2e8f4a2ab15ec3a49df62cf48f1ed3e097758b3cd,0x64ea760f,0x44f590cfa,0x47f63,0x22,0x04a6c54fc1002afb8b7290e424246e965cc8c776ecc8ac9cc7732ff46dd986c3,0x4,18001689,1693087247,2023-08-26 22:00:47,0x6af1a16fde7346e7729fa921ad2ddf6a462061e2,0x6af1a16fde7346e7729fa921ad2ddf6a462061e2,237377001,-143919864750448538,1951323167985874076858652619325316,35461582453294863465,202243
0x88e6a0c2ddd26feeb64f039a2c41296fcb3f5640,"['0xc42079f94a6350d7e6235f29174924f928cc2ac818eb64fed8004e115fbcca67', '0x0000000000000000000000003fc91a3afd70395cd496c647d5a6cc9d4b2b7fad', '0x00000000000000000000000081a460ea6fd96a73d5672f1f4aa684697d4b44cc']",0x000000000000000000000000000000000000000000000000000000012a05f200ffffffffffffffffffffffffffffffffffffffffffffffffd5ee1f85c438b419000000000000000000000000000000000000603513530198a343c0fcf68ace93000000000000000000000000000000000000000000000001ec20d95b95dd94690000000000000000000000000000000000000000000000000000000000031603,0x112af21,0x00c00cffa3b34dad7c92a19b07b3c1ef1ccb90b3140eb0289a7e48e04c0a774d,0x64ea766f,0x293550f77,0x31727,0xe6,0x07896eb1c549c4722d1db4322c02dbc2eb5e4c20c0690c7f1bbc679f13b50375,0x1b,18001697,1693087343,2023-08-26 22:02:23,0x3fc91a3afd70395cd496c647d5a6cc9d4b2b7fad,0x81a460ea6fd96a73d5672f1f4aa684697d4b44cc,5000000000,-3031450839790603239,1951316395127384040202839043788435,35461582453294863465,202243
0x88e6a0c2ddd26feeb64f039a2c41296fcb3f5640,"['0xc42079f94a6350d7e6235f29174924f928cc2ac818eb64fed8004e115fbcca67', '0x0000000000000000000000003208684f96458c540eb08f6f01b9e9afb2b7d4f0', '0x0000000000000000000000001111111254eeb25477b68fb85ed929f73a960582']",0xffffffffffffffffffffffffffffffffffffffffffffffffffffffff3d7107300000000000000000000000000000000000000000000000001b7ded01140c80000000000000000000000000000000000000006035219e3b264c43e5bf6b7579d1000000000000000000000000000000000000000000000001ec20d95b95dd94690000000000000000000000000000000000000000000000000000000000031603,0x112af23,0x1b115623db0e3fbcf76fe8dc6e63b9325d7f73d7a977992409b81eec1211ea04,0x64ea7687,0x285319cc3,0x2573a,0x12c,0x3994fdf3e00c7c0ff7274ac4261262325e8c58e34a3fd8ad769741edfde369d3,0x32,18001699,1693087367,2023-08-26 22:02:47,0x3208684f96458c540eb08f6f01b9e9afb2b7d4f0,0x1111111254eeb25477b68fb85ed929f73a960582,-3264149712,1981000000000000000,1951320818858746068342762131257809,35461582453294863465,202243
0x88e6a0c2ddd26feeb64f039a2c41296fcb3f5640,"['0xc42079f94a6350d7e6235f29174924f928cc2ac818eb64fed8004e115fbcca67', '0x00000000000000000000000068b3465833fb72a70ecdf485e0e4c7bd8665fc45', '0x000000000000000000000000ce16f69375520ab01377ce7b88f5ba8c48f8d666']",0xfffffffffffffffffffffffffffffffffffffffffffffffffffffffff7f2554900000000000000000000000000000000000000000000000001235290c795000000000000000000000000000000000000000060352235b2bdcd1f54fbce604ddc000000000000000000000000000000000000000000000001ec20d95b95dd94690000000000000000000000000000000000000000000000000000000000031603,0x112af23,0x1b115623db0e3fbcf76fe8dc6e63b9325d7f73d7a977992409b81eec1211ea04,0x64ea7687,0x2831cee3d,0x42376,0x198,0xa31d10d2f6adcf46026bb4a7e98c9a445f91c4c676b9addcca0ed87d5d77ba61,0x6c,18001699,1693087367,2023-08-26 22:02:47,0x68b3465833fb72a70ecdf485e0e4c7bd8665fc45,0xce16f69375520ab01377ce7b88f5ba8c48f8d666,-135113399,82000000000000000,1951321001971301185105747337301468,35461582453294863465,202243
0x88e6a0c2ddd26feeb64f039a2c41296fcb3f5640,"['0xc42079f94a6350d7e6235f29174924f928cc2ac818eb64fed8004e115fbcca67', '0x000000000000000000000000def1c0ded9bec7f1a1670819833240f027b25eff', '0x000000000000000000000000def1c0ded9bec7f1a1670819833240f027b25eff']",0x00000000000000000000000000000000000000000000000000000002b6082f49ffffffffffffffffffffffffffffffffffffffffffffffff9e0771f6f55a07270000000000000000000000000000000000006034ef3f0e5a519e3c429deeef2b000000000000000000000000000000000000000000000001ec20d95b95dd94690000000000000000000000000000000000000000000000000000000000031603,0x112af28,0xff2444c3a5a7c4adce4aa535fb7b2830bc4873f8aa79824ee387b93e5961117f,0x64ea76c3,0x286101cc3,0x37575,0xba,0xefee021b2cfae7be253c9113c20e2c2aea80b63026b3f27bc8d795bbeb337d37,0x3e,18001704,1693087427,2023-08-26 22:03:47,0xdef1c0ded9bec7f1a1670819833240f027b25eff,0xdef1c0ded9bec7f1a1670819833240f027b25eff,11643924297,-7059548585387751641,1951305229548755262378092738309931,35461582453294863465,202243
0x88e6a0c2ddd26feeb64f039a2c41296fcb3f5640,"['0xc42079f94a6350d7e6235f29174924f928cc2ac818eb64fed8004e115fbcca67', '0x0000000000000000000000003fc91a3afd70395cd496c647d5a6cc9d4b2b7fad', '0x0000000000000000000000003fc91a3afd70395cd496c647d5a6cc9d4b2b7fad']",0x000000000000000000000000000000000000000000000000000000001ac94901fffffffffffffffffffffffffffffffffffffffffffffffffc380530a76f59e50000000000000000000000000000000000006034ed4785eca6ea292c638a76a0000000000000000000000000000000000000000000000001ec20d95b95dd94690000000000000000000000000000000000000000000000000000000000031603,0x112af28,0xff2444c3a5a7c4adce4aa535fb7b2830bc4873f8aa79824ee387b93e5961117f,0x64ea76c3,0x283adc2c3,0x29738,0xf2,0x7f32162f869b9704d85e0e18872d37b679930bb95409dbf78e0732c16e5c99ad,0x50,18001704,1693087427,2023-08-26 22:03:47,0x3fc91a3afd70395cd496c647d5a6cc9d4b2b7fad,0x3fc91a3afd70395cd496c647d5a6cc9d4b2b7fad,449399041,-272462070930253339,1951304620814803158967843325376160,35461582453294863465,202243
0x88e6a0c2ddd26feeb64f039a2c41296fcb3f5640,"['0xc42079f94a6350d7e6235f29174924f928cc2ac818eb64fed8004e115fbcca67', '0x000000000000000000000000e592427a0aece92de3edee1f18e0157c05861564', '0x0000000000000000000000001104b4df568fa7af90b1bed1d78a2f71e748dc8a']",0x00000000000000000000000000000000000000000000000000000000508305b7fffffffffffffffffffffffffffffffffffffffffffffffff4a2891f762ff7740000000000000000000000000000000000006034e75e0cdbcd172dcd9ff259d2000000000000000000000000000000000000000000000001ec20d95b95dd94690000000000000000000000000000000000000000000000000000000000031603,0x112af2a,0xac9405882233f8491b2bceb02875fa5b3c5af8b3640ab69224fdb89223a9d0fa,0x64ea76db,0x265ed8700,0x329c6e,0x15e,0x02060bb34162eee00c9fc130668c7b6476cd3c9963b8384b4d66f896b5504c34,0x5f,18001706,1693087451,2023-08-26 22:04:11,0xe592427a0aece92de3edee1f18e0157c05861564,0x1104b4df568fa7af90b1bed1d78a2f71e748dc8a,1350763959,-818941414008162444,1951302791138320893817459804625362,35461582453294863465,202243
0x88e6a0c2ddd26feeb64f039a2c41296fcb3f5640,"['0xc42079f94a6350d7e6235f29174924f928cc2ac818eb64fed8004e115fbcca67', '0x0000000000000000000000003fc91a3afd70395cd496c647d5a6cc9d4b2b7fad', '0x0000000000000000000000003fc91a3afd70395cd496c647d5a6cc9d4b2b7fad']",0x000000000000000000000000000000000000000000000000000000012a05f200ffffffffffffffffffffffffffffffffffffffffffffffffd5ee591ab71e930a0000000000000000000000000000000000006034d17bca3d725b948dafb26c1b000000000000000000000000000000000000000000000001ec20d95b95dd94690000000000000000000000000000000000000000000000000000000000031603,0x112af2d,0xbef8340b7f99fc0a3a478ea429397f3efd7fc34536734bcece3da000401e8118,0x64ea76ff,0x28f23e9e1,0x237dd,0x163,0x7cfbe6d3384dae65b90819824d538288d6cd44f874985aa6e76f2d209db52217,0x46,18001709,1693087487,2023-08-26 22:04:47,0x3fc91a3afd70395cd496c647d5a6cc9d4b2b7fad,0x3fc91a3afd70395cd496c647d5a6cc9d4b2b7fad,5000000000,-3031387527897509110,1951296018421282101243996456250395,35461582453294863465,202243
0x88e6a0c2ddd26feeb64f039a2c41296fcb3f5640,"['0xc42079f94a6350d7e6235f29174924f928cc2ac818eb64fed8004e115fbcca67', '0x0000000000000000000000003fc91a3afd70395cd496c647d5a6cc9d4b2b7fad', '0x00000000000000000000000013988cef5721a77e9a873b9c988559abd698516a']",0xffffffffffffffffffffffffffffffffffffffffffffffffffffffffff619980000000000000000000000000000000000000000000000000001661d10e15c0000000000000000000000000000000000000006034d1876d5722a8617869df5010000000000000000000000000000000000000000000000001ec20d95b95dd94690000000000000000000000000000000000000000000000000000000000031603,0x112af2e,0xfc494ce3e02c6a404f03bc975f891c0a24fdcb87e6dc3d4cba3912e8c0603c7f,0x64ea770b,0x29a90f97a,0x1d80a,0x13c,0xf9fab64ee7d763445e8c8d2001afbd057066fabfbedc57511c4f4d3ed23159c1,0x52,18001710,1693087499,2023-08-26 22:04:59,0x3fc91a3afd70395cd496c647d5a6cc9d4b2b7fad,0x13988cef5721a77e9a873b9c988559abd698516a,-10380928,6300000000000000,1951296032489685726068469709885456,35461582453294863465,202243
0x88e6a0c2ddd26feeb64f039a2c41296fcb3f5640,"['0xc42079f94a6350d7e6235f29174924f928cc2ac818eb64fed8004e115fbcca67', '0x000000000000000000000000e592427a0aece92de3edee1f18e0157c05861564', '0x000000000000000000000000e592427a0aece92de3edee1f18e0157c05861564']",0xfffffffffffffffffffffffffffffffffffffffffffffffffffffffff72fed11000000000000000000000000000000000000000000000000013ec8f5a7b220000000000000000000000000000000000000006034d22d2c3db380863e751589d3000000000000000000000000000000000000000000000001ec20d95b95dd94690000000000000000000000000000000000000000000000000000000000031603,0x112af39,0x3b1b6d25c07e3687b2509d7e4498a7c7ebe3b89369be1c9de663e928bfbba940,0x64ea778f,0x2b0382696,0x423c9,0x7e,0xa4502147c51457c512c51a7ac967c2a682f9d36b3074888196d7c0569506728f,0x34,18001721,1693087631,2023-08-26 22:07:11,0xe592427a0aece92de3edee1f18e0157c05861564,0xe592427a0aece92de3edee1f18e0157c05861564,-147854063,89730000000000000,1951296232863948782497038765230547,35461582453294863465,202243
0x88e6a0c2ddd26feeb64f039a2c41296fcb3f5640,"['0xc42079f94a6350d7e6235f29174924f928cc2ac818eb64fed8004e115fbcca67', '0x00000000000000000000000000000000032962b51589768828ad878876299e14', '0x00000000000000000000000000000000032962b51589768828ad878876299e14']",0xfffffffffffffffffffffffffffffffffffffffffffffffffffffffd82c4d3120000000000000000000000000000000000000000000000005a0abc2025344734000000000000000000000000000000000000603500fdedb119a2cb3b5149cc53000000000000000000000000000000000000000000000001ec20d95b95dd94690000000000000000000000000000000000000000000000000000000000031603,0x112af3b,0x6423845c3dd7488c5426694e18922d76bd9389f46be6c34b1c397823c7b9e5d4,0x64ea77b3,0x297345d14,0x4cb36,0x8,0x8fd125436ae6eaa442587bf4652478fa76c8999ce3ee73458a98f16e6c883487,0x,18001723,1693087667,2023-08-26 22:07:47,0x00000000032962b51589768828ad878876299e14,0x00000000032962b51589768828ad878876299e14,-10690964718,6488205059429779252,1951310721544516510495980462394451,35461582453294863465,202243
0x88e6a0c2ddd26feeb64f039a2c41296fcb3f5640,"['0xc42079f94a6350d7e6235f29174924f928cc2ac818eb64fed8004e115fbcca67', '0x0000000000000000000000003208684f96458c540eb08f6f01b9e9afb2b7d4f0', '0x0000000000000000000000001111111254eeb25477b68fb85ed929f73a960582']",0x000000000000000000000000000000000000000000000000000000003ea59bcefffffffffffffffffffffffffffffffffffffffffffffffff7281b5abc58b91f0000000000000000000000000000000000006034fc644663da392ca58a13d12e000000000000000000000000000000000000000000000001ec20d95b95dd94690000000000000000000000000000000000000000000000000000000000031603,0x112af3d,0xe57a09d425f5d5f1d6b7514660a508457b5ea2c249d6c5d14925b580a6fafbf5,0x64ea77cb,0x6c72c32f3,0x5e8f8,0x3a,0xa0bdf00dd67861eae4b82e57ddd73034b6b41c2f3bf96d64c374fc0574b6bba8,0xb,18001725,1693087691,2023-08-26 22:08:11,0x3208684f96458c540eb08f6f01b9e9afb2b7d4f0,0x1111111254eeb25477b68fb85ed929f73a960582,1051040718,-637229270751987425,1951309297848766652786872373465390,35461582453294863465,202243
0x88e6a0c2ddd26feeb64f039a2c41296fcb3f5640,"['0xc42079f94a6350d7e6235f29174924f928cc2ac818eb64fed8004e115fbcca67', '0x000000000000000000000000e592427a0aece92de3edee1f18e0157c05861564', '0x000000000000000000000000def171fe48cf0115b1d80b88dc8eab59176fee57']",0xffffffffffffffffffffffffffffffffffffffffffffffffffffffff1739a64d00000000000000000000000000000000000000000000000020e44c90e4fa82ad00000000000000000000000000000000000060350d7e3c81538ab4cc9db614fe000000000000000000000000000000000000000000000001ec20d95b95dd94690000000000000000000000000000000000000000000000000000000000031603,0x112af3f,0x52d652278e19d21ad81ae5dc91d4e2ddf172147b3f4914465bc71d1b0d23e77d,0x64ea77e3,0x2903fa5cb,0x530b9,0x10b,0x944b645ef35510e1b37bd307387920a74b6afa174506007177b48d332d0d5932,0x78,18001727,1693087715,2023-08-26 22:08:35,0xe592427a0aece92de3edee1f18e0157c05861564,0xdef171fe48cf0115b1d80b88dc8eab59176fee57,-3905313203,2370103489104347821,1951314590479324958300893479310590,35461582453294863465,202243
0x88e6a0c2ddd26feeb64f039a2c41296fcb3f5640,"['0xc42079f94a6350d7e6235f29174924f928cc2ac818eb64fed8004e115fbcca67', '0x000000000000000000000000ef1c6e67703c7bd7107eed8303fbe6ec2554bf6b', '0x000000000000000000000000ef1c6e67703c7bd7107eed8303fbe6ec2554bf6b']",0x000000000000000000000000000000000000000000000000000000000a77754afffffffffffffffffffffffffffffffffffffffffffffffffe85c30b89ce0c6600000000000000000000000000000000000060350cb97b189f1b81fb0d18a6c2000000000000000000000000000000000000000000000001ec20d95b95dd94690000000000000000000000000000000000000000000000000000000000031603,0x112af41,0xea3eeed9ea5c6f6d9c5379f3ccb68a186da42c58567332cfb4fa0d568a16fcf7,0x64ea77fb,0x290d92eee,0x45e50,0x16a,0x30c2e890d0e8600bdb11ca7c43cc2a86c4deb712baa2d2b2eaaaaca436bec7a8,0x72,18001729,1693087739,2023-08-26 22:08:59,0xef1c6e67703c7bd7107eed8303fbe6ec2554bf6b,0xef1c6e67703c7bd7107eed8303fbe6ec2554bf6b,175600970,-106464561849299866,1951314352616516119589543019587266,35461582453294863465,202243
0x88e6a0c2ddd26feeb64f039a2c41296fcb3f5640,"['0xc42079f94a6350d7e6235f29174924f928cc2ac818eb64fed8004e115fbcca67', '0x000000000000000000000000e592427a0aece92de3edee1f18e0157c05861564', '0x000000000000000000000000e592427a0aece92de3edee1f18e0157c05861564']",0xffffffffffffffffffffffffffffffffffffffffffffffffffffffffc4a04deb0000000000000000000000000000000000000000000000000863c535b075a640000000000000000000000000000000000000603511162b7d3cee2df49ad94af6000000000000000000000000000000000000000000000001ec20d95b95dd94690000000000000000000000000000000000000000000000000000000000031603,0x112af42,0x9390cfd31b89ad1cf768a1a3326c85632ecf68f530b90db362072aaacdab3ffb,0x64ea7807,0x2e8ec87c0,0x466c7,0x82,0x37bd81270550599c89bd02855ca0b44c1328cdd711f161c34dad3328760f9cd7,0x36,18001730,1693087751,2023-08-26 22:09:11,0xe592427a0aece92de3edee1f18e0157c05861564,0xe592427a0aece92de3edee1f18e0157c05861564,-996127253,604543609382217280,1951315702610723357249227881794294,35461582453294863465,202243
0x88e6a0c2ddd26feeb64f039a2c41296fcb3f5640,"['0xc42079f94a6350d7e6235f29174924f928cc2ac818eb64fed8004e115fbcca67', '0x0000000000000000000000003fc91a3afd70395cd496c647d5a6cc9d4b2b7fad', '0x0000000000000000000000002a182e532a379cb2c7f1b34ce3f76f3f7d3596f7']",0x000000000000000000000000000000000000000000000000000000001ad27480fffffffffffffffffffffffffffffffffffffffffffffffffc36b726e4e8103b00000000000000000000000000000000000060350f1df54c354f7c7aab69edc9000000000000000000000000000000000000000000000001ec20d95b95dd94690000000000000000000000000000000000000000000000000000000000031603,0x112af46,0x2402c42fa14ea1d14bbd37d6d5c0f3ff623e58aa2cb8b4695192b63d6217de6d,0x64ea7837,0x285d9a53b,0x2fc81,0x1dc,0x3df341a7ac2987d53d94f86c443b8fcf18a306136b52bb27543f9d5ad4792b74,0xc0,18001734,1693087799,2023-08-26 22:09:59,0x3fc91a3afd70395cd496c647d5a6cc9d4b2b7fad,0x2a182e532a379cb2c7f1b34ce3f76f3f7d3596f7,450000000,-272829349732282309,1951315093056198041870209368321481,35461582453294863465,202243
0x88e6a0c2ddd26feeb64f039a2c41296fcb3f5640,"['0xc42079f94a6350d7e6235f29174924f928cc2ac818eb64fed8004e115fbcca67', '0x0000000000000000000000003fc91a3afd70395cd496c647d5a6cc9d4b2b7fad', '0x0000000000000000000000003fc91a3afd70395cd496c647d5a6cc9d4b2b7fad']",0x000000000000000000000000000000000000000000000000000000003b9aca00fffffffffffffffffffffffffffffffffffffffffffffffff79609564c39a7f500000000000000000000000000000000000060350abd7d292a896c5ecc2e531a000000000000000000000000000000000000000000000001ec20d95b95dd94690000000000000000000000000000000000000000000000000000000000031603,0x112af48,0x193538e97ed9433278e283aea5a15870be58b2604f08fadcec4105a09e9008c8,0x64ea784f,0x2c1d7c156,0x22511,0x70,0x4708ac12f92d7b164e37090af9fb638ee121844019accea609a2939213857ef9,0x19,18001736,1693087823,2023-08-26 22:10:23,0x3fc91a3afd70395cd496c647d5a6cc9d4b2b7fad,0x3fc91a3afd70395cd496c647d5a6cc9d4b2b7fad,1000000000,-606286833584068619,1951313738491949683172898774078234,35461582453294863465,202243
0x88e6a0c2ddd26feeb64f039a2c41296fcb3f5640,"['0xc42079f94a6350d7e6235f29174924f928cc2ac818eb64fed8004e115fbcca67', '0x0000000000000000000000003fc91a3afd70395cd496c647d5a6cc9d4b2b7fad', '0x0000000000000000000000003fc91a3afd70395cd496c647d5a6cc9d4b2b7fad']",0x0000000000000000000000000000000000000000000000000000000165a0bc00ffffffffffffffffffffffffffffffffffffffffffffffffcd8448196e9b01310000000000000000000000000000000000006034f07ab4b3d452520d12e8ff26000000000000000000000000000000000000000000000001ec20d95b95dd94690000000000000000000000000000000000000000000000000000000000031603,0x112af4a,0x9fbfa725077575fae15a2888581b07591743a4d2828d5eb1c62ad678f0e131a4,0x64ea7867,0x2e1e47524,0x34ede,0x7e,0x3c6386e5205995ef6ef94102b2eef46cd781f1d574abc1dcbe41ad576dce4c9b,0x21,18001738,1693087847,2023-08-26 22:10:47,0x3fc91a3afd70395cd496c647d5a6cc9d4b2b7fad,0x3fc91a3afd70395cd496c647d5a6cc9d4b2b7fad,6000000000,-3637703324941483727,1951305611145952455541884054994726,35461582453294863465,202243
0x88e6a0c2ddd26feeb64f039a2c41296fcb3f5640,"['0xc42079f94a6350d7e6235f29174924f928cc2ac818eb64fed8004e115fbcca67', '0x000000000000000000000000247b69f78d2a590bec1ac0a4a4066debe3fca2b8', '0x000000000000000000000000247b69f78d2a590bec1ac0a4a4066debe3fca2b8']",0x000000000000000000000000000000000000000000000000000000000294add9ffffffffffffffffffffffffffffffffffffffffffffffffffa2bceb1fd6b74d0000000000000000000000000000000000006034f04a312288cff8758e847e67000000000000000000000000000000000000000000000001ec20d95b95dd94690000000000000000000000000000000000000000000000000000000000031603,0x112af4c,0x0785e7148bd0af66e423bcfa1b46fffc762fec55d2c1f63275b8782437b1f9c7,0x64ea787f,0x2abe8e75b,0x39ae6,0x6c,0xf9b46cbb7890bc2b9bd3865f4b2788194314d789aff24dddf195c1cba6614552,0x17,18001740,1693087871,2023-08-26 22:11:11,0x247b69f78d2a590bec1ac0a4a4066debe3fca2b8,0x247b69f78d2a590bec1ac0a4a4066debe3fca2b8,43298265,-26250929773299891,1951305552496202885883265148026471,35461582453294863465,202243
0x88e6a0c2ddd26feeb64f039a2c41296fcb3f5640,"['0xc42079f94a6350d7e6235f29174924f928cc2ac818eb64fed8004e115fbcca67', '0x0000000000000000000000003fc91a3afd70395cd496c647d5a6cc9d4b2b7fad', '0x0000000000000000000000003fc91a3afd70395cd496c647d5a6cc9d4b2b7fad']",0x000000000000000000000000000000000000000000000000000000009149d845ffffffffffffffffffffffffffffffffffffffffffffffffeb7db17ef8f95a7a0000000000000000000000000000000000006034e59f09903a2fc5885d78f502000000000000000000000000000000000000000000000001ec20d95b95dd94690000000000000000000000000000000000000000000000000000000000031603,0x112af4c,0x0785e7148bd0af66e423bcfa1b46fffc762fec55d2c1f63275b8782437b1f9c7,0x64ea787f,0x2b1dec85b,0x435bf,0x109,0x7e72943d1c0b5bc139ac0f12d453495750ded7656dced4ac7144dbc6f9e227a0,0x8d,18001740,1693087871,2023-08-26 22:11:11,0x3fc91a3afd70395cd496c647d5a6cc9d4b2b7fad,0x3fc91a3afd70395cd496c647d5a6cc9d4b2b7fad,2437535813,-1477829943806567814,1951302250732918335279985724028162,35461582453294863465,202243
0x88e6a0c2ddd26feeb64f039a2c41296fcb3f5640,"['0xc42079f94a6350d7e6235f29174924f928cc2ac818eb64fed8004e115fbcca67', '0x0000000000000000000000003fc91a3afd70395cd496c647d5a6cc9d4b2b7fad', '0x0000000000000000000000003fc91a3afd70395cd496c647d5a6cc9d4b2b7fad']",0x000000000000000000000000000000000000000000000000000000003134624afffffffffffffffffffffffffffffffffffffffffffffffff90de3f823ced9b40000000000000000000000000000000000006034e202155a1d4d3b5e72982f43000000000000000000000000000000000000000000000001ec20d95b95dd94690000000000000000000000000000000000000000000000000000000000031603,0x112af4e,0x5cbb20a09c01e46a8e67ad2327eff73a72c1f0baa5a4e08584bfef84b8c85f17,0x64ea7897,0x294895775,0x2f7c8,0xd0,0x97aec9f9a8d2b80d1990ff5ad27c3c294ed5927f15456ba54650287f8baa12d0,0x43,18001742,1693087895,2023-08-26 22:11:35,0x3fc91a3afd70395cd496c647d5a6cc9d4b2b7fad,0x3fc91a3afd70395cd496c647d5a6cc9d4b2b7fad,825516618,-500493328676103756,1951301132532205383984564110110531,35461582453294863465,202243
0x88e6a0c2ddd26feeb64f039a2c41296fcb3f5640,"['0xc42079f94a6350d7e6235f29174924f928cc2ac818eb64fed8004e115fbcca67', '0x000000000000000000000000ef1c6e67703c7bd7107eed8303fbe6ec2554bf6b', '0x000000000000000000000000ef1c6e67703c7bd7107eed8303fbe6ec2554bf6b']",0xffffffffffffffffffffffffffffffffffffffffffffffffffffffffe7724e0000000000000000000000000000000000000000000000000003782dace9d900000000000000000000000000000000000000006034e3cfdf9ea628adb8e4dac239000000000000000000000000000000000000000000000001ec20d95b95dd94690000000000000000000000000000000000000000000000000000000000031603,0x112af4f,0x003de3abd0e93cf6f0afe4fec5ad4f677e49c32065dcc23a435f07a7d8789ac7,0x64ea78a3,0x32bc43341,0x31dfd,0x84,0xcb4309d88eae2a62b295562bcc31aaa904fb8ba275268a6476e8d9366e1a3be8,0xd,18001743,1693087907,2023-08-26 22:11:47,0xef1c6e67703c7bd7107eed8303fbe6ec2554bf6b,0xef1c6e67703c7bd7107eed8303fbe6ec2554bf6b,-411939328,250000000000000000,1951301690802190496066836079755833,35461582453294863465,202243
0x88e6a0c2ddd26feeb64f039a2c41296fcb3f5640,"['0xc42079f94a6350d7e6235f29174924f928cc2ac818eb64fed8004e115fbcca67', '0x000000000000000000000000ef1c6e67703c7bd7107eed8303fbe6ec2554bf6b', '0x000000000000000000000000624e1870bed5b84a1127355e6e2d3e1bfdb66fd0']",0x00000000000000000000000000000000000000000000000000000000188db200fffffffffffffffffffffffffffffffffffffffffffffffffc88b5a45c48b59b0000000000000000000000000000000000006034e20250762376f99937bb55f4000000000000000000000000000000000000000000000001ec20d95b95dd94690000000000000000000000000000000000000000000000000000000000031603,0x112af4f,0x003de3abd0e93cf6f0afe4fec5ad4f677e49c32065dcc23a435f07a7d8789ac7,0x64ea78a3,0x32bc43341,0x31dfd,0x87,0xcb4309d88eae2a62b295562bcc31aaa904fb8ba275268a6476e8d9366e1a3be8,0xd,18001743,1693087907,2023-08-26 22:11:47,0xef1c6e67703c7bd7107eed8303fbe6ec2554bf6b,0x624e1870bed5b84a1127355e6e2d3e1bfdb66fd0,411939328,-249750061791529573,1951301132811341959403134942664180,35461582453294863465,202243
0x88e6a0c2ddd26feeb64f039a2c41296fcb3f5640,"['0xc42079f94a6350d7e6235f29174924f928cc2ac818eb64fed8004e115fbcca67', '0x0000000000000000000000003fc91a3afd70395cd496c647d5a6cc9d4b2b7fad', '0x0000000000000000000000003fc91a3afd70395cd496c647d5a6cc9d4b2b7fad']",0xffffffffffffffffffffffffffffffffffffffffffffffffffffffffffe95f1a0000000000000000000000000000000000000000000000000003328b944c40000000000000000000000000000000000000006034e203fa0c18143b719b789b17000000000000000000000000000000000000000000000001ec20d95b95dd94690000000000000000000000000000000000000000000000000000000000031603,0x112af50,0x3b22aa81f2013a0a0ca8bbdc87e25b5b217e91de32881d0c45d861996cc132e0,0x64ea78af,0x2dfae4cfd,0x42a2c,0x7f,0x3f2cb4016e8b0d80678ec2a1720dd651d287555c3904e51cd415d6622d3c1acb,0x1b,18001744,1693087919,2023-08-26 22:11:59,0x3fc91a3afd70395cd496c647d5a6cc9d4b2b7fad,0x3fc91a3afd70395cd496c647d5a6cc9d4b2b7fad,-1482982,900000000000000,1951301134821113905806631121754903,35461582453294863465,202243
0x88e6a0c2ddd26feeb64f039a2c41296fcb3f5640,"['0xc42079f94a6350d7e6235f29174924f928cc2ac818eb64fed8004e115fbcca67', '0x0000000000000000000000003fc91a3afd70395cd496c647d5a6cc9d4b2b7fad', '0x0000000000000000000000003fc91a3afd70395cd496c647d5a6cc9d4b2b7fad']",0x00000000000000000000000000000000000000000000000000000000b2d05e00ffffffffffffffffffffffffffffffffffffffffffffffffe6c235f969aa4af10000000000000000000000000000000000006034d4e29f246aed6bf4738f15b0000000000000000000000000000000000000000000000001ec20d95b95dd94690000000000000000000000000000000000000000000000000000000000031603,0x112af54,0xd5cf215bbd9fb4556abb92b2e5173d0849ac9efaad6d544aafa3e6fe469b750a,0x64ea78df,0x26ba48580,0x237d1,0xbc,0xa50241e5782fef052c6271c2210e0d1b17f51464d27a8b8bb95135b813303f7d,0x42,18001748,1693087967,2023-08-26 22:12:47,0x3fc91a3afd70395cd496c647d5a6cc9d4b2b7fad,0x3fc91a3afd70395cd496c647d5a6cc9d4b2b7fad,3000000000,-1818831954168362255,1951297071192147522810725834626480,35461582453294863465,202243
0x88e6a0c2ddd26feeb64f039a2c41296fcb3f5640,"['0xc42079f94a6350d7e6235f29174924f928cc2ac818eb64fed8004e115fbcca67', '0x000000000000000000000000ef1c6e67703c7bd7107eed8303fbe6ec2554bf6b', '0x000000000000000000000000ef1c6e67703c7bd7107eed8303fbe6ec2554bf6b']",0xffffffffffffffffffffffffffffffffffffffffffffffffffffffffe778900c00000000000000000000000000000000000000000000000003774a5ba3b74a610000000000000000000000000000000000006034d6aff3388e530121acc826e1000000000000000000000000000000000000000000000001ec20d95b95dd94690000000000000000000000000000000000000000000000000000000000031603,0x112af58,0x323554d6582e042c2f4b54a8ed7b86e6a665bca59ba81f63282616c8ad47b847,0x64ea790f,0x34c0cad6a,0x35e20,0x19,0x6b08e22c49748770e9a33d649e84ed987863167cfe04cb2ccbd1dff4a1250685,0x7,18001752,1693088015,2023-08-26 22:13:35,0xef1c6e67703c7bd7107eed8303fbe6ec2554bf6b,0xef1c6e67703c7bd7107eed8303fbe6ec2554bf6b,-411529204,249750061791529569,1951297628904000635206085204518625,35461582453294863465,202243
0x88e6a0c2ddd26feeb64f039a2c41296fcb3f5640,"['0xc42079f94a6350d7e6235f29174924f928cc2ac818eb64fed8004e115fbcca67', '0x000000000000000000000000ef1c6e67703c7bd7107eed8303fbe6ec2554bf6b', '0x000000000000000000000000ef1c6e67703c7bd7107eed8303fbe6ec2554bf6b']",0x0000000000000000000000000000000000000000000000000000000018876ff4fffffffffffffffffffffffffffffffffffffffffffffffffc8998bb6b38c2e00000000000000000000000000000000000006034d4e2da314b5c6e3f25f7f765000000000000000000000000000000000000000000000001ec20d95b95dd94690000000000000000000000000000000000000000000000000000000000031603,0x112af58,0x323554d6582e042c2f4b54a8ed7b86e6a665bca59ba81f63282616c8ad47b847,0x64ea790f,0x34c0cad6a,0x35e20,0x1c,0x6b08e22c49748770e9a33d649e84ed987863167cfe04cb2ccbd1dff4a1250685,0x7,18001752,1693088015,2023-08-26 22:13:35,0xef1c6e67703c7bd7107eed8303fbe6ec2554bf6b,0xef1c6e67703c7bd7107eed8303fbe6ec2554bf6b,411529204,-249500373617163552,1951297071471004678376226171647845,35461582453294863465,202243
0x88e6a0c2ddd26feeb64f039a2c41296fcb3f5640,"['0xc42079f94a6350d7e6235f29174924f928cc2ac818eb64fed8004e115fbcca67', '0x0000000000000000000000003fc91a3afd70395cd496c647d5a6cc9d4b2b7fad', '0x000000000000000000000000ba50636761fb5eb7eedf0f5882a4cc8d1c9c1305']",0xffffffffffffffffffffffffffffffffffffffffffffffffffffffffff049232000000000000000000000000000000000000000000000000002386f26fc100000000000000000000000000000000000000006034d4f552ec5b1349dc5dbd3079000000000000000000000000000000000000000000000001ec20d95b95dd94690000000000000000000000000000000000000000000000000000000000031603,0x112af5f,0x69b1c66165f6d79b6cf85ecc57a76ad2830cf1758bfb692f853aebc493f61ec7,0x64ea7963,0x2d341f53e,0x21a73,0x95,0xec79eef761eb8828f9b7ebf03dd11eb5fefada3da83a08f9a3c010275f801b45,0x2c,18001759,1693088099,2023-08-26 22:14:59,0x3fc91a3afd70395cd496c647d5a6cc9d4b2b7fad,0xba50636761fb5eb7eedf0f5882a4cc8d1c9c1305,-16477646,10000000000000000,1951297093801804082859517050433657,35461582453294863465,202243
0x88e6a0c2ddd26feeb64f039a2c41296fcb3f5640,"['0xc42079f94a6350d7e6235f29174924f928cc2ac818eb64fed8004e115fbcca67', '0x0000000000000000000000003fc91a3afd70395cd496c647d5a6cc9d4b2b7fad', '0x0000000000000000000000003fc91a3afd70395cd496c647d5a6cc9d4b2b7fad']",0x0000000000000000000000000000000000000000000000000000000077359400ffffffffffffffffffffffffffffffffffffffffffffffffef2c27c8f5ebc00f0000000000000000000000000000000000006034cc346da190d64bcfc60a08c8000000000000000000000000000000000000000000000001ec20d95b95dd94690000000000000000000000000000000000000000000000000000000000031603,0x112af5f,0x69b1c66165f6d79b6cf85ecc57a76ad2830cf1758bfb692f853aebc493f61ec7,0x64ea7963,0x26202423e,0x237d1,0xe7,0x0ca79d2f8e6e1deacefd023b1348a5f7e84cb1cea4b52ec51db50cf9a15427b3,0x52,18001759,1693088099,2023-08-26 22:14:59,0x3fc91a3afd70395cd496c647d5a6cc9d4b2b7fad,0x3fc91a3afd70395cd496c647d5a6cc9d4b2b7fad,2000000000,-1212550455596695537,1951294384725166589649738145597640,35461582453294863465,202243
0x88e6a0c2ddd26feeb64f039a2c41296fcb3f5640,"['0xc42079f94a6350d7e6235f29174924f928cc2ac818eb64fed8004e115fbcca67', '0x0000000000000000000000003fc91a3afd70395cd496c647d5a6cc9d4b2b7fad', '0x000000000000000000000000fa621bbc0e434c400aa45d631b9bb97be11e44c3']",0x00000000000000000000000000000000000000000000000000000000f5c87d9dffffffffffffffffffffffffffffffffffffffffffffffffdd4e373edd8600000000000000000000000000000000000000006034ba28379123bafbca612e22ba000000000000000000000000000000000000000000000001ec20d95b95dd94690000000000000000000000000000000000000000000000000000000000031603,0x112af61,0xb34b0610c41fa853b39baeefd1fbb33778157e306204a881112ce05c33767610,0x64ea797b,0x27ef082ba,0x1ff1a,0x100,0xe6e04a42f0fdc2c5c2efbf86b834ecc0e6cf4ab1ca9e4a6a5fb9e05a1abb7788,0x48,18001761,1693088123,2023-08-26 22:15:23,0x3fc91a3afd70395cd496c647d5a6cc9d4b2b7fad,0xfa621bbc0e434c400aa45d631b9bb97be11e44c3,4123557277,-2500000000000000000,1951288799232569170117252206174906,35461582453294863465,202243
0x88e6a0c2ddd26feeb64f039a2c41296fcb3f5640,"['0xc42079f94a6350d7e6235f29174924f928cc2ac818eb64fed8004e115fbcca67', '0x0000000000000000000000003fc91a3afd70395cd496c647d5a6cc9d4b2b7fad', '0x0000000000000000000000003fc91a3afd70395cd496c647d5a6cc9d4b2b7fad']",0x00000000000000000000000000000000000000000000000000000000005c544bfffffffffffffffffffffffffffffffffffffffffffffffffff2f789b3ed592e0000000000000000000000000000000000006034ba216ff96ac1bef66b444df4000000000000000000000000000000000000000000000001ec20d95b95dd94690000000000000000000000000000000000000000000000000000000000031603,0x112af61,0xb34b0610c41fa853b39baeefd1fbb33778157e306204a881112ce05c33767610,0x64ea797b,0x27bf5923a,0x29714,0x134,0x103245995c77c4dee66ce3f4000e555b0bf523409d5ac0049a29d9a3da609a94,0x63,18001761,1693088123,2023-08-26 22:15:23,0x3fc91a3afd70395cd496c647d5a6cc9d4b2b7fad,0x3fc91a3afd70395cd496c647d5a6cc9d4b2b7fad,6050891,-3668478872692434,1951288791036464535231834376916468,35461582453294863465,202243
0x88e6a0c2ddd26feeb64f039a2c41296fcb3f5640,"['0xc42079f94a6350d7e6235f29174924f928cc2ac818eb64fed8004e115fbcca67', '0x000000000000000000000000e592427a0aece92de3edee1f18e0157c05861564', '0x000000000000000000000000e592427a0aece92de3edee1f18e0157c05861564']",0xffffffffffffffffffffffffffffffffffffffffffffffffffffffffb6e600720000000000000000000000000000000000000000000000000a5448e81252c0000000000000000000000000000000000000006034bf804766a2c575009fb2a64d000000000000000000000000000000000000000000000001ec20d95b95dd94690000000000000000000000000000000000000000000000000000000000031603,0x112af63,0xd52c2133bb0bc66955c90bb209320ecb16e7226fce939fc9c4d2ecd897f21f7d,0x64ea7993,0x2e11d9a06,0x2fc79,0x5e,0x9a7d51103c30578467700aa3fc919cc5f3bf224589dc8084d7e31d85e7eda707,0x14,18001763,1693088147,2023-08-26 22:15:47,0xe592427a0aece92de3edee1f18e0157c05861564,0xe592427a0aece92de3edee1f18e0157c05861564,-1226440590,744300000000000000,1951290453117864210923174484944461,35461582453294863465,202243
0x88e6a0c2ddd26feeb64f039a2c41296fcb3f5640,"['0xc42079f94a6350d7e6235f29174924f928cc2ac818eb64fed8004e115fbcca67', '0x000000000000000000000000e592427a0aece92de3edee1f18e0157c05861564', '0x000000000000000000000000e592427a0aece92de3edee1f18e0157c05861564']",0x000000000000000000000000000000000000000000000000000000004919ff8efffffffffffffffffffffffffffffffffffffffffffffffff5ae5bdc7b3a16350000000000000000000000000000000000006034ba221ff43d163ae449110d5c000000000000000000000000000000000000000000000001ec20d95b95dd94690000000000000000000000000000000000000000000000000000000000031603,0x112af63,0xd52c2133bb0bc66955c90bb209320ecb16e7226fce939fc9c4d2ecd897f21f7d,0x64ea7993,0x2e11d9a06,0x2fc79,0x61,0x9a7d51103c30578467700aa3fc919cc5f3bf224589dc8084d7e31d85e7eda707,0x14,18001763,1693088147,2023-08-26 22:15:47,0xe592427a0aece92de3edee1f18e0157c05861564,0xe592427a0aece92de3edee1f18e0157c05861564,1226440590,-743555885951216075,1951288791867505511627357244427612,35461582453294863465,202243
0x88e6a0c2ddd26feeb64f039a2c41296fcb3f5640,"['0xc42079f94a6350d7e6235f29174924f928cc2ac818eb64fed8004e115fbcca67', '0x0000000000000000000000003fc91a3afd70395cd496c647d5a6cc9d4b2b7fad', '0x0000000000000000000000003fc91a3afd70395cd496c647d5a6cc9d4b2b7fad']",0x00000000000000000000000000000000000000000000000000000000f5c8d9f4ffffffffffffffffffffffffffffffffffffffffffffffffdd4e373edd8600000000000000000000000000000000000000006034a815e9e3cffaeadee435274e000000000000000000000000000000000000000000000001ec20d95b95dd94690000000000000000000000000000000000000000000000000000000000031603,0x112af63,0xd52c2133bb0bc66955c90bb209320ecb16e7226fce939fc9c4d2ecd897f21f7d,0x64ea7993,0x269e80606,0x23e0c,0xe2,0x4a7e3848591f2430b8902715ab57c4d6162e32ba6c789620f6632421bb5fd080,0x58,18001763,1693088147,2023-08-26 22:15:47,0x3fc91a3afd70395cd496c647d5a6cc9d4b2b7fad,0x3fc91a3afd70395cd496c647d5a6cc9d4b2b7fad,4123580916,-2500000000000000000,1951283206374908092094871305004878,35461582453294863465,202243
0x88e6a0c2ddd26feeb64f039a2c41296fcb3f5640,"['0xc42079f94a6350d7e6235f29174924f928cc2ac818eb64fed8004e115fbcca67', '0x000000000000000000000000def1c0ded9bec7f1a1670819833240f027b25eff', '0x000000000000000000000000def1c0ded9bec7f1a1670819833240f027b25eff']",0x0000000000000000000000000000000000000000000000000000000001743a81ffffffffffffffffffffffffffffffffffffffffffffffffffcb7504a8c62f6b0000000000000000000000000000000000006034a7fa94d476430f5430e8469b000000000000000000000000000000000000000000000001ec20d95b95dd94690000000000000000000000000000000000000000000000000000000000031603,0x112af68,0x21766c2d1e01e215e265c95234b3e0a39f50ce4adb054b91b30b4880b4635b71,0x64ea79cf,0x276d5d6d3,0x41b30,0x6e,0x2c5b51c9ddb26cf61eb93b24c33645385595dd0a9f0a13969cd5be0547367e17,0x1b,18001768,1693088207,2023-08-26 22:16:47,0xdef1c0ded9bec7f1a1670819833240f027b25eff,0xdef1c0ded9bec7f1a1670819833240f027b25eff,24394369,-14789510893785237,1951283173332226645417679227733659,35461582453294863465,202243
0x88e6a0c2ddd26feeb64f039a2c41296fcb3f5640,"['0xc42079f94a6350d7e6235f29174924f928cc2ac818eb64fed8004e115fbcca67', '0x0000000000000000000000003fc91a3afd70395cd496c647d5a6cc9d4b2b7fad', '0x00000000000000000000000081a460ea6fd96a73d5672f1f4aa684697d4b44cc']",0x000000000000000000000000000000000000000000000000000000012a05f200ffffffffffffffffffffffffffffffffffffffffffffffffd5ee908a6a6083ad000000000000000000000000000000000000603492186f0c7b41b51acd352bcb000000000000000000000000000000000000000000000001ec20d95b95dd94690000000000000000000000000000000000000000000000000000000000031603,0x112af6f,0xaefcb09251f672fae8134192ab2ea54a305483fa2b71141ebaa43d5061058bb3,0x64ea7a23,0x2663bc4bc,0x3011d,0xde,0x64d0adf053099d013062e98f010582253aa9aa247d911655932a5b327d5bce13,0x65,18001775,1693088291,2023-08-26 22:18:11,0x3fc91a3afd70395cd496c647d5a6cc9d4b2b7fad,0x81a460ea6fd96a73d5672f1f4aa684697d4b44cc,5000000000,-3031326575009168467,1951276400751368615491416421116875,35461582453294863465,202243
0x88e6a0c2ddd26feeb64f039a2c41296fcb3f5640,"['0xc42079f94a6350d7e6235f29174924f928cc2ac818eb64fed8004e115fbcca67', '0x0000000000000000000000003fc91a3afd70395cd496c647d5a6cc9d4b2b7fad', '0x0000000000000000000000003fc91a3afd70395cd496c647d5a6cc9d4b2b7fad']",0xffffffffffffffffffffffffffffffffffffffffffffffffffffffffc68b1b11000000000000000000000000000000000000000000000000081e5666899a80000000000000000000000000000000000000006034965105cb928ae4880bc6b6e2000000000000000000000000000000000000000000000001ec20d95b95dd94690000000000000000000000000000000000000000000000000000000000031603,0x112af6f,0xaefcb09251f672fae8134192ab2ea54a305483fa2b71141ebaa43d5061058bb3,0x64ea7a23,0x2663bc4bc,0x40a13,0xf1,0x609d5782a6058e935c51065bfb47231c3b56fe72af3348c2aa55f238298d5aaa,0x71,18001775,1693088291,2023-08-26 22:18:11,0x3fc91a3afd70395cd496c647d5a6cc9d4b2b7fad,0x3fc91a3afd70395cd496c647d5a6cc9d4b2b7fad,-963962095,585000000000000000,1951277707103133777763932830086882,35461582453294863465,202243
0x88e6a0c2ddd26feeb64f039a2c41296fcb3f5640,"['0xc42079f94a6350d7e6235f29174924f928cc2ac818eb64fed8004e115fbcca67', '0x0000000000000000000000003fc91a3afd70395cd496c647d5a6cc9d4b2b7fad', '0x0000000000000000000000000616f25b8784b72a07fc70994b957eeadfa8288e']",0xfffffffffffffffffffffffffffffffffffffffffffffffffffffffed5fa0e000000000000000000000000000000000000000000000000002a1c3a34321ff0bf0000000000000000000000000000000000006034ac35faef08c6925f2771bbe8000000000000000000000000000000000000000000000001ec20d95b95dd94690000000000000000000000000000000000000000000000000000000000031603,0x112af70,0xc03c1232c72b215188f1fa6b20bfdf283d97090b6e6739a6ec621f83311daf93,0x64ea7a2f,0x26be39bd3,0x23021,0xe3,0x2a83e9aa120aa3cb4dd20ed7f4d4d2d3e582e5fd0b2ad5a7b7b4a5c8c0731578,0x4c,18001776,1693088303,2023-08-26 22:18:23,0x3fc91a3afd70395cd496c647d5a6cc9d4b2b7fad,0x0616f25b8784b72a07fc70994b957eeadfa8288e,-5000000000,3034364244794536127,1951284483081060842085730290351080,35461582453294863465,202243
0x88e6a0c2ddd26feeb64f039a2c41296fcb3f5640,"['0xc42079f94a6350d7e6235f29174924f928cc2ac818eb64fed8004e115fbcca67', '0x000000000000000000000000e592427a0aece92de3edee1f18e0157c05861564', '0x000000000000000000000000e592427a0aece92de3edee1f18e0157c05861564']",0xffffffffffffffffffffffffffffffffffffffffffffffffffffffffb322ef810000000000000000000000000000000000000000000000000adc5a8db93880000000000000000000000000000000000000006034b1db916623603a7e621daede000000000000000000000000000000000000000000000001ec20d95b95dd94690000000000000000000000000000000000000000000000000000000000031603,0x112af73,0x4fc92ac792ce0b238be4d021706583188af31d332d127ccd615ba79e58b0ad34,0x64ea7a53,0x3346486bb,0x2fc83,0x1f,0x424018a83e32ed7ed01a212020c7b9ce27071536655a363a78f1d129c395985f,0xe,18001779,1693088339,2023-08-26 22:18:59,0xe592427a0aece92de3edee1f18e0157c05861564,0xe592427a0aece92de3edee1f18e0157c05861564,-1289556095,782600000000000000,1951286230689422236948074464128734,35461582453294863465,202243
0x88e6a0c2ddd26feeb64f039a2c41296fcb3f5640,"['0xc42079f94a6350d7e6235f29174924f928cc2ac818eb64fed8004e115fbcca67', '0x000000000000000000000000e592427a0aece92de3edee1f18e0157c05861564', '0x000000000000000000000000e592427a0aece92de3edee1f18e0157c05861564']",0x000000000000000000000000000000000000000000000000000000004cdd107ffffffffffffffffffffffffffffffffffffffffffffffffff5266d0a150d324f0000000000000000000000000000000000006034ac36b3f81abe758441606ab9000000000000000000000000000000000000000000000001ec20d95b95dd94690000000000000000000000000000000000000000000000000000000000031603,0x112af73,0x4fc92ac792ce0b238be4d021706583188af31d332d127ccd615ba79e58b0ad34,0x64ea7a53,0x3346486bb,0x2fc83,0x22,0x424018a83e32ed7ed01a212020c7b9ce27071536655a363a78f1d129c395985f,0xe,18001779,1693088339,2023-08-26 22:18:59,0xe592427a0aece92de3edee1f18e0157c05861564,0xe592427a0aece92de3edee1f18e0157c05861564,1289556095,-781817595231915441,1951284483954865956866444421524153,35461582453294863465,202243
0x88e6a0c2ddd26feeb64f039a2c41296fcb3f5640,"['0xc42079f94a6350d7e6235f29174924f928cc2ac818eb64fed8004e115fbcca67', '0x000000000000000000000000e592427a0aece92de3edee1f18e0157c05861564', '0x0000000000000000000000009008d19f58aabd9ed0d60971565aa8510560ab41']",0x0000000000000000000000000000000000000000000000000000000ecf5d706dfffffffffffffffffffffffffffffffffffffffffffffffde8d7c1c65322c809000000000000000000000000000000000000603395d49c3dd855960c6159ad66000000000000000000000000000000000000000000000001ec20d95b95dd94690000000000000000000000000000000000000000000000000000000000031602,0x112af7e,0x151fb106e01b7eb6e42150ee4983b6ac50eb2373c6cb5e32cc8d25e6a8eaef27,0x64ea7ad7,0x2de514086,0x64861,0x1b3,0xc7c4d956b3d8e82644c2d7c6a24ea0088b5f52655e39a6a8ec32930109370f7a,0x10,18001790,1693088471,2023-08-26 22:21:11,0xe592427a0aece92de3edee1f18e0157c05861564,0x9008d19f58aabd9ed0d60971565aa8510560ab41,63608549485,-38562140226794108919,1951198328535354991879657960877414,35461582453294863465,202242
0x88e6a0c2ddd26feeb64f039a2c41296fcb3f5640,"['0xc42079f94a6350d7e6235f29174924f928cc2ac818eb64fed8004e115fbcca67', '0x00000000000000000000000068b3465833fb72a70ecdf485e0e4c7bd8665fc45', '0x000000000000000000000000726c8f0630175dc0024a503dac01041d95670659']",0xfffffffffffffffffffffffffffffffffffffffffffffffffffffffdcaabed990000000000000000000000000000000000000000000000004fdfb547513869460000000000000000000000000000000000006033bf5bf9ca9aed9a40a7d8b94b000000000000000000000000000000000000000000000001ec20d95b95dd94690000000000000000000000000000000000000000000000000000000000031602,0x112af80,0x43e2dced166788f388997dc4cc6441e0719f76394d831aed90b699dd27d2fca0,0x64ea7aef,0x49a26b5d4,0x351cd,0x20,0x6e2ca30c149dd1c9dd6c4ae551075b3b45bc22badf621647577600c64530685d,0x9,18001792,1693088495,2023-08-26 22:21:35,0x68b3465833fb72a70ecdf485e0e4c7bd8665fc45,0x726c8f0630175dc0024a503dac01041d95670659,-9484636775,5755518166712740166,1951211181067519964041672989915467,35461582453294863465,202242
0x88e6a0c2ddd26feeb64f039a2c41296fcb3f5640,"['0xc42079f94a6350d7e6235f29174924f928cc2ac818eb64fed8004e115fbcca67', '0x0000000000000000000000003fc91a3afd70395cd496c647d5a6cc9d4b2b7fad', '0x0000000000000000000000003fc91a3afd70395cd496c647d5a6cc9d4b2b7fad']",0x0000000000000000000000000000000000000000000000000000000011e1a300fffffffffffffffffffffffffffffffffffffffffffffffffd79e123845c0c660000000000000000000000000000000000006033be0bdedf8cc6c83d19bfe9ca000000000000000000000000000000000000000000000001ec20d95b95dd94690000000000000000000000000000000000000000000000000000000000031602,0x112af86,0xc9d8db9a7e767994cda0d89a4f63d924a6e65a907d36641366fb12e870e26eea,0x64ea7b37,0x2d6c927e6,0x23415,0x159,0xa5c12b7754732f211201a1a4573acc00abadab4e02da2e0248ee382989618889,0x73,18001798,1693088567,2023-08-26 22:22:47,0x3fc91a3afd70395cd496c647d5a6cc9d4b2b7fad,0x3fc91a3afd70395cd496c647d5a6cc9d4b2b7fad,300000000,-181866767271064474,1951210774741327040381059411732938,35461582453294863465,202242
0x88e6a0c2ddd26feeb64f039a2c41296fcb3f5640,"['0xc42079f94a6350d7e6235f29174924f928cc2ac818eb64fed8004e115fbcca67', '0x000000000000000000000000def1c0ded9bec7f1a1670819833240f027b25eff', '0x000000000000000000000000794783dcfcac8c1944727057a3208d8f8bb91506']",0xfffffffffffffffffffffffffffffffffffffffffffffffffffffffef83ed76e0000000000000000000000000000000000000000000000002543fc90269646ca0000000000000000000000000000000000006033d16bfd8fbee791e9a66f1547000000000000000000000000000000000000000000000001ec20d95b95dd94690000000000000000000000000000000000000000000000000000000000031602,0x112af8f,0x119f94c1599f954eb7c551054887a83568096a3f8078a68be4864c313323c21c,0x64ea7ba3,0x3f5476a00,0x31620,0x91,0xfa276181c1285eedb1c9b7118eaf89eb27f0a4f62303b1ef66fa19791a3d9997,0x35,18001807,1693088675,2023-08-26 22:24:35,0xdef1c0ded9bec7f1a1670819833240f027b25eff,0x794783dcfcac8c1944727057a3208d8f8bb91506,-4425066642,2685267498895820490,1951216771158313562493472274847047,35461582453294863465,202242
0x88e6a0c2ddd26feeb64f039a2c41296fcb3f5640,"['0xc42079f94a6350d7e6235f29174924f928cc2ac818eb64fed8004e115fbcca67', '0x0000000000000000000000001111111254eeb25477b68fb85ed929f73a960582', '0x000000000000000000000000a7ca2c8673bcfa5a26d8ceec2887f2cc2b0db22a']",0x00000000000000000000000000000000000000000000000000000000132bd640fffffffffffffffffffffffffffffffffffffffffffffffffd4b44c6ea9dcd170000000000000000000000000000000000006033d003a38dbac8db7faed4c155000000000000000000000000000000000000000000000001ec20d95b95dd94690000000000000000000000000000000000000000000000000000000000031602,0x112af98,0x3ce30f5b880bce535e95e555fddb9a0b45fb38136a4f3cdf7b59405d22a278eb,0x64ea7c0f,0x3573d254b,0x3d6d1,0x160,0xe38c2f38791b8dd587527dbd849b9a6b11cb3c9fe16bf6de260ef97db8dc05a6,0x55,18001816,1693088783,2023-08-26 22:26:23,0x1111111254eeb25477b68fb85ed929f73a960582,0xa7ca2c8673bcfa5a26d8ceec2887f2cc2b0db22a,321640000,-194986537730061033,1951216335519968327405362197348693,35461582453294863465,202242
0x88e6a0c2ddd26feeb64f039a2c41296fcb3f5640,"['0xc42079f94a6350d7e6235f29174924f928cc2ac818eb64fed8004e115fbcca67', '0x0000000000000000000000003fc91a3afd70395cd496c647d5a6cc9d4b2b7fad', '0x0000000000000000000000003fc91a3afd70395cd496c647d5a6cc9d4b2b7fad']",0x000000000000000000000000000000000000000000000000000000001a862940fffffffffffffffffffffffffffffffffffffffffffffffffc419537b083d04b0000000000000000000000000000000000006033ce11149042fd1022d795ac0d000000000000000000000000000000000000000000000001ec20d95b95dd94690000000000000000000000000000000000000000000000000000000000031602,0x112af99,0x7f8a523d3716be995ce4c3ba4375682c3d8d03d8de9acacf6be270ff720d0709,0x64ea7c1b,0x379eee6d1,0x2a630,0xab,0xa6a5b042174a6fe93c7c00e533d050f0e874b62baa63fb464303bc3054d64589,0x2a,18001817,1693088795,2023-08-26 22:26:35,0x3fc91a3afd70395cd496c647d5a6cc9d4b2b7fad,0x3fc91a3afd70395cd496c647d5a6cc9d4b2b7fad,445000000,-269770436248350645,1951215732799658460285184662416397,35461582453294863465,202242
0x88e6a0c2ddd26feeb64f039a2c41296fcb3f5640,"['0xc42079f94a6350d7e6235f29174924f928cc2ac818eb64fed8004e115fbcca67', '0x0000000000000000000000003fc91a3afd70395cd496c647d5a6cc9d4b2b7fad', '0x0000000000000000000000004823be7f266c5bca85b7dbd8e41f4710e1c49a7b']",0xfffffffffffffffffffffffffffffffffffffffffffffffffffffffd9733f8370000000000000000000000000000000000000000000000005725b7dfe28b66860000000000000000000000000000000000006033fb608f44e02e63b851d9e8ac000000000000000000000000000000000000000000000001ec20d95b95dd94690000000000000000000000000000000000000000000000000000000000031602,0x112afa6,0xf5e007919e9100d2b508f73a8165d973e962ae4e25b21ea81a3b4f4803a74213,0x64ea7cb7,0x3da629489,0x34a60,0x54,0x0c119a6d7fc8a6ed1a05bc907bb5dde865a7a89e3da72ae8f4dcbf5b5136e8c2,0xc,18001830,1693088951,2023-08-26 22:29:11,0x3fc91a3afd70395cd496c647d5a6cc9d4b2b7fad,0x4823be7f266c5bca85b7dbd8e41f4710e1c49a7b,-10348136393,6279627427644401286,1951229755709700622138785794746540,35461582453294863465,202242
0x88e6a0c2ddd26feeb64f039a2c41296fcb3f5640,"['0xc42079f94a6350d7e6235f29174924f928cc2ac818eb64fed8004e115fbcca67', '0x0000000000000000000000003fc91a3afd70395cd496c647d5a6cc9d4b2b7fad', '0x0000000000000000000000001d6221b70e09af34b2fcf873db50c484fa912a28']",0xfffffffffffffffffffffffffffffffffffffffffffffffffffffffad75c68b1000000000000000000000000000000000000000000000000ba98f545b3271fcf00000000000000000000000000000000000060345c650c19e0db2095c5a4f202000000000000000000000000000000000000000000000001ec20d95b95dd94690000000000000000000000000000000000000000000000000000000000031603,0x112afa8,0xb43632dd6210a02136157880db348cd77b10f9db803a31301e8fb02ebdaf772a,0x64ea7ccf,0x2698e3cf5,0x5e13d,0xa9,0x9de2dd69282857a74c1a364b53b95378db11c86f8729194da2f2fe42a28a6566,0x17,18001832,1693088975,2023-08-26 22:29:35,0x3fc91a3afd70395cd496c647d5a6cc9d4b2b7fad,0x1d6221b70e09af34b2fcf873db50c484fa912a28,-22156646223,13445766367221850063,1951259781180859220053860249039362,35461582453294863465,202243
0x88e6a0c2ddd26feeb64f039a2c41296fcb3f5640,"['0xc42079f94a6350d7e6235f29174924f928cc2ac818eb64fed8004e115fbcca67', '0x000000000000000000000000ac6a9e9ca65d4bcbea3e59c4c40128052bcc8882', '0x0000000000000000000000000d5751e197830c7cdbf73d4c264fc00717534fb2']",0x0000000000000000000000000000000000000000000000000000000087a29900ffffffffffffffffffffffffffffffffffffffffffffffffecdac3fadf51899f0000000000000000000000000000000000006034526f79f5625b03caee105df4000000000000000000000000000000000000000000000001ec20d95b95dd94690000000000000000000000000000000000000000000000000000000000031603,0x112afaf,0x5fe097ba322b7b6c376d01f14e64d3228f6a494dbd9463fe3e166b9f2677d627,0x64ea7d23,0x3fba926d0,0x4888c,0x43,0x1f8743cab5a15f6300906e370aa37d79ed169bfbe778158a573f6f1bedd7c6b3,0x9,18001839,1693089059,2023-08-26 22:30:59,0xac6a9e9ca65d4bcbea3e59c4c40128052bcc8882,0x0d5751e197830c7cdbf73d4c264fc00717534fb2,2275580160,-1379574853579732577,1951256698938806317761168854244852,35461582453294863465,202243
0x88e6a0c2ddd26feeb64f039a2c41296fcb3f5640,"['0xc42079f94a6350d7e6235f29174924f928cc2ac818eb64fed8004e115fbcca67', '0x0000000000000000000000003fc91a3afd70395cd496c647d5a6cc9d4b2b7fad', '0x0000000000000000000000009d1d0486fb98dc57b71512cc61968ac4197a28fd']",0x00000000000000000000000000000000000000000000000000000002708fa541ffffffffffffffffffffffffffffffffffffffffffffffffa7d76a384e71b4050000000000000000000000000000000000006034249388dd98e41911ecee5852000000000000000000000000000000000000000000000001ec20d95b95dd94690000000000000000000000000000000000000000000000000000000000031603,0x112afaf,0x5fe097ba322b7b6c376d01f14e64d3228f6a494dbd9463fe3e166b9f2677d627,0x64ea7d23,0x3a635cce1,0x39102,0x54,0xfd01e1f5072db19bb8a7a71962c72af89dbcc9b73fda2aa853a65d1e1286f78c,0xa,18001839,1693089059,2023-08-26 22:30:59,0x3fc91a3afd70395cd496c647d5a6cc9d4b2b7fad,0x9d1d0486fb98dc57b71512cc61968ac4197a28fd,10478396737,-6352491959316007931,1951242506220080747095477978028114,35461582453294863465,202243
0x88e6a0c2ddd26feeb64f039a2c41296fcb3f5640,"['0xc42079f94a6350d7e6235f29174924f928cc2ac818eb64fed8004e115fbcca67', '0x000000000000000000000000ac6a9e9ca65d4bcbea3e59c4c40128052bcc8882', '0x000000000000000000000000ac6a9e9ca65d4bcbea3e59c4c40128052bcc8882']",0xffffffffffffffffffffffffffffffffffffffffffffffffffffffff773c49ba0000000000000000000000000000000000000000000000001352eb000000000000000000000000000000000000000000000060342e9f953a3c571df55e059512000000000000000000000000000000000000000000000001ec20d95b95dd94690000000000000000000000000000000000000000000000000000000000031603,0x112afaf,0x5fe097ba322b7b6c376d01f14e64d3228f6a494dbd9463fe3e166b9f2677d627,0x64ea7d23,0x3fba926d0,0x43265,0x60,0x179544c21ec169784096169b90364f3be94e48209f9f1e4aaf9ef6b961f7a56b,0xb,18001839,1693089059,2023-08-26 22:30:59,0xac6a9e9ca65d4bcbea3e59c4c40128052bcc8882,0xac6a9e9ca65d4bcbea3e59c4c40128052bcc8882,-2294527558,1392433620043431936,1951245615635666071933757749040402,35461582453294863465,202243
0x88e6a0c2ddd26feeb64f039a2c41296fcb3f5640,"['0xc42079f94a6350d7e6235f29174924f928cc2ac818eb64fed8004e115fbcca67', '0x0000000000000000000000003fc91a3afd70395cd496c647d5a6cc9d4b2b7fad', '0x00000000000000000000000081a460ea6fd96a73d5672f1f4aa684697d4b44cc']",0x00000000000000000000000000000000000000000000000000000004f2994480ffffffffffffffffffffffffffffffffffffffffffffffff4d382d82f606cd100000000000000000000000000000000000006033d19fa40a049fe057038fa762000000000000000000000000000000000000000000000001ec20d95b95dd94690000000000000000000000000000000000000000000000000000000000031602,0x112afb1,0x9d29374a9e94b2f0427553165a6695ea9c3f55d8cb9bab1ab159789cd0d21ce9,0x64ea7d3b,0x3918345ee,0x52b45,0x7e,0x2418713479e27ab5dbbcc501f0ce6beecabe80f2091b35136076b5408a77eb06,0x22,18001841,1693089083,2023-08-26 22:31:23,0x3fc91a3afd70395cd496c647d5a6cc9d4b2b7fad,0x81a460ea6fd96a73d5672f1f4aa684697d4b44cc,21250000000,-12882496693596664560,1951216833599698725624529808238434,35461582453294863465,202242
0x88e6a0c2ddd26feeb64f039a2c41296fcb3f5640,"['0xc42079f94a6350d7e6235f29174924f928cc2ac818eb64fed8004e115fbcca67', '0x0000000000000000000000003fc91a3afd70395cd496c647d5a6cc9d4b2b7fad', '0x00000000000000000000000081a460ea6fd96a73d5672f1f4aa684697d4b44cc']",0x0000000000000000000000000000000000000000000000000000000218711a00ffffffffffffffffffffffffffffffffffffffffffffffffb4486360fa4f4e430000000000000000000000000000000000006033aa3c7d2061a8e7d4c34485d6000000000000000000000000000000000000000000000001ec20d95b95dd94690000000000000000000000000000000000000000000000000000000000031602,0x112afb3,0xfe99426bad8595fdc1a5099d2e23a441b349b41dc395337bdc02ab73ea932fe9,0x64ea7d53,0x35e2f6442,0x5a412,0xdf,0xdd2f1ab1dc7985704b2796b073d1f9cf758a6dc9c5f3c393b1b7db8509d33720,0x62,18001843,1693089107,2023-08-26 22:31:47,0x3fc91a3afd70395cd496c647d5a6cc9d4b2b7fad,0x81a460ea6fd96a73d5672f1f4aa684697d4b44cc,9000000000,-5456001680391844285,1951204643816899790754023678969302,35461582453294863465,202242
0x88e6a0c2ddd26feeb64f039a2c41296fcb3f5640,"['0xc42079f94a6350d7e6235f29174924f928cc2ac818eb64fed8004e115fbcca67', '0x000000000000000000000000d19dc09880685dd8cf60687d57936358582876b5', '0x00000000000000000000000020e95253e54490d8d30ea41574b24f741ee70201']",0xffffffffffffffffffffffffffffffffffffffffffffffffffffffffa901ec5c0000000000000000000000000000000000000000000000000c4a7cb8a0a59abf0000000000000000000000000000000000006033b0a070aa4f7b89b4e568410d000000000000000000000000000000000000000000000001ec20d95b95dd94690000000000000000000000000000000000000000000000000000000000031602,0x112afb6,0xc9a4599deeae5dcb30ae2f45f21464e174f2fc3c4ee5816d1fc837ee5dbbbeb8,0x64ea7d77,0xde31d8a99,0x2353e,0x12,0x7abb9ef492b71240ac61e962128704cbf0237db8b5aa5c12e41ab6027d06523f,0x2,18001846,1693089143,2023-08-26 22:32:23,0xd19dc09880685dd8cf60687d57936358582876b5,0x20e95253e54490d8d30ea41574b24f741ee70201,-1459491748,885657409142758079,1951206621560694256885662434738445,35461582453294863465,202242
0x88e6a0c2ddd26feeb64f039a2c41296fcb3f5640,"['0xc42079f94a6350d7e6235f29174924f928cc2ac818eb64fed8004e115fbcca67', '0x000000000000000000000000c7ee7c66636f407586afa431c19a916e04928942', '0x0000000000000000000000003f61171b1297f6e512c750c172ba86026ab0e820']",0xffffffffffffffffffffffffffffffffffffffffffffffffffffffff9ae3e7280000000000000000000000000000000000000000000000000e491c98d341b9180000000000000000000000000000000000006033b80de150db8acd12e61b0d09000000000000000000000000000000000000000000000001ec20d95b95dd94690000000000000000000000000000000000000000000000000000000000031602,0x112afb6,0xc9a4599deeae5dcb30ae2f45f21464e174f2fc3c4ee5816d1fc837ee5dbbbeb8,0x64ea7d77,0x9e161c3c3,0x464b9,0x17,0xbc3e1d6901ec7fa294dd1c7c76865c5edf61f65e8657c773be889725d89460ce,0x3,18001846,1693089143,2023-08-26 22:32:23,0xc7ee7c66636f407586afa431c19a916e04928942,0x3f61171b1297f6e512c750c172ba86026ab0e820,-1696340184,1029385432535775512,1951208920260654642252720578956553,35461582453294863465,202242
0x88e6a0c2ddd26feeb64f039a2c41296fcb3f5640,"['0xc42079f94a6350d7e6235f29174924f928cc2ac818eb64fed8004e115fbcca67', '0x000000000000000000000000e592427a0aece92de3edee1f18e0157c05861564', '0x0000000000000000000000000bd2af7132ff0f92566db2f4093ca422a093ee4d']",0xffffffffffffffffffffffffffffffffffffffffffffffffffffffff191823ff000000000000000000000000000000000000000000000000209fd3cc54e8dca30000000000000000000000000000000000006033c9043db5634d22a788b9b7cd000000000000000000000000000000000000000000000001ec20d95b95dd94690000000000000000000000000000000000000000000000000000000000031602,0x112afb6,0xc9a4599deeae5dcb30ae2f45f21464e174f2fc3c4ee5816d1fc837ee5dbbbeb8,0x64ea7d77,0x3876f3d64,0x372dc,0xa9,0x7608c374eda4664b12ae9088588776646f651705ea80c565aed55f7d21dd4534,0x24,18001846,1693089143,2023-08-26 22:32:23,0xe592427a0aece92de3edee1f18e0157c05861564,0x0bd2af7132ff0f92566db2f4093ca422a093ee4d,-3873954817,2350830405062024355,1951214169852875582279412941961165,35461582453294863465,202242
0x88e6a0c2ddd26feeb64f039a2c41296fcb3f5640,"['0xc42079f94a6350d7e6235f29174924f928cc2ac818eb64fed8004e115fbcca67', '0x000000000000000000000000def1c0ded9bec7f1a1670819833240f027b25eff', '0x000000000000000000000000c087195a816e1f247f1865189d76c6be0aed9982']",0xfffffffffffffffffffffffffffffffffffffffffffffffffffffffb6557c999000000000000000000000000000000000000000000000000a688906bd8b0000000000000000000000000000000000000000060341f9a2a8f0c72939cf53545f7000000000000000000000000000000000000000000000001ec20d95b95dd94690000000000000000000000000000000000000000000000000000000000031602,0x112afb6,0xc9a4599deeae5dcb30ae2f45f21464e174f2fc3c4ee5816d1fc837ee5dbbbeb8,0x64ea7d77,0x30fa112e4,0x22521,0x152,0xdddc285685ff02488df89b51661aa2ac871ce57a55f9bbcac00949c52ef56e1c,0x6f,18001846,1693089143,2023-08-26 22:32:23,0xdef1c0ded9bec7f1a1670819833240f027b25eff,0xc087195a816e1f247f1865189d76c6be0aed9982,-19774584423,12000000000000000000,1951240966812160962228467484935671,35461582453294863465,202242
0x88e6a0c2ddd26feeb64f039a2c41296fcb3f5640,"['0xc42079f94a6350d7e6235f29174924f928cc2ac818eb64fed8004e115fbcca67', '0x000000000000000000000000e592427a0aece92de3edee1f18e0157c05861564', '0x0000000000000000000000000bd2af7132ff0f92566db2f4093ca422a093ee4d']",0xffffffffffffffffffffffffffffffffffffffffffffffffffffffff0caf602f0000000000000000000000000000000000000000000000002260f547342f47be0000000000000000000000000000000000006034317a0b20d4315007416783c1000000000000000000000000000000000000000000000001ec20d95b95dd94690000000000000000000000000000000000000000000000000000000000031603,0x112afb7,0xe735d76b186a74730df16774e270ac3dca552e016d93667c4de042fbc647e279,0x64ea7d83,0x374958f54,0x3a36b,0x28,0x400789dfa925c384ef4a380db7be12ed7364915e1729cfeaf42f4da88ae0d31e,0x14,18001847,1693089155,2023-08-26 22:32:35,0xe592427a0aece92de3edee1f18e0157c05861564,0x0bd2af7132ff0f92566db2f4093ca422a093ee4d,-4082147281,2477249481220769726,1951246498708284962359054032143297,35461582453294863465,202243
0x88e6a0c2ddd26feeb64f039a2c41296fcb3f5640,"['0xc42079f94a6350d7e6235f29174924f928cc2ac818eb64fed8004e115fbcca67', '0x0000000000000000000000003fc91a3afd70395cd496c647d5a6cc9d4b2b7fad', '0x0000000000000000000000000a4fecee0732c46635d54cb47e41a2a6dc1a8a14']",0xffffffffffffffffffffffffffffffffffffffffffffffffffffffffe630f1c000000000000000000000000000000000000000000000000003a588ecf7bd164d0000000000000000000000000000000000006034335f6a6d40cb0f1f5ffc5b66000000000000000000000000000000000000000000000001ec20d95b95dd94690000000000000000000000000000000000000000000000000000000000031603,0x112afb7,0xe735d76b186a74730df16774e270ac3dca552e016d93667c4de042fbc647e279,0x64ea7d83,0x2fc2ece54,0x272ed,0xfa,0xf8de29db162a74b0a552ae4cf6ba7c2ec7d5578b35c25fe7f004ca1f29df9b25,0x6e,18001847,1693089155,2023-08-26 22:32:35,0x3fc91a3afd70395cd496c647d5a6cc9d4b2b7fad,0x0a4fecee0732c46635d54cb47e41a2a6dc1a8a14,-433000000,262766704621065805,1951247085487342069372359832001382,35461582453294863465,202243
0x88e6a0c2ddd26feeb64f039a2c41296fcb3f5640,"['0xc42079f94a6350d7e6235f29174924f928cc2ac818eb64fed8004e115fbcca67', '0x000000000000000000000000000000000c923384110e9dca557279491e00f521', '0x000000000000000000000000000000000c923384110e9dca557279491e00f521']",0x0000000000000000000000000000000000000000000000000000000000000002fffffffffffffffffffffffffffffffffffffffffffffffffffffffffff0bdc00000000000000000000000000000000000006034335f6a6d40c31f21d71eaf61000000000000000000000000000000000000000000000001ec20d95b95dd94690000000000000000000000000000000000000000000000000000000000031603,0x112afbb,0x5145dcf90ad3c63f895f2377ed18caec7823a964616ce740fde366b3c3728ea3,0x64ea7db3,0x2c0bc9923,0x437c8,0x1a4,0x499666ab25f253e75f1577a7000af94c6afbf6382bc583dae509e7d38811d4ce,0x4b,18001851,1693089203,2023-08-26 22:33:23,0x000000000c923384110e9dca557279491e00f521,0x000000000c923384110e9dca557279491e00f521,2,-1000000,1951247085487342067138162793033569,35461582453294863465,202243
0x88e6a0c2ddd26feeb64f039a2c41296fcb3f5640,"['0xc42079f94a6350d7e6235f29174924f928cc2ac818eb64fed8004e115fbcca67', '0x000000000000000000000000000000000c923384110e9dca557279491e00f521', '0x000000000000000000000000000000000c923384110e9dca557279491e00f521']",0xfffffffffffffffffffffffffffffffffffffffffffffffffffffffffffffffd000000000000000000000000000000000000000000000000000000006c83774c0000000000000000000000000000000000006034335f6a6d792e7bda5dcac38c000000000000000000000000000000000000000000000001ec20d95b95dd94690000000000000000000000000000000000000000000000000000000000031603,0x112afbb,0x5145dcf90ad3c63f895f2377ed18caec7823a964616ce740fde366b3c3728ea3,0x64ea7db3,0x4c26dac55,0x45cca,0x1b3,0x55b7d2fc24628ed5f929f0bae91a07fb20aee86c14cdab4e99dc3bff15618011,0x4d,18001851,1693089203,2023-08-26 22:33:23,0x000000000c923384110e9dca557279491e00f521,0x000000000c923384110e9dca557279491e00f521,-3,1820555084,1951247085487346132583199028200332,35461582453294863465,202243
0x88e6a0c2ddd26feeb64f039a2c41296fcb3f5640,"['0xc42079f94a6350d7e6235f29174924f928cc2ac818eb64fed8004e115fbcca67', '0x0000000000000000000000003fc91a3afd70395cd496c647d5a6cc9d4b2b7fad', '0x0000000000000000000000003fc91a3afd70395cd496c647d5a6cc9d4b2b7fad']",0x000000000000000000000000000000000000000000000000000000001df70ffdfffffffffffffffffffffffffffffffffffffffffffffffffbc5361eebf306200000000000000000000000000000000000006034312c291295e982c0c4644fc8000000000000000000000000000000000000000000000001ec20d95b95dd94690000000000000000000000000000000000000000000000000000000000031603,0x112afbc,0x0f6bb482d7df7796b5ac61168780ff670093d83af0c57d33cd463cebd27770fc,0x64ea7dbf,0x2ff0304f0,0x29738,0x102,0xd2a4e99d5a35d4cdb9629fefb5d7f45632c64071b1c9992acce2a69cbd326e51,0x4b,18001852,1693089215,2023-08-26 22:33:35,0x3fc91a3afd70395cd496c647d5a6cc9d4b2b7fad,0x3fc91a3afd70395cd496c647d5a6cc9d4b2b7fad,502730749,-304777893342149088,1951246404553479284705779500994504,35461582453294863465,202243
0x88e6a0c2ddd26feeb64f039a2c41296fcb3f5640,"['0xc42079f94a6350d7e6235f29174924f928cc2ac818eb64fed8004e115fbcca67', '0x0000000000000000000000003fc91a3afd70395cd496c647d5a6cc9d4b2b7fad', '0x0000000000000000000000003fc91a3afd70395cd496c647d5a6cc9d4b2b7fad']",0x000000000000000000000000000000000000000000000000000000002f4d0adcfffffffffffffffffffffffffffffffffffffffffffffffff952c81636f6e96800000000000000000000000000000000000060342db30afc26bfe509d7006421000000000000000000000000000000000000000000000001ec20d95b95dd94690000000000000000000000000000000000000000000000000000000000031603,0x112afbc,0x0f6bb482d7df7796b5ac61168780ff670093d83af0c57d33cd463cebd27770fc,0x64ea7dbf,0x2ff0304f0,0x36f23,0x122,0xd4749614c401aa8891252649907995dd317a6712598b2486c184a7099f72b5ad,0x53,18001852,1693089215,2023-08-26 22:33:35,0x3fc91a3afd70395cd496c647d5a6cc9d4b2b7fad,0x3fc91a3afd70395cd496c647d5a6cc9d4b2b7fad,793578204,-481102212438234776,1951245329676340814337910973162529,35461582453294863465,202243
0x88e6a0c2ddd26feeb64f039a2c41296fcb3f5640,"['0xc42079f94a6350d7e6235f29174924f928cc2ac818eb64fed8004e115fbcca67', '0x0000000000000000000000003fc91a3afd70395cd496c647d5a6cc9d4b2b7fad', '0x00000000000000000000000074945438750f88bc6546ae49d6d395f63fe122cc']",0xffffffffffffffffffffffffffffffffffffffffffffffffffffffff27ead73a0000000000000000000000000000000000000000000000001e87f85809dc000000000000000000000000000000000000000060343d92cbbda7e4a025c47d7164000000000000000000000000000000000000000000000001ec20d95b95dd94690000000000000000000000000000000000000000000000000000000000031603,0x112afbd,0x268b904905ece3b1568eea093ed630904b7d84758b0fd1c7979e83ba16dd2879,0x64ea7dcb,0x3c33e8603,0x21a97,0x4d,0xe32b6cffa4ce8eb70bfdec809c980df25c7ef99e7eb9c3f25a8f82a47de3f51b,0xd,18001853,1693089227,2023-08-26 22:33:47,0x3fc91a3afd70395cd496c647d5a6cc9d4b2b7fad,0x74945438750f88bc6546ae49d6d395f63fe122cc,-3625265350,2200000000000000000,1951250242452209800661904306041188,35461582453294863465,202243
0x88e6a0c2ddd26feeb64f039a2c41296fcb3f5640,"['0xc42079f94a6350d7e6235f29174924f928cc2ac818eb64fed8004e115fbcca67', '0x000000000000000000000000e592427a0aece92de3edee1f18e0157c05861564', '0x000000000000000000000000def171fe48cf0115b1d80b88dc8eab59176fee57']",0xfffffffffffffffffffffffffffffffffffffffffffffffffffffffd9146502000000000000000000000000000000000000000000000000057fcf24c8f2bbd3100000000000000000000000000000000000060346b522dbd46a3977ca896ce9c000000000000000000000000000000000000000000000001ec20d95b95dd94690000000000000000000000000000000000000000000000000000000000031603,0x112afc4,0x9aa21f3b3a4f4c08b5e0558e7522391f379e6a47bd1687b6e39eeb74bc7e00f1,0x64ea7e1f,0x2d2ee9ecd,0x538e3,0x1e,0x2e9ae9d5e49a44dc612b284c4a4f6be1b70844e9ea6c857178c1a4d1af99bf7d,0x5,18001860,1693089311,2023-08-26 22:35:11,0xe592427a0aece92de3edee1f18e0157c05861564,0xdef171fe48cf0115b1d80b88dc8eab59176fee57,-10447597536,6340208786064260401,1951264400645268215013376945213084,35461582453294863465,202243
0x88e6a0c2ddd26feeb64f039a2c41296fcb3f5640,"['0xc42079f94a6350d7e6235f29174924f928cc2ac818eb64fed8004e115fbcca67', '0x000000000000000000000000dc3bfcb3521cd02af66d394f817a0e6fe62ded95', '0x00000000000000000000000067cea36eeb36ace126a3ca6e21405258130cf33c']",0xffffffffffffffffffffffffffffffffffffffffffffffffffffffffd3769864000000000000000000000000000000000000000000000000064af9cadd53552800000000000000000000000000000000000060346e97c5bb53206dd8e8cacd38000000000000000000000000000000000000000000000001ec20d95b95dd94690000000000000000000000000000000000000000000000000000000000031603,0x112afca,0xfe18d749af1a4c0bf390bf14c7a0361dba89a32f9d946b9d1eb7c57516948e92,0x64ea7e67,0x83d0a105f,0x511e8,0x1c,0x0a859ed294520581fb033bc62ef61699e69ba39c789662c7882b5eca53f6a38d,0x4,18001866,1693089383,2023-08-26 22:36:23,0xdc3bfcb3521cd02af66d394f817a0e6fe62ded95,0x67cea36eeb36ace126a3ca6e21405258130cf33c,-747202460,453449362196092200,1951265413233942944195752097402168,35461582453294863465,202243
0x88e6a0c2ddd26feeb64f039a2c41296fcb3f5640,"['0xc42079f94a6350d7e6235f29174924f928cc2ac818eb64fed8004e115fbcca67', '0x0000000000000000000000003fc91a3afd70395cd496c647d5a6cc9d4b2b7fad', '0x0000000000000000000000003fc91a3afd70395cd496c647d5a6cc9d4b2b7fad']",0x000000000000000000000000000000000000000000000000000000005ffda573fffffffffffffffffffffffffffffffffffffffffffffffff2734f2c298724f20000000000000000000000000000000000006034678b65514bdc0242c170b12f000000000000000000000000000000000000000000000001ec20d95b95dd94690000000000000000000000000000000000000000000000000000000000031603,0x112afcc,0x67ed24cb26697da1b04356426cab56f9f132750ba28e0449d1268ee7e0c9592c,0x64ea7e7f,0x2c11b1c5e,0x46ad7,0x6f,0xc6ae5bdb72fbcd944b7b07b4bbcaab969ca2601ed495576480db99bb23af4143,0x2e,18001868,1693089407,2023-08-26 22:36:47,0x3fc91a3afd70395cd496c647d5a6cc9d4b2b7fad,0x3fc91a3afd70395cd496c647d5a6cc9d4b2b7fad,1610458483,-976349643115387662,1951263231876461298515672443171119,35461582453294863465,202243
0x88e6a0c2ddd26feeb64f039a2c41296fcb3f5640,"['0xc42079f94a6350d7e6235f29174924f928cc2ac818eb64fed8004e115fbcca67', '0x0000000000000000000000003fc91a3afd70395cd496c647d5a6cc9d4b2b7fad', '0x0000000000000000000000007db0d440a922409af0e7faaf770519fb812d2444']",0xffffffffffffffffffffffffffffffffffffffffffffffffffffffff3d4e51cb0000000000000000000000000000000000000000000000001b82724ea198f740000000000000000000000000000000000000603475d8f896381c8959e52f3408000000000000000000000000000000000000000000000001ec20d95b95dd94690000000000000000000000000000000000000000000000000000000000031603,0x112afd1,0x7c9df527bae645353d33241399b4aeb26096ad088c5c2d42232deaf928d4c6a3,0x64ea7ebb,0x462b9caa2,0x37af0,0x12,0xbb5df580b62c379d8fbb18558272b4b87bc0b79ba34184e144beefc30f913f5a,0x4,18001873,1693089467,2023-08-26 22:37:47,0x3fc91a3afd70395cd496c647d5a6cc9d4b2b7fad,0x7db0d440a922409af0e7faaf770519fb812d2444,-3266424373,1982272468040611648,1951267658449346183007056052565000,35461582453294863465,202243
0x88e6a0c2ddd26feeb64f039a2c41296fcb3f5640,"['0xc42079f94a6350d7e6235f29174924f928cc2ac818eb64fed8004e115fbcca67', '0x0000000000000000000000001111111254eeb25477b68fb85ed929f73a960582', '0x000000000000000000000000e27baebd7b14602de3797974db9f5f4f8dcb6679']",0xfffffffffffffffffffffffffffffffffffffffffffffffffffffffff01a33ad000000000000000000000000000000000000000000000000023f0c880d5fb6da00000000000000000000000000000000000060347703f4b73f91a6225c2a72de000000000000000000000000000000000000000000000001ec20d95b95dd94690000000000000000000000000000000000000000000000000000000000031603,0x112afd2,0xd8ab57529a9e387968e4df2902c8c394ce11409b854b548e50432b656d548736,0x64ea7ec7,0x2934e2332,0x57dd4,0x19,0x0c386db9aacfdfc960498b278f38980e628dd448cfbbeb419fb7fcc80f16ed8b,0x7,18001874,1693089479,2023-08-26 22:37:59,0x1111111254eeb25477b68fb85ed929f73a960582,0xe27baebd7b14602de3797974db9f5f4f8dcb6679,-266718291,161861890088089306,1951268019899886061771510979916510,35461582453294863465,202243
0x88e6a0c2ddd26feeb64f039a2c41296fcb3f5640,"['0xc42079f94a6350d7e6235f29174924f928cc2ac818eb64fed8004e115fbcca67', '0x000000000000000000000000d19dc09880685dd8cf60687d57936358582876b5', '0x00000000000000000000000067cea36eeb36ace126a3ca6e21405258130cf33c']",0xffffffffffffffffffffffffffffffffffffffffffffffffffffffffe311d83200000000000000000000000000000000000000000000000004167738462e4726000000000000000000000000000000000000603479240b53d056ba9c8f7fe930000000000000000000000000000000000000000000000001ec20d95b95dd94690000000000000000000000000000000000000000000000000000000000031603,0x112afd6,0x98284ab1679366d06d81101f9a509183ef3925dc1558cc93d1b8c120df5e5535,0x64ea7ef7,0x370a0e2f1,0x511a8,0x76,0xf4b3941b8b3c81e1819956d497e1e47d63036aa5e24efaf7774bd6c0d96db54d,0x21,18001878,1693089527,2023-08-26 22:38:47,0xd19dc09880685dd8cf60687d57936358582876b5,0x67cea36eeb36ace126a3ca6e21405258130cf33c,-485369806,294553909218658086,1951268677662312118595039858256176,35461582453294863465,202243
0x88e6a0c2ddd26feeb64f039a2c41296fcb3f5640,"['0xc42079f94a6350d7e6235f29174924f928cc2ac818eb64fed8004e115fbcca67', '0x000000000000000000000000e592427a0aece92de3edee1f18e0157c05861564', '0x000000000000000000000000def171fe48cf0115b1d80b88dc8eab59176fee57']",0xfffffffffffffffffffffffffffffffffffffffffffffffffffffffef676dc630000000000000000000000000000000000000000000000002584fb569a5c732000000000000000000000000000000000000060348ca5f5013648584670b61103000000000000000000000000000000000000000000000001ec20d95b95dd94690000000000000000000000000000000000000000000000000000000000031603,0x112afe0,0xcf7d8f9b17981488ce2a1f2948a3663872fc2ce65855f59f62ab6dd5f2664955,0x64ea7f6f,0x2e0b59857,0x5597f,0x84,0x23d3fc9374f497e927bcf705280a81971bf658b01cb89e125d2633a7b2427778,0x1d,18001888,1693089647,2023-08-26 22:40:47,0xe592427a0aece92de3edee1f18e0157c05861564,0xdef171fe48cf0115b1d80b88dc8eab59176fee57,-4454949789,2703562025704649504,1951274714932439477497708424859907,35461582453294863465,202243
0x88e6a0c2ddd26feeb64f039a2c41296fcb3f5640,"['0xc42079f94a6350d7e6235f29174924f928cc2ac818eb64fed8004e115fbcca67', '0x0000000000000000000000003fc91a3afd70395cd496c647d5a6cc9d4b2b7fad', '0x00000000000000000000000081a460ea6fd96a73d5672f1f4aa684697d4b44cc']",0x000000000000000000000000000000000000000000000000000000012a05f200ffffffffffffffffffffffffffffffffffffffffffffffffd5eea87141567c6c000000000000000000000000000000000000603476c3dba8301bbc7065ebcf45000000000000000000000000000000000000000000000001ec20d95b95dd94690000000000000000000000000000000000000000000000000000000000031603,0x112afe1,0xc9113fa621bff2a34d5583942241520583f44da836956094c69da8cffe2392df,0x64ea7f7b,0x2d20ff3f7,0x3011d,0x1f1,0xa5eaab440270943aa2f38376437fe8663aa666d706a8657aea8303549e9127fc,0x71,18001889,1693089659,2023-08-26 22:40:59,0x3fc91a3afd70395cd496c647d5a6cc9d4b2b7fad,0x81a460ea6fd96a73d5672f1f4aa684697d4b44cc,5000000000,-3031300294792807316,1951267942410296629148963631255365,35461582453294863465,202243
0x88e6a0c2ddd26feeb64f039a2c41296fcb3f5640,"['0xc42079f94a6350d7e6235f29174924f928cc2ac818eb64fed8004e115fbcca67', '0x000000000000000000000000def1c0ded9bec7f1a1670819833240f027b25eff', '0x000000000000000000000000def1c0ded9bec7f1a1670819833240f027b25eff']",0xfffffffffffffffffffffffffffffffffffffffffffffffffffffffffb6bf3a800000000000000000000000000000000000000000000000000a59b4696c879bc00000000000000000000000000000000000060347719f6357dda219cc109bf31000000000000000000000000000000000000000000000001ec20d95b95dd94690000000000000000000000000000000000000000000000000000000000031603,0x112afe2,0x76f616f20161d94ec0599422e02d329777234e0a6d3ea9538aad682fa7ed2fa7,0x64ea7f87,0x352de60b3,0x304b7,0x83,0x1e0f0059efcfdafe388f98df3c1e47c336288409d6e0a0842f45e2b01fbadff6,0x19,18001890,1693089671,2023-08-26 22:41:11,0xdef1c0ded9bec7f1a1670819833240f027b25eff,0xdef1c0ded9bec7f1a1670819833240f027b25eff,-76811352,46614098636995004,1951268046503305237502304155451185,35461582453294863465,202243
0x88e6a0c2ddd26feeb64f039a2c41296fcb3f5640,"['0xc42079f94a6350d7e6235f29174924f928cc2ac818eb64fed8004e115fbcca67', '0x0000000000000000000000003fc91a3afd70395cd496c647d5a6cc9d4b2b7fad', '0x000000000000000000000000e08634f8cc7d33d7a779c0d1f9c8ee4f143ab9c0']",0xffffffffffffffffffffffffffffffffffffffffffffffffffffffff6f01a157000000000000000000000000000000000000000000000000147cb65617038a07000000000000000000000000000000000000603481c0d7910722c0a286c4672d000000000000000000000000000000000000000000000001ec20d95b95dd94690000000000000000000000000000000000000000000000000000000000031603,0x112afe4,0x4e95db5d2ddb2a81b1fbf36db7ff93f80b3d8071c1bd00449e246d8e9d634bc7,0x64ea7f9f,0x2aa45f365,0x3b5e7,0x271,0x5eb62feb4b0d9314a78620fa0c0caec2bd37bd25c8442eef17683bb7d2a2edbd,0xc6,18001892,1693089695,2023-08-26 22:41:35,0x3fc91a3afd70395cd496c647d5a6cc9d4b2b7fad,0xe08634f8cc7d33d7a779c0d1f9c8ee4f143ab9c0,-2432589481,1476255258740230663,1951271343099310511669240807057197,35461582453294863465,202243
0x88e6a0c2ddd26feeb64f039a2c41296fcb3f5640,"['0xc42079f94a6350d7e6235f29174924f928cc2ac818eb64fed8004e115fbcca67', '0x0000000000000000000000003fc91a3afd70395cd496c647d5a6cc9d4b2b7fad', '0x0000000000000000000000000692cf3a01699179291e6af649580db6b9f3d639']",0xffffffffffffffffffffffffffffffffffffffffffffffffffffffff1e19f9150000000000000000000000000000000000000000000000001feb3dd067660000000000000000000000000000000000000000603492594fa1256c0fe2a1f5af39000000000000000000000000000000000000000000000001ec20d95b95dd94690000000000000000000000000000000000000000000000000000000000031603,0x112afe6,0x27168e1ac808e104583ce54287a14b079b61faf6b6020ce2bd5cf6ceb9b0fc14,0x64ea7fb7,0x2e1dc86e5,0x1d816,0x1ad,0x89ddf7c04d8e3c97ab83e8f61f8fb8b767a733f6674664c31e5e007f10b18ca4,0x77,18001894,1693089719,2023-08-26 22:41:59,0x3fc91a3afd70395cd496c647d5a6cc9d4b2b7fad,0x0692cf3a01699179291e6af649580db6b9f3d639,-3789948651,2300000000000000000,1951276479183173542826142927793977,35461582453294863465,202243
0x88e6a0c2ddd26feeb64f039a2c41296fcb3f5640,"['0xc42079f94a6350d7e6235f29174924f928cc2ac818eb64fed8004e115fbcca67', '0x0000000000000000000000003fc91a3afd70395cd496c647d5a6cc9d4b2b7fad', '0x0000000000000000000000009f158387d4265cd9e515b53c241ff0c7697bea6a']",0xffffffffffffffffffffffffffffffffffffffffffffffffffffffff6c05bc0e00000000000000000000000000000000000000000000000014e8b1e0026a0a4f00000000000000000000000000000000000060349d3855ad3975e28d13afee3b000000000000000000000000000000000000000000000001ec20d95b95dd94690000000000000000000000000000000000000000000000000000000000031603,0x112afe8,0xb67c8c61e2e29b6baef66f7664899bf51c48e9d56ee2d7155a629bd9d836f048,0x64ea7fcf,0x31472e931,0x2d831,0x38,0xfd8c37bea03491befcf7124f3646eb0cd63bef44e88fcee78adb54b654ec9cdb,0xb,18001896,1693089743,2023-08-26 22:42:23,0x3fc91a3afd70395cd496c647d5a6cc9d4b2b7fad,0x9f158387d4265cd9e515b53c241ff0c7697bea6a,-2482652146,1506649651026725455,1951279843652286534082023564242491,35461582453294863465,202243
0x88e6a0c2ddd26feeb64f039a2c41296fcb3f5640,"['0xc42079f94a6350d7e6235f29174924f928cc2ac818eb64fed8004e115fbcca67', '0x000000000000000000000000e592427a0aece92de3edee1f18e0157c05861564', '0x000000000000000000000000aa6e8127831c9de45ae56bb1b0d4d4da6e5665bd']",0xffffffffffffffffffffffffffffffffffffffffffffffffffffffe79d6442a700000000000000000000000000000000000000000000000372228446bc315252000000000000000000000000000000000000603667de30630a1a0e15b6f71d83000000000000000000000000000000000000000000000001ec20d95b95dd94690000000000000000000000000000000000000000000000000000000000031604,0x112aff1,0xb4535eeeee99aec4ec6ebfff7dcd812dc0171c66a4f4048b903ea41927300114,0x64ea803b,0x2f2c46db0,0xb698b,0xe8,0xc5830e6404accb026f5448bfd8b93c2ae022ce9c6541a1d51412070ec2b7844e,0x89,18001905,1693089851,2023-08-26 22:44:11,0xe592427a0aece92de3edee1f18e0157c05861564,0xaa6e8127831c9de45ae56bb1b0d4d4da6e5665bd,-104733588825,63564513530000527954,1951421788292374734669559350369667,35461582453294863465,202244
0x88e6a0c2ddd26feeb64f039a2c41296fcb3f5640,"['0xc42079f94a6350d7e6235f29174924f928cc2ac818eb64fed8004e115fbcca67', '0x0000000000000000000000003fc91a3afd70395cd496c647d5a6cc9d4b2b7fad', '0x0000000000000000000000002cad29e9640b9bcfb1d8d25cf3e4bd05f55cce70']",0x000000000000000000000000000000000000000000000000000000014d969597ffffffffffffffffffffffffffffffffffffffffffffffffd0e7ac0b06a6a61f00000000000000000000000000000000000060364f5e9d069aa6f1f534e34afa000000000000000000000000000000000000000000000001ec20d95b95dd94690000000000000000000000000000000000000000000000000000000000031604,0x112aff1,0xb4535eeeee99aec4ec6ebfff7dcd812dc0171c66a4f4048b903ea41927300114,0x64ea803b,0x2efc97d30,0x43bbc,0xfa,0xbca40352d05e5467ab301c9be2c32d4deeeb60737836ba4aa34efd5cbd01cef8,0x8d,18001905,1693089851,2023-08-26 22:44:11,0x3fc91a3afd70395cd496c647d5a6cc9d4b2b7fad,0x2cad29e9640b9bcfb1d8d25cf3e4bd05f55cce70,5596681623,-3393554630844176865,1951414206422666927099899164183290,35461582453294863465,202244
0x88e6a0c2ddd26feeb64f039a2c41296fcb3f5640,"['0xc42079f94a6350d7e6235f29174924f928cc2ac818eb64fed8004e115fbcca67', '0x0000000000000000000000003fc91a3afd70395cd496c647d5a6cc9d4b2b7fad', '0x0000000000000000000000003fc91a3afd70395cd496c647d5a6cc9d4b2b7fad']",0x00000000000000000000000000000000000000000000000000000000d09dc300ffffffffffffffffffffffffffffffffffffffffffffffffe28c5ff7e35498820000000000000000000000000000000000006036400c944cd89c3c6f75b2b63c000000000000000000000000000000000000000000000001ec20d95b95dd94690000000000000000000000000000000000000000000000000000000000031604,0x112aff1,0xb4535eeeee99aec4ec6ebfff7dcd812dc0171c66a4f4048b903ea41927300114,0x64ea803b,0x2efc97d30,0x36f73,0x101,0x8b513319fb877ca5a5f5b22c83204ec5211f5f43e608108d78a30d9a80d0f6b0,0x8e,18001905,1693089851,2023-08-26 22:44:11,0x3fc91a3afd70395cd496c647d5a6cc9d4b2b7fad,0x3fc91a3afd70395cd496c647d5a6cc9d4b2b7fad,3500000000,-2122215806122813310,1951409464974396836820103369766460,35461582453294863465,202244
0x88e6a0c2ddd26feeb64f039a2c41296fcb3f5640,"['0xc42079f94a6350d7e6235f29174924f928cc2ac818eb64fed8004e115fbcca67', '0x0000000000000000000000003fc91a3afd70395cd496c647d5a6cc9d4b2b7fad', '0x0000000000000000000000001d6221b70e09af34b2fcf873db50c484fa912a28']",0xfffffffffffffffffffffffffffffffffffffffffffffffffffffffed5fa0e000000000000000000000000000000000000000000000000002a1daee9e6060866000000000000000000000000000000000000603655f24b38b3749795f2d0fec6000000000000000000000000000000000000000000000001ec20d95b95dd94690000000000000000000000000000000000000000000000000000000000031604,0x112aff4,0xebc5258ed0fe997d2e002eeb87ced3c136bcc8e540d3681b05fb858e74a6880e,0x64ea805f,0x30ce361fa,0x4e722,0x151,0x8b95b3ae06dbf530076dbe2299b49c2a72f46e8b96078a3062de6502263500ed,0x62,18001908,1693089887,2023-08-26 22:44:47,0x3fc91a3afd70395cd496c647d5a6cc9d4b2b7fad,0x1d6221b70e09af34b2fcf873db50c484fa912a28,-5000000000,3034774043527350374,1951416241867437231010540875218630,35461582453294863465,202244
0x88e6a0c2ddd26feeb64f039a2c41296fcb3f5640,"['0xc42079f94a6350d7e6235f29174924f928cc2ac818eb64fed8004e115fbcca67', '0x0000000000000000000000003fc91a3afd70395cd496c647d5a6cc9d4b2b7fad', '0x0000000000000000000000003fc91a3afd70395cd496c647d5a6cc9d4b2b7fad']",0x00000000000000000000000000000000000000000000000000000000017d7840ffffffffffffffffffffffffffffffffffffffffffffffffffca2531e4bbe4a5000000000000000000000000000000000000603655d6477842053503a8ffcce0000000000000000000000000000000000000000000000001ec20d95b95dd94690000000000000000000000000000000000000000000000000000000000031604,0x112aff5,0x20354dbe81d668ae25445a07a63e7d25b2c9469bec11163d0f0076e290ae9feb,0x64ea806b,0x306e2a74a,0x237cf,0xe8,0x5b4452766327049af5c6c373bf2881a81f8a833595ad3c9629019c28136b5cee,0x39,18001909,1693089899,2023-08-26 22:44:59,0x3fc91a3afd70395cd496c647d5a6cc9d4b2b7fad,0x3fc91a3afd70395cd496c647d5a6cc9d4b2b7fad,25000000,-15158752521231195,1951416207999797233629933669960928,35461582453294863465,202244
0x88e6a0c2ddd26feeb64f039a2c41296fcb3f5640,"['0xc42079f94a6350d7e6235f29174924f928cc2ac818eb64fed8004e115fbcca67', '0x0000000000000000000000003fc91a3afd70395cd496c647d5a6cc9d4b2b7fad', '0x0000000000000000000000003fc91a3afd70395cd496c647d5a6cc9d4b2b7fad']",0x0000000000000000000000000000000000000000000000000000000009d5b340fffffffffffffffffffffffffffffffffffffffffffffffffe9c8f192b6967cc0000000000000000000000000000000000006036551d61ea21b6832881a29e57000000000000000000000000000000000000000000000001ec20d95b95dd94690000000000000000000000000000000000000000000000000000000000031604,0x112aff8,0x539dd44a097327a0e8fa0dadda8b9b741ab0e6e2263ef820130c5d521c4b0111,0x64ea808f,0x2c4c9f28b,0x2bcc2,0xeb,0xb56844bc2afdddcb9775b2dbb50e7dd415fba02839e76bcb775df12edf30a7c9,0x60,18001912,1693089935,2023-08-26 22:45:35,0x3fc91a3afd70395cd496c647d5a6cc9d4b2b7fad,0x3fc91a3afd70395cd496c647d5a6cc9d4b2b7fad,165000000,-100047753443711028,1951415984473402734308937800261207,35461582453294863465,202244
0x88e6a0c2ddd26feeb64f039a2c41296fcb3f5640,"['0xc42079f94a6350d7e6235f29174924f928cc2ac818eb64fed8004e115fbcca67', '0x000000000000000000000000e4000004000bd8006e00720000d27d1fa000d43e', '0x000000000000000000000000e4000004000bd8006e00720000d27d1fa000d43e']",0xfffffffffffffffffffffffffffffffffffffffffffffffffffffffff2b0188f00000000000000000000000000000000000000000000000001e1994539d40ebb00000000000000000000000000000000000060365617c7a2c952fda112ab435b000000000000000000000000000000000000000000000001ec20d95b95dd94690000000000000000000000000000000000000000000000000000000000031604,0x112aff9,0x3af58ad8cd50f419ba3bfdc3d61be4d26ef6a039778011ad11f24016bfd38bca,0x64ea809b,0x420568f5a,0x3f8c3,0x16,0x746497bf07628dd7fbbc82f8d23a494cf60d8c1d5f6070d15dc4a0f8e4c0eb1c,0x2,18001913,1693089947,2023-08-26 22:45:47,0xe4000004000bd8006e00720000d27d1fa000d43e,0xe4000004000bd8006e00720000d27d1fa000d43e,-223340401,135557986399817403,1951416287185222931308587149640539,35461582453294863465,202244
0x88e6a0c2ddd26feeb64f039a2c41296fcb3f5640,"['0xc42079f94a6350d7e6235f29174924f928cc2ac818eb64fed8004e115fbcca67', '0x0000000000000000000000003208684f96458c540eb08f6f01b9e9afb2b7d4f0', '0x0000000000000000000000001111111254eeb25477b68fb85ed929f73a960582']",0xffffffffffffffffffffffffffffffffffffffffffffffffffffffff1e4ca5550000000000000000000000000000000000000000000000001fe54b5f5d86a1a2000000000000000000000000000000000000603666ad2822fc31fa66641592ef000000000000000000000000000000000000000000000001ec20d95b95dd94690000000000000000000000000000000000000000000000000000000000031604,0x112affb,0x25061c9ccd45448a4a66fc4186f8c3071a6313a6fd83c41f453840feca1c0fd7,0x64ea80b3,0x2d5d4bd2a,0x39c7e,0x69,0xe4584dab4d8bc9c10dd031e219810623c8db7d3248cb12ab74f22e61f5ca8e68,0x44,18001915,1693089971,2023-08-26 22:46:11,0x3208684f96458c540eb08f6f01b9e9afb2b7d4f0,0x1111111254eeb25477b68fb85ed929f73a960582,-3786627755,2298326057805586850,1951421419531039226651425671320303,35461582453294863465,202244
0x88e6a0c2ddd26feeb64f039a2c41296fcb3f5640,"['0xc42079f94a6350d7e6235f29174924f928cc2ac818eb64fed8004e115fbcca67', '0x0000000000000000000000003fc91a3afd70395cd496c647d5a6cc9d4b2b7fad', '0x00000000000000000000000052db713d60249e52024dfb54a5b4c32fe0893f54']",0x0000000000000000000000000000000000000000000000000000000029992824fffffffffffffffffffffffffffffffffffffffffffffffffa2093f46f7f025d0000000000000000000000000000000000006036639f17a555279e865654802e000000000000000000000000000000000000000000000001ec20d95b95dd94690000000000000000000000000000000000000000000000000000000000031604,0x112afff,0x7e7b786437e7e4d379dcb1c9ec3addc108620a6e136dee6c8336b8fd4998f2d8,0x64ea80e3,0x28391d17f,0x3669a,0x117,0x1965b6f236def0e2f05a0a8eb774521ac4c909235c4c2c8eccfd9e6cdb024060,0x73,18001919,1693090019,2023-08-26 22:46:59,0x3fc91a3afd70395cd496c647d5a6cc9d4b2b7fad,0x52db713d60249e52024dfb54a5b4c32fe0893f54,697903140,-423175686920928675,1951420474073172544742311071088686,35461582453294863465,202244
0x88e6a0c2ddd26feeb64f039a2c41296fcb3f5640,"['0xc42079f94a6350d7e6235f29174924f928cc2ac818eb64fed8004e115fbcca67', '0x0000000000000000000000003fc91a3afd70395cd496c647d5a6cc9d4b2b7fad', '0x0000000000000000000000003fc91a3afd70395cd496c647d5a6cc9d4b2b7fad']",0x00000000000000000000000000000000000000000000000000000000652e99cdfffffffffffffffffffffffffffffffffffffffffffffffff1b723d14d6f68d700000000000000000000000000000000000060365c30d4ff38a93815f9324344000000000000000000000000000000000000000000000001ec20d95b95dd94690000000000000000000000000000000000000000000000000000000000031604,0x112afff,0x7e7b786437e7e4d379dcb1c9ec3addc108620a6e136dee6c8336b8fd4998f2d8,0x64ea80e3,0x284f32a98,0x22527,0x146,0xcba755705578abf2ac215faef6fd6617bf0c12115220d76313ac4efa19e5e56c,0x7b,18001919,1693090019,2023-08-26 22:46:59,0x3fc91a3afd70395cd496c647d5a6cc9d4b2b7fad,0x3fc91a3afd70395cd496c647d5a6cc9d4b2b7fad,1697552845,-1029314607976585001,1951418174381523237140875497849668,35461582453294863465,202244
0x88e6a0c2ddd26feeb64f039a2c41296fcb3f5640,"['0xc42079f94a6350d7e6235f29174924f928cc2ac818eb64fed8004e115fbcca67', '0x0000000000000000000000001111111254eeb25477b68fb85ed929f73a960582', '0x0000000000000000000000001111111254eeb25477b68fb85ed929f73a960582']",0x00000000000000000000000000000000000000000000000000000000185dd5f3fffffffffffffffffffffffffffffffffffffffffffffffffc8f5c3b260262f100000000000000000000000000000000000060365a66bb81f8be7074022e2b60000000000000000000000000000000000000000000000001ec20d95b95dd94690000000000000000000000000000000000000000000000000000000000031604,0x112afff,0x7e7b786437e7e4d379dcb1c9ec3addc108620a6e136dee6c8336b8fd4998f2d8,0x64ea80e3,0x2858ae369,0x42570,0x193,0xfb50af90976bc029b74c8d5b79265cb16b19ea0b87ae51112aef263e2d2f3317,0xa2,18001919,1693090019,2023-08-26 22:46:59,0x1111111254eeb25477b68fb85ed929f73a960582,0x1111111254eeb25477b68fb85ed929f73a960582,408802803,-247878045371571471,1951417620573128242846691270470496,35461582453294863465,202244
0x88e6a0c2ddd26feeb64f039a2c41296fcb3f5640,"['0xc42079f94a6350d7e6235f29174924f928cc2ac818eb64fed8004e115fbcca67', '0x0000000000000000000000003fc91a3afd70395cd496c647d5a6cc9d4b2b7fad', '0x0000000000000000000000001d6221b70e09af34b2fcf873db50c484fa912a28']",0xfffffffffffffffffffffffffffffffffffffffffffffffffffffffb8926d9b8000000000000000000000000000000000000000000000000a181f21afbc59e6f0000000000000000000000000000000000006036ae5fb4f45265a26ca9ac4b7c000000000000000000000000000000000000000000000001ec20d95b95dd94690000000000000000000000000000000000000000000000000000000000031605,0x112b000,0x0be3c8451874034aa764fb04b631e3a280a49dd7189e1cd1f4ce8d639d254be1,0x64ea80ef,0x29a78cc54,0x32d23,0x100,0xebee4a1f3b89ad8806cef477ac9e11cdda93296f4ea409f48514ce0baf692a01,0x74,18001920,1693090031,2023-08-26 22:47:11,0x3fc91a3afd70395cd496c647d5a6cc9d4b2b7fad,0x1d6221b70e09af34b2fcf873db50c484fa912a28,-19173811784,11637849109809176175,1951443608820525322161509819501436,35461582453294863465,202245
0x88e6a0c2ddd26feeb64f039a2c41296fcb3f5640,"['0xc42079f94a6350d7e6235f29174924f928cc2ac818eb64fed8004e115fbcca67', '0x00000000000000000000000023ebcd701fd92867235aeb0174b7c444b9b2b3ad', '0x00000000000000000000000023ebcd701fd92867235aeb0174b7c444b9b2b3ad']",0xffffffffffffffffffffffffffffffffffffffffffffffffffffffffcef304a400000000000000000000000000000000000000000000000006ee949a814ec0000000000000000000000000000000000000006036b1fa5d0da353628ce5012e8d000000000000000000000000000000000000000000000001ec20d95b95dd94690000000000000000000000000000000000000000000000000000000000031605,0x112b002,0x7407e8c62929682ce715e8290f53e85b79b1740f0826e9e593449a4a7a13c8d0,0x64ea8107,0x27db48f55,0x82a15,0xd0,0x8dfaf9329933fad7c352031adc7d6a96395e153546142faf95fda0024dd8c1da,0x53,18001922,1693090055,2023-08-26 22:47:35,0x23ebcd701fd92867235aeb0174b7c444b9b2b3ad,0x23ebcd701fd92867235aeb0174b7c444b9b2b3ad,-822934364,499500000000000000,1951444724243955576101889214852749,35461582453294863465,202245
0x88e6a0c2ddd26feeb64f039a2c41296fcb3f5640,"['0xc42079f94a6350d7e6235f29174924f928cc2ac818eb64fed8004e115fbcca67', '0x0000000000000000000000003fc91a3afd70395cd496c647d5a6cc9d4b2b7fad', '0x000000000000000000000000f8f7a48ac8bf9fb2e2154286f86320428487cfe2']",0xfffffffffffffffffffffffffffffffffffffffffffffffffffffffecaac281a0000000000000000000000000000000000000000000000002bb70c4f827b00000000000000000000000000000000000000006036c8b4eb39f9539d0084ae6a45000000000000000000000000000000000000000000000001ec20d95b95dd94690000000000000000000000000000000000000000000000000000000000031605,0x112b00b,0xb42110767c05989b63dea2ae346e5483724d01ce57106678817c79581441bddc,0x64ea8173,0x2da026e06,0x21aee,0xce,0x1abc1ffd2738ce0ed44df1305c1aadf6ff2a496df9e6c536399a0dbb842ca77b,0x40,18001931,1693090163,2023-08-26 22:49:23,0x3fc91a3afd70395cd496c647d5a6cc9d4b2b7fad,0xf8f7a48ac8bf9fb2e2154286f86320428487cfe2,-5189654502,3150000000000000000,1951451758445767988338516032383557,35461582453294863465,202245
0x88e6a0c2ddd26feeb64f039a2c41296fcb3f5640,"['0xc42079f94a6350d7e6235f29174924f928cc2ac818eb64fed8004e115fbcca67', '0x0000000000000000000000003fc91a3afd70395cd496c647d5a6cc9d4b2b7fad', '0x0000000000000000000000003fc91a3afd70395cd496c647d5a6cc9d4b2b7fad']",0x0000000000000000000000000000000000000000000000000000000005f5e100ffffffffffffffffffffffffffffffffffffffffffffffffff2892c668aed3210000000000000000000000000000000000006036c844db2d4227ce4a133188fa000000000000000000000000000000000000000000000001ec20d95b95dd94690000000000000000000000000000000000000000000000000000000000031605,0x112b00c,0x2bf8811c204eb97bb2a0c88b9b08cb5c4953e95371c248ef6afe0fb83660c998,0x64ea817f,0x2bc84d9f8,0x300af,0x108,0x979065569a2c5f0aab5af9892a1bf4b6d1c5bc74931ecd03ccd62029107c728c,0x73,18001932,1693090175,2023-08-26 22:49:35,0x3fc91a3afd70395cd496c647d5a6cc9d4b2b7fad,0x3fc91a3afd70395cd496c647d5a6cc9d4b2b7fad,100000000,-60637214112034015,1951451622970283767974833704503546,35461582453294863465,202245
0x88e6a0c2ddd26feeb64f039a2c41296fcb3f5640,"['0xc42079f94a6350d7e6235f29174924f928cc2ac818eb64fed8004e115fbcca67', '0x000000000000000000000000def1c0ded9bec7f1a1670819833240f027b25eff', '0x000000000000000000000000def1c0ded9bec7f1a1670819833240f027b25eff']",0x0000000000000000000000000000000000000000000000000000000034a99974fffffffffffffffffffffffffffffffffffffffffffffffff890a454ab4da6cf0000000000000000000000000000000000006036c466bfcbd347430e89f7f1c7000000000000000000000000000000000000000000000001ec20d95b95dd94690000000000000000000000000000000000000000000000000000000000031605,0x112b010,0x350a1f13741ba69e19864d9e56e9026fa452884d1e9c2e246db24de17f151c3e,0x64ea81af,0x3a4d028bf,0x33f93,0x68,0x1e156d6f08525fca8308ed0fc057b1de83216f22a4d10ed4772b85c801cb6e33,0x20,18001936,1693090223,2023-08-26 22:50:23,0xdef1c0ded9bec7f1a1670819833240f027b25eff,0xdef1c0ded9bec7f1a1670819833240f027b25eff,883530100,-535747672098887985,1951450426004421130740493721268679,35461582453294863465,202245
0x88e6a0c2ddd26feeb64f039a2c41296fcb3f5640,"['0xc42079f94a6350d7e6235f29174924f928cc2ac818eb64fed8004e115fbcca67', '0x000000000000000000000000def1c0ded9bec7f1a1670819833240f027b25eff', '0x000000000000000000000000e9931580656f78db8f5057ee8034bfc39b6cbfde']",0xfffffffffffffffffffffffffffffffffffffffffffffffffffffffffb1b780b00000000000000000000000000000000000000000000000000b102f91902a1690000000000000000000000000000000000006036c4c2c8627e6e69fca9aa82ed000000000000000000000000000000000000000000000001ec20d95b95dd94690000000000000000000000000000000000000000000000000000000000031605,0x112b011,0x59b962dc4ebe8800fbeb79ea165436eb357b857b5a215f8bf57fd76b8f61e7c9,0x64ea81bb,0x38f181079,0x32eed,0x52,0xab3897ffd2e0de2db8a345a9e5e013654a44ebccc42cad04dfc428cb02c58a00,0x10,18001937,1693090235,2023-08-26 22:50:35,0xdef1c0ded9bec7f1a1670819833240f027b25eff,0xe9931580656f78db8f5057ee8034bfc39b6cbfde,-82085877,49824339767501161,1951450537266154811629300141949677,35461582453294863465,202245
0x88e6a0c2ddd26feeb64f039a2c41296fcb3f5640,"['0xc42079f94a6350d7e6235f29174924f928cc2ac818eb64fed8004e115fbcca67', '0x0000000000000000000000003fc91a3afd70395cd496c647d5a6cc9d4b2b7fad', '0x00000000000000000000000081a460ea6fd96a73d5672f1f4aa684697d4b44cc']",0x00000000000000000000000000000000000000000000000000000005d21dba00ffffffffffffffffffffffffffffffffffffffffffffffff2da0555765c0cc2200000000000000000000000000000000000060365753a0eb2f2f14a7a679cc42000000000000000000000000000000000000000000000001ec20d95b95dd94690000000000000000000000000000000000000000000000000000000000031604,0x112b01b,0x758246af19d10a265385eacc70a232bfa8d1774cf7ef4ddb2d62383f89312ada,0x64ea8233,0x2acf40307,0x38e82,0x152,0x64c7e0cbde6be03ab0577d04adda480d4b545ce495a3a1401474c76f52779934,0x67,18001947,1693090355,2023-08-26 22:52:35,0x3fc91a3afd70395cd496c647d5a6cc9d4b2b7fad,0x81a460ea6fd96a73d5672f1f4aa684697d4b44cc,25000000000,-15159022511871439838,1951416669022945142039607005269058,35461582453294863465,202244
0x88e6a0c2ddd26feeb64f039a2c41296fcb3f5640,"['0xc42079f94a6350d7e6235f29174924f928cc2ac818eb64fed8004e115fbcca67', '0x0000000000000000000000003fc91a3afd70395cd496c647d5a6cc9d4b2b7fad', '0x0000000000000000000000003fc91a3afd70395cd496c647d5a6cc9d4b2b7fad']",0x0000000000000000000000000000000000000000000000000000000029b92700fffffffffffffffffffffffffffffffffffffffffffffffffa1c11780fe8af870000000000000000000000000000000000006036544337e05c6a44606419b0f9000000000000000000000000000000000000000000000001ec20d95b95dd94690000000000000000000000000000000000000000000000000000000000031604,0x112b01c,0xc4620166ae433f19c7e3b5da4780a8711c56122d662f56a6966f38b914b615e5,0x64ea823f,0x2aeda01c5,0x237db,0xd9,0x6e8a2623a7dc8d0ead1667371dfd1e7e884a82ba3c76020f59882bec504e6892,0x3e,18001948,1693090367,2023-08-26 22:52:47,0x3fc91a3afd70395cd496c647d5a6cc9d4b2b7fad,0x3fc91a3afd70395cd496c647d5a6cc9d4b2b7fad,700000000,-424445057519014009,1951415720729054428535436317667577,35461582453294863465,202244
0x88e6a0c2ddd26feeb64f039a2c41296fcb3f5640,"['0xc42079f94a6350d7e6235f29174924f928cc2ac818eb64fed8004e115fbcca67', '0x0000000000000000000000003fc91a3afd70395cd496c647d5a6cc9d4b2b7fad', '0x00000000000000000000000057247f059931b6cb9c6816281b3130cf89510406']",0xffffffffffffffffffffffffffffffffffffffffffffffffffffffff8831717300000000000000000000000000000000000000000000000010ee4f8941fa000000000000000000000000000000000000000060365d10c105d98eed4cf816e48b000000000000000000000000000000000000000000000001ec20d95b95dd94690000000000000000000000000000000000000000000000000000000000031604,0x112b01c,0xc4620166ae433f19c7e3b5da4780a8711c56122d662f56a6966f38b914b615e5,0x64ea823f,0x2ada8d4c5,0x21aec,0x10f,0x4a03da9e6fab39e8cc9b34c13dd14499e5d931f205e26e6e27f399551e99585f,0x4e,18001948,1693090367,2023-08-26 22:52:47,0x3fc91a3afd70395cd496c647d5a6cc9d4b2b7fad,0x57247f059931b6cb9c6816281b3130cf89510406,-2010025613,1220000000000000000,1951418445086581775496923529536651,35461582453294863465,202244
0x88e6a0c2ddd26feeb64f039a2c41296fcb3f5640,"['0xc42079f94a6350d7e6235f29174924f928cc2ac818eb64fed8004e115fbcca67', '0x0000000000000000000000001111111254eeb25477b68fb85ed929f73a960582', '0x00000000000000000000000074de5d4fcbf63e00296fd95d33236b9794016631']",0xfffffffffffffffffffffffffffffffffffffffffffffffffffffffff6440562000000000000000000000000000000000000000000000000016029a98d5c500000000000000000000000000000000000000060365dc7da90e553816cfdb6aa55000000000000000000000000000000000000000000000001ec20d95b95dd94690000000000000000000000000000000000000000000000000000000000031604,0x112b01e,0xa12cd750d67119712878319558743e7806d97581ff3fa7c5d53e27a66c1113d5,0x64ea8257,0x276c757c4,0x31304,0x91,0x5caf47728318dd8004594a6bc374e9c2da2d35efa1a1979822d423ef9d778ca4,0x14,18001950,1693090391,2023-08-26 22:53:11,0x1111111254eeb25477b68fb85ed929f73a960582,0x74de5d4fcbf63e00296fd95d33236b9794016631,-163314334,99125000000000000,1951418666440630872437544365501013,35461582453294863465,202244
0x88e6a0c2ddd26feeb64f039a2c41296fcb3f5640,"['0xc42079f94a6350d7e6235f29174924f928cc2ac818eb64fed8004e115fbcca67', '0x0000000000000000000000003fc91a3afd70395cd496c647d5a6cc9d4b2b7fad', '0x0000000000000000000000003fc91a3afd70395cd496c647d5a6cc9d4b2b7fad']",0x00000000000000000000000000000000000000000000000000000000c0106560ffffffffffffffffffffffffffffffffffffffffffffffffe4e28ea526db525300000000000000000000000000000000000060364facfce58ac7d06db59de303000000000000000000000000000000000000000000000001ec20d95b95dd94690000000000000000000000000000000000000000000000000000000000031604,0x112b01f,0xbbd0b8853109b77f6fdd1192dde52e759aec10e458a54e37c4564280368c01b2,0x64ea8263,0x27b32e7a8,0x33047,0xf1,0x4900c1cd49bc4f0bab4df65c64420cbff434551762ea1e8370e09f4487fc53b0,0x59,18001951,1693090403,2023-08-26 22:53:23,0x3fc91a3afd70395cd496c647d5a6cc9d4b2b7fad,0x3fc91a3afd70395cd496c647d5a6cc9d4b2b7fad,3222300000,-1953842448352718253,1951414301171618153172332101624579,35461582453294863465,202244
0x88e6a0c2ddd26feeb64f039a2c41296fcb3f5640,"['0xc42079f94a6350d7e6235f29174924f928cc2ac818eb64fed8004e115fbcca67', '0x0000000000000000000000003fc91a3afd70395cd496c647d5a6cc9d4b2b7fad', '0x0000000000000000000000003fc91a3afd70395cd496c647d5a6cc9d4b2b7fad']",0x00000000000000000000000000000000000000000000000000000000c7acf180ffffffffffffffffffffffffffffffffffffffffffffffffe3cf800e16f5f440000000000000000000000000000000000000603641030a4b6116387ee0ef1bbd000000000000000000000000000000000000000000000001ec20d95b95dd94690000000000000000000000000000000000000000000000000000000000031604,0x112b021,0x09aff2ed4d757c30c7e096e76d35092cbc80c19437ead3dc59362b1bb740cb83,0x64ea827b,0x2d677244b,0x22527,0xd9,0x521e273d4223767e43aa22b6f289077d22b92e246a4428ccb143b6ce38705938,0x46,18001953,1693090427,2023-08-26 22:53:47,0x3fc91a3afd70395cd496c647d5a6cc9d4b2b7fad,0x3fc91a3afd70395cd496c647d5a6cc9d4b2b7fad,3350000000,-2031264108917689280,1951409762927360647677755557616573,35461582453294863465,202244
0x88e6a0c2ddd26feeb64f039a2c41296fcb3f5640,"['0xc42079f94a6350d7e6235f29174924f928cc2ac818eb64fed8004e115fbcca67', '0x0000000000000000000000003208684f96458c540eb08f6f01b9e9afb2b7d4f0', '0x0000000000000000000000001111111254fb6c44bac0bed2854e76f90643097d']",0xffffffffffffffffffffffffffffffffffffffffffffffffffffffff6ece58400000000000000000000000000000000000000000000000001484b8be4df464dc00000000000000000000000000000000000060364bae15b811de27d03fd98f95000000000000000000000000000000000000000000000001ec20d95b95dd94690000000000000000000000000000000000000000000000000000000000031604,0x112b023,0x151810b91fa7a060f94dd16fd3f746f5feedf1d301d473a813ae982b2455a135,0x64ea8293,0x36347ed9b,0x54367,0xc1,0xce44f03945dfb3aacb44437e994622c2f18bc86a94b5f980724001f44c2d54f2,0x31,18001955,1693090451,2023-08-26 22:54:11,0x3208684f96458c540eb08f6f01b9e9afb2b7d4f0,0x1111111254fb6c44bac0bed2854e76f90643097d,-2435950528,1478509705175524572,1951413064557725033314762213658517,35461582453294863465,202244
0x88e6a0c2ddd26feeb64f039a2c41296fcb3f5640,"['0xc42079f94a6350d7e6235f29174924f928cc2ac818eb64fed8004e115fbcca67', '0x0000000000000000000000003208684f96458c540eb08f6f01b9e9afb2b7d4f0', '0x0000000000000000000000001111111254eeb25477b68fb85ed929f73a960582']",0xfffffffffffffffffffffffffffffffffffffffffffffffffffffffd928db24400000000000000000000000000000000000000000000000057d270aaa51de52d000000000000000000000000000000000000603679575e09556d1489f6cc3ef0000000000000000000000000000000000000000000000001ec20d95b95dd94690000000000000000000000000000000000000000000000000000000000031604,0x112b023,0x151810b91fa7a060f94dd16fd3f746f5feedf1d301d473a813ae982b2455a135,0x64ea8293,0x327904552,0x4267d,0xd9,0x675a4b1d7a79031631ad4c4628e6234ae795ea7189b868fe9cdf5f1cd8ef73bc,0x49,18001955,1693090451,2023-08-26 22:54:11,0x3208684f96458c540eb08f6f01b9e9afb2b7d4f0,0x1111111254eeb25477b68fb85ed929f73a960582,-10426142140,6328244304625919277,1951427196033139949840299899764464,35461582453294863465,202244
0x88e6a0c2ddd26feeb64f039a2c41296fcb3f5640,"['0xc42079f94a6350d7e6235f29174924f928cc2ac818eb64fed8004e115fbcca67', '0x00000000000000000000000068b3465833fb72a70ecdf485e0e4c7bd8665fc45', '0x00000000000000000000000068b3465833fb72a70ecdf485e0e4c7bd8665fc45']",0xffffffffffffffffffffffffffffffffffffffffffffffffffffffffd06a3f2b00000000000000000000000000000000000000000000000006b985fa82326b0000000000000000000000000000000000000060367cd67020f5bedfb9d74710ae000000000000000000000000000000000000000000000001ec20d95b95dd94690000000000000000000000000000000000000000000000000000000000031604,0x112b024,0x0ff1f74c4fcdad5320ecb75b98a249325b07da251be648119a4897ab434d2110,0x64ea829f,0x341ff58e7,0x37728,0x34,0x0655c56ceb390eeaa0a54b9abe656f8cec53131febf02864fd4af6914433cea9,0xa,18001956,1693090463,2023-08-26 22:54:23,0x68b3465833fb72a70ecdf485e0e4c7bd8665fc45,0x68b3465833fb72a70ecdf485e0e4c7bd8665fc45,-798343381,484565745891699456,1951428278107186928976685867405486,35461582453294863465,202244
0x88e6a0c2ddd26feeb64f039a2c41296fcb3f5640,"['0xc42079f94a6350d7e6235f29174924f928cc2ac818eb64fed8004e115fbcca67', '0x0000000000000000000000003fc91a3afd70395cd496c647d5a6cc9d4b2b7fad', '0x0000000000000000000000007c85a0c6bb965bd1844c0398469ada0f386436bb']",0xfffffffffffffffffffffffffffffffffffffffffffffffffffffffdabf41c00000000000000000000000000000000000000000000000000543bdb702137019b0000000000000000000000000000000000006036a8a21f47b197306824563f1c000000000000000000000000000000000000000000000001ec20d95b95dd94690000000000000000000000000000000000000000000000000000000000031605,0x112b024,0x0ff1f74c4fcdad5320ecb75b98a249325b07da251be648119a4897ab434d2110,0x64ea829f,0x3095f7f67,0x294cc,0xad,0x7e38bf9f27deef56d22b0dfd0c9baee6aa20958c40799490ea229e1f4b27850d,0x46,18001956,1693090463,2023-08-26 22:54:23,0x3fc91a3afd70395cd496c647d5a6cc9d4b2b7fad,0x7c85a0c6bb965bd1844c0398469ada0f386436bb,-10000000000,6069686197451948443,1951441832201679275018741983100700,35461582453294863465,202245
0x88e6a0c2ddd26feeb64f039a2c41296fcb3f5640,"['0xc42079f94a6350d7e6235f29174924f928cc2ac818eb64fed8004e115fbcca67', '0x000000000000000000000000e592427a0aece92de3edee1f18e0157c05861564', '0x0000000000000000000000009008d19f58aabd9ed0d60971565aa8510560ab41']",0xfffffffffffffffffffffffffffffffffffffffffffffffffffffffb39350c09000000000000000000000000000000000000000000000000accf5132d81939530000000000000000000000000000000000006037027b72123302a60aad81ef2c000000000000000000000000000000000000000000000001ec20d95b95dd94690000000000000000000000000000000000000000000000000000000000031605,0x112b028,0x2222f7af113e8c7690ee777d187e88def3c4e43a05cd01086e378cb02e4faa0a,0x64ea82cf,0x2e8eed2e7,0x689bf,0x3a,0x435d80c474f5a4d5bdd5a03420a3ffcc3da0a0cedd359fb01a8ad19970dc3735,0x6,18001960,1693090511,2023-08-26 22:55:11,0xe592427a0aece92de3edee1f18e0157c05861564,0x9008d19f58aabd9ed0d60971565aa8510560ab41,-20515058679,12452260773518457171,1951469639095425850679383984041772,35461582453294863465,202245
0x88e6a0c2ddd26feeb64f039a2c41296fcb3f5640,"['0xc42079f94a6350d7e6235f29174924f928cc2ac818eb64fed8004e115fbcca67', '0x0000000000000000000000003fc91a3afd70395cd496c647d5a6cc9d4b2b7fad', '0x00000000000000000000000081a460ea6fd96a73d5672f1f4aa684697d4b44cc']",0x00000000000000000000000000000000000000000000000000000003f5476a00ffffffffffffffffffffffffffffffffffffffffffffffff70f139f1e98b6a290000000000000000000000000000000000006036b810a9794a04bde2f6bf0271000000000000000000000000000000000000000000000001ec20d95b95dd94690000000000000000000000000000000000000000000000000000000000031605,0x112b028,0x2222f7af113e8c7690ee777d187e88def3c4e43a05cd01086e378cb02e4faa0a,0x64ea82cf,0x2a888fc95,0x53944,0x58,0x39287be2ff950bb3c734a05b70c07f2a02ef7ddd771630f071d92724e0d3a151,0xa,18001960,1693090511,2023-08-26 22:55:11,0x3fc91a3afd70395cd496c647d5a6cc9d4b2b7fad,0x81a460ea6fd96a73d5672f1f4aa684697d4b44cc,17000000000,-10308394360906225111,1951446608111268201490229762130545,35461582453294863465,202245
0x88e6a0c2ddd26feeb64f039a2c41296fcb3f5640,"['0xc42079f94a6350d7e6235f29174924f928cc2ac818eb64fed8004e115fbcca67', '0x00000000000000000000000051c72848c68a965f66fa7a88855f9f7784502a7f', '0x00000000000000000000000051c72848c68a965f66fa7a88855f9f7784502a7f']",0xffffffffffffffffffffffffffffffffffffffffffffffffffffffec81bae472000000000000000000000000000000000000000000000002c1475de4586fe000000000000000000000000000000000000000603826c2a20c0af418a04dfa290a000000000000000000000000000000000000000000000001ec20d95b95dd94690000000000000000000000000000000000000000000000000000000000031606,0x112b031,0x26ab76954f7a7c8a8a0163a1193ae607fc746e50f1ea97694f7083a3574bf0db,0x64ea833b,0x8da561050,0x1e30d,0x2b,0xbee8a49a3631e3976824dbb08925e82de9b6ca670818a5ff92bdf126c1b06b53,0x6,18001969,1693090619,2023-08-26 22:56:59,0x51c72848c68a965f66fa7a88855f9f7784502a7f,0x51c72848c68a965f66fa7a88855f9f7784502a7f,-83722836878,50820691755403304960,1951560094778586900391524537346314,35461582453294863465,202246
0x88e6a0c2ddd26feeb64f039a2c41296fcb3f5640,"['0xc42079f94a6350d7e6235f29174924f928cc2ac818eb64fed8004e115fbcca67', '0x000000000000000000000000e592427a0aece92de3edee1f18e0157c05861564', '0x0000000000000000000000000bd2af7132ff0f92566db2f4093ca422a093ee4d']",0xffffffffffffffffffffffffffffffffffffffffffffffffffffffff13652aca00000000000000000000000000000000000000000000000021710b7d8478a5e000000000000000000000000000000000000060383825c5b351e2168c63aafb1c000000000000000000000000000000000000000000000001ec20d95b95dd94690000000000000000000000000000000000000000000000000000000000031606,0x112b033,0x382543400f898aefa166bfeaf1f44f56a833768e74212dc44e48ba39c090613f,0x64ea8353,0x6c075500a,0x35b90,0x10a,0xa31952add2a70b56bf29e623f6da662d94b6b9c5be52a29a4426da909bf0d16f,0x62,18001971,1693090643,2023-08-26 22:57:23,0xe592427a0aece92de3edee1f18e0157c05861564,0x0bd2af7132ff0f92566db2f4093ca422a093ee4d,-3969570102,2409719909341242848,1951565475875778549287070785534748,35461582453294863465,202246
0x88e6a0c2ddd26feeb64f039a2c41296fcb3f5640,"['0xc42079f94a6350d7e6235f29174924f928cc2ac818eb64fed8004e115fbcca67', '0x0000000000000000000000003fc91a3afd70395cd496c647d5a6cc9d4b2b7fad', '0x0000000000000000000000003fc91a3afd70395cd496c647d5a6cc9d4b2b7fad']",0x000000000000000000000000000000000000000000000000000000003b9aca00fffffffffffffffffffffffffffffffffffffffffffffffff7957bd191745787000000000000000000000000000000000000603833c503f278c7836f37e1f5e2000000000000000000000000000000000000000000000001ec20d95b95dd94690000000000000000000000000000000000000000000000000000000000031606,0x112b038,0x822549e8c8735c99f8d64c4b87f413263e41714fb044cf4358100c1449b557af,0x64ea838f,0x2a2e04e42,0x35d77,0x11f,0xde2d8cd33b5e624cc18c6cc8b4a2be50b0f23e9f17b80d710ac35ba5e678603d,0x62,18001976,1693090703,2023-08-26 22:58:23,0x3fc91a3afd70395cd496c647d5a6cc9d4b2b7fad,0x3fc91a3afd70395cd496c647d5a6cc9d4b2b7fad,1000000000,-606442434792761465,1951564120963886430868392231695842,35461582453294863465,202246
0x88e6a0c2ddd26feeb64f039a2c41296fcb3f5640,"['0xc42079f94a6350d7e6235f29174924f928cc2ac818eb64fed8004e115fbcca67', '0x0000000000000000000000003fc91a3afd70395cd496c647d5a6cc9d4b2b7fad', '0x00000000000000000000000051c93cbd4aad5d43d8241774d5c3bbb8b80114fe']",0xffffffffffffffffffffffffffffffffffffffffffffffffffffffffc463eff7000000000000000000000000000000000000000000000000086cda3bc323c000000000000000000000000000000000000000603838266d303f9803ba79623f1d000000000000000000000000000000000000000000000001ec20d95b95dd94690000000000000000000000000000000000000000000000000000000000031606,0x112b03b,0xb6f8823db8e644935937f717e6bf2dbe770123b223301d1ed18dcaf9986ab2f4,0x64ea83b3,0x373d8feb2,0x21ac7,0x8e,0x96d44cecb0f71c201aaf020e698d1f36f57169fbe9dc85dedde780a56bc2e8f3,0x14,18001979,1693090739,2023-08-26 22:58:59,0x3fc91a3afd70395cd496c647d5a6cc9d4b2b7fad,0x51c93cbd4aad5d43d8241774d5c3bbb8b80114fe,-1000083465,607100000000000000,1951565476666718277048981482782493,35461582453294863465,202246
0x88e6a0c2ddd26feeb64f039a2c41296fcb3f5640,"['0xc42079f94a6350d7e6235f29174924f928cc2ac818eb64fed8004e115fbcca67', '0x0000000000000000000000001111111254eeb25477b68fb85ed929f73a960582', '0x00000000000000000000000030cb2c51fc4f031fa5f326d334e1f5da00e19ab5']",0xffffffffffffffffffffffffffffffffffffffffffffffffffffffffa57e9b940000000000000000000000000000000000000000000000000ccac2a82f699d6500000000000000000000000000000000000060383ecd122305d701fef0746591000000000000000000000000000000000000000000000001ec20d95b95dd94690000000000000000000000000000000000000000000000000000000000031606,0x112b03b,0xb6f8823db8e644935937f717e6bf2dbe770123b223301d1ed18dcaf9986ab2f4,0x64ea83b3,0x2f1d145c7,0x34125,0x104,0xe12652525692f37e5c2efc3ca342175e782a76978f2ae6cf81533d9162fe00e3,0x4b,18001979,1693090739,2023-08-26 22:58:59,0x1111111254eeb25477b68fb85ed929f73a960582,0x30cb2c51fc4f031fa5f326d334e1f5da00e19ab5,-1518429292,921763101356432741,1951567535037409761538934433932689,35461582453294863465,202246
0x88e6a0c2ddd26feeb64f039a2c41296fcb3f5640,"['0xc42079f94a6350d7e6235f29174924f928cc2ac818eb64fed8004e115fbcca67', '0x0000000000000000000000001111111254eeb25477b68fb85ed929f73a960582', '0x000000000000000000000000a7ca2c8673bcfa5a26d8ceec2887f2cc2b0db22a']",0xffffffffffffffffffffffffffffffffffffffffffffffffffffffffe28b39a70000000000000000000000000000000000000000000000000429d069189e0000000000000000000000000000000000000000603840f7380edd44be6b799115eb000000000000000000000000000000000000000000000001ec20d95b95dd94690000000000000000000000000000000000000000000000000000000000031606,0x112b03c,0xcb585e2198a37938331c2b348db8bf6c6d731a4da2ef0cb117a77319ba7c1c5e,0x64ea83bf,0x2dfccc198,0x3df4f,0x152,0x8cf3a3615af8974ce73874bc2573c8326fa46bf42e8eaa33788456d95b0b374f,0x7b,18001980,1693090751,2023-08-26 22:59:11,0x1111111254eeb25477b68fb85ed929f73a960582,0xa7ca2c8673bcfa5a26d8ceec2887f2cc2b0db22a,-494192217,300000000000000000,1951568204961391896037660797507051,35461582453294863465,202246
0x88e6a0c2ddd26feeb64f039a2c41296fcb3f5640,"['0xc42079f94a6350d7e6235f29174924f928cc2ac818eb64fed8004e115fbcca67', '0x0000000000000000000000003fc91a3afd70395cd496c647d5a6cc9d4b2b7fad', '0x000000000000000000000000275b2edbc7c4413dbecff9ef37ba9214758e3b13']",0xfffffffffffffffffffffffffffffffffffffffffffffffffffffff0f601bbf6000000000000000000000000000000000000000000000002202ee30f12e006dc00000000000000000000000000000000000060395be70ce6b30aa9bc004dab12000000000000000000000000000000000000000000000001ec20d95b95dd94690000000000000000000000000000000000000000000000000000000000031607,0x112b03e,0x78a519af93d3b28eaba5480fa20b8026537ddd989f5b7a54334a43972ff10268,0x64ea83d7,0x2dea7102b,0x65522,0x144,0xf048f2d6c2a42a1f412a857d0a5e612e55caf88da325b90c5ce055e09bb555c1,0x7b,18001982,1693090775,2023-08-26 22:59:35,0x3fc91a3afd70395cd496c647d5a6cc9d4b2b7fad,0x275b2edbc7c4413dbecff9ef37ba9214758e3b13,-64592167946,39212528659442173660,1951655769672555551564457860508434,35461582453294863465,202247
0x88e6a0c2ddd26feeb64f039a2c41296fcb3f5640,"['0xc42079f94a6350d7e6235f29174924f928cc2ac818eb64fed8004e115fbcca67', '0x0000000000000000000000003fc91a3afd70395cd496c647d5a6cc9d4b2b7fad', '0x000000000000000000000000599c7f027113c043b3dc5e2fdfbc60ff6070f02e']",0xffffffffffffffffffffffffffffffffffffffffffffffffffffffffe1f51af0000000000000000000000000000000000000000000000000043f2160f545000000000000000000000000000000000000000060395e1c480f93e61d2077ad7dab000000000000000000000000000000000000000000000001ec20d95b95dd94690000000000000000000000000000000000000000000000000000000000031607,0x112b03f,0xfbfbbe5d22031ac4040a632539d1d11902191d13cd49ba7846b8c40816adf5e3,0x64ea83e3,0x2f8b06adb,0x21726,0xac,0x7d8df800dc8de0524a18f55b16818ccd375d5e2b31487b84f9d1a1d5d099fb52,0x43,18001983,1693090787,2023-08-26 22:59:47,0x3fc91a3afd70395cd496c647d5a6cc9d4b2b7fad,0x599c7f027113c043b3dc5e2fdfbc60ff6070f02e,-504030480,306000000000000000,1951656452995017328753158751354283,35461582453294863465,202247
0x88e6a0c2ddd26feeb64f039a2c41296fcb3f5640,"['0xc42079f94a6350d7e6235f29174924f928cc2ac818eb64fed8004e115fbcca67', '0x0000000000000000000000003fc91a3afd70395cd496c647d5a6cc9d4b2b7fad', '0x00000000000000000000000051c93cbd4aad5d43d8241774d5c3bbb8b80114fe']",0xffffffffffffffffffffffffffffffffffffffffffffffffffffffffff9b7729000000000000000000000000000000000000000000000000000e35fa931a000000000000000000000000000000000000000060395e23ab8d9a2f41c5c12f947f000000000000000000000000000000000000000000000001ec20d95b95dd94690000000000000000000000000000000000000000000000000000000000031607,0x112b040,0x1bb964a03e719f5ec7883bb32afc4eb7c5e2a5403069a7ca7e498b01d2c8dc4a,0x64ea83ef,0x357c52113,0x1d3eb,0x103,0xabd9b571182241e471635ec298ac9313c59dd9d5f9be2c1ba2053c39c42a3128,0x2c,18001984,1693090799,2023-08-26 22:59:59,0x3fc91a3afd70395cd496c647d5a6cc9d4b2b7fad,0x51c93cbd4aad5d43d8241774d5c3bbb8b80114fe,-6588631,4000000000000000,1951656461927337090546475102868607,35461582453294863465,202247
0x88e6a0c2ddd26feeb64f039a2c41296fcb3f5640,"['0xc42079f94a6350d7e6235f29174924f928cc2ac818eb64fed8004e115fbcca67', '0x0000000000000000000000003fc91a3afd70395cd496c647d5a6cc9d4b2b7fad', '0x0000000000000000000000008c5f5cb33c777d311a9c8097e65e5a7267346ed1']",0x000000000000000000000000000000000000000000000000000000000583b8e9ffffffffffffffffffffffffffffffffffffffffffffffffff38a5fc6b4999d900000000000000000000000000000000000060395dbbf8317216e71fe546f107000000000000000000000000000000000000000000000001ec20d95b95dd94690000000000000000000000000000000000000000000000000000000000031607,0x112b040,0x1bb964a03e719f5ec7883bb32afc4eb7c5e2a5403069a7ca7e498b01d2c8dc4a,0x64ea83ef,0x2dcaedbe5,0x2a9e6,0x14c,0x635cfad2b1d0ed504ddf58bc45120dd33aab02d5ba308d692fe938d61e04540c,0x62,18001984,1693090799,2023-08-26 22:59:59,0x3fc91a3afd70395cd496c647d5a6cc9d4b2b7fad,0x8c5f5cb33c777d311a9c8097e65e5a7267346ed1,92518633,-56112491791803943,1951656336560974080192392972398855,35461582453294863465,202247
0x88e6a0c2ddd26feeb64f039a2c41296fcb3f5640,"['0xc42079f94a6350d7e6235f29174924f928cc2ac818eb64fed8004e115fbcca67', '0x0000000000000000000000003fc91a3afd70395cd496c647d5a6cc9d4b2b7fad', '0x0000000000000000000000009bf10c7f4395a5e312cb6b9597ee8f6932559f6a']",0xffffffffffffffffffffffffffffffffffffffffffffffffffffffffec5d461100000000000000000000000000000000000000000000000002c68af0bb14000000000000000000000000000000000000000060395f2d66ceac600f6840af6698000000000000000000000000000000000000000000000001ec20d95b95dd94690000000000000000000000000000000000000000000000000000000000031607,0x112b04c,0xa2a82e5a6a5613b6a9cc023cd65d3f974c008a24566d8bc1775551574433c685,0x64ea847f,0x296a51130,0x21726,0x41,0xcc9368acbdc7e9eb10cfb5c2251a9715ce499a79dd533a1c06127c0ce3cca569,0x14,18001996,1693090943,2023-08-26 23:02:23,0x3fc91a3afd70395cd496c647d5a6cc9d4b2b7fad,0x9bf10c7f4395a5e312cb6b9597ee8f6932559f6a,-329431535,200000000000000000,1951656783176962169858210548115096,35461582453294863465,202247
0x88e6a0c2ddd26feeb64f039a2c41296fcb3f5640,"['0xc42079f94a6350d7e6235f29174924f928cc2ac818eb64fed8004e115fbcca67', '0x0000000000000000000000003fc91a3afd70395cd496c647d5a6cc9d4b2b7fad', '0x0000000000000000000000003fc91a3afd70395cd496c647d5a6cc9d4b2b7fad']",0x0000000000000000000000000000000000000000000000000000000077ab1220ffffffffffffffffffffffffffffffffffffffffffffffffef19f9cec75e7873000000000000000000000000000000000000603956630c909d20cfbe6018a488000000000000000000000000000000000000000000000001ec20d95b95dd94690000000000000000000000000000000000000000000000000000000000031607,0x112b04c,0xa2a82e5a6a5613b6a9cc023cd65d3f974c008a24566d8bc1775551574433c685,0x64ea847f,0x296a51130,0x23421,0x58,0x2322bdf61c96a28fc22a5e19ef7b56b44370364af16dc97e956d5a2f40181aaa,0x17,18001996,1693090943,2023-08-26 23:02:23,0x3fc91a3afd70395cd496c647d5a6cc9d4b2b7fad,0x3fc91a3afd70395cd496c647d5a6cc9d4b2b7fad,2007700000,-1217667557723572109,1951654062667710256684896446096520,35461582453294863465,202247
0x88e6a0c2ddd26feeb64f039a2c41296fcb3f5640,"['0xc42079f94a6350d7e6235f29174924f928cc2ac818eb64fed8004e115fbcca67', '0x000000000000000000000000e592427a0aece92de3edee1f18e0157c05861564', '0x0000000000000000000000000bd2af7132ff0f92566db2f4093ca422a093ee4d']",0xffffffffffffffffffffffffffffffffffffffffffffffffffffffff50ea42f900000000000000000000000000000000000000000000000018bfaed5093f0fa800000000000000000000000000000000000060396341283bd2e41a8ee8e4ade1000000000000000000000000000000000000000000000001ec20d95b95dd94690000000000000000000000000000000000000000000000000000000000031607,0x112b051,0xb79766430b718de69a308d68f4954e89c371f5770d4bba2887009ddeed7e5339,0x64ea84bb,0x4ae59cfc7,0x367ca,0x20,0x4590cc8ca10d57af232b71c713e05f84c5a7b8ab998627cece64b2f3bdacf83b,0x5,18002001,1693091003,2023-08-26 23:03:23,0xe592427a0aece92de3edee1f18e0157c05861564,0x0bd2af7132ff0f92566db2f4093ca422a093ee4d,-2937437447,1783336207468400552,1951658045000022229569846659821025,35461582453294863465,202247
0x88e6a0c2ddd26feeb64f039a2c41296fcb3f5640,"['0xc42079f94a6350d7e6235f29174924f928cc2ac818eb64fed8004e115fbcca67', '0x000000000000000000000000e592427a0aece92de3edee1f18e0157c05861564', '0x000000000000000000000000e592427a0aece92de3edee1f18e0157c05861564']",0xffffffffffffffffffffffffffffffffffffffffffffffffffffffffb27581870000000000000000000000000000000000000000000000000af5eeea5b9a8000000000000000000000000000000000000000603968f40b629267d171417ac9ef000000000000000000000000000000000000000000000001ec20d95b95dd94690000000000000000000000000000000000000000000000000000000000031607,0x112b052,0x58265fc75fc4573392bdd340607384868a86329130bf10455edcf42f36cc356d,0x64ea84c7,0x353e41378,0x2f689,0x38d,0x81b5e5852ed14e6966b46ec45f02f507ed1a5057f24fea4ec4e471dbffccf445,0x58,18002002,1693091015,2023-08-26 23:03:35,0xe592427a0aece92de3edee1f18e0157c05861564,0xe592427a0aece92de3edee1f18e0157c05861564,-1300921977,789800000000000000,1951659808686559195660160266324463,35461582453294863465,202247
0x88e6a0c2ddd26feeb64f039a2c41296fcb3f5640,"['0xc42079f94a6350d7e6235f29174924f928cc2ac818eb64fed8004e115fbcca67', '0x000000000000000000000000e592427a0aece92de3edee1f18e0157c05861564', '0x000000000000000000000000e592427a0aece92de3edee1f18e0157c05861564']",0x000000000000000000000000000000000000000000000000000000004d8a7e79fffffffffffffffffffffffffffffffffffffffffffffffff50cdf39474ce1ec00000000000000000000000000000000000060396341e2f8a02cffb0d4d27fc9000000000000000000000000000000000000000000000001ec20d95b95dd94690000000000000000000000000000000000000000000000000000000000031607,0x112b052,0x58265fc75fc4573392bdd340607384868a86329130bf10455edcf42f36cc356d,0x64ea84c7,0x353e41378,0x2f689,0x390,0x81b5e5852ed14e6966b46ec45f02f507ed1a5057f24fea4ec4e471dbffccf445,0x58,18002002,1693091015,2023-08-26 23:03:35,0xe592427a0aece92de3edee1f18e0157c05861564,0xe592427a0aece92de3edee1f18e0157c05861564,1300921977,-789010397594328596,1951658045881865175594368018579401,35461582453294863465,202247
0x88e6a0c2ddd26feeb64f039a2c41296fcb3f5640,"['0xc42079f94a6350d7e6235f29174924f928cc2ac818eb64fed8004e115fbcca67', '0x0000000000000000000000003fc91a3afd70395cd496c647d5a6cc9d4b2b7fad', '0x0000000000000000000000003fc91a3afd70395cd496c647d5a6cc9d4b2b7fad']",0x0000000000000000000000000000000000000000000000000000000062590080fffffffffffffffffffffffffffffffffffffffffffffffff21cb65fa92991fe00000000000000000000000000000000000060395c087694727e60fd8dbfa744000000000000000000000000000000000000000000000001ec20d95b95dd94690000000000000000000000000000000000000000000000000000000000031607,0x112b053,0x12283e6fc20543f74000bd3b86b1f855d21c4b5580cd35a00b92dadf30f7c117,0x64ea84d3,0x30127805c,0x29370,0x8c,0x817e1f3bca72f66bae41af98794b04db8cdbda55be730c6c82a3b99925a5a2e0,0x4e,18002003,1693091027,2023-08-26 23:03:47,0x3fc91a3afd70395cd496c647d5a6cc9d4b2b7fad,0x3fc91a3afd70395cd496c647d5a6cc9d4b2b7fad,1650000000,-1000724495206870530,1951655810066161161844860865455940,35461582453294863465,202247
0x88e6a0c2ddd26feeb64f039a2c41296fcb3f5640,"['0xc42079f94a6350d7e6235f29174924f928cc2ac818eb64fed8004e115fbcca67', '0x0000000000000000000000003fc91a3afd70395cd496c647d5a6cc9d4b2b7fad', '0x0000000000000000000000009bf10c7f4395a5e312cb6b9597ee8f6932559f6a']",0x0000000000000000000000000000000000000000000000000000000013a2b9effffffffffffffffffffffffffffffffffffffffffffffffffd3a2b18370b6e6200000000000000000000000000000000000060395a973758effcba5dc194e21e000000000000000000000000000000000000000000000001ec20d95b95dd94690000000000000000000000000000000000000000000000000000000000031607,0x112b059,0xe6f4e1f4144915cc5546c69bc2f18a71bc7fa87366311b22c1ccc26a65ee42a5,0x64ea851b,0x2961d70ec,0x2aa0a,0x10e,0x803de5cb227304229925eb651b05b54f22638b31e05edbc3ebe6e917a3bf18d3,0x59,18002009,1693091099,2023-08-26 23:04:59,0x3fc91a3afd70395cd496c647d5a6cc9d4b2b7fad,0x9bf10c7f4395a5e312cb6b9597ee8f6932559f6a,329431535,-199799850461860254,1951655363673926873744856705196574,35461582453294863465,202247
0x88e6a0c2ddd26feeb64f039a2c41296fcb3f5640,"['0xc42079f94a6350d7e6235f29174924f928cc2ac818eb64fed8004e115fbcca67', '0x0000000000000000000000003fc91a3afd70395cd496c647d5a6cc9d4b2b7fad', '0x0000000000000000000000003fc91a3afd70395cd496c647d5a6cc9d4b2b7fad']",0x0000000000000000000000000000000000000000000000000000000005f5e100ffffffffffffffffffffffffffffffffffffffffffffffffff28874433ed66d900000000000000000000000000000000000060395a27214fa2e925f4b00a381e000000000000000000000000000000000000000000000001ec20d95b95dd94690000000000000000000000000000000000000000000000000000000000031607,0x112b05d,0x808b8b95bb5ef2a35c5b1372c85a215b23b3d1823feed0f9e7f709b846aee49b,0x64ea854b,0x264984010,0x36ed2,0xef,0x59062b330a6979d33bb5952fbc4d74f0090f65852cdd9b87f091a7c59708c426,0x4d,18002013,1693091147,2023-08-26 23:05:47,0x3fc91a3afd70395cd496c647d5a6cc9d4b2b7fad,0x3fc91a3afd70395cd496c647d5a6cc9d4b2b7fad,100000000,-60649867970779431,1951655228170171439640649092708382,35461582453294863465,202247
0x88e6a0c2ddd26feeb64f039a2c41296fcb3f5640,"['0xc42079f94a6350d7e6235f29174924f928cc2ac818eb64fed8004e115fbcca67', '0x0000000000000000000000001111111254eeb25477b68fb85ed929f73a960582', '0x0000000000000000000000001111111254eeb25477b68fb85ed929f73a960582']",0x0000000000000000000000000000000000000000000000000000000058e84313fffffffffffffffffffffffffffffffffffffffffffffffff371fe49f504daa20000000000000000000000000000000000006039539f3ccb7fb85c6603540ab3000000000000000000000000000000000000000000000001ec20d95b95dd94690000000000000000000000000000000000000000000000000000000000031607,0x112b05f,0x18783de7c7dd3c36a8f875d6e782e72a497127155869739b6a9f16cf6f2d20d2,0x64ea8563,0x312d005fb,0x3afd1,0x57,0x16308b63e8e88e4d054e0251839b44c113fee24165295dfca5fc9efc1cc9107c,0x34,18002015,1693091171,2023-08-26 23:06:11,0x1111111254eeb25477b68fb85ed929f73a960582,0x1111111254eeb25477b68fb85ed929f73a960582,1491616531,-904662456527955294,1951653206975989799535084559403699,35461582453294863465,202247
0x88e6a0c2ddd26feeb64f039a2c41296fcb3f5640,"['0xc42079f94a6350d7e6235f29174924f928cc2ac818eb64fed8004e115fbcca67', '0x0000000000000000000000003fc91a3afd70395cd496c647d5a6cc9d4b2b7fad', '0x0000000000000000000000008c7f0d6538be2bfc3c9337a8beadc3c8380cff67']",0xfffffffffffffffffffffffffffffffffffffffffffffffffffffffe8ebba2b3000000000000000000000000000000000000000000000000343271605f004a1c00000000000000000000000000000000000060396ec2c3d1d0e76d1d4b939a31000000000000000000000000000000000000000000000001ec20d95b95dd94690000000000000000000000000000000000000000000000000000000000031607,0x112b061,0x56e8e188f2affee7363b3894cdcd473b134db1243afbbde6c1c51a4d829a62e5,0x64ea857b,0x2ea71c976,0x2d704,0xe6,0x33e19b68373d6dc2f231143a0cbaf4f287bd410c4bb60168252b867a43574575,0x72,18002017,1693091195,2023-08-26 23:06:35,0x3fc91a3afd70395cd496c647d5a6cc9d4b2b7fad,0x8c7f0d6538be2bfc3c9337a8beadc3c8380cff67,-6195273037,3761193297532439068,1951661606021294667928625959115313,35461582453294863465,202247
0x88e6a0c2ddd26feeb64f039a2c41296fcb3f5640,"['0xc42079f94a6350d7e6235f29174924f928cc2ac818eb64fed8004e115fbcca67', '0x0000000000000000000000003fc91a3afd70395cd496c647d5a6cc9d4b2b7fad', '0x000000000000000000000000854b1e46b413c0ed149aa08e54048f48793c90f2']",0xffffffffffffffffffffffffffffffffffffffffffffffffffffffffe81939c00000000000000000000000000000000000000000000000000360e96549ef333700000000000000000000000000000000000060397084753df9f7d007b1bfc859000000000000000000000000000000000000000000000001ec20d95b95dd94690000000000000000000000000000000000000000000000000000000000031607,0x112b067,0x0456050a7c07b62ba71b9278e944358ca7a8c3b619891df8cd363cfe2d962f81,0x64ea85c3,0x28a9ed8b5,0x22c65,0xde,0x5a01be0c3c378a3fb9ca6055fc23dcf5566dc77cdf3b06b183e542abdfa2ac36,0x57,18002023,1693091267,2023-08-26 23:07:47,0x3fc91a3afd70395cd496c647d5a6cc9d4b2b7fad,0x854b1e46b413c0ed149aa08e54048f48793c90f2,-401000000,243451001119388471,1951662149666841749698727295043673,35461582453294863465,202247
0x88e6a0c2ddd26feeb64f039a2c41296fcb3f5640,"['0xc42079f94a6350d7e6235f29174924f928cc2ac818eb64fed8004e115fbcca67', '0x000000000000000000000000d7f3fbe8c72a961a5515203eada59750437fa762', '0x0000000000000000000000001c09a10047fcc944efde9226e259eddfde2c1cf0']",0xffffffffffffffffffffffffffffffffffffffffffffffffffffffc73e3d7838000000000000000000000000000000000000000000000008062f194ca3ae7c52000000000000000000000000000000000000603d95a397581fd3d4b0be339327000000000000000000000000000000000000000000000001fbff1d6273bc4620000000000000000000000000000000000000000000000000000000000003160a,0x112b06b,0x3f4a5c026aac0f7ace57d0047d3aceec1872604962b0b3c4e57e190d5097b76c,0x64ea85f3,0x2667a0267,0x256a4,0x2,0xac30b6730cc0f61a9f6f68822ace0f902a1a8bfb077c9d062215bf40eb378b44,0x,18002027,1693091315,2023-08-26 23:08:35,0xd7f3fbe8c72a961a5515203eada59750437fa762,0x1c09a10047fcc944efde9226e259eddfde2c1cf0,-243768920008,148019555294763711570,1951990550900005408694231473820455,36605008604976399904,202250
0x88e6a0c2ddd26feeb64f039a2c41296fcb3f5640,"['0xc42079f94a6350d7e6235f29174924f928cc2ac818eb64fed8004e115fbcca67', '0x000000000000000000000000e8cfad4c75a5e1caf939fd80afcf837dde340a69', '0x000000000000000000000000e8cfad4c75a5e1caf939fd80afcf837dde340a69']",0xffffffffffffffffffffffffffffffffffffffffffffffffffffffd10c1f0c6d000000000000000000000000000000000000000000000006a3dba2cbffd78eb00000000000000000000000000000000000006040edd67f0a6fffffff7f1d4f06000000000000000000000000000000000000000000000001fbff1d6273bc4620000000000000000000000000000000000000000000000000000000000003160d,0x112b06c,0x4406ca3502612ff5a6fe4a2f7ee8a9a991171ff0daf4b8483033b4812acab514,0x64ea85ff,0xf976f270d,0x1f616,0xe,0x98c23b1a73059e7bebdb13650d135f67241730a044c5ab1ad561672ea993c26d,0x4,18002028,1693091327,2023-08-26 23:08:47,0xe8cfad4c75a5e1caf939fd80afcf837dde340a69,0xe8cfad4c75a5e1caf939fd80afcf837dde340a69,-201660101523,122487674287393574576,1952255531608859415832566219755270,36605008604976399904,202253
0x88e6a0c2ddd26feeb64f039a2c41296fcb3f5640,"['0xc42079f94a6350d7e6235f29174924f928cc2ac818eb64fed8004e115fbcca67', '0x000000000000000000000000e8cfad4c75a5e1caf939fd80afcf837dde340a69', '0x000000000000000000000000e8cfad4c75a5e1caf939fd80afcf837dde340a69']",0xffffffffffffffffffffffffffffffffffffffffffffffffffffffddfec381aa000000000000000000000000000000000000000000000004cf6336f4ac284a2200000000000000000000000000000000000060435a12d6abc3fffffffec16f33000000000000000000000000000000000000000000000001fbff1d6273bc4620000000000000000000000000000000000000000000000000000000000003160f,0x112b06e,0xf627aba751644c5aecc8ba0ba2f1494046990c5e4a1b8c33a35921da54f8732a,0x64ea8617,0x859ecd7af,0x1f9ee,0x2c,0xcb88d040207555884129623a6bb7af22eab3ac3f03238f1d6d87521dc207f426,0x7,18002030,1693091351,2023-08-26 23:09:11,0xe8cfad4c75a5e1caf939fd80afcf837dde340a69,0xe8cfad4c75a5e1caf939fd80afcf837dde340a69,-146049629782,88730824707871885858,1952447485264319689296353765191475,36605008604976399904,202255
0x88e6a0c2ddd26feeb64f039a2c41296fcb3f5640,"['0xc42079f94a6350d7e6235f29174924f928cc2ac818eb64fed8004e115fbcca67', '0x0000000000000000000000003fc91a3afd70395cd496c647d5a6cc9d4b2b7fad', '0x0000000000000000000000003fc91a3afd70395cd496c647d5a6cc9d4b2b7fad']",0x0000000000000000000000000000000000000000000000000000000005f5e100ffffffffffffffffffffffffffffffffffffffffffffffffff285a7b1961e86c000000000000000000000000000000000000604359a62a60a0ed09461cf26d85000000000000000000000000000000000000000000000001fbff1d6273bc4620000000000000000000000000000000000000000000000000000000000003160f,0x112b072,0x9f636aae31de78781f75a8db0ccd5de56eb37a660a9442dba3e23fe625640d34,0x64ea8647,0x26b257cd4,0x31b17,0xe9,0xc46dcd009da256581ab12dd69e721cdc54ffb7f0e63bb6548b0b6dfe2ae2e308,0x48,18002034,1693091399,2023-08-26 23:09:59,0x3fc91a3afd70395cd496c647d5a6cc9d4b2b7fad,0x3fc91a3afd70395cd496c647d5a6cc9d4b2b7fad,100000000,-60699110216177556,1952447353886698102703676577705349,36605008604976399904,202255
0x88e6a0c2ddd26feeb64f039a2c41296fcb3f5640,"['0xc42079f94a6350d7e6235f29174924f928cc2ac818eb64fed8004e115fbcca67', '0x0000000000000000000000003fc91a3afd70395cd496c647d5a6cc9d4b2b7fad', '0x0000000000000000000000004fc16c80f8528ecfd28dfb0b5ebbe36131d42ccd']",0xffffffffffffffffffffffffffffffffffffffffffffffffffffffffd2301b2d000000000000000000000000000000000000000000000000067b1e06961b800000000000000000000000000000000000000060435ce9d8021566a2ea0938bd58000000000000000000000000000000000000000000000001fbff1d6273bc4620000000000000000000000000000000000000000000000000000000000003160f,0x112b072,0x9f636aae31de78781f75a8db0ccd5de56eb37a660a9442dba3e23fe625640d34,0x64ea8647,0x2682df2c9,0x1d850,0x10e,0xcb02f497175f86cfabcfc931e1286641547cf3c49120e71a30f3f57066eaac92,0x5b,18002034,1693091399,2023-08-26 23:09:59,0x3fc91a3afd70395cd496c647d5a6cc9d4b2b7fad,0x4fc16c80f8528ecfd28dfb0b5ebbe36131d42ccd,-768599251,467000000000000000,1952448364159705201159663221521752,36605008604976399904,202255
0x88e6a0c2ddd26feeb64f039a2c41296fcb3f5640,"['0xc42079f94a6350d7e6235f29174924f928cc2ac818eb64fed8004e115fbcca67', '0x0000000000000000000000001111111254eeb25477b68fb85ed929f73a960582', '0x0000000000000000000000001111111254eeb25477b68fb85ed929f73a960582']",0xfffffffffffffffffffffffffffffffffffffffffffffffffffffffffc7d3f05000000000000000000000000000000000000000000000000007f25074ca535b500000000000000000000000000000000000060435d29e29414cecbb171411c17000000000000000000000000000000000000000000000001fbff1d6273bc4620000000000000000000000000000000000000000000000000000000000003160f,0x112b073,0xf9b7e0bd15f178f99e1480145d4a712a0b9a3b6ecb0532a452b749fcf63c8cf1,0x64ea8653,0x2c0341e0e,0x51f02,0xdd,0x9be4d58e5e09dab7e9e776dfc2e5c39850905375ccce7a3c08227da9d65544ef,0x4c,18002035,1693091411,2023-08-26 23:10:11,0x1111111254eeb25477b68fb85ed929f73a960582,0x1111111254eeb25477b68fb85ed929f73a960582,-58900731,35788035323147701,1952448441580874503220028898352151,36605008604976399904,202255
0x88e6a0c2ddd26feeb64f039a2c41296fcb3f5640,"['0xc42079f94a6350d7e6235f29174924f928cc2ac818eb64fed8004e115fbcca67', '0x0000000000000000000000003fc91a3afd70395cd496c647d5a6cc9d4b2b7fad', '0x000000000000000000000000349260e1987a298222e79c098738ea6ceac23d4d']",0xffffffffffffffffffffffffffffffffffffffffffffffffffffffffd039dad400000000000000000000000000000000000000000000000006c22beb759d8000000000000000000000000000000000000000604360915a3fbd6a1be10b8db8ca000000000000000000000000000000000000000000000001fbff1d6273bc4620000000000000000000000000000000000000000000000000000000000003160f,0x112b076,0x05e2c324a7a7a00f644b51830579ef8748d6a0d0ee22e26642854fe0babe746c,0x64ea8677,0x28c870672,0x21b1c,0x10c,0xe475d45559c323b34041ede052a361df1b6f2bde3dfbd613e016c0193407d6de,0x61,18002038,1693091447,2023-08-26 23:10:47,0x3fc91a3afd70395cd496c647d5a6cc9d4b2b7fad,0x349260e1987a298222e79c098738ea6ceac23d4d,-801514796,487000000000000000,1952449495120391541652717325629642,36605008604976399904,202255
0x88e6a0c2ddd26feeb64f039a2c41296fcb3f5640,"['0xc42079f94a6350d7e6235f29174924f928cc2ac818eb64fed8004e115fbcca67', '0x000000000000000000000000ef1c6e67703c7bd7107eed8303fbe6ec2554bf6b', '0x000000000000000000000000ef1c6e67703c7bd7107eed8303fbe6ec2554bf6b']",0xfffffffffffffffffffffffffffffffffffffffffffffffffffffffff43a69f500000000000000000000000000000000000000000000000001aa535d3d0c000000000000000000000000000000000000000060436168167cf63463271fb38609000000000000000000000000000000000000000000000001fbff1d6273bc4620000000000000000000000000000000000000000000000000000000000003160f,0x112b079,0xcd54f0662dd16971bb9ec3c234add10aef1a2cbde2d63b53e3e4d3bd89113720,0x64ea869b,0x2a39fc9f2,0x378d2,0x96,0xa7f23509bbd9dbc7de467937805c72a272e8f59b98b1787ff6c94686798cbf1b,0x32,18002041,1693091483,2023-08-26 23:11:23,0xef1c6e67703c7bd7107eed8303fbe6ec2554bf6b,0xef1c6e67703c7bd7107eed8303fbe6ec2554bf6b,-197498379,120000000000000000,1952449754719451181512928026396169,36605008604976399904,202255
0x88e6a0c2ddd26feeb64f039a2c41296fcb3f5640,"['0xc42079f94a6350d7e6235f29174924f928cc2ac818eb64fed8004e115fbcca67', '0x0000000000000000000000003fc91a3afd70395cd496c647d5a6cc9d4b2b7fad', '0x000000000000000000000000de65efd2d2ddadfd24493713383d2b8664fda195']",0xfffffffffffffffffffffffffffffffffffffffffffffffffffffffff986872a00000000000000000000000000000000000000000000000000ea7aa67b2d0000000000000000000000000000000000000000604361de31383bd6d7274461ea1f000000000000000000000000000000000000000000000001fbff1d6273bc4620000000000000000000000000000000000000000000000000000000000003160f,0x112b07a,0x558d9ec9cc895afd1f8d67a0bbdd1be2e034d447e7a5803a0ad38aa2145f3615,0x64ea86a7,0x2870cbf3f,0x1d820,0x81,0xf9327a3057dd312a4f8b5695f856a357841945f41357522ddccd0e8c1d674813,0x3d,18002042,1693091495,2023-08-26 23:11:35,0x3fc91a3afd70395cd496c647d5a6cc9d4b2b7fad,0xde65efd2d2ddadfd24493713383d2b8664fda195,-108624086,66000000000000000,1952449897498933983436043911817759,36605008604976399904,202255
0x88e6a0c2ddd26feeb64f039a2c41296fcb3f5640,"['0xc42079f94a6350d7e6235f29174924f928cc2ac818eb64fed8004e115fbcca67', '0x000000000000000000000000def1c0ded9bec7f1a1670819833240f027b25eff', '0x0000000000000000000000007cb198aa0bc9f3d5cf7c4bac63003982a42a0c0f']",0xfffffffffffffffffffffffffffffffffffffffffffffffffffffffd773346d40000000000000000000000000000000000000000000000005bc8f6de794df90600000000000000000000000000000000000060439019579c52ef428a64afde60000000000000000000000000000000000000000000000001fbff1d6273bc4620000000000000000000000000000000000000000000000000000000000003160f,0x112b07e,0x8b863796e80fdeb8671cc79771ea87baad12c830f717e3485249d304be24f4d8,0x64ea86d7,0x27137b034,0x36e2e,0x181,0x6b90fe213ac032ecc79e5a1d0a8ad0d19c13e3efc6fa3976e87f0d55d59a6393,0x78,18002046,1693091543,2023-08-26 23:12:23,0xdef1c0ded9bec7f1a1670819833240f027b25eff,0x7cb198aa0bc9f3d5cf7c4bac63003982a42a0c0f,-10885052716,6613807488171899142,1952464205317305387526879834005088,36605008604976399904,202255
0x88e6a0c2ddd26feeb64f039a2c41296fcb3f5640,"['0xc42079f94a6350d7e6235f29174924f928cc2ac818eb64fed8004e115fbcca67', '0x000000000000000000000000e8cfad4c75a5e1caf939fd80afcf837dde340a69', '0x000000000000000000000000e8cfad4c75a5e1caf939fd80afcf837dde340a69']",0xffffffffffffffffffffffffffffffffffffffffffffffffffffffba5577dda9000000000000000000000000000000000000000000000009db8f3796cb89844a0000000000000000000000000000000000006048872fd0f2fbffffffd6953250000000000000000000000000000000000000000000000001fbff1d6273bc46200000000000000000000000000000000000000000000000000000000000031613,0x112b080,0xbc32271e7ca014d57817cacca55c2981449cd244cbb53a88ccf60ccb058c3b79,0x64ea86ef,0x217a434caa,0x1f9e0,0x2,0x8867e2c2067044d2a48d97964e586f8832f528a08f60b9069d44dac969acff3b,0x,18002048,1693091567,2023-08-26 23:12:47,0xe8cfad4c75a5e1caf939fd80afcf837dde340a69,0xe8cfad4c75a5e1caf939fd80afcf837dde340a69,-299213791831,181841621800161215562,1952857587934161295493941123428944,36605008604976399904,202259
0x88e6a0c2ddd26feeb64f039a2c41296fcb3f5640,"['0xc42079f94a6350d7e6235f29174924f928cc2ac818eb64fed8004e115fbcca67', '0x0000000000000000000000003fc91a3afd70395cd496c647d5a6cc9d4b2b7fad', '0x00000000000000000000000054a50f329f72efacf55eca0f304a3f50a36574c6']",0xffffffffffffffffffffffffffffffffffffffffffffffffffffffff633d6280000000000000000000000000000000000000000000000000162f936d795bad640000000000000000000000000000000000006048925c8d97046bd5cd36664fb3000000000000000000000000000000000000000000000001fbff1d6273bc46200000000000000000000000000000000000000000000000000000000000031613,0x112b082,0x5516c1c2be5215f7e354b3f5d7c4d4be65c411463c50541318eb508c1fc03e1f,0x64ea8707,0x27ef1fa73,0x23035,0x1e3,0x0b32737105a0eebdc53d2cb5b6b50aa6ffcb1e2857d0cf421a5a5f48b5457762,0x83,18002050,1693091591,2023-08-26 23:13:11,0x3fc91a3afd70395cd496c647d5a6cc9d4b2b7fad,0x54a50f329f72efacf55eca0f304a3f50a36574c6,-2630000000,1598658491136585060,1952861046352836164954615313747891,36605008604976399904,202259
0x88e6a0c2ddd26feeb64f039a2c41296fcb3f5640,"['0xc42079f94a6350d7e6235f29174924f928cc2ac818eb64fed8004e115fbcca67', '0x000000000000000000000000e8cfad4c75a5e1caf939fd80afcf837dde340a69', '0x000000000000000000000000e8cfad4c75a5e1caf939fd80afcf837dde340a69']",0xffffffffffffffffffffffffffffffffffffffffffffffffffffffac73084ebc00000000000000000000000000000000000000000000000bd3df799dd8ca282d000000000000000000000000000000000000604ea766c704fbffffff23fe735a000000000000000000000000000000000000000000000001f0a6a95d779800f10000000000000000000000000000000000000000000000000000000000031618,0x112b085,0x540ef01f1446a469f8a3cc14d167efe77ff2e4be25a362bfea19c94e370c1bc4,0x64ea872b,0x47a8ace562,0x26a7e,0x5,0xbc1c1e85c491a467945794a0b75ebc5ca3626ea66f4083f2bb3752982330a8e6,0x1,18002053,1693091627,2023-08-26 23:13:47,0xe8cfad4c75a5e1caf939fd80afcf837dde340a69,0xe8cfad4c75a5e1caf939fd80afcf837dde340a69,-358847328580,218181239791468292141,1953342926873589619930933512532826,35787477707849728241,202264
0x88e6a0c2ddd26feeb64f039a2c41296fcb3f5640,"['0xc42079f94a6350d7e6235f29174924f928cc2ac818eb64fed8004e115fbcca67', '0x0000000000000000000000001111111254eeb25477b68fb85ed929f73a960582', '0x0000000000000000000000001111111254eeb25477b68fb85ed929f73a960582']",0x0000000000000000000000000000000000000000000000000000000061672e61fffffffffffffffffffffffffffffffffffffffffffffffff238c72996c8350a000000000000000000000000000000000000604ea04ca97e9148e3c4e4ee849b000000000000000000000000000000000000000000000001f0a6a95d779800f10000000000000000000000000000000000000000000000000000000000031618,0x112b089,0xb5ddb6f8552181cdbd04fcfa5fd90521f4ca23acc0f7738e3bc1711ef3904c45,0x64ea875b,0x2fb319f5c,0x411d3,0xc4,0xdcb4e4b69b4bd9b12e37210d382c704ea63fe69bd55d5c579d0d90fa6d14dc9c,0x2a,18002057,1693091675,2023-08-26 23:14:35,0x1111111254eeb25477b68fb85ed929f73a960582,0x1111111254eeb25477b68fb85ed929f73a960582,1634152033,-992824736397904630,1953340728907021379180071855490203,35787477707849728241,202264
0x88e6a0c2ddd26feeb64f039a2c41296fcb3f5640,"['0xc42079f94a6350d7e6235f29174924f928cc2ac818eb64fed8004e115fbcca67', '0x0000000000000000000000003fc91a3afd70395cd496c647d5a6cc9d4b2b7fad', '0x000000000000000000000000e06cab94829b5b7077e9526f0901ac4892fad65a']",0xffffffffffffffffffffffffffffffffffffffffffffffffffffffffb197c5350000000000000000000000000000000000000000000000000b1a2bc2ec500000000000000000000000000000000000000000604ea604ef0322cc68cd082e3dc0000000000000000000000000000000000000000000000001f0a6a95d779800f10000000000000000000000000000000000000000000000000000000000031618,0x112b08a,0xc39bb9c33de980f2b4b4b8f6c5faffc7c3a54484502d8a05fab719abc08db377,0x64ea8767,0x2a7bc0ecf,0x21740,0x154,0x8c1838b7494026dc8b834b6c8524c156c887d6dc8865cf5562f44891e78fe305,0x68,18002058,1693091687,2023-08-26 23:14:47,0x3fc91a3afd70395cd496c647d5a6cc9d4b2b7fad,0xe06cab94829b5b7077e9526f0901ac4892fad65a,-1315453643,800000000000000000,1953342499102710037903546252148160,35787477707849728241,202264
0x88e6a0c2ddd26feeb64f039a2c41296fcb3f5640,"['0xc42079f94a6350d7e6235f29174924f928cc2ac818eb64fed8004e115fbcca67', '0x0000000000000000000000003fc91a3afd70395cd496c647d5a6cc9d4b2b7fad', '0x0000000000000000000000003fc91a3afd70395cd496c647d5a6cc9d4b2b7fad']",0xffffffffffffffffffffffffffffffffffffffffffffffffffffffe06f32410000000000000000000000000000000000000000000000000478393e2942f50000000000000000000000000000000000000000604eba004a90f220e725bf209df60000000000000000000000000000000000000000000000393c0637525bf9d56b0000000000000000000000000000000000000000000000000000000000031618,0x112b08c,0xc4eacad7c911768716676f84cf6d227f71c4502fc5ece04bf3467e93b1de24ae,0x64ea877f,0x31c539ea4,0x4d537,0x6,0x122ae355a3cc9ea97946106855d1284c3ef4efa6763ebaaede1a71b825347b14,0x1,18002060,1693091711,2023-08-26 23:15:11,0x3fc91a3afd70395cd496c647d5a6cc9d4b2b7fad,0x3fc91a3afd70395cd496c647d5a6cc9d4b2b7fad,-135573389056,82450000000000000000,1953348683190628647292089021799926,1055789617520450327915,202264
0x88e6a0c2ddd26feeb64f039a2c41296fcb3f5640,"['0xc42079f94a6350d7e6235f29174924f928cc2ac818eb64fed8004e115fbcca67', '0x0000000000000000000000003208684f96458c540eb08f6f01b9e9afb2b7d4f0', '0x0000000000000000000000005201523c0ad5ba792c40ce5aff7df2d1a721bbf8']",0x00000000000000000000000000000000000000000000000000000001d9694386ffffffffffffffffffffffffffffffffffffffffffffffffbd0880af3ee4ef43000000000000000000000000000000000000604e977ba2125479bd4fc186974e000000000000000000000000000000000000000000000001f0a6a95d779800f10000000000000000000000000000000000000000000000000000000000031618,0x112b08c,0xc4eacad7c911768716676f84cf6d227f71c4502fc5ece04bf3467e93b1de24ae,0x64ea877f,0x3186ce3ae,0x70c4b,0x67,0x9347c031aeb12c6ff05918db385c565ddd18944263b0e9a007f3f6e0c0bd1bee,0xd,18002060,1693091711,2023-08-26 23:15:11,0x3208684f96458c540eb08f6f01b9e9afb2b7d4f0,0x5201523c0ad5ba792c40ce5aff7df2d1a721bbf8,7942521734,-4825465510564663485,1953338000326393313458729393755982,35787477707849728241,202264
0x88e6a0c2ddd26feeb64f039a2c41296fcb3f5640,"['0xc42079f94a6350d7e6235f29174924f928cc2ac818eb64fed8004e115fbcca67', '0x0000000000000000000000003fc91a3afd70395cd496c647d5a6cc9d4b2b7fad', '0x0000000000000000000000003fc91a3afd70395cd496c647d5a6cc9d4b2b7fad']",0xffffffffffffffffffffffffffffffffffffffffffffffffffffffc693e68ea900000000000000000000000000000000000000000000000821ab0d44149800000000000000000000000000000000000000006050c38a764c67beab6e1c7874d9000000000000000000000000000000000000000000000003bde30b594296605c000000000000000000000000000000000000000000000000000000000003161a,0x112b08f,0xd0c6eeb9840a54dd810d8fe66c4ee03a931b926d25b8d3a9a09b1d63085dc6d5,0x64ea87a3,0x2ef852eb4,0x3148c,0x22,0xa6ad3072341f593832ebe9875b95ad55239c76c9152933262afcde3986385076,0x4,18002063,1693091747,2023-08-26 23:15:47,0x3fc91a3afd70395cd496c647d5a6cc9d4b2b7fad,0x3fc91a3afd70395cd496c647d5a6cc9d4b2b7fad,-246626742615,150000000000000000000,1953510091919028449942788036392153,69023024792007499868,202266
0x88e6a0c2ddd26feeb64f039a2c41296fcb3f5640,"['0xc42079f94a6350d7e6235f29174924f928cc2ac818eb64fed8004e115fbcca67', '0x000000000000000000000000a80db00007020e013fa10d0560700c0018003b8b', '0x000000000000000000000000a80db00007020e013fa10d0560700c0018003b8b']",0x000000000000000000000000000000000000000000000000000000016769e087ffffffffffffffffffffffffffffffffffffffffffffffffcd267edbe945c1b90000000000000000000000000000000000006050a9548ea2befea64ccfe8798d000000000000000000000000000000000000000000000001f0a6a95d779800f1000000000000000000000000000000000000000000000000000000000003161a,0x112b092,0x8803763f64fdf1bcb4e0b6ab935358821828a36b491b1d28a3153702a74be69b,0x64ea87c7,0x421513ef4,0x7d99f,0x20,0xf3dbd6c3ab0517ca00bb3cd8ec6515152fa17c6552c905631be6422167e7e820,0x2,18002066,1693091783,2023-08-26 23:16:23,0xa80db00007020e013fa10d0560700c0018003b8b,0xa80db00007020e013fa10d0560700c0018003b8b,6029959303,-3664101763842719303,1953501980141708338379675497167245,35787477707849728241,202266
0x88e6a0c2ddd26feeb64f039a2c41296fcb3f5640,"['0xc42079f94a6350d7e6235f29174924f928cc2ac818eb64fed8004e115fbcca67', '0x0000000000000000000000003fc91a3afd70395cd496c647d5a6cc9d4b2b7fad', '0x0000000000000000000000001c9d31413166cb137769385530c7ebe386723e58']",0xffffffffffffffffffffffffffffffffffffffffffffffffffffffff0e9feb88000000000000000000000000000000000000000000000000222f0b7c0f331dc50000000000000000000000000000000000006050baf10cafd3e48b8344947175000000000000000000000000000000000000000000000001f0a6a95d779800f1000000000000000000000000000000000000000000000000000000000003161a,0x112b093,0x5cf03b029e3ed3ac4d6699105c9bd50ec73f7019c1d10a1f9f2d2486e54a5d37,0x64ea87d3,0x35ce56c9e,0x5ea67,0x149,0x4ea6496142148e61edfbf22d64085ab77b08e504bb06019b3b6b3fbc0310b092,0x72,18002067,1693091795,2023-08-26 23:16:35,0x3fc91a3afd70395cd496c647d5a6cc9d4b2b7fad,0x1c9d31413166cb137769385530c7ebe386723e58,-4049605752,2463200148653809093,1953507430574562651504201067426165,35787477707849728241,202266
0x88e6a0c2ddd26feeb64f039a2c41296fcb3f5640,"['0xc42079f94a6350d7e6235f29174924f928cc2ac818eb64fed8004e115fbcca67', '0x000000000000000000000000def1c0ded9bec7f1a1670819833240f027b25eff', '0x000000000000000000000000def1c0ded9bec7f1a1670819833240f027b25eff']",0xfffffffffffffffffffffffffffffffffffffffffffffffffffffffffbeb9b230000000000000000000000000000000000000000000000000093e889c59c88000000000000000000000000000000000000006050bb3d404c557723288146687f000000000000000000000000000000000000000000000001f0a6a95d779800f1000000000000000000000000000000000000000000000000000000000003161a,0x112b095,0x6f9448132b3f509e48541545340072eee4e86381396bfb943c81cd5dc54b5cb0,0x64ea87eb,0x2d8a39e7d,0x45da3,0x6f,0xe86110e5fd89dc70a9a557be053558b5bc22c224b27345cf907361a07d52406b,0x13,18002069,1693091819,2023-08-26 23:16:59,0xdef1c0ded9bec7f1a1670819833240f027b25eff,0xdef1c0ded9bec7f1a1670819833240f027b25eff,-68445405,41632500000000000,1953507522696652661609582377199743,35787477707849728241,202266
0x88e6a0c2ddd26feeb64f039a2c41296fcb3f5640,"['0xc42079f94a6350d7e6235f29174924f928cc2ac818eb64fed8004e115fbcca67', '0x0000000000000000000000003fc91a3afd70395cd496c647d5a6cc9d4b2b7fad', '0x0000000000000000000000003fc91a3afd70395cd496c647d5a6cc9d4b2b7fad']",0xffffffffffffffffffffffffffffffffffffffffffffffffffffffcc5321a903000000000000000000000000000000000000000000000007518058bd45bc00000000000000000000000000000000000000006050e64c8a246b87cb15b6cab06400000000000000000000000000000000000000000000002b7cd46bbdb72f3393000000000000000000000000000000000000000000000000000000000003161a,0x112b098,0x7bf70afbea37f272b1ac204149893a45a394208d98383b930fa136173dfb0c7d,0x64ea880f,0x2c1e2c560,0x41d90,0x6,0x9f1645ae3f3d8f808e31755c5dd0f89d3b13a273e2e85de54a103066bda8328a,0x1,18002072,1693091855,2023-08-26 23:17:35,0x3fc91a3afd70395cd496c647d5a6cc9d4b2b7fad,0x3fc91a3afd70395cd496c647d5a6cc9d4b2b7fad,-221943584509,135000000000000000000,1953520849034681113591686235861092,802204927987842757523,202266
0x88e6a0c2ddd26feeb64f039a2c41296fcb3f5640,"['0xc42079f94a6350d7e6235f29174924f928cc2ac818eb64fed8004e115fbcca67', '0x0000000000000000000000003fc91a3afd70395cd496c647d5a6cc9d4b2b7fad', '0x0000000000000000000000003fc91a3afd70395cd496c647d5a6cc9d4b2b7fad']",0xffffffffffffffffffffffffffffffffffffffffffffffffffffffff062233790000000000000000000000000000000000000000000000002363108a40c4c0000000000000000000000000000000000000006050f887b8dfab565b13343303ce000000000000000000000000000000000000000000000001f0a6a95d779800f1000000000000000000000000000000000000000000000000000000000003161a,0x112b099,0x4e198fc6b67363fed35b8a12a82b21acc4e482a2c1a8e281d6a1ebd85a9a1c1d,0x64ea881b,0x293a3e83e,0x443a7,0xc,0x1e56c79ae62644ec30e01a8f2f97d96caa948c71e1f2fdcda4043ea5b30f4696,0x1,18002073,1693091867,2023-08-26 23:17:47,0x3fc91a3afd70395cd496c647d5a6cc9d4b2b7fad,0x3fc91a3afd70395cd496c647d5a6cc9d4b2b7fad,-4192062599,2549900000000000000,1953526491312164252190420440908750,35787477707849728241,202266
0x88e6a0c2ddd26feeb64f039a2c41296fcb3f5640,"['0xc42079f94a6350d7e6235f29174924f928cc2ac818eb64fed8004e115fbcca67', '0x0000000000000000000000003fc91a3afd70395cd496c647d5a6cc9d4b2b7fad', '0x0000000000000000000000003fc91a3afd70395cd496c647d5a6cc9d4b2b7fad']",0x000000000000000000000000000000000000000000000000000000003b8cc592fffffffffffffffffffffffffffffffffffffffffffffffff7932280f76c05f50000000000000000000000000000000000006050f42ff5ec8580d0ff5576f2a8000000000000000000000000000000000000000000000001f0a6a95d779800f1000000000000000000000000000000000000000000000000000000000003161a,0x112b09d,0x350a721a5d8a0cf49d31cc05895ce2ec20474d6913df6a4f21105202d7d10ac0,0x64ea884b,0x2be415aca,0x2aa52,0x84,0x642c86990048fda5b6ef83fb920b03e5ac12042e76770de5f0d6d09b5aef014a,0x39,18002077,1693091915,2023-08-26 23:18:35,0x3fc91a3afd70395cd496c647d5a6cc9d4b2b7fad,0x3fc91a3afd70395cd496c647d5a6cc9d4b2b7fad,999081362,-607103587462674955,1953525147274954277613817361265320,35787477707849728241,202266
0x88e6a0c2ddd26feeb64f039a2c41296fcb3f5640,"['0xc42079f94a6350d7e6235f29174924f928cc2ac818eb64fed8004e115fbcca67', '0x0000000000000000000000003208684f96458c540eb08f6f01b9e9afb2b7d4f0', '0x000000000000000000000000c19a07ac4ea52420039e2d6762299462d922a65c']",0x00000000000000000000000000000000000000000000000000000000b2d05e00ffffffffffffffffffffffffffffffffffffffffffffffffe6b378faa16565e00000000000000000000000000000000000006050e7259e57e19ab5bc048557ab000000000000000000000000000000000000000000000001f0a6a95d779800f1000000000000000000000000000000000000000000000000000000000003161a,0x112b0a2,0x3e442e4a9ed36990cc41d118137360a0328623779229f8920d95042feea3d0a5,0x64ea8887,0x2bd0a8eb8,0x440ac,0xe0,0x89a8c9d27c626b097ebc30d32df34f59bb2c9def99d61c153997c1b1a25755e8,0x51,18002082,1693091975,2023-08-26 23:19:35,0x3208684f96458c540eb08f6f01b9e9afb2b7d4f0,0xc19a07ac4ea52420039e2d6762299462d922a65c,3000000000,-1822980406309984800,1953521111466980591692015284344747,35787477707849728241,202266
0x88e6a0c2ddd26feeb64f039a2c41296fcb3f5640,"['0xc42079f94a6350d7e6235f29174924f928cc2ac818eb64fed8004e115fbcca67', '0x0000000000000000000000003fc91a3afd70395cd496c647d5a6cc9d4b2b7fad', '0x0000000000000000000000003fc91a3afd70395cd496c647d5a6cc9d4b2b7fad']",0xfffffffffffffffffffffffffffffffffffffffffffffffffffffffff8292565000000000000000000000000000000000000000000000000011c37937e0800000000000000000000000000000000000000006050e7b80bb1f027dca33b3eea2e000000000000000000000000000000000000000000000001f0a6a95d779800f1000000000000000000000000000000000000000000000000000000000003161a,0x112b0a2,0x3e442e4a9ed36990cc41d118137360a0328623779229f8920d95042feea3d0a5,0x64ea8887,0x2aec06a9e,0x46248,0x153,0xf0245fbf5c445254c8b618e207ce5a1838eb9877515b3258be060d34707056a0,0x82,18002082,1693091975,2023-08-26 23:19:35,0x3fc91a3afd70395cd496c647d5a6cc9d4b2b7fad,0x3fc91a3afd70395cd496c647d5a6cc9d4b2b7fad,-131521179,80000000000000000,1953521288486549457564362724010542,35787477707849728241,202266
0x88e6a0c2ddd26feeb64f039a2c41296fcb3f5640,"['0xc42079f94a6350d7e6235f29174924f928cc2ac818eb64fed8004e115fbcca67', '0x0000000000000000000000003fc91a3afd70395cd496c647d5a6cc9d4b2b7fad', '0x0000000000000000000000003fc91a3afd70395cd496c647d5a6cc9d4b2b7fad']",0x000000000000000000000000000000000000000000000000000000003e6508e3fffffffffffffffffffffffffffffffffffffffffffffffff72c1c4f1d7b644f0000000000000000000000000000000000006050e32b2e19eacf8d25e5d499ad000000000000000000000000000000000000000000000001f0a6a95d779800f1000000000000000000000000000000000000000000000000000000000003161a,0x112b0a2,0x3e442e4a9ed36990cc41d118137360a0328623779229f8920d95042feea3d0a5,0x64ea8887,0x2ad8f3d9e,0x3fb61,0x165,0x4b10cbe756582e28e45936497e045b5efa736405ba7d7a2eafabf1b3c2199065,0x87,18002082,1693091975,2023-08-26 23:19:35,0x3fc91a3afd70395cd496c647d5a6cc9d4b2b7fad,0x3fc91a3afd70395cd496c647d5a6cc9d4b2b7fad,1046808803,-636102321243462577,1953519880250448143177440059234733,35787477707849728241,202266
0x88e6a0c2ddd26feeb64f039a2c41296fcb3f5640,"['0xc42079f94a6350d7e6235f29174924f928cc2ac818eb64fed8004e115fbcca67', '0x0000000000000000000000003fc91a3afd70395cd496c647d5a6cc9d4b2b7fad', '0x0000000000000000000000003fc91a3afd70395cd496c647d5a6cc9d4b2b7fad']",0x000000000000000000000000000000000000000000000000000000006216d755fffffffffffffffffffffffffffffffffffffffffffffffff21f494c589c00000000000000000000000000000000000000006050dc03eccda3fcb5dacac7a0b5000000000000000000000000000000000000000000000001f0a6a95d779800f1000000000000000000000000000000000000000000000000000000000003161a,0x112b0a5,0x20dfe68a8c51222f55900af710dd74b4b6f66d90b42fcb680038dfff3747fd86,0x64ea88ab,0x2a65a8eb7,0x2c341,0xce,0x8e188ceb3d1cea2fce7c9162e65d75ad7c5942efe9dc96178815cfc82926bc96,0x78,18002085,1693092011,2023-08-26 23:20:11,0x3fc91a3afd70395cd496c647d5a6cc9d4b2b7fad,0x3fc91a3afd70395cd496c647d5a6cc9d4b2b7fad,1645664085,-1000000000000000000,1953517666398911551477246966866101,35787477707849728241,202266
0x88e6a0c2ddd26feeb64f039a2c41296fcb3f5640,"['0xc42079f94a6350d7e6235f29174924f928cc2ac818eb64fed8004e115fbcca67', '0x000000000000000000000000493f461aead031cee2027f1b95370a692611acb9', '0x000000000000000000000000493f461aead031cee2027f1b95370a692611acb9']",0x00000000000000000000000000000000000000000000000000000000452c1322fffffffffffffffffffffffffffffffffffffffffffffffff636a4d9d82fb3d10000000000000000000000000000000000006050d6f888747e2c19e9c855aa7b000000000000000000000000000000000000000000000001f0a6a95d779800f1000000000000000000000000000000000000000000000000000000000003161a,0x112b0af,0xaee8ba7123d08ec6e88110331ca716657541be2004812f49569ba09e77bd2a8b,0x64ea8923,0x30ed49f5c,0x61b92,0xef,0x7c19250ec7b68541be502743635128b00092b3d78887a616dcc96e20a7ba64cf,0x6d,18002095,1693092131,2023-08-26 23:22:11,0x493f461aead031cee2027f1b95370a692611acb9,0x493f461aead031cee2027f1b95370a692611acb9,1160516386,-705195036095040559,1953516105201797295632223760132731,35787477707849728241,202266
0x88e6a0c2ddd26feeb64f039a2c41296fcb3f5640,"['0xc42079f94a6350d7e6235f29174924f928cc2ac818eb64fed8004e115fbcca67', '0x0000000000000000000000003fc91a3afd70395cd496c647d5a6cc9d4b2b7fad', '0x000000000000000000000000e3232db3adee21123b18cfd2db89b4f373e4af45']",0xfffffffffffffffffffffffffffffffffffffffffffffffffffffffd9902553b0000000000000000000000000000000000000000000000005718deab3d4a6e88000000000000000000000000000000000000605103d7c369e023e8cf1f322ea0000000000000000000000000000000000000000000000001f0a6a95d779800f1000000000000000000000000000000000000000000000000000000000003161a,0x112b0b2,0x6e843e53512b6e7f9c332808684fd21369ec7100c8bf32ab614975d0d2410369,0x64ea8947,0x309c7b184,0x6286f,0xd,0x0a6bd6c34d3dfb11e24799b7294edfd8f69d0395f9981d1acc2bce579ccab74e,0x1,18002098,1693092167,2023-08-26 23:22:47,0x3fc91a3afd70395cd496c647d5a6cc9d4b2b7fad,0xe3232db3adee21123b18cfd2db89b4f373e4af45,-10317834949,6276010907789848200,1953529992411110976520477199183520,35787477707849728241,202266
0x88e6a0c2ddd26feeb64f039a2c41296fcb3f5640,"['0xc42079f94a6350d7e6235f29174924f928cc2ac818eb64fed8004e115fbcca67', '0x000000000000000000000000ef1c6e67703c7bd7107eed8303fbe6ec2554bf6b', '0x000000000000000000000000ef1c6e67703c7bd7107eed8303fbe6ec2554bf6b']",0xffffffffffffffffffffffffffffffffffffffffffffffffffffffffec66e95500000000000000000000000000000000000000000000000002c68af0bb14000000000000000000000000000000000000000060510545d4cb0484ca1128021ce9000000000000000000000000000000000000000000000001f0a6a95d779800f1000000000000000000000000000000000000000000000000000000000003161a,0x112b0b7,0xb2ca261b9005d5b9592e16329a6c5d3a53e26a577b0019972ce1354cfaefacc7,0x64ea8983,0x5a80b1460,0x37538,0x58,0x2c1dfd8b06276eb1dbce9f82459d33e53b291c9b55fd234580c3d12cae4e2398,0x8,18002103,1693092227,2023-08-26 23:23:47,0xef1c6e67703c7bd7107eed8303fbe6ec2554bf6b,0xef1c6e67703c7bd7107eed8303fbe6ec2554bf6b,-328799915,200000000000000000,1953530434960033141201345798348009,35787477707849728241,202266
0x88e6a0c2ddd26feeb64f039a2c41296fcb3f5640,"['0xc42079f94a6350d7e6235f29174924f928cc2ac818eb64fed8004e115fbcca67', '0x0000000000000000000000003fc91a3afd70395cd496c647d5a6cc9d4b2b7fad', '0x000000000000000000000000288991fefc4d337cdb72ead62a5b9c4fddf369b6']",0xffffffffffffffffffffffffffffffffffffffffffffffffffffffff645020c7000000000000000000000000000000000000000000000000160c947b28624149000000000000000000000000000000000000605110a1e3a3cc683b6cbea4d83c000000000000000000000000000000000000000000000001f0a6a95d779800f1000000000000000000000000000000000000000000000000000000000003161a,0x112b0b7,0xb2ca261b9005d5b9592e16329a6c5d3a53e26a577b0019972ce1354cfaefacc7,0x64ea8983,0x31e5a4760,0x34206,0x17d,0xf6b6186427151d89af6fcc8691df27b5d09ae4061ce6d0f62eb86883d95eddb4,0x2e,18002103,1693092227,2023-08-26 23:23:47,0x3fc91a3afd70395cd496c647d5a6cc9d4b2b7fad,0x288991fefc4d337cdb72ead62a5b9c4fddf369b6,-2611994425,1588808025234358601,1953533950586428611503753584236604,35787477707849728241,202266
0x88e6a0c2ddd26feeb64f039a2c41296fcb3f5640,"['0xc42079f94a6350d7e6235f29174924f928cc2ac818eb64fed8004e115fbcca67', '0x0000000000000000000000001111111254eeb25477b68fb85ed929f73a960582', '0x0000000000000000000000001111111254eeb25477b68fb85ed929f73a960582']",0x000000000000000000000000000000000000000000000000000000003b9aca00fffffffffffffffffffffffffffffffffffffffffffffffff79122958a1e211f00000000000000000000000000000000000060510c4918d1de2cbd19e33be6f0000000000000000000000000000000000000000000000001f0a6a95d779800f1000000000000000000000000000000000000000000000000000000000003161a,0x112b0b8,0x2459bbb30e38b7e045af669925bb574aee2bbf614d54b7994575b096eb014cd1,0x64ea898f,0x32e3a88c1,0x532dd,0x1da,0xa48886a4485dc7eb180c2cd31c07cdbaa30e8dae0d3cedfab6e749391f714885,0x68,18002104,1693092239,2023-08-26 23:23:59,0x1111111254eeb25477b68fb85ed929f73a960582,0x1111111254eeb25477b68fb85ed929f73a960582,1000000000,-607666449055604449,1953532605303126634531738695231216,35787477707849728241,202266
0x88e6a0c2ddd26feeb64f039a2c41296fcb3f5640,"['0xc42079f94a6350d7e6235f29174924f928cc2ac818eb64fed8004e115fbcca67', '0x000000000000000000000000ef1c6e67703c7bd7107eed8303fbe6ec2554bf6b', '0x000000000000000000000000ef1c6e67703c7bd7107eed8303fbe6ec2554bf6b']",0xffffffffffffffffffffffffffffffffffffffffffffffffffffffffcf01510300000000000000000000000000000000000000000000000006f05b59d3b2000000000000000000000000000000000000000060510fdc4444b91ef03ef943baa7000000000000000000000000000000000000000000000001f0a6a95d779800f1000000000000000000000000000000000000000000000000000000000003161a,0x112b0b9,0x5cbf50bb7834502e1bcd0748bd375319ec1fdca3a6e48f0baf2a2d46b821c3f0,0x64ea899b,0xffe1a14a0,0x38169,0xbe,0xcd5352d60a8c3aca72fc50335003fa5f1e68c56871107fff4181f15d529bb076,0x5b,18002105,1693092251,2023-08-26 23:24:11,0xef1c6e67703c7bd7107eed8303fbe6ec2554bf6b,0xef1c6e67703c7bd7107eed8303fbe6ec2554bf6b,-821997309,500000000000000000,1953533711675432046233910193142439,35787477707849728241,202266
0x88e6a0c2ddd26feeb64f039a2c41296fcb3f5640,"['0xc42079f94a6350d7e6235f29174924f928cc2ac818eb64fed8004e115fbcca67', '0x0000000000000000000000003fc91a3afd70395cd496c647d5a6cc9d4b2b7fad', '0x0000000000000000000000003fc91a3afd70395cd496c647d5a6cc9d4b2b7fad']",0xffffffffffffffffffffffffffffffffffffffffffffffffffffffcf326688a8000000000000000000000000000000000000000000000006e96afe79de4e00000000000000000000000000000000000000006051395c8d134768e6930c6abbdf00000000000000000000000000000000000000000000002a9d36d55de28969fe000000000000000000000000000000000000000000000000000000000003161a,0x112b0bb,0x5b6cffa57bde29bc908cfd97b45ed1a254616d921206a51cc4eb39d1f62eca09,0x64ea89b3,0x2f19e6ba4,0x49290,0x6,0x55870b25aef8b72d74d421928862506efbf550c416c0bcdcd69b53f90b6dd711,0x1,18002107,1693092275,2023-08-26 23:24:35,0x3fc91a3afd70395cd496c647d5a6cc9d4b2b7fad,0x3fc91a3afd70395cd496c647d5a6cc9d4b2b7fad,-209607817048,127500000000000000000,1953546555647160301096928539229151,786091727607707560446,202266
0x88e6a0c2ddd26feeb64f039a2c41296fcb3f5640,"['0xc42079f94a6350d7e6235f29174924f928cc2ac818eb64fed8004e115fbcca67', '0x000000000000000000000000ef1c6e67703c7bd7107eed8303fbe6ec2554bf6b', '0x000000000000000000000000ef1c6e67703c7bd7107eed8303fbe6ec2554bf6b']",0x000000000000000000000000000000000000000000000000000000001472813dfffffffffffffffffffffffffffffffffffffffffffffffffd1b650c839282df000000000000000000000000000000000000605137decde34d3a8dd39cd4d2bf000000000000000000000000000000000000000000000001f0a6a95d779800f1000000000000000000000000000000000000000000000000000000000003161a,0x112b0c1,0xac3e33753c69c63c119ed1d0fff3311fde96dc72ca8fd0fc9dd61bb104b9bf8d,0x64ea89fb,0x57eb03c0d,0x4304a,0x9c,0xf546162753d236c0c2e3643922f425b9a33db911001b98c2c8915b5a9dde5748,0x14,18002113,1693092347,2023-08-26 23:25:47,0xef1c6e67703c7bd7107eed8303fbe6ec2554bf6b,0xef1c6e67703c7bd7107eed8303fbe6ec2554bf6b,343048509,-208461853321166113,1953546094143566005279708746666687,35787477707849728241,202266
0x88e6a0c2ddd26feeb64f039a2c41296fcb3f5640,"['0xc42079f94a6350d7e6235f29174924f928cc2ac818eb64fed8004e115fbcca67', '0x0000000000000000000000003fc91a3afd70395cd496c647d5a6cc9d4b2b7fad', '0x0000000000000000000000003fc91a3afd70395cd496c647d5a6cc9d4b2b7fad']",0x00000000000000000000000000000000000000000000000000000000237fab4dfffffffffffffffffffffffffffffffffffffffffffffffffafa3ac6e3f7d77f000000000000000000000000000000000000605135480cfb45df726cb1d3667e000000000000000000000000000000000000000000000001f0a6a95d779800f1000000000000000000000000000000000000000000000000000000000003161a,0x112b0c1,0xac3e33753c69c63c119ed1d0fff3311fde96dc72ca8fd0fc9dd61bb104b9bf8d,0x64ea89fb,0x2b964a50d,0x254cc,0x227,0x3b61de3c926f7db1407adb7e1294ceaedced8d7e758cee4de335f6925ecf172a,0x89,18002113,1693092347,2023-08-26 23:25:47,0x3fc91a3afd70395cd496c647d5a6cc9d4b2b7fad,0x3fc91a3afd70395cd496c647d5a6cc9d4b2b7fad,595569485,-361912194147297409,1953545292923698881011612604655230,35787477707849728241,202266
0x88e6a0c2ddd26feeb64f039a2c41296fcb3f5640,"['0xc42079f94a6350d7e6235f29174924f928cc2ac818eb64fed8004e115fbcca67', '0x00000000000000000000000051c72848c68a965f66fa7a88855f9f7784502a7f', '0x00000000000000000000000051c72848c68a965f66fa7a88855f9f7784502a7f']",0x0000000000000000000000000000000000000000000000000000000d98d1707cfffffffffffffffffffffffffffffffffffffffffffffffe13892e94ccfb38c00000000000000000000000000000000000006050377088fd839254b9b0dac132000000000000000000000000000000000000000000000001f0a6a95d779800f10000000000000000000000000000000000000000000000000000000000031619,0x112b0c4,0x7077767d3ff7f10d43b428307fa0d5078eee0caf4dc4c1cbca9e7376acb403cd,0x64ea8a1f,0x4975983e9,0x1ec42,0x33,0x727e9888732959662088f9e5414d87a3c3a2a7f0819a8f68af34f029cf4a2764,0x8,18002116,1693092383,2023-08-26 23:26:23,0x51c72848c68a965f66fa7a88855f9f7784502a7f,0x51c72848c68a965f66fa7a88855f9f7784502a7f,58398437500,-35485780572260058944,1953466732673851827177909416280370,35787477707849728241,202265
0x88e6a0c2ddd26feeb64f039a2c41296fcb3f5640,"['0xc42079f94a6350d7e6235f29174924f928cc2ac818eb64fed8004e115fbcca67', '0x000000000000000000000000ef1c6e67703c7bd7107eed8303fbe6ec2554bf6b', '0x000000000000000000000000ef1c6e67703c7bd7107eed8303fbe6ec2554bf6b']",0xffffffffffffffffffffffffffffffffffffffffffffffffffffffff9e00f48d0000000000000000000000000000000000000000000000000de0b6b3a764000000000000000000000000000000000000000060503e96dfe33976bb03dcea68a1000000000000000000000000000000000000000000000001f0a6a95d779800f10000000000000000000000000000000000000000000000000000000000031619,0x112b0c5,0x114ceb3ff8ad5351c5ee9cc22d67919f50cf0d118e8636d0302aeda87682fa4b,0x64ea8a2b,0x3f4a17a84,0x381be,0x1b,0x8255dda2b02d6b1c79b6c0ef30020828b7fd941881d20367d51809b7d1a9219c,0x5,18002117,1693092395,2023-08-26 23:26:35,0xef1c6e67703c7bd7107eed8303fbe6ec2554bf6b,0xef1c6e67703c7bd7107eed8303fbe6ec2554bf6b,-1644104563,1000000000000000000,1953468945418462650582252412102817,35787477707849728241,202265
0x88e6a0c2ddd26feeb64f039a2c41296fcb3f5640,"['0xc42079f94a6350d7e6235f29174924f928cc2ac818eb64fed8004e115fbcca67', '0x0000000000000000000000003fc91a3afd70395cd496c647d5a6cc9d4b2b7fad', '0x0000000000000000000000003fc91a3afd70395cd496c647d5a6cc9d4b2b7fad']",0xffffffffffffffffffffffffffffffffffffffffffffffffffffffcc548a9d0d000000000000000000000000000000000000000000000007518058bd45bc0000000000000000000000000000000000000000605403ceb30624e8ac21192bb452000000000000000000000000000000000000000000000001f0a6a95d779800f1000000000000000000000000000000000000000000000000000000000003161c,0x112b0c6,0x7bfddd18426789d05f41306514ee4eab2e9d20c712bb6a29b5eb005f60293fef,0x64ea8a37,0x2c962c817,0x4d1d0,0x19,0x887a82028581a509985268ee747e99dd33832c417abe3d3100ef823dfbf44a9d,0x2,18002118,1693092407,2023-08-26 23:26:47,0x3fc91a3afd70395cd496c647d5a6cc9d4b2b7fad,0x3fc91a3afd70395cd496c647d5a6cc9d4b2b7fad,-221919929075,135000000000000000000,1953767665940923810168556848133202,35787477707849728241,202268
0x88e6a0c2ddd26feeb64f039a2c41296fcb3f5640,"['0xc42079f94a6350d7e6235f29174924f928cc2ac818eb64fed8004e115fbcca67', '0x00000000000000000000000051c72848c68a965f66fa7a88855f9f7784502a7f', '0x00000000000000000000000051c72848c68a965f66fa7a88855f9f7784502a7f']",0x0000000000000000000000000000000000000000000000000000001f321750d8fffffffffffffffffffffffffffffffffffffffffffffffb95ef1dbf1e9281940000000000000000000000000000000000006051bd4fe753591fa21522d3d276000000000000000000000000000000000000000000000001f0a6a95d779800f1000000000000000000000000000000000000000000000000000000000003161b,0x112b0c6,0x7bfddd18426789d05f41306514ee4eab2e9d20c712bb6a29b5eb005f60293fef,0x64ea8a37,0x2b7812517,0x1f8e0,0x22,0x5bf8a1daf395768a5e245a06b8a2d7cb2fd86a2a737eeded7827e6e6bacabdb5,0x3,18002118,1693092407,2023-08-26 23:26:47,0x51c72848c68a965f66fa7a88855f9f7784502a7f,0x51c72848c68a965f66fa7a88855f9f7784502a7f,133984375000,-81429833630773771884,1953587392378615915148518221927030,35787477707849728241,202267
0x88e6a0c2ddd26feeb64f039a2c41296fcb3f5640,"['0xc42079f94a6350d7e6235f29174924f928cc2ac818eb64fed8004e115fbcca67', '0x000000000000000000000000e592427a0aece92de3edee1f18e0157c05861564', '0x0000000000000000000000004a137fd5e7a256ef08a7de531a17d0be0cc7b6b6']",0x0000000000000000000000000000000000000000000000000000001495a0d0b3fffffffffffffffffffffffffffffffffffffffffffffffd167077f222bc563600000000000000000000000000000000000060503d02d2c53cbb02e384fb873c000000000000000000000000000000000000000000000001f0a6a95d779800f10000000000000000000000000000000000000000000000000000000000031619,0x112b0c7,0xd7d055b62826a38d6d2de7fe04d67adb4bd50d8f1ac92e282f4e42a810fdbb64,0x64ea8a43,0x29b20bdc3,0x22cb2,0x2,0x50888cfa65930c48488f0297c75de1dad6491e838459d8caebdda90e2ff0d80c,0x,18002119,1693092419,2023-08-26 23:26:59,0xe592427a0aece92de3edee1f18e0157c05861564,0x4a137fd5e7a256ef08a7de531a17d0be0cc7b6b6,88409690291,-53723308073054087626,1953468456950487595064655609562940,35787477707849728241,202265
0x88e6a0c2ddd26feeb64f039a2c41296fcb3f5640,"['0xc42079f94a6350d7e6235f29174924f928cc2ac818eb64fed8004e115fbcca67', '0x0000000000000000000000003fc91a3afd70395cd496c647d5a6cc9d4b2b7fad', '0x0000000000000000000000003fc91a3afd70395cd496c647d5a6cc9d4b2b7fad']",0x000000000000000000000000000000000000000000000000000000003b9aca00fffffffffffffffffffffffffffffffffffffffffffffffff79147a40a9f5d1c000000000000000000000000000000000000605038aa1b0d25c8165ef3822982000000000000000000000000000000000000000000000001f0a6a95d779800f10000000000000000000000000000000000000000000000000000000000031619,0x112b0cb,0xb5ce0d99583f42b9ecd06e8a564fb770440c450dcf93b612c4960c4a78ec2536,0x64ea8a73,0x2a44b6bdf,0x23835,0xb1,0xff824bcf9612a866d7ea35f4359412c88c1a5a045069075545288649d8c61366,0x3d,18002123,1693092467,2023-08-26 23:27:47,0x3fc91a3afd70395cd496c647d5a6cc9d4b2b7fad,0x3fc91a3afd70395cd496c647d5a6cc9d4b2b7fad,1000000000,-607625704839881444,1953467111757387262678238385809794,35787477707849728241,202265
0x88e6a0c2ddd26feeb64f039a2c41296fcb3f5640,"['0xc42079f94a6350d7e6235f29174924f928cc2ac818eb64fed8004e115fbcca67', '0x000000000000000000000000e08beb8c48e71fd08560db2fbaaa0701b187c7a7', '0x000000000000000000000000e08beb8c48e71fd08560db2fbaaa0701b187c7a7']",0x000000000000000000000000000000000000000000000000000000000165ffacffffffffffffffffffffffffffffffffffffffffffffffffffcd5a41d10e75830000000000000000000000000000000000006050388fffd3b94a0d041639d5e5000000000000000000000000000000000000000000000001f0a6a95d779800f10000000000000000000000000000000000000000000000000000000000031619,0x112b0cf,0x1a03b9c0796f183b41aa68fec9363e71bb4138c84cc4666a36ca9d77d37519ae,0x64ea8aa3,0x2922f73e3,0x57b87,0x37,0xa0628ade1b23b43b347bec5a728e3e3e011d75e08998de397427e1c123bdc8ca,0x5,18002127,1693092515,2023-08-26 23:28:35,0xe08beb8c48e71fd08560db2fbaaa0701b187c7a7,0xe08beb8c48e71fd08560db2fbaaa0701b187c7a7,23461804,-14255985085483645,1953467080196752775551908952266213,35787477707849728241,202265
0x88e6a0c2ddd26feeb64f039a2c41296fcb3f5640,"['0xc42079f94a6350d7e6235f29174924f928cc2ac818eb64fed8004e115fbcca67', '0x000000000000000000000000e4000004000bd8006e00720000d27d1fa000d43e', '0x000000000000000000000000de5b7ff5b10cc5f8c95a2e2b643e3abf5179c987']",0x000000000000000000000000000000000000000000000000000000000bc3ceb6fffffffffffffffffffffffffffffffffffffffffffffffffe55e884174056f3000000000000000000000000000000000000605037b45e89643022dbd262a2e2000000000000000000000000000000000000000000000001f0a6a95d779800f10000000000000000000000000000000000000000000000000000000000031619,0x112b0d0,0xea7081c52ffd535c58929aa663a897dac38a5980302eeef98cdffffd3b687f3d,0x64ea8aaf,0x3998a41e5,0x3e0ce,0x1c,0x8280fe2a35005b25ddd0dc407fa91d6c5f3585c899cb2d40abb1994804ecf79e,0x4,18002128,1693092527,2023-08-26 23:28:47,0xe4000004000bd8006e00720000d27d1fa000d43e,0xde5b7ff5b10cc5f8c95a2e2b643e3abf5179c987,197381814,-119934161032030477,1953466814680326084954826005979874,35787477707849728241,202265
0x88e6a0c2ddd26feeb64f039a2c41296fcb3f5640,"['0xc42079f94a6350d7e6235f29174924f928cc2ac818eb64fed8004e115fbcca67', '0x000000000000000000000000bf683b7aaf9accea6bff8e926e03f6ceb98b525a', '0x000000000000000000000000bf683b7aaf9accea6bff8e926e03f6ceb98b525a']",0x00000000000000000000000000000000000000000000000000000000dcdf01baffffffffffffffffffffffffffffffffffffffffffffffffe0c0ab69a20bd7f00000000000000000000000000000000000006050279918376331e58836aef805000000000000000000000000000000000000000000000001f0a6a95d779800f10000000000000000000000000000000000000000000000000000000000031619,0x112b0d0,0xea7081c52ffd535c58929aa663a897dac38a5980302eeef98cdffffd3b687f3d,0x64ea8aaf,0x2ccb3a5b8,0x6dfe0,0x27,0x9e50362892278174fdf023a36eee98bb731ed732101e3c35439e11ac5d2ca0da,0x6,18002128,1693092527,2023-08-26 23:28:47,0xbf683b7aaf9accea6bff8e926e03f6ceb98b525a,0xbf683b7aaf9accea6bff8e926e03f6ceb98b525a,3705602490,-2251611343506647056,1953461829947093455461745955895301,35787477707849728241,202265
0x88e6a0c2ddd26feeb64f039a2c41296fcb3f5640,"['0xc42079f94a6350d7e6235f29174924f928cc2ac818eb64fed8004e115fbcca67', '0x0000000000000000000000003fc91a3afd70395cd496c647d5a6cc9d4b2b7fad', '0x0000000000000000000000003fc91a3afd70395cd496c647d5a6cc9d4b2b7fad']",0xffffffffffffffffffffffffffffffffffffffffffffffffffffffd9b96c3b2a0000000000000000000000000000000000000000000000056bc75e2d631000000000000000000000000000000000000000006052f29309f27069da816ccc5f7e000000000000000000000000000000000000000000000001f0a6a95d779800f1000000000000000000000000000000000000000000000000000000000003161c,0x112b0d4,0xb6f926c044b56d84d15aeb5f788625de15d2ca8d55e952118e8f71b037dc6d9d,0x64ea8adf,0x2f20c32ce,0x327c1,0x9b,0xdb3bc656a3e6bc41bc81079d3910e0c0d1399444ac89e47a7c26770fe9f61ff4,0x4c,18002132,1693092575,2023-08-26 23:29:35,0x3fc91a3afd70395cd496c647d5a6cc9d4b2b7fad,0x3fc91a3afd70395cd496c647d5a6cc9d4b2b7fad,-164392846550,100000000000000000000,1953683104408175795896045538140030,35787477707849728241,202268
0x88e6a0c2ddd26feeb64f039a2c41296fcb3f5640,"['0xc42079f94a6350d7e6235f29174924f928cc2ac818eb64fed8004e115fbcca67', '0x000000000000000000000000e8cfad4c75a5e1caf939fd80afcf837dde340a69', '0x000000000000000000000000e8cfad4c75a5e1caf939fd80afcf837dde340a69']",0x0000000000000000000000000000000000000000000000000000002b9a250a71fffffffffffffffffffffffffffffffffffffffffffffff9d4b41dcef81ae3c5000000000000000000000000000000000000604fc485a9744a18a2f121cb3680000000000000000000000000000000000000000000000001f0a6a95d779800f10000000000000000000000000000000000000000000000000000000000031619,0x112b0d4,0xb6f926c044b56d84d15aeb5f788625de15d2ca8d55e952118e8f71b037dc6d9d,0x64ea8adf,0x183e26315e,0x1eb22,0xa1,0x8aede0da71de5a350a358bebd83b1f313624f06c62cf1a4599bd3da3151ae820,0x4d,18002132,1693092575,2023-08-26 23:29:35,0xe8cfad4c75a5e1caf939fd80afcf837dde340a69,0xe8cfad4c75a5e1caf939fd80afcf837dde340a69,187269712497,-113800300309355240507,1953431167438471332862011523151488,35787477707849728241,202265
0x88e6a0c2ddd26feeb64f039a2c41296fcb3f5640,"['0xc42079f94a6350d7e6235f29174924f928cc2ac818eb64fed8004e115fbcca67', '0x000000000000000000000000e592427a0aece92de3edee1f18e0157c05861564', '0x000000000000000000000000def171fe48cf0115b1d80b88dc8eab59176fee57']",0x00000000000000000000000000000000000000000000000000000002163c5e88ffffffffffffffffffffffffffffffffffffffffffffffffb46c421d7893c8db000000000000000000000000000000000000604f9d90d20c8cc6b08509d98244000000000000000000000000000000000000000000000001f0a6a95d779800f10000000000000000000000000000000000000000000000000000000000031619,0x112b0d7,0x81a9c5049c60cf8cf674fa5ace553fcaa13eb17a15dee6bf3274bb61d6da69d9,0x64ea8b03,0x2e9a0ec55,0x13ede8,0x194,0xb708e8b12c75f2b62da0e348b5b9eba57c13056b82151c7d9db729af1a8a36af,0x109,18002135,1693092611,2023-08-26 23:30:11,0xe592427a0aece92de3edee1f18e0157c05861564,0xdef171fe48cf0115b1d80b88dc8eab59176fee57,8962989704,-5445905155053336357,1953419111012975685372023194354244,35787477707849728241,202265
0x88e6a0c2ddd26feeb64f039a2c41296fcb3f5640,"['0xc42079f94a6350d7e6235f29174924f928cc2ac818eb64fed8004e115fbcca67', '0x0000000000000000000000003fc91a3afd70395cd496c647d5a6cc9d4b2b7fad', '0x0000000000000000000000003fc91a3afd70395cd496c647d5a6cc9d4b2b7fad']",0x0000000000000000000000000000000000000000000000000000000001fd21cbffffffffffffffffffffffffffffffffffffffffffffffffffb7f986a2cde778000000000000000000000000000000000000604f9d6bb1e451410e772e868a45000000000000000000000000000000000000000000000001f0a6a95d779800f10000000000000000000000000000000000000000000000000000000000031619,0x112b0d9,0x891b3fa8ea6055080516c29bd149c887f6f0ce1076aceffff70f760491e9dbfb,0x64ea8b1b,0x29dc93f62,0x2975c,0x1d1,0xdb076e1f957ed484d824f186623cdffe2bc1f95723376e17e524f7a61ec59dcb,0x91,18002137,1693092635,2023-08-26 23:30:35,0x3fc91a3afd70395cd496c647d5a6cc9d4b2b7fad,0x3fc91a3afd70395cd496c647d5a6cc9d4b2b7fad,33366475,-20273316647540872,1953419066130862473403566163135045,35787477707849728241,202265
0x88e6a0c2ddd26feeb64f039a2c41296fcb3f5640,"['0xc42079f94a6350d7e6235f29174924f928cc2ac818eb64fed8004e115fbcca67', '0x000000000000000000000000ef1c6e67703c7bd7107eed8303fbe6ec2554bf6b', '0x000000000000000000000000ef1c6e67703c7bd7107eed8303fbe6ec2554bf6b']",0xffffffffffffffffffffffffffffffffffffffffffffffffffffffffceffdbbe00000000000000000000000000000000000000000000000006f05b59d3b20000000000000000000000000000000000000000604fa0fedd572c33419c448e5dfc000000000000000000000000000000000000000000000001f0a6a95d779800f10000000000000000000000000000000000000000000000000000000000031619,0x112b0e1,0xcd2eeee5cc9a859826bb8f3f37fba48afabb9c0c50606bd361a4738307162e20,0x64ea8b7b,0x21b1deff6c,0x381a6,0x4,0x7cc53239346f26d9b31cfd07d587bfe46a69bc55fad3853fefe4a0e142ce210c,0x,18002145,1693092731,2023-08-26 23:32:11,0xef1c6e67703c7bd7107eed8303fbe6ec2554bf6b,0xef1c6e67703c7bd7107eed8303fbe6ec2554bf6b,-822092866,500000000000000000,1953420172503167885105737661046268,35787477707849728241,202265
0x88e6a0c2ddd26feeb64f039a2c41296fcb3f5640,"['0xc42079f94a6350d7e6235f29174924f928cc2ac818eb64fed8004e115fbcca67', '0x0000000000000000000000003fc91a3afd70395cd496c647d5a6cc9d4b2b7fad', '0x0000000000000000000000003fc91a3afd70395cd496c647d5a6cc9d4b2b7fad']",0x000000000000000000000000000000000000000000000000000000006f920476fffffffffffffffffffffffffffffffffffffffffffffffff0376c322849dc9c000000000000000000000000000000000000604f98dc23955e442e8131a3d212000000000000000000000000000000000000000000000001f0a6a95d779800f10000000000000000000000000000000000000000000000000000000000031619,0x112b0e3,0xfd49ccb10078241a3190ba445e69babb58b8bae9a975c89a71e1fdeec10933fa,0x64ea8b93,0x2984812f2,0x22559,0xb7,0x0265f9f532e2c858bbfdfabafacd69e94c5a7375602ab2787f1304c011b84f06,0x43,18002147,1693092755,2023-08-26 23:32:35,0x3fc91a3afd70395cd496c647d5a6cc9d4b2b7fad,0x3fc91a3afd70395cd496c647d5a6cc9d4b2b7fad,1871840374,-1137321418207667044,1953417654642398587410381403312658,35787477707849728241,202265
0x88e6a0c2ddd26feeb64f039a2c41296fcb3f5640,"['0xc42079f94a6350d7e6235f29174924f928cc2ac818eb64fed8004e115fbcca67', '0x000000000000000000000000ef1c6e67703c7bd7107eed8303fbe6ec2554bf6b', '0x000000000000000000000000ef1c6e67703c7bd7107eed8303fbe6ec2554bf6b']",0xffffffffffffffffffffffffffffffffffffffffffffffffffffffffdfa8da5c0000000000000000000000000000000000000000000000000494654067e10000000000000000000000000000000000000000604f9b3826a8da4a6efaf3614e71000000000000000000000000000000000000000000000001f0a6a95d779800f10000000000000000000000000000000000000000000000000000000000031619,0x112b0e6,0x5ccca2d9ced21577ea9d9105403ec9c9f988dfe683f1fa21a608c83bd45b9201,0x64ea8bb7,0x27de9991e7,0x381b4,0x4,0x44aa7e1f9cea7e3b142491ba3f67ff73c14be6ed67d7f89d031e5babc2a5183b,0x,18002150,1693092791,2023-08-26 23:33:11,0xef1c6e67703c7bd7107eed8303fbe6ec2554bf6b,0xef1c6e67703c7bd7107eed8303fbe6ec2554bf6b,-542582180,330000000000000000,1953418384848120159133814591934065,35787477707849728241,202265
0x88e6a0c2ddd26feeb64f039a2c41296fcb3f5640,"['0xc42079f94a6350d7e6235f29174924f928cc2ac818eb64fed8004e115fbcca67', '0x000000000000000000000000ef1c6e67703c7bd7107eed8303fbe6ec2554bf6b', '0x000000000000000000000000ef1c6e67703c7bd7107eed8303fbe6ec2554bf6b']",0xfffffffffffffffffffffffffffffffffffffffffffffffffffffffff6332b36000000000000000000000000000000000000000000000000016345785d8a0000000000000000000000000000000000000000604f9bef2f596c7adf9bf7c94595000000000000000000000000000000000000000000000001f0a6a95d779800f10000000000000000000000000000000000000000000000000000000000031619,0x112b0e6,0x5ccca2d9ced21577ea9d9105403ec9c9f988dfe683f1fa21a608c83bd45b9201,0x64ea8bb7,0x999fefde7,0x37540,0x1e,0x2e4d98cebc99dcc374dfa34943ccd45cb99e85f1497ff96dc416fbd4c0e66538,0x3,18002150,1693092791,2023-08-26 23:33:11,0xef1c6e67703c7bd7107eed8303fbe6ec2554bf6b,0xef1c6e67703c7bd7107eed8303fbe6ec2554bf6b,-164418762,100000000000000000,1953418606122581241474248891516309,35787477707849728241,202265
0x88e6a0c2ddd26feeb64f039a2c41296fcb3f5640,"['0xc42079f94a6350d7e6235f29174924f928cc2ac818eb64fed8004e115fbcca67', '0x0000000000000000000000003fc91a3afd70395cd496c647d5a6cc9d4b2b7fad', '0x0000000000000000000000003fc91a3afd70395cd496c647d5a6cc9d4b2b7fad']",0x000000000000000000000000000000000000000000000000000000001c6f5e10fffffffffffffffffffffffffffffffffffffffffffffffffbfa36390b73014e000000000000000000000000000000000000604f99dc60ca05904078462fa0cb000000000000000000000000000000000000000000000001f0a6a95d779800f10000000000000000000000000000000000000000000000000000000000031619,0x112b0e6,0x5ccca2d9ced21577ea9d9105403ec9c9f988dfe683f1fa21a608c83bd45b9201,0x64ea8bb7,0x2a3d132e7,0x22559,0x95,0x993d2f8b6425011b7b71db7d53ba9867ea82ccb9cadbf734d2640189b0555b73,0x4f,18002150,1693092791,2023-08-26 23:33:11,0x3fc91a3afd70395cd496c647d5a6cc9d4b2b7fad,0x3fc91a3afd70395cd496c647d5a6cc9d4b2b7fad,477060624,-289859607378853554,1953417964416444049932386846089419,35787477707849728241,202265
0x88e6a0c2ddd26feeb64f039a2c41296fcb3f5640,"['0xc42079f94a6350d7e6235f29174924f928cc2ac818eb64fed8004e115fbcca67', '0x00000000000000000000000051c72848c68a965f66fa7a88855f9f7784502a7f', '0x00000000000000000000000051c72848c68a965f66fa7a88855f9f7784502a7f']",0x0000000000000000000000000000000000000000000000000000000eb037035cfffffffffffffffffffffffffffffffffffffffffffffffdec13fa1ef5a1ab3f000000000000000000000000000000000000604e87ae2bdfa3332f4a563d9485000000000000000000000000000000000000000000000001f0a6a95d779800f10000000000000000000000000000000000000000000000000000000000031618,0x112b0e7,0x43a4a72b7e46e25e852f1e13df8caf3044584874475d058072dc3067fc1a632c,0x64ea8bc3,0x5318785f1,0x1e850,0x7,0xed18c3126f6dd04cb48a18a5b5f85783d5fdeabeb73be06191ea2be608960635,0x1,18002151,1693092803,2023-08-26 23:33:23,0x51c72848c68a965f66fa7a88855f9f7784502a7f,0x51c72848c68a965f66fa7a88855f9f7784502a7f,63085937500,-38329016992743183553,1953333109663278616047867085558917,35787477707849728241,202264
0x88e6a0c2ddd26feeb64f039a2c41296fcb3f5640,"['0xc42079f94a6350d7e6235f29174924f928cc2ac818eb64fed8004e115fbcca67', '0x0000000000000000000000003fc91a3afd70395cd496c647d5a6cc9d4b2b7fad', '0x000000000000000000000000ac3142359342ffbe3036a000a1cc953d66e13cf9']",0xffffffffffffffffffffffffffffffffffffffffffffffffffffffffb28393000000000000000000000000000000000000000000000000000af8c284bd0b597f000000000000000000000000000000000000604e8d553ace39dbc1433ca4b4ff000000000000000000000000000000000000000000000001f0a6a95d779800f10000000000000000000000000000000000000000000000000000000000031618,0x112b0e7,0x43a4a72b7e46e25e852f1e13df8caf3044584874475d058072dc3067fc1a632c,0x64ea8bc3,0x2967c49ad,0x22c73,0xb6,0x72a987f77477688967351b3c74b0db2f181a1cbea639d6f700e99f15f60e6f20,0x57,18002151,1693092803,2023-08-26 23:33:23,0x3fc91a3afd70395cd496c647d5a6cc9d4b2b7fad,0xac3142359342ffbe3036a000a1cc953d66e13cf9,-1300000000,790595609966631295,1953334859049453910353400771687679,35787477707849728241,202264
0x88e6a0c2ddd26feeb64f039a2c41296fcb3f5640,"['0xc42079f94a6350d7e6235f29174924f928cc2ac818eb64fed8004e115fbcca67', '0x00000000000000000000000051c72848c68a965f66fa7a88855f9f7784502a7f', '0x00000000000000000000000051c72848c68a965f66fa7a88855f9f7784502a7f']",0x0000000000000000000000000000000000000000000000000000000b2b2909b0fffffffffffffffffffffffffffffffffffffffffffffffe6b9267813a63e030000000000000000000000000000000000000604dbcde94cbce863d0212063f71000000000000000000000000000000000000000000000001f0a6a95d779800f10000000000000000000000000000000000000000000000000000000000031617,0x112b0e9,0x20611e0ba06b40bdd789d3f119b7209150835b6c93b29508e931bda24d437f20,0x64ea8bdb,0x2bb1572e4,0x1ec34,0x81,0x1eede6d5bf8d8612f8268dfca35647d874efdf48c1dc7b41efab32558172d399,0x30,18002153,1693092827,2023-08-26 23:33:47,0x51c72848c68a965f66fa7a88855f9f7784502a7f,0x51c72848c68a965f66fa7a88855f9f7784502a7f,47968750000,-29142116434032992208,1953270342730206892175004375859057,35787477707849728241,202263
0x88e6a0c2ddd26feeb64f039a2c41296fcb3f5640,"['0xc42079f94a6350d7e6235f29174924f928cc2ac818eb64fed8004e115fbcca67', '0x0000000000000000000000003fc91a3afd70395cd496c647d5a6cc9d4b2b7fad', '0x0000000000000000000000003fc91a3afd70395cd496c647d5a6cc9d4b2b7fad']",0x000000000000000000000000000000000000000000000000000000009530bfc0ffffffffffffffffffffffffffffffffffffffffffffffffeae5d3304b76dd18000000000000000000000000000000000000604db1fe0447cafab4f79d3f09c0000000000000000000000000000000000000000000000001f0a6a95d779800f10000000000000000000000000000000000000000000000000000000000031617,0x112b0e9,0x20611e0ba06b40bdd789d3f119b7209150835b6c93b29508e931bda24d437f20,0x64ea8bdb,0x2b5b0b26c,0x2381b,0xa6,0x42204f91bfdeb5dbc7667273372221b5794b9fa8bbf9af07d30977287cf2643e,0x49,18002153,1693092827,2023-08-26 23:33:47,0x3fc91a3afd70395cd496c647d5a6cc9d4b2b7fad,0x3fc91a3afd70395cd496c647d5a6cc9d4b2b7fad,2503000000,-1520577094789702376,1953266976398269085849041055451584,35787477707849728241,202263
0x88e6a0c2ddd26feeb64f039a2c41296fcb3f5640,"['0xc42079f94a6350d7e6235f29174924f928cc2ac818eb64fed8004e115fbcca67', '0x000000000000000000000000def1c0ded9bec7f1a1670819833240f027b25eff', '0x000000000000000000000000def1c0ded9bec7f1a1670819833240f027b25eff']",0xfffffffffffffffffffffffffffffffffffffffffffffffffffffffffd9e3b42000000000000000000000000000000000000000000000000005655bc46383de0000000000000000000000000000000000000604db22a7efa826cdc89ce759907000000000000000000000000000000000000000000000001f0a6a95d779800f10000000000000000000000000000000000000000000000000000000000031617,0x112b0ea,0xd6fdb70bd949ee98525f379b763659c31c0092694e6e43f51b4b8a422996e383,0x64ea8be7,0x305fbfa9b,0x329dc,0x62,0xf0a28017ffa242946b236ca652ff06085fdb4386d7d587710cbdce007f1708b1,0x25,18002154,1693092839,2023-08-26 23:33:59,0xdef1c0ded9bec7f1a1670819833240f027b25eff,0xdef1c0ded9bec7f1a1670819833240f027b25eff,-39961790,24301115117420000,1953267030170430598919306888976647,35787477707849728241,202263
0x88e6a0c2ddd26feeb64f039a2c41296fcb3f5640,"['0xc42079f94a6350d7e6235f29174924f928cc2ac818eb64fed8004e115fbcca67', '0x0000000000000000000000003fc91a3afd70395cd496c647d5a6cc9d4b2b7fad', '0x0000000000000000000000003fc91a3afd70395cd496c647d5a6cc9d4b2b7fad']",0xffffffffffffffffffffffffffffffffffffffffffffffffffffffcc51ce8a74000000000000000000000000000000000000000000000007518058bd45bc000000000000000000000000000000000000000060517762521d6ddecda70ab6e4b8000000000000000000000000000000000000000000000001f0a6a95d779800f1000000000000000000000000000000000000000000000000000000000003161a,0x112b0f0,0x94d9fdade929d4b1196f6e1b19b02e09e6c4fe16559b603f643baeb9c0d114d6,0x64ea8c2f,0x2920aa844,0x4b46e,0x3,0x168f7c5a7647f5ab1ac7fb3186a98d5669e394081dab72b3c1186075d7461d2d,0x,18002160,1693092911,2023-08-26 23:35:11,0x3fc91a3afd70395cd496c647d5a6cc9d4b2b7fad,0x3fc91a3afd70395cd496c647d5a6cc9d4b2b7fad,-221965809036,135000000000000000000,1953565750692891758505611325007032,35787477707849728241,202266
0x88e6a0c2ddd26feeb64f039a2c41296fcb3f5640,"['0xc42079f94a6350d7e6235f29174924f928cc2ac818eb64fed8004e115fbcca67', '0x000000000000000000000000a69babef1ca67a37ffaf7a485dfff3382056e78c', '0x000000000000000000000000a69babef1ca67a37ffaf7a485dfff3382056e78c']",0x000000000000000000000000000000000000000000000000000000218e3c52c3fffffffffffffffffffffffffffffffffffffffffffffffb40b4688460369e92000000000000000000000000000000000000604f04f5049b1bed9dfab296b858000000000000000000000000000000000000000000000001f0a6a95d779800f10000000000000000000000000000000000000000000000000000000000031618,0x112b0f0,0x94d9fdade929d4b1196f6e1b19b02e09e6c4fe16559b603f643baeb9c0d114d6,0x64ea8c2f,0x280290544,0x1d1e5,0xc,0xeaa58742ae43a9941c62dd901e131a341ac6d947b9317dfefefc0d3b0defe280,0x1,18002160,1693092911,2023-08-26 23:35:11,0xa69babef1ca67a37ffaf7a485dfff3382056e78c,0xa69babef1ca67a37ffaf7a485dfff3382056e78c,144120238787,-87571253936553288046,1953371880937803058034460927113304,35787477707849728241,202264
0x88e6a0c2ddd26feeb64f039a2c41296fcb3f5640,"['0xc42079f94a6350d7e6235f29174924f928cc2ac818eb64fed8004e115fbcca67', '0x000000000000000000000000ef1c6e67703c7bd7107eed8303fbe6ec2554bf6b', '0x000000000000000000000000ef1c6e67703c7bd7107eed8303fbe6ec2554bf6b']",0x000000000000000000000000000000000000000000000000000000002024819cfffffffffffffffffffffffffffffffffffffffffffffffffb73fef920704191000000000000000000000000000000000000604f029d077c3ed2e849ec3cd0fc000000000000000000000000000000000000000000000001f0a6a95d779800f10000000000000000000000000000000000000000000000000000000000031618,0x112b0f0,0x94d9fdade929d4b1196f6e1b19b02e09e6c4fe16559b603f643baeb9c0d114d6,0x64ea8c2f,0x763db9744,0x3e9d4,0x2f,0x843f639e9a8fb6258a25831340b317ea09fa61f172a8d6a97f4d689497cf45e4,0x9,18002160,1693092911,2023-08-26 23:35:11,0xef1c6e67703c7bd7107eed8303fbe6ec2554bf6b,0xef1c6e67703c7bd7107eed8303fbe6ec2554bf6b,539263388,-327638001923374703,1953371155595909054136951129297148,35787477707849728241,202264
0x88e6a0c2ddd26feeb64f039a2c41296fcb3f5640,"['0xc42079f94a6350d7e6235f29174924f928cc2ac818eb64fed8004e115fbcca67', '0x0000000000000000000000003fc91a3afd70395cd496c647d5a6cc9d4b2b7fad', '0x0000000000000000000000003fc91a3afd70395cd496c647d5a6cc9d4b2b7fad']",0x0000000000000000000000000000000000000000000000000000000000f887aeffffffffffffffffffffffffffffffffffffffffffffffffffdcd7cd342c1ff0000000000000000000000000000000000000604f028ae84f8d74adc4a0ee38c6000000000000000000000000000000000000000000000001f0a6a95d779800f10000000000000000000000000000000000000000000000000000000000031618,0x112b0f0,0x94d9fdade929d4b1196f6e1b19b02e09e6c4fe16559b603f643baeb9c0d114d6,0x64ea8c2f,0x2861ee644,0x29386,0x131,0xf240ea338a96f501cf382e6e828ce2d56f878a2057952567fe4e76481ebde015,0x8c,18002160,1693092911,2023-08-26 23:35:11,0x3fc91a3afd70395cd496c647d5a6cc9d4b2b7fad,0x3fc91a3afd70395cd496c647d5a6cc9d4b2b7fad,16287662,-9895822818009104,1953371133688026502648287070140614,35787477707849728241,202264
0x88e6a0c2ddd26feeb64f039a2c41296fcb3f5640,"['0xc42079f94a6350d7e6235f29174924f928cc2ac818eb64fed8004e115fbcca67', '0x000000000000000000000000e8cfad4c75a5e1caf939fd80afcf837dde340a69', '0x000000000000000000000000e8cfad4c75a5e1caf939fd80afcf837dde340a69']",0x000000000000000000000000000000000000000000000000000000222564e175fffffffffffffffffffffffffffffffffffffffffffffffb2b9179976a282f83000000000000000000000000000000000000604c853886952865b39e7484f339000000000000000000000000000000000000000000000001f0a6a95d779800f10000000000000000000000000000000000000000000000000000000000031616,0x112b0f1,0x03f9c2381f9b80a0efae0dae5e5ac125caa32984c7b705bccb54c3d804231495,0x64ea8c3b,0x898b4f421,0x202f6,0x1d4,0x4c9a8a479a48e609478095857e14e2d6f0c686cd3b5895a39ef88d020d79dd2a,0x5e,18002161,1693092923,2023-08-26 23:35:23,0xe8cfad4c75a5e1caf939fd80afcf837dde340a69,0xe8cfad4c75a5e1caf939fd80afcf837dde340a69,146656256373,-89094296262065770621,1953173892143345172171162130903865,35787477707849728241,202262
0x88e6a0c2ddd26feeb64f039a2c41296fcb3f5640,"['0xc42079f94a6350d7e6235f29174924f928cc2ac818eb64fed8004e115fbcca67', '0x000000000000000000000000ef1c6e67703c7bd7107eed8303fbe6ec2554bf6b', '0x000000000000000000000000ef1c6e67703c7bd7107eed8303fbe6ec2554bf6b']",0x00000000000000000000000000000000000000000000000000000000333e3e7dfffffffffffffffffffffffffffffffffffffffffffffffff8c0aba85e95a410000000000000000000000000000000000000604c817c31090c0c98cef576249b000000000000000000000000000000000000000000000001f0a6a95d779800f10000000000000000000000000000000000000000000000000000000000031616,0x112b0f9,0x38086bf64806fa92f53c1b1bf279595d39c63256e30b742786b290a3ddc50957,0x64ea8c9b,0x7300d32ce,0x3ed5c,0x2a,0x879f5f84f99b9853a204da68926dab9cea91e196fc2f74fdee8311a00a896f1a,0x4,18002169,1693093019,2023-08-26 23:36:59,0xef1c6e67703c7bd7107eed8303fbe6ec2554bf6b,0xef1c6e67703c7bd7107eed8303fbe6ec2554bf6b,859717245,-522228817145256944,1953172736006275882678047449949339,35787477707849728241,202262
0x88e6a0c2ddd26feeb64f039a2c41296fcb3f5640,"['0xc42079f94a6350d7e6235f29174924f928cc2ac818eb64fed8004e115fbcca67', '0x000000000000000000000000d7f3fbe8c72a961a5515203eada59750437fa762', '0x0000000000000000000000001c09a10047fcc944efde9226e259eddfde2c1cf0']",0x000000000000000000000000000000000000000000000000000000124b37f03dfffffffffffffffffffffffffffffffffffffffffffffffd69aecee309e72cd9000000000000000000000000000000000000604b2c17942031fe06a0352d2b57000000000000000000000000000000000000000000000001f0a6a95d779800f10000000000000000000000000000000000000000000000000000000000031615,0x112b0fb,0xa531578a61f3e4450456ff1b5c4e48435e3178dbb75913a73c538d867ff180b9,0x64ea8cb3,0x260f70a74,0x1fc6e,0xe,0xec3c1fd0c9dfba4baf51a75630477c489d810e32e9d9d0a3abe6482f6db2cf9e,0x3,18002171,1693093043,2023-08-26 23:37:23,0xd7f3fbe8c72a961a5515203eada59750437fa762,0x1c09a10047fcc944efde9226e259eddfde2c1cf0,78571368509,-47724980726679524135,1953067079984360313937050125282135,35787477707849728241,202261
0x88e6a0c2ddd26feeb64f039a2c41296fcb3f5640,"['0xc42079f94a6350d7e6235f29174924f928cc2ac818eb64fed8004e115fbcca67', '0x0000000000000000000000003fc91a3afd70395cd496c647d5a6cc9d4b2b7fad', '0x0000000000000000000000003fc91a3afd70395cd496c647d5a6cc9d4b2b7fad']",0x0000000000000000000000000000000000000000000000000000000252db9055ffffffffffffffffffffffffffffffffffffffffffffffffabe0d69ad62a5ff8000000000000000000000000000000000000604b00bb39e4ea3d3f4dd560d471000000000000000000000000000000000000000000000001f0a6a95d779800f10000000000000000000000000000000000000000000000000000000000031615,0x112b0fb,0xa531578a61f3e4450456ff1b5c4e48435e3178dbb75913a73c538d867ff180b9,0x64ea8cb3,0x266eceb74,0x4aa8e,0xb8,0x08dfa9ab2a814d8e80a9c0f652839ec004158eee0fbe1243dbdc0f418cd53cb5,0x6b,18002171,1693093043,2023-08-26 23:37:23,0x3fc91a3afd70395cd496c647d5a6cc9d4b2b7fad,0x3fc91a3afd70395cd496c647d5a6cc9d4b2b7fad,9980055637,-6061609137934278664,1953053660481656079843065124148337,35787477707849728241,202261
0x88e6a0c2ddd26feeb64f039a2c41296fcb3f5640,"['0xc42079f94a6350d7e6235f29174924f928cc2ac818eb64fed8004e115fbcca67', '0x000000000000000000000000ef1c6e67703c7bd7107eed8303fbe6ec2554bf6b', '0x000000000000000000000000ef1c6e67703c7bd7107eed8303fbe6ec2554bf6b']",0x000000000000000000000000000000000000000000000000000000005f362216fffffffffffffffffffffffffffffffffffffffffffffffff2892992911f14e6000000000000000000000000000000000000604af9ca8b8fc520b2d111db6d45000000000000000000000000000000000000000000000001f0a6a95d779800f10000000000000000000000000000000000000000000000000000000000031615,0x112b0ff,0xc3cc8842c058ad2513d5abfb7aef563ff3f5a7d9d211b03a3557a7c8f2fc23a7,0x64ea8ce3,0x6fe628902,0x3edfa,0x7f,0xd6194a210831c00f4a10c44179453e970c32500d35a897153ccb3c864f9b44df,0x18,18002175,1693093091,2023-08-26 23:38:11,0xef1c6e67703c7bd7107eed8303fbe6ec2554bf6b,0xef1c6e67703c7bd7107eed8303fbe6ec2554bf6b,1597383190,-970198535244933914,1953051512606138028829321031544133,35787477707849728241,202261
0x88e6a0c2ddd26feeb64f039a2c41296fcb3f5640,"['0xc42079f94a6350d7e6235f29174924f928cc2ac818eb64fed8004e115fbcca67', '0x00000000000000000000000068b3465833fb72a70ecdf485e0e4c7bd8665fc45', '0x0000000000000000000000004fd39c9e151e50580779bd04b1f7ecc310079fd3']",0x0000000000000000000000000000000000000000000000000000000007a33847fffffffffffffffffffffffffffffffffffffffffffffffffeeb815f1d4d2a7a000000000000000000000000000000000000604af93c067af80f0bc47a72a5aa000000000000000000000000000000000000000000000001f0a6a95d779800f10000000000000000000000000000000000000000000000000000000000031615,0x112b0ff,0xc3cc8842c058ad2513d5abfb7aef563ff3f5a7d9d211b03a3557a7c8f2fc23a7,0x64ea8ce3,0x25f3b9282,0x48964,0xc9,0xf7ada7243ffd5e4b58c48e5d9803f8262812b6c592aaa72ce17178790e7c7f69,0x4b,18002175,1693093091,2023-08-26 23:38:11,0x68b3465833fb72a70ecdf485e0e4c7bd8665fc45,0x4fd39c9e151e50580779bd04b1f7ecc310079fd3,128137287,-77826323035379078,1953051340310213189673316317832618,35787477707849728241,202261
0x88e6a0c2ddd26feeb64f039a2c41296fcb3f5640,"['0xc42079f94a6350d7e6235f29174924f928cc2ac818eb64fed8004e115fbcca67', '0x0000000000000000000000003fc91a3afd70395cd496c647d5a6cc9d4b2b7fad', '0x0000000000000000000000003fc91a3afd70395cd496c647d5a6cc9d4b2b7fad']",0xffffffffffffffffffffffffffffffffffffffffffffffffffffffdf739108660000000000000000000000000000000000000000000000049b9ca9a694340000000000000000000000000000000000000000604d58f6e0c05ce502651ba53d9e000000000000000000000000000000000000000000000001f0a6a95d779800f10000000000000000000000000000000000000000000000000000000000031617,0x112b102,0x40d69a276bc45f74ca2e4c79a53d6e56f35ac6d2a1e5e5dea15d2592be706bbe,0x64ea8d07,0x25b48ddd0,0x43bbe,0x3,0xe7c3ff3ce4387773b416b4a8409561237528867325e08ac4ed7c0de5e22ed4ae,0x,18002178,1693093127,2023-08-26 23:38:47,0x3fc91a3afd70395cd496c647d5a6cc9d4b2b7fad,0x3fc91a3afd70395cd496c647d5a6cc9d4b2b7fad,-139795036058,85000000000000000000,1953239423602133179042470962740638,35787477707849728241,202263
0x88e6a0c2ddd26feeb64f039a2c41296fcb3f5640,"['0xc42079f94a6350d7e6235f29174924f928cc2ac818eb64fed8004e115fbcca67', '0x00000000000000000000000051c72848c68a965f66fa7a88855f9f7784502a7f', '0x00000000000000000000000051c72848c68a965f66fa7a88855f9f7784502a7f']",0x0000000000000000000000000000000000000000000000000000001cb1ce8aecfffffffffffffffffffffffffffffffffffffffffffffffbf1175f61d54acd95000000000000000000000000000000000000604b4174d03cb5a8ec0483d5f766000000000000000000000000000000000000000000000001f0a6a95d779800f10000000000000000000000000000000000000000000000000000000000031615,0x112b102,0x40d69a276bc45f74ca2e4c79a53d6e56f35ac6d2a1e5e5dea15d2592be706bbe,0x64ea8d07,0x249673ad0,0x1f8fa,0xc,0xc8758718e540ae64f1505f4c75389bbea278b05c0d23c809f5bb6612e4d29d48,0x1,18002178,1693093127,2023-08-26 23:38:47,0x51c72848c68a965f66fa7a88855f9f7784502a7f,0x51c72848c68a965f66fa7a88855f9f7784502a7f,123242187500,-74861261407147864683,1953073691883535771798033162172262,35787477707849728241,202261
0x88e6a0c2ddd26feeb64f039a2c41296fcb3f5640,"['0xc42079f94a6350d7e6235f29174924f928cc2ac818eb64fed8004e115fbcca67', '0x0000000000000000000000003fc91a3afd70395cd496c647d5a6cc9d4b2b7fad', '0x0000000000000000000000003fc91a3afd70395cd496c647d5a6cc9d4b2b7fad']",0xffffffffffffffffffffffffffffffffffffffffffffffffffffffffffd3ca09000000000000000000000000000000000000000000000000000642270f3b86cc000000000000000000000000000000000000604b417809a8620b2ee9a9bfa589000000000000000000000000000000000000000000000001f0a6a95d779800f10000000000000000000000000000000000000000000000000000000000031615,0x112b106,0xa9387a5bf179f42073cec9a18cfbab63dd8ddda155695d322ec47365d90b2e0d,0x64ea8d37,0x2df1f4da9,0x32026,0xc2,0xbb6ff3c442e8f3ba5a4779cb1825d76366cc0e8231a72a4137c773237cf570a8,0x7f,18002182,1693093175,2023-08-26 23:39:35,0x3fc91a3afd70395cd496c647d5a6cc9d4b2b7fad,0x3fc91a3afd70395cd496c647d5a6cc9d4b2b7fad,-2897399,1761585386981068,1953073695781474343345651577759113,35787477707849728241,202261
0x88e6a0c2ddd26feeb64f039a2c41296fcb3f5640,"['0xc42079f94a6350d7e6235f29174924f928cc2ac818eb64fed8004e115fbcca67', '0x0000000000000000000000003fc91a3afd70395cd496c647d5a6cc9d4b2b7fad', '0x0000000000000000000000004d52f033b7a667c3db46fa358d07f768010dabfd']",0xffffffffffffffffffffffffffffffffffffffffffffffffffffffffecd73d1e00000000000000000000000000000000000000000000000002b64f5a8e1b1ad4000000000000000000000000000000000000604b42ddbe19cd347d6c9d06a81b000000000000000000000000000000000000000000000001f0a6a95d779800f10000000000000000000000000000000000000000000000000000000000031615,0x112b106,0xa9387a5bf179f42073cec9a18cfbab63dd8ddda155695d322ec47365d90b2e0d,0x64ea8d37,0x2db70b94b,0x337aa,0x1f9,0xea2d5af50a9680a854fbd324fc26649cbfa21f50106f007a81d6f39dd9472f9f,0xf7,18002182,1693093175,2023-08-26 23:39:35,0x3fc91a3afd70395cd496c647d5a6cc9d4b2b7fad,0x4d52f033b7a667c3db46fa358d07f768010dabfd,-321438434,195430884186987220,1953074128220110116554492703320091,35787477707849728241,202261
0x88e6a0c2ddd26feeb64f039a2c41296fcb3f5640,"['0xc42079f94a6350d7e6235f29174924f928cc2ac818eb64fed8004e115fbcca67', '0x0000000000000000000000003fc91a3afd70395cd496c647d5a6cc9d4b2b7fad', '0x0000000000000000000000003fc91a3afd70395cd496c647d5a6cc9d4b2b7fad']",0x0000000000000000000000000000000000000000000000000000000018889221fffffffffffffffffffffffffffffffffffffffffffffffffc87d25316270000000000000000000000000000000000000000604b4113edc6bb7fc799d64369dd000000000000000000000000000000000000000000000001f0a6a95d779800f10000000000000000000000000000000000000000000000000000000000031615,0x112b10a,0x8a443285f04c8b17bed734709e8f5fae95bfd29a624b0a43ab4501b485ae7d3c,0x64ea8d67,0x2fefc3377,0x23e70,0x95,0x4a7225254d1cdd4c21845b4dec93c4a3ab36433563bee276f7b93c0b0d44b454,0x3e,18002186,1693093223,2023-08-26 23:40:23,0x3fc91a3afd70395cd496c647d5a6cc9d4b2b7fad,0x3fc91a3afd70395cd496c647d5a6cc9d4b2b7fad,411603489,-250000000000000000,1953073574757225968629444430227933,35787477707849728241,202261
0x88e6a0c2ddd26feeb64f039a2c41296fcb3f5640,"['0xc42079f94a6350d7e6235f29174924f928cc2ac818eb64fed8004e115fbcca67', '0x0000000000000000000000003fc91a3afd70395cd496c647d5a6cc9d4b2b7fad', '0x0000000000000000000000003fc91a3afd70395cd496c647d5a6cc9d4b2b7fad']",0xffffffffffffffffffffffffffffffffffffffffffffffffffffffecda7c5d5d000000000000000000000000000000000000000000000002b5e3af16b1880000000000000000000000000000000000000000604ca690e6a4421bc21671521d99000000000000000000000000000000000000000000000001f0a6a95d779800f10000000000000000000000000000000000000000000000000000000000031616,0x112b10b,0x39a4f4ca20c368d5211bb853aa782651505787600721f104335d0ce6f2e983c0,0x64ea8d73,0x2c2c531db,0x327bb,0x59,0x3e645ea97778f4259a1d17232769bd31b960ec000bb84c2436cea79286c8ea44,0x31,18002187,1693093235,2023-08-26 23:40:35,0x3fc91a3afd70395cd496c647d5a6cc9d4b2b7fad,0x3fc91a3afd70395cd496c647d5a6cc9d4b2b7fad,-82233762467,50000000000000000000,1953184211987767138846594221350297,35787477707849728241,202262
0x88e6a0c2ddd26feeb64f039a2c41296fcb3f5640,"['0xc42079f94a6350d7e6235f29174924f928cc2ac818eb64fed8004e115fbcca67', '0x0000000000000000000000003fc91a3afd70395cd496c647d5a6cc9d4b2b7fad', '0x0000000000000000000000003fc91a3afd70395cd496c647d5a6cc9d4b2b7fad']",0x000000000000000000000000000000000000000000000000000000003b9aca00fffffffffffffffffffffffffffffffffffffffffffffffff791e874260c7f98000000000000000000000000000000000000604ca23881d05f1689691812b58e000000000000000000000000000000000000000000000001f0a6a95d779800f10000000000000000000000000000000000000000000000000000000000031616,0x112b10b,0x39a4f4ca20c368d5211bb853aa782651505787600721f104335d0ce6f2e983c0,0x64ea8d73,0x29b477beb,0x35cdc,0x88,0x16bcb826c9ac660ff4f84c81f671816f43dbbeb928eebf7c328ca2b857739040,0x4b,18002187,1693093235,2023-08-26 23:40:35,0x3fc91a3afd70395cd496c647d5a6cc9d4b2b7fad,0x3fc91a3afd70395cd496c647d5a6cc9d4b2b7fad,1000000000,-607448889166102632,1953182867186110457548896040301966,35787477707849728241,202262
0x88e6a0c2ddd26feeb64f039a2c41296fcb3f5640,"['0xc42079f94a6350d7e6235f29174924f928cc2ac818eb64fed8004e115fbcca67', '0x0000000000000000000000003fc91a3afd70395cd496c647d5a6cc9d4b2b7fad', '0x000000000000000000000000f6bbcbdd71caa699814eb8e525a66fb6eeaf8eb6']",0xffffffffffffffffffffffffffffffffffffffffffffffffffffffffddde22c900000000000000000000000000000000000000000000000004d50e65a42d4f00000000000000000000000000000000000000604ca4b5d4fbd58f66c1b86781a2000000000000000000000000000000000000000000000001f0a6a95d779800f10000000000000000000000000000000000000000000000000000000000031616,0x112b10e,0x8d70213a63c37349c974051cad100961256ed62cdd1a5e2eb9125e6e41a57ef5,0x64ea8d97,0x2fa0bbb2d,0x1d86e,0x54,0x379cd7756d92f9ac3c92de17b345b34de63b4ca58dd74f1b06377c57d991a5fc,0x15,18002190,1693093271,2023-08-26 23:41:11,0x3fc91a3afd70395cd496c647d5a6cc9d4b2b7fad,0xf6bbcbdd71caa699814eb8e525a66fb6eeaf8eb6,-572644663,348200375900000000,1953183637664615716957496789139874,35787477707849728241,202262
0x88e6a0c2ddd26feeb64f039a2c41296fcb3f5640,"['0xc42079f94a6350d7e6235f29174924f928cc2ac818eb64fed8004e115fbcca67', '0x0000000000000000000000003fc91a3afd70395cd496c647d5a6cc9d4b2b7fad', '0x00000000000000000000000019aa48becb2ae4ab5e954781e452010c7e4f8305']",0xffffffffffffffffffffffffffffffffffffffffffffffffffffffffdbff13bc0000000000000000000000000000000000000000000000000518e131e9965d65000000000000000000000000000000000000604ca7561960399f6412cc3836fc000000000000000000000000000000000000000000000001f0a6a95d779800f10000000000000000000000000000000000000000000000000000000000031616,0x112b10e,0x8d70213a63c37349c974051cad100961256ed62cdd1a5e2eb9125e6e41a57ef5,0x64ea8d97,0x27ce0462d,0x3cf16,0x135,0x11d98ab201f437eb7f3a46b527c0081058f8d6be810458ece3d20e049a2c4862,0xd7,18002190,1693093271,2023-08-26 23:41:11,0x3fc91a3afd70395cd496c647d5a6cc9d4b2b7fad,0x19aa48becb2ae4ab5e954781e452010c7e4f8305,-604040260,367290974119288165,1953184450385739303490862131459836,35787477707849728241,202262
0x88e6a0c2ddd26feeb64f039a2c41296fcb3f5640,"['0xc42079f94a6350d7e6235f29174924f928cc2ac818eb64fed8004e115fbcca67', '0x0000000000000000000000003fc91a3afd70395cd496c647d5a6cc9d4b2b7fad', '0x0000000000000000000000003fc91a3afd70395cd496c647d5a6cc9d4b2b7fad']",0x000000000000000000000000000000000000000000000000000000016519dc68ffffffffffffffffffffffffffffffffffffffffffffffffcd7e909ed837c555000000000000000000000000000000000000604c8d4d96fb54f6d6a5d505a191000000000000000000000000000000000000000000000001f0a6a95d779800f10000000000000000000000000000000000000000000000000000000000031616,0x112b110,0xdb338b4e4afd8d13c595eefc534025efc99bb3d9ab6ae40a4188a7c49611df2a,0x64ea8daf,0x289c6553e,0x29798,0x109,0x0f5cb104af3d535fd2132c73db176bc1c585f90d705884689534d3353696ed8e,0x5e,18002192,1693093295,2023-08-26 23:41:35,0x3fc91a3afd70395cd496c647d5a6cc9d4b2b7fad,0x3fc91a3afd70395cd496c647d5a6cc9d4b2b7fad,5991160936,-3639312436962015915,1953176393488308597846881178329489,35787477707849728241,202262
0x88e6a0c2ddd26feeb64f039a2c41296fcb3f5640,"['0xc42079f94a6350d7e6235f29174924f928cc2ac818eb64fed8004e115fbcca67', '0x000000000000000000000000def1c0ded9bec7f1a1670819833240f027b25eff', '0x00000000000000000000000074de5d4fcbf63e00296fd95d33236b9794016631']",0xffffffffffffffffffffffffffffffffffffffffffffffffffffffff708505c60000000000000000000000000000000000000000000000001450219edbad4971000000000000000000000000000000000000604c97c4ab8e859899ded8c7fc9e000000000000000000000000000000000000000000000001f0a6a95d779800f10000000000000000000000000000000000000000000000000000000000031616,0x112b116,0x6202854ee25efc855f3784e06ed420cacccb28b9dd0488726087a446b604bd0f,0x64ea8df7,0x2b00b9128,0x4b230,0xe,0x8ce6eba2a26ceb17afbba709fbb00251822ffd69295f3ab7a79946a2261dfbaf,0x1,18002198,1693093367,2023-08-26 23:42:47,0xdef1c0ded9bec7f1a1670819833240f027b25eff,0x74de5d4fcbf63e00296fd95d33236b9794016631,-2407201338,1463706845069527409,1953179632297741850771303139114142,35787477707849728241,202262
0x88e6a0c2ddd26feeb64f039a2c41296fcb3f5640,"['0xc42079f94a6350d7e6235f29174924f928cc2ac818eb64fed8004e115fbcca67', '0x0000000000000000000000001111111254eeb25477b68fb85ed929f73a960582', '0x000000000000000000000000a7ca2c8673bcfa5a26d8ceec2887f2cc2b0db22a']",0xffffffffffffffffffffffffffffffffffffffffffffffffffffffffec651c8300000000000000000000000000000000000000000000000002c68af0bb140000000000000000000000000000000000000000604c9932bcefa9f97b20e197eae7000000000000000000000000000000000000000000000001f0a6a95d779800f10000000000000000000000000000000000000000000000000000000000031616,0x112b118,0x18c9096e720ad14c98991b242917a4f1919c05f21a3124297403cb94aa9873ab,0x64ea8e0f,0x2739e9c59,0x39cab,0x3e,0x201d3d3da29620bee2658a61922a08fa6f587d58c10238d9db700c45771e221b,0x12,18002200,1693093391,2023-08-26 23:43:11,0x1111111254eeb25477b68fb85ed929f73a960582,0xa7ca2c8673bcfa5a26d8ceec2887f2cc2b0db22a,-328917885,200000000000000000,1953180074846664015452171738278631,35787477707849728241,202262
0x88e6a0c2ddd26feeb64f039a2c41296fcb3f5640,"['0xc42079f94a6350d7e6235f29174924f928cc2ac818eb64fed8004e115fbcca67', '0x0000000000000000000000003fc91a3afd70395cd496c647d5a6cc9d4b2b7fad', '0x0000000000000000000000003fc91a3afd70395cd496c647d5a6cc9d4b2b7fad']",0xffffffffffffffffffffffffffffffffffffffffffffffffffffffcc4ea53213000000000000000000000000000000000000000000000007518058bd45bc0000000000000000000000000000000000000000604cac4d5913fce26557835bfd770000000000000000000000000000000000000000000000620510b145f41161270000000000000000000000000000000000000000000000000000000000031616,0x112b11c,0x04d2c18ac71548d6d8fe877d195fc66d73f62a646fb588155adf4d57cb2a9bb4,0x64ea8e3f,0x2a5742805,0x4d55a,0x6,0x4f19c6d7add8496b0f6c7816a20ec79f5fc1d223c4e67856c9f903f4c9b84306,0x1,18002204,1693093439,2023-08-26 23:43:59,0x3fc91a3afd70395cd496c647d5a6cc9d4b2b7fad,0x3fc91a3afd70395cd496c647d5a6cc9d4b2b7fad,-222018850285,135000000000000000000,1953185987231281159385580318752119,1808145905707358708007,202262
0x88e6a0c2ddd26feeb64f039a2c41296fcb3f5640,"['0xc42079f94a6350d7e6235f29174924f928cc2ac818eb64fed8004e115fbcca67', '0x0000000000000000000000003fc91a3afd70395cd496c647d5a6cc9d4b2b7fad', '0x0000000000000000000000003fc91a3afd70395cd496c647d5a6cc9d4b2b7fad']",0x000000000000000000000000000000000000000000000000000000003b9aca00fffffffffffffffffffffffffffffffffffffffffffffffff791e7730d92dfb9000000000000000000000000000000000000604ca7f4f3bb949948ccd45c6a06000000000000000000000000000000000000000000000001f0a6a95d779800f10000000000000000000000000000000000000000000000000000000000031616,0x112b11c,0x04d2c18ac71548d6d8fe877d195fc66d73f62a646fb588155adf4d57cb2a9bb4,0x64ea8e3f,0x299886605,0x22565,0xa5,0x309138372a9e789d67ef9cb6be550d98e4ba323cf67f1b408113db908eaab851,0x63,18002204,1693093439,2023-08-26 23:43:59,0x3fc91a3afd70395cd496c647d5a6cc9d4b2b7fad,0x3fc91a3afd70395cd496c647d5a6cc9d4b2b7fad,1000000000,-607449993383321671,1953184642427179905100782226926086,35787477707849728241,202262
0x88e6a0c2ddd26feeb64f039a2c41296fcb3f5640,"['0xc42079f94a6350d7e6235f29174924f928cc2ac818eb64fed8004e115fbcca67', '0x000000000000000000000000def1c0ded9bec7f1a1670819833240f027b25eff', '0x000000000000000000000000def1c0ded9bec7f1a1670819833240f027b25eff']",0x000000000000000000000000000000000000000000000000000000001eb246c0fffffffffffffffffffffffffffffffffffffffffffffffffba894eee8f24caf000000000000000000000000000000000000604ca5b8119ce4bea2133f329793000000000000000000000000000000000000000000000001f0a6a95d779800f10000000000000000000000000000000000000000000000000000000000031616,0x112b11d,0x4168e8200c20b5bc3dd3ba26db8470613823c22e002b8781a33cd98cf37a70c4,0x64ea8e4b,0x2eaa90118,0x347cb,0x1f2,0xa9eb5c41f2a7b5318f59acea989955b54d2d4e9fe2e7caee9bd419ff13788b07,0x9c,18002205,1693093451,2023-08-26 23:44:11,0xdef1c0ded9bec7f1a1670819833240f027b25eff,0xdef1c0ded9bec7f1a1670819833240f027b25eff,515000000,-312836420270928721,1953183949853790186458325628131219,35787477707849728241,202262
0x88e6a0c2ddd26feeb64f039a2c41296fcb3f5640,"['0xc42079f94a6350d7e6235f29174924f928cc2ac818eb64fed8004e115fbcca67', '0x0000000000000000000000003fc91a3afd70395cd496c647d5a6cc9d4b2b7fad', '0x0000000000000000000000003fc91a3afd70395cd496c647d5a6cc9d4b2b7fad']",0xffffffffffffffffffffffffffffffffffffffffffffffffffffffc69c9571680000000000000000000000000000000000000000000000082047c7cbb70e00000000000000000000000000000000000000006050d577f384e66220e80bf6bba5000000000000000000000000000000000000000000000001f0a6a95d779800f1000000000000000000000000000000000000000000000000000000000003161a,0x112b121,0xd636ecf4b4bd34e35b73056110df5cc59dcc2427bb60b0a99407091c2a6aacf0,0x64ea8e7b,0x27218a412,0x326e3,0x93,0x11aa57039b6d3913af5f167fe36c7ab5661426326e51fcf05acafc7c8771bb82,0x3b,18002209,1693093499,2023-08-26 23:44:59,0x3fc91a3afd70395cd496c647d5a6cc9d4b2b7fad,0x3fc91a3afd70395cd496c647d5a6cc9d4b2b7fad,-246481063576,149900000000000000000,1953515640270952614769340701916069,35787477707849728241,202266
0x88e6a0c2ddd26feeb64f039a2c41296fcb3f5640,"['0xc42079f94a6350d7e6235f29174924f928cc2ac818eb64fed8004e115fbcca67', '0x0000000000000000000000003fc91a3afd70395cd496c647d5a6cc9d4b2b7fad', '0x0000000000000000000000003fc91a3afd70395cd496c647d5a6cc9d4b2b7fad']",0xffffffffffffffffffffffffffffffffffffffffffffffffffffffcbfb0b580b0000000000000000000000000000000000000000000000075dfdc9f88f9600000000000000000000000000000000000000006050fdf92ec60e4de65b7114a5df00000000000000000000000000000000000000000000002e89f3ceca8a372971000000000000000000000000000000000000000000000000000000000003161a,0x112b12f,0x50fc7197cbe4ca1ce41d38b61281a3370dd6ff99d987e240eaa34a3fbf1f7e48,0x64ea8f23,0x267115769,0x41d73,0x6,0x906c87dfc10add3947e88b32d7c8ab0982f93b77b6b7a0bacd36b58e03446b3f,0x1,18002223,1693093667,2023-08-26 23:47:47,0x3fc91a3afd70395cd496c647d5a6cc9d4b2b7fad,0x3fc91a3afd70395cd496c647d5a6cc9d4b2b7fad,-223421442037,135900000000000000000,1953528175902597736323239833282015,858490743562473777521,202266
0x88e6a0c2ddd26feeb64f039a2c41296fcb3f5640,"['0xc42079f94a6350d7e6235f29174924f928cc2ac818eb64fed8004e115fbcca67', '0x000000000000000000000000ef1c6e67703c7bd7107eed8303fbe6ec2554bf6b', '0x000000000000000000000000ef1c6e67703c7bd7107eed8303fbe6ec2554bf6b']",0xffffffffffffffffffffffffffffffffffffffffffffffffffffffffcf01427400000000000000000000000000000000000000000000000006f05b59d3b200000000000000000000000000000000000000006051018c5a38e9401980871c7996000000000000000000000000000000000000000000000001f0a6a95d779800f1000000000000000000000000000000000000000000000000000000000003161a,0x112b132,0x09b01ad7503f76928b60748dd0fb5cedbfa3d13883076a6fb09d526e1524e821,0x64ea8f47,0x3c5a0f025,0x34c4e,0x2f,0x704644e26f381b428aaa8f840dfc013a22f07588d3affa0a1e041b98ca5a21e2,0x4,18002226,1693093703,2023-08-26 23:48:23,0xef1c6e67703c7bd7107eed8303fbe6ec2554bf6b,0xef1c6e67703c7bd7107eed8303fbe6ec2554bf6b,-822001036,500000000000000000,1953529282274903148025411331193238,35787477707849728241,202266
0x88e6a0c2ddd26feeb64f039a2c41296fcb3f5640,"['0xc42079f94a6350d7e6235f29174924f928cc2ac818eb64fed8004e115fbcca67', '0x0000000000000000000000003fc91a3afd70395cd496c647d5a6cc9d4b2b7fad', '0x0000000000000000000000003fc91a3afd70395cd496c647d5a6cc9d4b2b7fad']",0xffffffffffffffffffffffffffffffffffffffffffffffffffffffd9b90932fc0000000000000000000000000000000000000000000000056bc75e2d6310000000000000000000000000000000000000000060511f6735b5f5da15d98debcfd800000000000000000000000000000000000000000000002e75faf814cdf3c39d000000000000000000000000000000000000000000000000000000000003161a,0x112b136,0xbed9b731b6ee16bb73bfc306376f5236e39472281fcd59842aff09bda520fe13,0x64ea8f77,0x25821f4a1,0x305e2,0x6,0xda31e4f7b384ee5736ba3f77e8c276c1f70c062c2d27c5ae3347289c6e2a390b,0x1,18002230,1693093751,2023-08-26 23:49:11,0x3fc91a3afd70395cd496c647d5a6cc9d4b2b7fad,0x3fc91a3afd70395cd496c647d5a6cc9d4b2b7fad,-164399336708,100000000000000000000,1953538521922521653813489619947480,857051607405492945821,202266
0x88e6a0c2ddd26feeb64f039a2c41296fcb3f5640,"['0xc42079f94a6350d7e6235f29174924f928cc2ac818eb64fed8004e115fbcca67', '0x0000000000000000000000003fc91a3afd70395cd496c647d5a6cc9d4b2b7fad', '0x0000000000000000000000003fc91a3afd70395cd496c647d5a6cc9d4b2b7fad']",0xfffffffffffffffffffffffffffffffffffffffffffffffffffffffd4c39a8ab00000000000000000000000000000000000000000000000061f9506f3aaa5346000000000000000000000000000000000000605151e0f8a4295a4bfe7cc0255d000000000000000000000000000000000000000000000001f0a6a95d779800f1000000000000000000000000000000000000000000000000000000000003161a,0x112b139,0x09eeb7f5a6c8712c112ff60d49e9f830585036877e2ece5932aab32857287896,0x64ea8f9b,0x275569b03,0x6afdf,0x16,0x3a9586605891d90283d15f4cca9fe768db54225380ced2d784a2bb58149de038,0x2,18002233,1693093787,2023-08-26 23:49:47,0x3fc91a3afd70395cd496c647d5a6cc9d4b2b7fad,0x3fc91a3afd70395cd496c647d5a6cc9d4b2b7fad,-11606054741,7059762329535796038,1953554143373570028228935250093405,35787477707849728241,202266
0x88e6a0c2ddd26feeb64f039a2c41296fcb3f5640,"['0xc42079f94a6350d7e6235f29174924f928cc2ac818eb64fed8004e115fbcca67', '0x000000000000000000000000ef1c6e67703c7bd7107eed8303fbe6ec2554bf6b', '0x000000000000000000000000ef1c6e67703c7bd7107eed8303fbe6ec2554bf6b']",0x000000000000000000000000000000000000000000000000000000001495c858fffffffffffffffffffffffffffffffffffffffffffffffffd1665cc5406190600000000000000000000000000000000000060515060a60f965bdd5624a90f10000000000000000000000000000000000000000000000001f0a6a95d779800f1000000000000000000000000000000000000000000000000000000000003161a,0x112b139,0x09eeb7f5a6c8712c112ff60d49e9f830585036877e2ece5932aab32857287896,0x64ea8f9b,0x275569b03,0x3a730,0xe8,0xe2d4cf5fe880c609e7b0963b3e3e243882b8b3a6d0c85f5819e4105f8b8abb13,0x5c,18002233,1693093787,2023-08-26 23:49:47,0xef1c6e67703c7bd7107eed8303fbe6ec2554bf6b,0xef1c6e67703c7bd7107eed8303fbe6ec2554bf6b,345360472,-209868404368729850,1953553678756080534468069308305168,35787477707849728241,202266
0x88e6a0c2ddd26feeb64f039a2c41296fcb3f5640,"['0xc42079f94a6350d7e6235f29174924f928cc2ac818eb64fed8004e115fbcca67', '0x0000000000000000000000003fc91a3afd70395cd496c647d5a6cc9d4b2b7fad', '0x0000000000000000000000003fc91a3afd70395cd496c647d5a6cc9d4b2b7fad']",0x000000000000000000000000000000000000000000000000000000000d1cef00fffffffffffffffffffffffffffffffffffffffffffffffffe250a351ab57b1c00000000000000000000000000000000000060514f6bd44d0d6f9cf0a72ab20b000000000000000000000000000000000000000000000001f0a6a95d779800f1000000000000000000000000000000000000000000000000000000000003161a,0x112b13e,0x5e9307711fe5f25771bd31d8278a4f01bfd74aa675c04d5d3e2c05929dc4d224,0x64ea8fd7,0x280690e2d,0x27a40,0xf6,0x7cbea4fbe3efd38c25dbd8d29feb628989959a814c549dac9ebca31f081a5259,0x42,18002238,1693093847,2023-08-26 23:50:47,0x3fc91a3afd70395cd496c647d5a6cc9d4b2b7fad,0x3fc91a3afd70395cd496c647d5a6cc9d4b2b7fad,220000000,-133689390739916004,1953553382787617418896806874100235,35787477707849728241,202266
0x88e6a0c2ddd26feeb64f039a2c41296fcb3f5640,"['0xc42079f94a6350d7e6235f29174924f928cc2ac818eb64fed8004e115fbcca67', '0x00000000000000000000000068b3465833fb72a70ecdf485e0e4c7bd8665fc45', '0x0000000000000000000000004cb6f0ef0eeb503f8065af1a6e6d5dd46197d3d9']",0xffffffffffffffffffffffffffffffffffffffffffffffffffffffff879213c4000000000000000000000000000000000000000000000000110e61edaeae4e2e000000000000000000000000000000000000605158355ddde1254d2b48fa0444000000000000000000000000000000000000000000000001f0a6a95d779800f1000000000000000000000000000000000000000000000000000000000003161a,0x112b13f,0x3c42b9819933ad985e107cace0d3482b926cd84c3e5b3b6481237c9283e8d4be,0x64ea8fe3,0x2ff0ebc7b,0x2e4a2,0x84,0x74245c37b115f71c32f2ef517029e7ce6c5eebdfe210dd87954881b9eaeb7bfa,0x13,18002239,1693093859,2023-08-26 23:50:59,0x68b3465833fb72a70ecdf485e0e4c7bd8665fc45,0x4cb6f0ef0eeb503f8065af1a6e6d5dd46197d3d9,-2020469820,1229027421784526382,1953556102311421526790655014732868,35787477707849728241,202266
0x88e6a0c2ddd26feeb64f039a2c41296fcb3f5640,"['0xc42079f94a6350d7e6235f29174924f928cc2ac818eb64fed8004e115fbcca67', '0x0000000000000000000000003fc91a3afd70395cd496c647d5a6cc9d4b2b7fad', '0x0000000000000000000000005a475b32a7f72e4a1a8d6a273476e8c31da479d5']",0xfffffffffffffffffffffffffffffffffffffffffffffffffffffffff732941b000000000000000000000000000000000000000000000000013f25f16bacc6e4000000000000000000000000000000000000605158d9ca476cb050e186ae8ec6000000000000000000000000000000000000000000000001f0a6a95d779800f1000000000000000000000000000000000000000000000000000000000003161a,0x112b140,0x6d12b3a33421722ed4766c9f706fb34cb436961383db274a95c7a3dda4af05b6,0x64ea8fef,0x270c97091,0x4994b,0xf1,0xffd23cda88c700dff79d8184af12815e22394a7478324231391aef8843d99601,0x70,18002240,1693093871,2023-08-26 23:51:11,0x3fc91a3afd70395cd496c647d5a6cc9d4b2b7fad,0x5a475b32a7f72e4a1a8d6a273476e8c31da479d5,-147680229,89832236394530532,1953556301087218487002175141482182,35787477707849728241,202266
0x88e6a0c2ddd26feeb64f039a2c41296fcb3f5640,"['0xc42079f94a6350d7e6235f29174924f928cc2ac818eb64fed8004e115fbcca67', '0x0000000000000000000000003208684f96458c540eb08f6f01b9e9afb2b7d4f0', '0x0000000000000000000000003208684f96458c540eb08f6f01b9e9afb2b7d4f0']",0xffffffffffffffffffffffffffffffffffffffffffffffffffffffc233145cdd000000000000000000000000000000000000000000000008c0b5268c5a92000000000000000000000000000000000000000060518a5ef503f274a91cbdd3a67d00000000000000000000000000000000000000000000002d39ca8802c4bae8ab000000000000000000000000000000000000000000000000000000000003161a,0x112b142,0x2837c4993397d3f9354ff28a7347d4af04876a40367586a0d99d545a32e9a37d,0x64ea9007,0x2a05c99b7,0x13853f,0x26,0xa663daaf6615cc29397ad38f8fdfa3f7e7505c7f6a95842673335d2074e78716,0x1,18002242,1693093895,2023-08-26 23:51:35,0x3208684f96458c540eb08f6f01b9e9afb2b7d4f0,0x3208684f96458c540eb08f6f01b9e9afb2b7d4f0,-265430999843,161460000000000000000,1953571626841650760748719217550973,834267773667859163307,202266
0x88e6a0c2ddd26feeb64f039a2c41296fcb3f5640,"['0xc42079f94a6350d7e6235f29174924f928cc2ac818eb64fed8004e115fbcca67', '0x000000000000000000000000e592427a0aece92de3edee1f18e0157c05861564', '0x0000000000000000000000000bd2af7132ff0f92566db2f4093ca422a093ee4d']",0xffffffffffffffffffffffffffffffffffffffffffffffffffffffff1194353900000000000000000000000000000000000000000000000021c48e08fd99023800000000000000000000000000000000000060519bc4961c5e1fdf77b35b4d31000000000000000000000000000000000000000000000001f0a6a95d779800f1000000000000000000000000000000000000000000000000000000000003161a,0x112b142,0x2837c4993397d3f9354ff28a7347d4af04876a40367586a0d99d545a32e9a37d,0x64ea9007,0x7df536db7,0x36dcf,0x3a,0xfac9cd3faaea1d5eabcc0316937c0990cf2c9cb1ca72b7518fa2c901d8024128,0x4,18002242,1693093895,2023-08-26 23:51:35,0xe592427a0aece92de3edee1f18e0157c05861564,0x0bd2af7132ff0f92566db2f4093ca422a093ee4d,-4000041671,2433225867952456248,1953577010949076988646763462872369,35787477707849728241,202266
0x88e6a0c2ddd26feeb64f039a2c41296fcb3f5640,"['0xc42079f94a6350d7e6235f29174924f928cc2ac818eb64fed8004e115fbcca67', '0x0000000000000000000000003fc91a3afd70395cd496c647d5a6cc9d4b2b7fad', '0x0000000000000000000000003fc91a3afd70395cd496c647d5a6cc9d4b2b7fad']",0x0000000000000000000000000000000000000000000000000000000e98506e33fffffffffffffffffffffffffffffffffffffffffffffffdef5f71a6918dc9f800000000000000000000000000000000000060508b49259357d852825a0cc09a000000000000000000000000000000000000000000000001f0a6a95d779800f1000000000000000000000000000000000000000000000000000000000003161a,0x112b148,0xf21dcc9b3f04cc1bbbaf7b195104c6f166702027abb3c39c7095eceb4422db2e,0x64ea904f,0x26c41c207,0xc4db2,0x15,0x8399531d4f21347302749f147435942498fc8c41ec53f2e646d06128b3de5b54,0x1,18002248,1693093967,2023-08-26 23:52:47,0x3fc91a3afd70395cd496c647d5a6cc9d4b2b7fad,0x3fc91a3afd70395cd496c647d5a6cc9d4b2b7fad,62684950067,-38091602163055867400,1953492681797097067683910393839770,35787477707849728241,202266
0x88e6a0c2ddd26feeb64f039a2c41296fcb3f5640,"['0xc42079f94a6350d7e6235f29174924f928cc2ac818eb64fed8004e115fbcca67', '0x000000000000000000000000ef1c6e67703c7bd7107eed8303fbe6ec2554bf6b', '0x000000000000000000000000ef1c6e67703c7bd7107eed8303fbe6ec2554bf6b']",0xffffffffffffffffffffffffffffffffffffffffffffffffffffffff9e019f2c0000000000000000000000000000000000000000000000000de0b6b3a76400000000000000000000000000000000000000006050926f7c790dbcb8cc861c6809000000000000000000000000000000000000000000000001f0a6a95d779800f1000000000000000000000000000000000000000000000000000000000003161a,0x112b14e,0x46cb9455876dae09d554a504e6b87bdcf306fbc8c4e1bffed6079fbfa1f25b8f,0x64ea9097,0x37cd83908,0x3758c,0x83,0xe03730b4779bba988b4d67c2212499875aad18b9264c5a2191a7b55abf8ae1b0,0x14,18002254,1693094039,2023-08-26 23:53:59,0xef1c6e67703c7bd7107eed8303fbe6ec2554bf6b,0xef1c6e67703c7bd7107eed8303fbe6ec2554bf6b,-1644060884,1000000000000000000,1953494894541707891088253389662217,35787477707849728241,202266
0x88e6a0c2ddd26feeb64f039a2c41296fcb3f5640,"['0xc42079f94a6350d7e6235f29174924f928cc2ac818eb64fed8004e115fbcca67', '0x000000000000000000000000ef1c6e67703c7bd7107eed8303fbe6ec2554bf6b', '0x000000000000000000000000ef1c6e67703c7bd7107eed8303fbe6ec2554bf6b']",0xffffffffffffffffffffffffffffffffffffffffffffffffffffffff9e01adb80000000000000000000000000000000000000000000000000de0b6b3a764000000000000000000000000000000000000000060509995d35ec3a11f16b22c0f78000000000000000000000000000000000000000000000001f0a6a95d779800f1000000000000000000000000000000000000000000000000000000000003161a,0x112b14e,0x46cb9455876dae09d554a504e6b87bdcf306fbc8c4e1bffed6079fbfa1f25b8f,0x64ea9097,0x37cd83908,0x3726e,0x8b,0xf29649089e07daed48257650835eb787ec95e0dd451212195069837fc24b5fc5,0x15,18002254,1693094039,2023-08-26 23:53:59,0xef1c6e67703c7bd7107eed8303fbe6ec2554bf6b,0xef1c6e67703c7bd7107eed8303fbe6ec2554bf6b,-1644057160,1000000000000000000,1953497107286318714492596385484664,35787477707849728241,202266
0x88e6a0c2ddd26feeb64f039a2c41296fcb3f5640,"['0xc42079f94a6350d7e6235f29174924f928cc2ac818eb64fed8004e115fbcca67', '0x0000000000000000000000003fc91a3afd70395cd496c647d5a6cc9d4b2b7fad', '0x0000000000000000000000003fc91a3afd70395cd496c647d5a6cc9d4b2b7fad']",0x000000000000000000000000000000000000000000000000000000000ee6b280fffffffffffffffffffffffffffffffffffffffffffffffffde44dc947aec5cc0000000000000000000000000000000000006050987fa350901c760ee6c792ba000000000000000000000000000000000000000000000001f0a6a95d779800f1000000000000000000000000000000000000000000000000000000000003161a,0x112b14e,0x46cb9455876dae09d554a504e6b87bdcf306fbc8c4e1bffed6079fbfa1f25b8f,0x64ea9097,0x258c82808,0x23837,0x18f,0x0f8cf6954df36b7b4fc139a496416a8717a544c8ce9c1f627270b1984f3addfc,0x6a,18002254,1693094039,2023-08-26 23:53:59,0x3fc91a3afd70395cd496c647d5a6cc9d4b2b7fad,0x3fc91a3afd70395cd496c647d5a6cc9d4b2b7fad,250000000,-151910960537352756,1953496770978005303753067110830778,35787477707849728241,202266
0x88e6a0c2ddd26feeb64f039a2c41296fcb3f5640,"['0xc42079f94a6350d7e6235f29174924f928cc2ac818eb64fed8004e115fbcca67', '0x0000000000000000000000003fc91a3afd70395cd496c647d5a6cc9d4b2b7fad', '0x0000000000000000000000005d19c6d7cb64a0c7525bf1a273121505d7676dfa']",0xfffffffffffffffffffffffffffffffffffffffffffffffffffffffeda0559d000000000000000000000000000000000000000000000000029a2241af62c00000000000000000000000000000000000000006050adf2a801b1c9a8ed6af68907000000000000000000000000000000000000000000000001f0a6a95d779800f1000000000000000000000000000000000000000000000000000000000003161a,0x112b14f,0xc9d698131fd65b49ca4994e6a8947a3f10e509c941d2cf574fbf2a37cb7291b6,0x64ea90a3,0x48767e5dab,0x21b34,0x3,0xf3b7eb04d6df77ce93dbe992cf5518d534566549ee5aea78e6434ad429c09881,0x,18002255,1693094051,2023-08-26 23:54:11,0x3fc91a3afd70395cd496c647d5a6cc9d4b2b7fad,0x5d19c6d7cb64a0c7525bf1a273121505d7676dfa,-4932150832,3000000000000000000,1953503409211837773966096098298119,35787477707849728241,202266
0x88e6a0c2ddd26feeb64f039a2c41296fcb3f5640,"['0xc42079f94a6350d7e6235f29174924f928cc2ac818eb64fed8004e115fbcca67', '0x000000000000000000000000ef1c6e67703c7bd7107eed8303fbe6ec2554bf6b', '0x000000000000000000000000ef1c6e67703c7bd7107eed8303fbe6ec2554bf6b']",0xffffffffffffffffffffffffffffffffffffffffffffffffffffffff9e01e5b40000000000000000000000000000000000000000000000000de0b6b3a76400000000000000000000000000000000000000006050b518fee767ae0f3797063076000000000000000000000000000000000000000000000001f0a6a95d779800f1000000000000000000000000000000000000000000000000000000000003161a,0x112b14f,0xc9d698131fd65b49ca4994e6a8947a3f10e509c941d2cf574fbf2a37cb7291b6,0x64ea90a3,0xf6b5b0bab,0x35758,0x1f,0xdff149da2b50c6271082b7f01ce67865035583c354dd143cd38758a41f6710d3,0x4,18002255,1693094051,2023-08-26 23:54:11,0xef1c6e67703c7bd7107eed8303fbe6ec2554bf6b,0xef1c6e67703c7bd7107eed8303fbe6ec2554bf6b,-1644042828,1000000000000000000,1953505621956448597370439094120566,35787477707849728241,202266
0x88e6a0c2ddd26feeb64f039a2c41296fcb3f5640,"['0xc42079f94a6350d7e6235f29174924f928cc2ac818eb64fed8004e115fbcca67', '0x00000000000000000000000051c72848c68a965f66fa7a88855f9f7784502a7f', '0x00000000000000000000000051c72848c68a965f66fa7a88855f9f7784502a7f']",0x0000000000000000000000000000000000000000000000000000000bd9c8857cfffffffffffffffffffffffffffffffffffffffffffffffe52cc1ca48422ebf1000000000000000000000000000000000000604fd7dd326798c22593c4f4da77000000000000000000000000000000000000000000000001f0a6a95d779800f10000000000000000000000000000000000000000000000000000000000031619,0x112b14f,0xc9d698131fd65b49ca4994e6a8947a3f10e509c941d2cf574fbf2a37cb7291b6,0x64ea90a3,0x325d3047b,0x1ec1a,0x7b,0x2df53e6e5153d792531dbfc67a66f3494ca4e3fa4d316dd519dc7513a6fed59d,0x1c,18002255,1693094051,2023-08-26 23:54:11,0x51c72848c68a965f66fa7a88855f9f7784502a7f,0x51c72848c68a965f66fa7a88855f9f7784502a7f,50898437500,-30927313048142943247,1953437153476934313576479719742071,35787477707849728241,202265
0x88e6a0c2ddd26feeb64f039a2c41296fcb3f5640,"['0xc42079f94a6350d7e6235f29174924f928cc2ac818eb64fed8004e115fbcca67', '0x000000000000000000000000ef1c6e67703c7bd7107eed8303fbe6ec2554bf6b', '0x000000000000000000000000ef1c6e67703c7bd7107eed8303fbe6ec2554bf6b']",0xffffffffffffffffffffffffffffffffffffffffffffffffffffffffec666f4000000000000000000000000000000000000000000000000002c68af0bb140000000000000000000000000000000000000000604fd94b43c8bd2306d5cdc4c8c0000000000000000000000000000000000000000000000001f0a6a95d779800f10000000000000000000000000000000000000000000000000000000000031619,0x112b150,0x87c6dee3cd37769dbe767f80b2d5b76cb89d4c69d3ab14c5f61d81f1df636ea9,0x64ea90af,0x73a2d2cff,0x3759e,0x2c,0xfdc4a6b8b9047e3f88da12371f3e9049fbdcdf01079083d52026b8cd3cc08ecf,0x5,18002256,1693094063,2023-08-26 23:54:23,0xef1c6e67703c7bd7107eed8303fbe6ec2554bf6b,0xef1c6e67703c7bd7107eed8303fbe6ec2554bf6b,-328831168,200000000000000000,1953437596025856478257348318906560,35787477707849728241,202265
0x88e6a0c2ddd26feeb64f039a2c41296fcb3f5640,"['0xc42079f94a6350d7e6235f29174924f928cc2ac818eb64fed8004e115fbcca67', '0x0000000000000000000000003b3ae790df4f312e745d270119c6052904fb6790', '0x00000000000000000000000001da60d4c7321558f010e08d18b766d6d822965c']",0xffffffffffffffffffffffffffffffffffffffffffffffffffffffffd7c14dcc00000000000000000000000000000000000000000000000005b2fa076d0c311d000000000000000000000000000000000000604fdc3aec0230b174b2ea1c4c1a000000000000000000000000000000000000000000000001f0a6a95d779800f10000000000000000000000000000000000000000000000000000000000031619,0x112b150,0x87c6dee3cd37769dbe767f80b2d5b76cb89d4c69d3ab14c5f61d81f1df636ea9,0x64ea90af,0x2afe2c9ff,0x36dcf,0x117,0x3a3cf9ad51c280d8c74d72aed15a041d78ae21dc2f8ade1b3a4d7edcd7d78808,0x5d,18002256,1693094063,2023-08-26 23:54:23,0x3b3ae790df4f312e745d270119c6052904fb6790,0x01da60d4c7321558f010e08d18b766d6d822965c,-675197492,410665425845367069,1953438504723564369091717848910874,35787477707849728241,202265
0x88e6a0c2ddd26feeb64f039a2c41296fcb3f5640,"['0xc42079f94a6350d7e6235f29174924f928cc2ac818eb64fed8004e115fbcca67', '0x000000000000000000000000ef1c6e67703c7bd7107eed8303fbe6ec2554bf6b', '0x000000000000000000000000ef1c6e67703c7bd7107eed8303fbe6ec2554bf6b']",0xffffffffffffffffffffffffffffffffffffffffffffffffffffffffcf001ba700000000000000000000000000000000000000000000000006f05b59d3b20000000000000000000000000000000000000000604fdfce17750ba3a7d800241fd1000000000000000000000000000000000000000000000001f0a6a95d779800f10000000000000000000000000000000000000000000000000000000000031619,0x112b150,0x87c6dee3cd37769dbe767f80b2d5b76cb89d4c69d3ab14c5f61d81f1df636ea9,0x64ea90af,0x98e3910ff,0x33fdb,0x12d,0xbb72bc75a5ba3b87530fc5c696f93cef681e7061d6cb517f0613cfd4590294e0,0x66,18002256,1693094063,2023-08-26 23:54:23,0xef1c6e67703c7bd7107eed8303fbe6ec2554bf6b,0xef1c6e67703c7bd7107eed8303fbe6ec2554bf6b,-822076505,500000000000000000,1953439611095869780793889346822097,35787477707849728241,202265
0x88e6a0c2ddd26feeb64f039a2c41296fcb3f5640,"['0xc42079f94a6350d7e6235f29174924f928cc2ac818eb64fed8004e115fbcca67', '0x00000000000000000000000068b3465833fb72a70ecdf485e0e4c7bd8665fc45', '0x000000000000000000000000ce16f69375520ab01377ce7b88f5ba8c48f8d666']",0xffffffffffffffffffffffffffffffffffffffffffffffffffffffff8099f285000000000000000000000000000000000000000000000000120a871cc0020000000000000000000000000000000000000000604fe919886c78196005396bacae000000000000000000000000000000000000000000000001f0a6a95d779800f10000000000000000000000000000000000000000000000000000000000031619,0x112b150,0x87c6dee3cd37769dbe767f80b2d5b76cb89d4c69d3ab14c5f61d81f1df636ea9,0x64ea90af,0x2cb417800,0x3c6c6,0x137,0x7c2834eec958d8fab9c4deb2538d40977533a674a66e95a87e691e9b291745a2,0x6b,18002256,1693094063,2023-08-26 23:54:23,0x68b3465833fb72a70ecdf485e0e4c7bd8665fc45,0xce16f69375520ab01377ce7b88f5ba8c48f8d666,-2137394555,1300000000000000000,1953442487663863851219535241391278,35787477707849728241,202265
0x88e6a0c2ddd26feeb64f039a2c41296fcb3f5640,"['0xc42079f94a6350d7e6235f29174924f928cc2ac818eb64fed8004e115fbcca67', '0x000000000000000000000000ef1c6e67703c7bd7107eed8303fbe6ec2554bf6b', '0x000000000000000000000000ef1c6e67703c7bd7107eed8303fbe6ec2554bf6b']",0xfffffffffffffffffffffffffffffffffffffffffffffffffffffffe16023b260000000000000000000000000000000000000000000000004563918244f4000000000000000000000000000000000000000060500cd93ae9058f5f7815b9f1da000000000000000000000000000000000000000000000001f0a6a95d779800f10000000000000000000000000000000000000000000000000000000000031619,0x112b151,0xa00d15c25dd5c5cf30daf51f1bd1ee4dbd192da00fa9342a2f96d210aee1456f,0x64ea90bb,0x7231921b5,0x375cc,0x41,0x23cccff9df43691ce8418f01409a8f63ce8e23f3936b3d1fa494fe58fcd606a4,0x8,18002257,1693094075,2023-08-26 23:54:35,0xef1c6e67703c7bd7107eed8303fbe6ec2554bf6b,0xef1c6e67703c7bd7107eed8303fbe6ec2554bf6b,-8220689626,5000000000000000000,1953453551386917968241250220503514,35787477707849728241,202265
0x88e6a0c2ddd26feeb64f039a2c41296fcb3f5640,"['0xc42079f94a6350d7e6235f29174924f928cc2ac818eb64fed8004e115fbcca67', '0x000000000000000000000000ef1c6e67703c7bd7107eed8303fbe6ec2554bf6b', '0x000000000000000000000000ef1c6e67703c7bd7107eed8303fbe6ec2554bf6b']",0xffffffffffffffffffffffffffffffffffffffffffffffffffffffff9e009de10000000000000000000000000000000000000000000000000de0b6b3a7640000000000000000000000000000000000000000605013ff91cebb73c5c241c99949000000000000000000000000000000000000000000000001f0a6a95d779800f10000000000000000000000000000000000000000000000000000000000031619,0x112b151,0xa00d15c25dd5c5cf30daf51f1bd1ee4dbd192da00fa9342a2f96d210aee1456f,0x64ea90bb,0x7231921b5,0x37598,0x50,0xfbf9d113d43b3d0cc342cc2d17ac72a8b7016cdba7682064e7335cdefe23f65b,0xa,18002257,1693094075,2023-08-26 23:54:35,0xef1c6e67703c7bd7107eed8303fbe6ec2554bf6b,0xef1c6e67703c7bd7107eed8303fbe6ec2554bf6b,-1644126751,1000000000000000000,1953455764131528791645593216325961,35787477707849728241,202265
0x88e6a0c2ddd26feeb64f039a2c41296fcb3f5640,"['0xc42079f94a6350d7e6235f29174924f928cc2ac818eb64fed8004e115fbcca67', '0x000000000000000000000000ef1c6e67703c7bd7107eed8303fbe6ec2554bf6b', '0x000000000000000000000000ef1c6e67703c7bd7107eed8303fbe6ec2554bf6b']",0xfffffffffffffffffffffffffffffffffffffffffffffffffffffffe1603efa30000000000000000000000000000000000000000000000004563918244f40000000000000000000000000000000000000000605037bf444b48e9c5351e17de75000000000000000000000000000000000000000000000001f0a6a95d779800f10000000000000000000000000000000000000000000000000000000000031619,0x112b151,0xa00d15c25dd5c5cf30daf51f1bd1ee4dbd192da00fa9342a2f96d210aee1456f,0x64ea90bb,0x3a5074bb5,0x375b3,0x7f,0xdbb30a53987d44f708c96f080ec7a3e02ce2de333da4944523a50fc23c4fa7db,0x18,18002257,1693094075,2023-08-26 23:54:35,0xef1c6e67703c7bd7107eed8303fbe6ec2554bf6b,0xef1c6e67703c7bd7107eed8303fbe6ec2554bf6b,-8220577885,5000000000000000000,1953466827854582908667308195438197,35787477707849728241,202265
0x88e6a0c2ddd26feeb64f039a2c41296fcb3f5640,"['0xc42079f94a6350d7e6235f29174924f928cc2ac818eb64fed8004e115fbcca67', '0x000000000000000000000000ef1c6e67703c7bd7107eed8303fbe6ec2554bf6b', '0x000000000000000000000000ef1c6e67703c7bd7107eed8303fbe6ec2554bf6b']",0x000000000000000000000000000000000000000000000000000000001aeecbb6fffffffffffffffffffffffffffffffffffffffffffffffffc30915680f1231f000000000000000000000000000000000000605035c87a5080e575f99e04929a000000000000000000000000000000000000000000000001f0a6a95d779800f10000000000000000000000000000000000000000000000000000000000031619,0x112b152,0xa3a9c36bf845f4d81e8eb3a0c93c6a04175b1533aa240cfe2c3e5fe069b9c38b,0x64ea90c7,0x333cc3345,0x3dabc,0x41,0x72175066493a3c08ce42bfd6e19558740591a4fd796de01f770c20d12bb47a19,0x9,18002258,1693094087,2023-08-26 23:54:47,0xef1c6e67703c7bd7107eed8303fbe6ec2554bf6b,0xef1c6e67703c7bd7107eed8303fbe6ec2554bf6b,451857334,-274559776553098465,1953466220019999700316411954238106,35787477707849728241,202265
0x88e6a0c2ddd26feeb64f039a2c41296fcb3f5640,"['0xc42079f94a6350d7e6235f29174924f928cc2ac818eb64fed8004e115fbcca67', '0x000000000000000000000000ef1c6e67703c7bd7107eed8303fbe6ec2554bf6b', '0x000000000000000000000000ef1c6e67703c7bd7107eed8303fbe6ec2554bf6b']",0xfffffffffffffffffffffffffffffffffffffffffffffffffffffffffb19a55100000000000000000000000000000000000000000000000000b1a2bc2ec5000000000000000000000000000000000000000060503623fea8c9fdae4a20388e2c000000000000000000000000000000000000000000000001f0a6a95d779800f10000000000000000000000000000000000000000000000000000000000031619,0x112b152,0xa3a9c36bf845f4d81e8eb3a0c93c6a04175b1533aa240cfe2c3e5fe069b9c38b,0x64ea90c7,0x333cc3345,0x37279,0x56,0x3ed7f5c882c364ad39a31489fea990e8141b92937d940ef7f9fb93f368a08efe,0xb,18002258,1693094087,2023-08-26 23:54:47,0xef1c6e67703c7bd7107eed8303fbe6ec2554bf6b,0xef1c6e67703c7bd7107eed8303fbe6ec2554bf6b,-82205359,50000000000000000,1953466330657230241486629104029228,35787477707849728241,202265
0x88e6a0c2ddd26feeb64f039a2c41296fcb3f5640,"['0xc42079f94a6350d7e6235f29174924f928cc2ac818eb64fed8004e115fbcca67', '0x000000000000000000000000ef1c6e67703c7bd7107eed8303fbe6ec2554bf6b', '0x000000000000000000000000ef1c6e67703c7bd7107eed8303fbe6ec2554bf6b']",0xffffffffffffffffffffffffffffffffffffffffffffffffffffffffcf00772300000000000000000000000000000000000000000000000006f05b59d3b20000000000000000000000000000000000000000605039b72a1ba4efe16f364061e3000000000000000000000000000000000000000000000001f0a6a95d779800f10000000000000000000000000000000000000000000000000000000000031619,0x112b153,0xa8426ce126f3087eb58ce56766e530d31b90a1409da6d997096ea530257337da,0x64ea90d3,0x6ec17f1c6,0x3754c,0x44,0xb9cc6b78a13097785523ee866e48848f5f050acd54b9e5213d3076f2a239f1f1,0x8,18002259,1693094099,2023-08-26 23:54:59,0xef1c6e67703c7bd7107eed8303fbe6ec2554bf6b,0xef1c6e67703c7bd7107eed8303fbe6ec2554bf6b,-822053085,500000000000000000,1953467437029535653188800601940451,35787477707849728241,202265
0x88e6a0c2ddd26feeb64f039a2c41296fcb3f5640,"['0xc42079f94a6350d7e6235f29174924f928cc2ac818eb64fed8004e115fbcca67', '0x000000000000000000000000ef1c6e67703c7bd7107eed8303fbe6ec2554bf6b', '0x000000000000000000000000ef1c6e67703c7bd7107eed8303fbe6ec2554bf6b']",0xfffffffffffffffffffffffffffffffffffffffffffffffffffffffffb19a5b700000000000000000000000000000000000000000000000000b1a2bc2ec5000000000000000000000000000000000000000060503a12ae73ee0819bfb8745d75000000000000000000000000000000000000000000000001f0a6a95d779800f10000000000000000000000000000000000000000000000000000000000031619,0x112b153,0xa8426ce126f3087eb58ce56766e530d31b90a1409da6d997096ea530257337da,0x64ea90d3,0x54adc6bc6,0x375a0,0x4c,0x86d5e22e7905b1136d7bfcd34c30236fd4a4fb6231fea0a598ddea90402c4bee,0x9,18002259,1693094099,2023-08-26 23:54:59,0xef1c6e67703c7bd7107eed8303fbe6ec2554bf6b,0xef1c6e67703c7bd7107eed8303fbe6ec2554bf6b,-82205257,50000000000000000,1953467547666766194359017751731573,35787477707849728241,202265
0x88e6a0c2ddd26feeb64f039a2c41296fcb3f5640,"['0xc42079f94a6350d7e6235f29174924f928cc2ac818eb64fed8004e115fbcca67', '0x000000000000000000000000ef1c6e67703c7bd7107eed8303fbe6ec2554bf6b', '0x000000000000000000000000ef1c6e67703c7bd7107eed8303fbe6ec2554bf6b']",0xffffffffffffffffffffffffffffffffffffffffffffffffffffffffec66973800000000000000000000000000000000000000000000000002c68af0bb14000000000000000000000000000000000000000060503b80bfd51268fb01c1444bbe000000000000000000000000000000000000000000000001f0a6a95d779800f10000000000000000000000000000000000000000000000000000000000031619,0x112b153,0xa8426ce126f3087eb58ce56766e530d31b90a1409da6d997096ea530257337da,0x64ea90d3,0x3326b51c6,0x3756e,0x77,0xcd45057119c79a807e0471433f01d59ab659ec8c0e95f24579ab23f1fcbccdbf,0x11,18002259,1693094099,2023-08-26 23:54:59,0xef1c6e67703c7bd7107eed8303fbe6ec2554bf6b,0xef1c6e67703c7bd7107eed8303fbe6ec2554bf6b,-328820936,200000000000000000,1953467990215688359039886350896062,35787477707849728241,202265
0x88e6a0c2ddd26feeb64f039a2c41296fcb3f5640,"['0xc42079f94a6350d7e6235f29174924f928cc2ac818eb64fed8004e115fbcca67', '0x000000000000000000000000e592427a0aece92de3edee1f18e0157c05861564', '0x000000000000000000000000e592427a0aece92de3edee1f18e0157c05861564']",0xffffffffffffffffffffffffffffffffffffffffffffffffffffffff3c0208300000000000000000000000000000000000000000000000001bc16d674ec80000000000000000000000000000000000000000605049cd6da07e31c79619639a9c000000000000000000000000000000000000000000000001f0a6a95d779800f10000000000000000000000000000000000000000000000000000000000031619,0x112b154,0xf60776c3c1d0f15eeaefe5d622fcf13c2e037ad248c9d489b675a0bb5e70ac92,0x64ea90df,0x1465fab83d,0x34225,0x4,0x6776213fdcfe53740bc43ba28b8b889bb00e7cf13af53164416e25df01dd29cf,0x1,18002260,1693094111,2023-08-26 23:55:11,0xe592427a0aece92de3edee1f18e0157c05861564,0xe592427a0aece92de3edee1f18e0157c05861564,-3288201168,2000000000000000000,1953472415704910005848572342540956,35787477707849728241,202265
0x88e6a0c2ddd26feeb64f039a2c41296fcb3f5640,"['0xc42079f94a6350d7e6235f29174924f928cc2ac818eb64fed8004e115fbcca67', '0x000000000000000000000000ef1c6e67703c7bd7107eed8303fbe6ec2554bf6b', '0x000000000000000000000000ef1c6e67703c7bd7107eed8303fbe6ec2554bf6b']",0xffffffffffffffffffffffffffffffffffffffffffffffffffffffff9e0119eb0000000000000000000000000000000000000000000000000de0b6b3a7640000000000000000000000000000000000000000605050f3c48634162de04573420b000000000000000000000000000000000000000000000001f0a6a95d779800f10000000000000000000000000000000000000000000000000000000000031619,0x112b154,0xf60776c3c1d0f15eeaefe5d622fcf13c2e037ad248c9d489b675a0bb5e70ac92,0x64ea90df,0x1070b34e3d,0x3728c,0xc,0xa2ff5ee556e0576256b8227eeb3055cb7cb3b5a99ccd043ce85830b27c558d1d,0x2,18002260,1693094111,2023-08-26 23:55:11,0xef1c6e67703c7bd7107eed8303fbe6ec2554bf6b,0xef1c6e67703c7bd7107eed8303fbe6ec2554bf6b,-1644094997,1000000000000000000,1953474628449520829252915338363403,35787477707849728241,202265
0x88e6a0c2ddd26feeb64f039a2c41296fcb3f5640,"['0xc42079f94a6350d7e6235f29174924f928cc2ac818eb64fed8004e115fbcca67', '0x000000000000000000000000ef1c6e67703c7bd7107eed8303fbe6ec2554bf6b', '0x000000000000000000000000ef1c6e67703c7bd7107eed8303fbe6ec2554bf6b']",0xfffffffffffffffffffffffffffffffffffffffffffffffffffffffff6335032000000000000000000000000000000000000000000000000016345785d8a0000000000000000000000000000000000000000605051aacd36c6469e8149db392f000000000000000000000000000000000000000000000001f0a6a95d779800f10000000000000000000000000000000000000000000000000000000000031619,0x112b154,0xf60776c3c1d0f15eeaefe5d622fcf13c2e037ad248c9d489b675a0bb5e70ac92,0x64ea90df,0x72083be3d,0x37548,0x3e,0x70f5b013137d4a0638c97b15e523e343f47d7febe9bdf113b4052e1df7cc108c,0x9,18002260,1693094111,2023-08-26 23:55:11,0xef1c6e67703c7bd7107eed8303fbe6ec2554bf6b,0xef1c6e67703c7bd7107eed8303fbe6ec2554bf6b,-164409294,100000000000000000,1953474849723981911593349637945647,35787477707849728241,202265
0x88e6a0c2ddd26feeb64f039a2c41296fcb3f5640,"['0xc42079f94a6350d7e6235f29174924f928cc2ac818eb64fed8004e115fbcca67', '0x000000000000000000000000ef1c6e67703c7bd7107eed8303fbe6ec2554bf6b', '0x000000000000000000000000ef1c6e67703c7bd7107eed8303fbe6ec2554bf6b']",0xffffffffffffffffffffffffffffffffffffffffffffffffffffffffcf00932500000000000000000000000000000000000000000000000006f05b59d3b200000000000000000000000000000000000000006050553df8a9a138d1a65fe30ce6000000000000000000000000000000000000000000000001f0a6a95d779800f10000000000000000000000000000000000000000000000000000000000031619,0x112b154,0xf60776c3c1d0f15eeaefe5d622fcf13c2e037ad248c9d489b675a0bb5e70ac92,0x64ea90df,0x72083be3d,0x375b4,0x46,0x08f4dd011a7ff9fdf7fd2ce5b0ead47f7d5808da9ecf9b016966b88b7b09542e,0xb,18002260,1693094111,2023-08-26 23:55:11,0xef1c6e67703c7bd7107eed8303fbe6ec2554bf6b,0xef1c6e67703c7bd7107eed8303fbe6ec2554bf6b,-822045915,500000000000000000,1953475956096287323295521135856870,35787477707849728241,202265
0x88e6a0c2ddd26feeb64f039a2c41296fcb3f5640,"['0xc42079f94a6350d7e6235f29174924f928cc2ac818eb64fed8004e115fbcca67', '0x000000000000000000000000ef1c6e67703c7bd7107eed8303fbe6ec2554bf6b', '0x000000000000000000000000ef1c6e67703c7bd7107eed8303fbe6ec2554bf6b']",0xffffffffffffffffffffffffffffffffffffffffffffffffffffffff9e0131330000000000000000000000000000000000000000000000000de0b6b3a764000000000000000000000000000000000000000060505c644f8f571d37f08bf2b455000000000000000000000000000000000000000000000001f0a6a95d779800f10000000000000000000000000000000000000000000000000000000000031619,0x112b155,0xe79d5449df44180346b69b51ae4d425004f96db4a0092ea130c4fe1fd2d11daa,0x64ea90eb,0x19b97bff6a,0x3817e,0x4,0x2a8125001da82edbf71bff8d36004475784bc68d55f3eec2bb5f239eae373423,0x,18002261,1693094123,2023-08-26 23:55:23,0xef1c6e67703c7bd7107eed8303fbe6ec2554bf6b,0xef1c6e67703c7bd7107eed8303fbe6ec2554bf6b,-1644089037,1000000000000000000,1953478168840898146699864131679317,35787477707849728241,202265
0x88e6a0c2ddd26feeb64f039a2c41296fcb3f5640,"['0xc42079f94a6350d7e6235f29174924f928cc2ac818eb64fed8004e115fbcca67', '0x000000000000000000000000ef1c6e67703c7bd7107eed8303fbe6ec2554bf6b', '0x000000000000000000000000ef1c6e67703c7bd7107eed8303fbe6ec2554bf6b']",0xfffffffffffffffffffffffffffffffffffffffffffffffffffffffeda03eae200000000000000000000000000000000000000000000000029a2241af62c0000000000000000000000000000000000000000605071d7544078ca6acf1021aaa2000000000000000000000000000000000000000000000001f0a6a95d779800f10000000000000000000000000000000000000000000000000000000000031619,0x112b155,0xe79d5449df44180346b69b51ae4d425004f96db4a0092ea130c4fe1fd2d11daa,0x64ea90eb,0x10694c6f6a,0x34044,0xc,0x602d355ef9f0cd2fc765fdbe66be728bfa3d35ab4a4b714942497a38b304e5b6,0x1,18002261,1693094123,2023-08-26 23:55:23,0xef1c6e67703c7bd7107eed8303fbe6ec2554bf6b,0xef1c6e67703c7bd7107eed8303fbe6ec2554bf6b,-4932244766,3000000000000000000,1953484807074730616912893119146658,35787477707849728241,202265
0x88e6a0c2ddd26feeb64f039a2c41296fcb3f5640,"['0xc42079f94a6350d7e6235f29174924f928cc2ac818eb64fed8004e115fbcca67', '0x000000000000000000000000ef1c6e67703c7bd7107eed8303fbe6ec2554bf6b', '0x000000000000000000000000ef1c6e67703c7bd7107eed8303fbe6ec2554bf6b']",0xfffffffffffffffffffffffffffffffffffffffffffffffffffffffeda046dd300000000000000000000000000000000000000000000000029a2241af62c00000000000000000000000000000000000000006050874a58f19a779dad9450a0ef000000000000000000000000000000000000000000000001f0a6a95d779800f1000000000000000000000000000000000000000000000000000000000003161a,0x112b155,0xe79d5449df44180346b69b51ae4d425004f96db4a0092ea130c4fe1fd2d11daa,0x64ea90eb,0xceb3a996a,0x38d9d,0x14,0x6d3fc04182b4ae3904b550acf25fdb0d519bcc036af800fb8201343792bd328f,0x2,18002261,1693094123,2023-08-26 23:55:23,0xef1c6e67703c7bd7107eed8303fbe6ec2554bf6b,0xef1c6e67703c7bd7107eed8303fbe6ec2554bf6b,-4932211245,3000000000000000000,1953491445308563087125922106613999,35787477707849728241,202266
0x88e6a0c2ddd26feeb64f039a2c41296fcb3f5640,"['0xc42079f94a6350d7e6235f29174924f928cc2ac818eb64fed8004e115fbcca67', '0x00000000000000000000000051c72848c68a965f66fa7a88855f9f7784502a7f', '0x00000000000000000000000051c72848c68a965f66fa7a88855f9f7784502a7f']",0x0000000000000000000000000000000000000000000000000000000b8cf2fd18fffffffffffffffffffffffffffffffffffffffffffffffe5dac4e7e1d569c99000000000000000000000000000000000000604fafa9ab2ecf5a129e9fc99872000000000000000000000000000000000000000000000001f0a6a95d779800f10000000000000000000000000000000000000000000000000000000000031619,0x112b155,0xe79d5449df44180346b69b51ae4d425004f96db4a0092ea130c4fe1fd2d11daa,0x64ea90eb,0x32e307633,0x1d526,0x2d,0xca4f29071cefc54fb73d8c7da4db644802e68d0542ab48d5499bc966c658fc38,0x8,18002261,1693094123,2023-08-26 23:55:23,0x51c72848c68a965f66fa7a88855f9f7784502a7f,0x51c72848c68a965f66fa7a88855f9f7784502a7f,49609375000,-30143631902332511079,1953424711782757653701469678442610,35787477707849728241,202265
0x88e6a0c2ddd26feeb64f039a2c41296fcb3f5640,"['0xc42079f94a6350d7e6235f29174924f928cc2ac818eb64fed8004e115fbcca67', '0x000000000000000000000000ef1c6e67703c7bd7107eed8303fbe6ec2554bf6b', '0x000000000000000000000000ef1c6e67703c7bd7107eed8303fbe6ec2554bf6b']",0xffffffffffffffffffffffffffffffffffffffffffffffffffffffffceffee4e00000000000000000000000000000000000000000000000006f05b59d3b20000000000000000000000000000000000000000604fb33cd6a1aa4c45c3b5d16c29000000000000000000000000000000000000000000000001f0a6a95d779800f10000000000000000000000000000000000000000000000000000000000031619,0x112b156,0xb4efb56c4ac75e92fd4a9fa96873e35914cae9be24777ced9b128c5e2773bf98,0x64ea90f7,0x724daa758,0x37569,0x20,0x9bb73e8e8a0d13a64e1edcc93a419fde0716b4e91fcd0b39116102b49c18ee68,0x4,18002262,1693094135,2023-08-26 23:55:35,0xef1c6e67703c7bd7107eed8303fbe6ec2554bf6b,0xef1c6e67703c7bd7107eed8303fbe6ec2554bf6b,-822088114,500000000000000000,1953425818155063065403641176353833,35787477707849728241,202265
0x88e6a0c2ddd26feeb64f039a2c41296fcb3f5640,"['0xc42079f94a6350d7e6235f29174924f928cc2ac818eb64fed8004e115fbcca67', '0x000000000000000000000000ef1c6e67703c7bd7107eed8303fbe6ec2554bf6b', '0x000000000000000000000000ef1c6e67703c7bd7107eed8303fbe6ec2554bf6b']",0xffffffffffffffffffffffffffffffffffffffffffffffffffffffff9dffe7850000000000000000000000000000000000000000000000000de0b6b3a7640000000000000000000000000000000000000000604fba632d876030ac0de1e11398000000000000000000000000000000000000000000000001f0a6a95d779800f10000000000000000000000000000000000000000000000000000000000031619,0x112b156,0xb4efb56c4ac75e92fd4a9fa96873e35914cae9be24777ced9b128c5e2773bf98,0x64ea90f7,0x978e68b58,0x37571,0x4b,0x4650888227279152844910214963ce0142112da93cfbb479357570a7c309c839,0x8,18002262,1693094135,2023-08-26 23:55:35,0xef1c6e67703c7bd7107eed8303fbe6ec2554bf6b,0xef1c6e67703c7bd7107eed8303fbe6ec2554bf6b,-1644173435,1000000000000000000,1953428030899673888807984172176280,35787477707849728241,202265
0x88e6a0c2ddd26feeb64f039a2c41296fcb3f5640,"['0xc42079f94a6350d7e6235f29174924f928cc2ac818eb64fed8004e115fbcca67', '0x000000000000000000000000ef1c6e67703c7bd7107eed8303fbe6ec2554bf6b', '0x000000000000000000000000ef1c6e67703c7bd7107eed8303fbe6ec2554bf6b']",0xffffffffffffffffffffffffffffffffffffffffffffffffffffffff9dfff6120000000000000000000000000000000000000000000000000de0b6b3a7640000000000000000000000000000000000000000604fc189846d161512580df0bb07000000000000000000000000000000000000000000000001f0a6a95d779800f10000000000000000000000000000000000000000000000000000000000031619,0x112b156,0xb4efb56c4ac75e92fd4a9fa96873e35914cae9be24777ced9b128c5e2773bf98,0x64ea90f7,0x50c698d58,0x33c9c,0x5c,0x284d7d037ab408c20c9694821f8cc772082ae498f5405c69534c2ede07ef3276,0xa,18002262,1693094135,2023-08-26 23:55:35,0xef1c6e67703c7bd7107eed8303fbe6ec2554bf6b,0xef1c6e67703c7bd7107eed8303fbe6ec2554bf6b,-1644169710,1000000000000000000,1953430243644284712212327167998727,35787477707849728241,202265
0x88e6a0c2ddd26feeb64f039a2c41296fcb3f5640,"['0xc42079f94a6350d7e6235f29174924f928cc2ac818eb64fed8004e115fbcca67', '0x000000000000000000000000ef1c6e67703c7bd7107eed8303fbe6ec2554bf6b', '0x000000000000000000000000ef1c6e67703c7bd7107eed8303fbe6ec2554bf6b']",0xffffffffffffffffffffffffffffffffffffffffffffffffffffffff3c0017ca0000000000000000000000000000000000000000000000001bc16d674ec80000000000000000000000000000000000000000604fcfd6323881dddeec661009e5000000000000000000000000000000000000000000000001f0a6a95d779800f10000000000000000000000000000000000000000000000000000000000031619,0x112b157,0x7ab4113a2e8180157baacc956123bc15625cec29a8fb516e44fff1747647e72c,0x64ea9103,0x3231ee790,0x3751e,0xb4,0x1cae9b864d55162d596c26f352b3e84850376bc4d17c45b27f6029fad7c60365,0x4e,18002263,1693094147,2023-08-26 23:55:47,0xef1c6e67703c7bd7107eed8303fbe6ec2554bf6b,0xef1c6e67703c7bd7107eed8303fbe6ec2554bf6b,-3288328246,2000000000000000000,1953434669133506359021013159643621,35787477707849728241,202265
0x88e6a0c2ddd26feeb64f039a2c41296fcb3f5640,"['0xc42079f94a6350d7e6235f29174924f928cc2ac818eb64fed8004e115fbcca67', '0x0000000000000000000000003fc91a3afd70395cd496c647d5a6cc9d4b2b7fad', '0x000000000000000000000000daabdaac8073a7dabdc96f6909e8476ab4001b34']",0xffffffffffffffffffffffffffffffffffffffffffffffffffffffffd8b4b27d0000000000000000000000000000000000000000000000000590815385d9e733000000000000000000000000000000000000604fd2b418012e02bb173649e14b000000000000000000000000000000000000000000000001f0a6a95d779800f10000000000000000000000000000000000000000000000000000000000031619,0x112b157,0x7ab4113a2e8180157baacc956123bc15625cec29a8fb516e44fff1747647e72c,0x64ea9103,0x276446a90,0x409e6,0x118,0x03130b7ba4567e20581c839b226e09dab2c63da9d5632f38a6093a062d6ea229,0x6b,18002263,1693094147,2023-08-26 23:55:47,0x3fc91a3afd70395cd496c647d5a6cc9d4b2b7fad,0xdaabdaac8073a7dabdc96f6909e8476ab4001b34,-659246467,400962562563893043,1953435556361255814217439008907595,35787477707849728241,202265
0x88e6a0c2ddd26feeb64f039a2c41296fcb3f5640,"['0xc42079f94a6350d7e6235f29174924f928cc2ac818eb64fed8004e115fbcca67', '0x000000000000000000000000ef1c6e67703c7bd7107eed8303fbe6ec2554bf6b', '0x000000000000000000000000ef1c6e67703c7bd7107eed8303fbe6ec2554bf6b']",0xfffffffffffffffffffffffffffffffffffffffffffffffffffffffffd0f5d23000000000000000000000000000000000000000000000000006a94d74f430000000000000000000000000000000000000000604fd2eb0102f377a9adeacf783c000000000000000000000000000000000000000000000001f0a6a95d779800f10000000000000000000000000000000000000000000000000000000000031619,0x112b157,0x7ab4113a2e8180157baacc956123bc15625cec29a8fb516e44fff1747647e72c,0x64ea9103,0x3231ee790,0x37519,0x133,0x6403840895ad47995a802dc7a7704cefe419c64359bd35fa2a8d7accd38f8f84,0x73,18002263,1693094147,2023-08-26 23:55:47,0xef1c6e67703c7bd7107eed8303fbe6ec2554bf6b,0xef1c6e67703c7bd7107eed8303fbe6ec2554bf6b,-49324765,30000000000000000,1953435622743594138919569298782268,35787477707849728241,202265
0x88e6a0c2ddd26feeb64f039a2c41296fcb3f5640,"['0xc42079f94a6350d7e6235f29174924f928cc2ac818eb64fed8004e115fbcca67', '0x000000000000000000000000ef1c6e67703c7bd7107eed8303fbe6ec2554bf6b', '0x000000000000000000000000ef1c6e67703c7bd7107eed8303fbe6ec2554bf6b']",0xfffffffffffffffffffffffffffffffffffffffffffffffffffffffffb199b4100000000000000000000000000000000000000000000000000b1a2bc2ec50000000000000000000000000000000000000000604fd346855b3c8fe1fe6d0373ce000000000000000000000000000000000000000000000001f0a6a95d779800f10000000000000000000000000000000000000000000000000000000000031619,0x112b157,0x7ab4113a2e8180157baacc956123bc15625cec29a8fb516e44fff1747647e72c,0x64ea9103,0x5ee605f90,0x37516,0x13b,0xc2eeed147511d63604afab6608f272d707c8120c658f6504fcb0cf9ee9c7d702,0x74,18002263,1693094147,2023-08-26 23:55:47,0xef1c6e67703c7bd7107eed8303fbe6ec2554bf6b,0xef1c6e67703c7bd7107eed8303fbe6ec2554bf6b,-82207935,50000000000000000,1953435733380824680089786448573390,35787477707849728241,202265
0x88e6a0c2ddd26feeb64f039a2c41296fcb3f5640,"['0xc42079f94a6350d7e6235f29174924f928cc2ac818eb64fed8004e115fbcca67', '0x000000000000000000000000ef1c6e67703c7bd7107eed8303fbe6ec2554bf6b', '0x000000000000000000000000ef1c6e67703c7bd7107eed8303fbe6ec2554bf6b']",0xffffffffffffffffffffffffffffffffffffffffffffffffffffffffcf00128b00000000000000000000000000000000000000000000000006f05b59d3b20000000000000000000000000000000000000000604fd6d9b0ce17821523830b4785000000000000000000000000000000000000000000000001f0a6a95d779800f10000000000000000000000000000000000000000000000000000000000031619,0x112b157,0x7ab4113a2e8180157baacc956123bc15625cec29a8fb516e44fff1747647e72c,0x64ea9103,0x128106fb90,0x3758b,0x144,0x2987020c822d91a12233ef76c03b8df1308bab443bb718ddc9f5d10a9cfb7d4a,0x76,18002263,1693094147,2023-08-26 23:55:47,0xef1c6e67703c7bd7107eed8303fbe6ec2554bf6b,0xef1c6e67703c7bd7107eed8303fbe6ec2554bf6b,-822078837,500000000000000000,1953436839753130091791957946484613,35787477707849728241,202265
0x88e6a0c2ddd26feeb64f039a2c41296fcb3f5640,"['0xc42079f94a6350d7e6235f29174924f928cc2ac818eb64fed8004e115fbcca67', '0x000000000000000000000000ef1c6e67703c7bd7107eed8303fbe6ec2554bf6b', '0x000000000000000000000000ef1c6e67703c7bd7107eed8303fbe6ec2554bf6b']",0x00000000000000000000000000000000000000000000000000000001d565afd6ffffffffffffffffffffffffffffffffffffffffffffffffbd9853084b226b34000000000000000000000000000000000000604fb49f2a6b49a9094daec10a86000000000000000000000000000000000000000000000001f0a6a95d779800f10000000000000000000000000000000000000000000000000000000000031619,0x112b158,0x50f5c37857f3c72eb988108cdfb21c79854bf322a19f147f7bbf05341fb26a56,0x64ea910f,0xac34c6b6c,0x3ede8,0x19,0x89067dd9d00e739bf848f11f5cff3cecf7576eb421efa1508bbe22fb8e4d765e,0x4,18002264,1693094159,2023-08-26 23:55:59,0xef1c6e67703c7bd7107eed8303fbe6ec2554bf6b,0xef1c6e67703c7bd7107eed8303fbe6ec2554bf6b,7875178454,-4784983308995761356,1953426246510478905887512437262982,35787477707849728241,202265
0x88e6a0c2ddd26feeb64f039a2c41296fcb3f5640,"['0xc42079f94a6350d7e6235f29174924f928cc2ac818eb64fed8004e115fbcca67', '0x00000000000000000000000068b3465833fb72a70ecdf485e0e4c7bd8665fc45', '0x00000000000000000000000068b3465833fb72a70ecdf485e0e4c7bd8665fc45']",0xffffffffffffffffffffffffffffffffffffffffffffffffffffffffec6660e800000000000000000000000000000000000000000000000002c68af0bb140000000000000000000000000000000000000000604fb60d3bcc6e09ea8fb790f8cf000000000000000000000000000000000000000000000001f0a6a95d779800f10000000000000000000000000000000000000000000000000000000000031619,0x112b159,0x419f287bf54e5c428c200ea616fbeae376ae6b4fb879c04dee798dc564c6987f,0x64ea911b,0x19bb9c8aea,0x34dc2,0x28,0xce1648da10810179ac14d3e247e58b112db6a339b88fc4c9b4844d2e3e37a792,0xa,18002265,1693094171,2023-08-26 23:56:11,0x68b3465833fb72a70ecdf485e0e4c7bd8665fc45,0x68b3465833fb72a70ecdf485e0e4c7bd8665fc45,-328834840,200000000000000000,1953426689059401070568381036427471,35787477707849728241,202265
0x88e6a0c2ddd26feeb64f039a2c41296fcb3f5640,"['0xc42079f94a6350d7e6235f29174924f928cc2ac818eb64fed8004e115fbcca67', '0x000000000000000000000000e592427a0aece92de3edee1f18e0157c05861564', '0x000000000000000000000000e592427a0aece92de3edee1f18e0157c05861564']",0x00000000000000000000000000000000000000000000000000000000fdc20616ffffffffffffffffffffffffffffffffffffffffffffffffdc19fbdaaccb99a2000000000000000000000000000000000000604fa38c378b1164ecb7168f460d000000000000000000000000000000000000000000000001f0a6a95d779800f10000000000000000000000000000000000000000000000000000000000031619,0x112b159,0x419f287bf54e5c428c200ea616fbeae376ae6b4fb879c04dee798dc564c6987f,0x64ea911b,0x143b966f4f,0x31dc6,0x31,0x3ae8587707541a2158698bd377970caeb9a733903ae2f87e3ab823855b6034e3,0xb,18002265,1693094171,2023-08-26 23:56:11,0xe592427a0aece92de3edee1f18e0157c05861564,0xe592427a0aece92de3edee1f18e0157c05861564,4257351190,-2586759594327172702,1953420962357698376034056225637901,35787477707849728241,202265
0x88e6a0c2ddd26feeb64f039a2c41296fcb3f5640,"['0xc42079f94a6350d7e6235f29174924f928cc2ac818eb64fed8004e115fbcca67', '0x000000000000000000000000ef1c6e67703c7bd7107eed8303fbe6ec2554bf6b', '0x000000000000000000000000ef1c6e67703c7bd7107eed8303fbe6ec2554bf6b']",0x00000000000000000000000000000000000000000000000000000000194cb2b1fffffffffffffffffffffffffffffffffffffffffffffffffc6bc2b4ae8cca5f000000000000000000000000000000000000604fa1b3f067970ba52efaf35fd7000000000000000000000000000000000000000000000001f0a6a95d779800f10000000000000000000000000000000000000000000000000000000000031619,0x112b159,0x419f287bf54e5c428c200ea616fbeae376ae6b4fb879c04dee798dc564c6987f,0x64ea911b,0xdf243214f,0x3da28,0x39,0x5840b72bf856331417523d7f8fde66f15503555b95e654d711d6a798dc7e3e09,0xc,18002265,1693094171,2023-08-26 23:56:11,0xef1c6e67703c7bd7107eed8303fbe6ec2554bf6b,0xef1c6e67703c7bd7107eed8303fbe6ec2554bf6b,424456881,-257898472365307297,1953420391408769045446365661061079,35787477707849728241,202265
0x88e6a0c2ddd26feeb64f039a2c41296fcb3f5640,"['0xc42079f94a6350d7e6235f29174924f928cc2ac818eb64fed8004e115fbcca67', '0x000000000000000000000000d7f3fbe8c72a961a5515203eada59750437fa762', '0x0000000000000000000000001c09a10047fcc944efde9226e259eddfde2c1cf0']",0x0000000000000000000000000000000000000000000000000000001c342ddadefffffffffffffffffffffffffffffffffffffffffffffffc02ab003f3b6d6953000000000000000000000000000000000000604d9341381b8dc29bf944b4e442000000000000000000000000000000000000000000000001f0a6a95d779800f10000000000000000000000000000000000000000000000000000000000031617,0x112b15a,0x99e4d0907d07825b22161b78e31a37ae5bd2d6d2d24332fa768a00dc4a66af11,0x64ea9127,0x297bd4f2d,0x1fc60,0x3e,0x055c116a7040411f137ae7eccc0450198f9d5e9a92221c21833249612775f923,0x9,18002266,1693094183,2023-08-26 23:56:23,0xd7f3fbe8c72a961a5515203eada59750437fa762,0x1c09a10047fcc944efde9226e259eddfde2c1cf0,121134504670,-73594728614164862637,1953257463605741527398727927784514,35787477707849728241,202263
0x88e6a0c2ddd26feeb64f039a2c41296fcb3f5640,"['0xc42079f94a6350d7e6235f29174924f928cc2ac818eb64fed8004e115fbcca67', '0x000000000000000000000000ef1c6e67703c7bd7107eed8303fbe6ec2554bf6b', '0x000000000000000000000000ef1c6e67703c7bd7107eed8303fbe6ec2554bf6b']",0x000000000000000000000000000000000000000000000000000000004dbbbc3ffffffffffffffffffffffffffffffffffffffffffffffffff50150dca804869b000000000000000000000000000000000000604d8d96621d3d31aa790657faa2000000000000000000000000000000000000000000000001f0a6a95d779800f10000000000000000000000000000000000000000000000000000000000031617,0x112b15a,0x99e4d0907d07825b22161b78e31a37ae5bd2d6d2d24332fa768a00dc4a66af11,0x64ea9127,0x562fec72d,0x39b78,0x4a,0x5db0147132e2e6350b4dcc2519307c3921acf071af9354f1cc484520c32fa5b3,0xb,18002266,1693094183,2023-08-26 23:56:23,0xef1c6e67703c7bd7107eed8303fbe6ec2554bf6b,0xef1c6e67703c7bd7107eed8303fbe6ec2554bf6b,1304149055,-792263150798600549,1953255709652747746935015162247842,35787477707849728241,202263
0x88e6a0c2ddd26feeb64f039a2c41296fcb3f5640,"['0xc42079f94a6350d7e6235f29174924f928cc2ac818eb64fed8004e115fbcca67', '0x000000000000000000000000ef1c6e67703c7bd7107eed8303fbe6ec2554bf6b', '0x000000000000000000000000ef1c6e67703c7bd7107eed8303fbe6ec2554bf6b']",0x000000000000000000000000000000000000000000000000000000016d226476ffffffffffffffffffffffffffffffffffffffffffffffffcc5abdd86f1daf65000000000000000000000000000000000000604d72f773ed82162cac31e60284000000000000000000000000000000000000000000000001f0a6a95d779800f10000000000000000000000000000000000000000000000000000000000031617,0x112b15a,0x99e4d0907d07825b22161b78e31a37ae5bd2d6d2d24332fa768a00dc4a66af11,0x64ea9127,0x34a8dad2d,0x3deac,0x75,0xa0e18e5f856fda3d455c63af1e69196f2efe0f6472fc4663b83a8de13af2ab45,0x12,18002266,1693094183,2023-08-26 23:56:23,0xef1c6e67703c7bd7107eed8303fbe6ec2554bf6b,0xef1c6e67703c7bd7107eed8303fbe6ec2554bf6b,6125937782,-3721453404793491611,1953247470907409190449150649827972,35787477707849728241,202263
0x88e6a0c2ddd26feeb64f039a2c41296fcb3f5640,"['0xc42079f94a6350d7e6235f29174924f928cc2ac818eb64fed8004e115fbcca67', '0x0000000000000000000000003fc91a3afd70395cd496c647d5a6cc9d4b2b7fad', '0x0000000000000000000000003fc91a3afd70395cd496c647d5a6cc9d4b2b7fad']",0x000000000000000000000000000000000000000000000000000000001e14bba7fffffffffffffffffffffffffffffffffffffffffffffffffbbecb2277232c0e000000000000000000000000000000000000604d70c604c6452755abaf0c2912000000000000000000000000000000000000000000000001f0a6a95d779800f10000000000000000000000000000000000000000000000000000000000031617,0x112b15a,0x99e4d0907d07825b22161b78e31a37ae5bd2d6d2d24332fa768a00dc4a66af11,0x64ea9127,0x29db3302d,0x2fb9d,0x160,0x110357e6440b50021db03cd8cf8450a729e2fe168d00519e5ef30a8aaa6d35f0,0x7a,18002266,1693094183,2023-08-26 23:56:23,0x3fc91a3afd70395cd496c647d5a6cc9d4b2b7fad,0x3fc91a3afd70395cd496c647d5a6cc9d4b2b7fad,504675239,-306584375726494706,1953246792175117893341694420330770,35787477707849728241,202263
0x88e6a0c2ddd26feeb64f039a2c41296fcb3f5640,"['0xc42079f94a6350d7e6235f29174924f928cc2ac818eb64fed8004e115fbcca67', '0x000000000000000000000000e592427a0aece92de3edee1f18e0157c05861564', '0x00000000000000000000000022f9dcf4647084d6c31b2765f6910cd85c178c18']",0xffffffffffffffffffffffffffffffffffffffffffffffffffffffffaa6ce2a80000000000000000000000000000000000000000000000000c1daff7e26fa2a2000000000000000000000000000000000000604d7703fde0a1810b710373dd14000000000000000000000000000000000000000000000001f0a6a95d779800f10000000000000000000000000000000000000000000000000000000000031617,0x112b15a,0x99e4d0907d07825b22161b78e31a37ae5bd2d6d2d24332fa768a00dc4a66af11,0x64ea9127,0x29d1a99ad,0x73ac9,0x17d,0x03febf871e756af14522f509ed7b8c68cc695b584131f33af619ee50b161dec3,0x8a,18002266,1693094183,2023-08-26 23:56:23,0xe592427a0aece92de3edee1f18e0157c05861564,0x22f9dcf4647084d6c31b2765f6910cd85c178c18,-1435704664,873047381970494114,1953248724006007342034728078531860,35787477707849728241,202263
0x88e6a0c2ddd26feeb64f039a2c41296fcb3f5640,"['0xc42079f94a6350d7e6235f29174924f928cc2ac818eb64fed8004e115fbcca67', '0x0000000000000000000000003fc91a3afd70395cd496c647d5a6cc9d4b2b7fad', '0x0000000000000000000000003fc91a3afd70395cd496c647d5a6cc9d4b2b7fad']",0xfffffffffffffffffffffffffffffffffffffffffffffffffffffffe15e957c50000000000000000000000000000000000000000000000004563918244f40000000000000000000000000000000000000000604d9ac3b05d2ef70ae3dfc22240000000000000000000000000000000000000000000000001f0a6a95d779800f10000000000000000000000000000000000000000000000000000000000031617,0x112b15b,0x9c1d83f71a48fc3f96a181850f2cb1a178b4bc1317a9ecb83f7ff87b48e43379,0x64ea9133,0x4877146e34,0x339ff,0xd1,0xcff1222842337f6f796fde3bc31793496cd035024e597b441b46ef5339739783,0x5e,18002267,1693094195,2023-08-26 23:56:35,0x3fc91a3afd70395cd496c647d5a6cc9d4b2b7fad,0x3fc91a3afd70395cd496c647d5a6cc9d4b2b7fad,-8222320699,5000000000000000000,1953259787729061459056443057644096,35787477707849728241,202263
0x88e6a0c2ddd26feeb64f039a2c41296fcb3f5640,"['0xc42079f94a6350d7e6235f29174924f928cc2ac818eb64fed8004e115fbcca67', '0x000000000000000000000000ef1c6e67703c7bd7107eed8303fbe6ec2554bf6b', '0x000000000000000000000000ef1c6e67703c7bd7107eed8303fbe6ec2554bf6b']",0x0000000000000000000000000000000000000000000000000000000024bca4cefffffffffffffffffffffffffffffffffffffffffffffffffacdc5bc3e8f52dd000000000000000000000000000000000000604d9816051250c94b7b7776ad92000000000000000000000000000000000000000000000001f0a6a95d779800f10000000000000000000000000000000000000000000000000000000000031617,0x112b15b,0x9c1d83f71a48fc3f96a181850f2cb1a178b4bc1317a9ecb83f7ff87b48e43379,0x64ea9133,0x1f410ec434,0x3de9e,0xdb,0x1f95a597d2e1978fc7e2c0d48ace065bb906b2b98be0643d4af2f510cef2b621,0x5f,18002267,1693094195,2023-08-26 23:56:35,0xef1c6e67703c7bd7107eed8303fbe6ec2554bf6b,0xef1c6e67703c7bd7107eed8303fbe6ec2554bf6b,616342734,-374425781707779363,1953258958805969285740589026291090,35787477707849728241,202263
0x88e6a0c2ddd26feeb64f039a2c41296fcb3f5640,"['0xc42079f94a6350d7e6235f29174924f928cc2ac818eb64fed8004e115fbcca67', '0x000000000000000000000000b2d392abb24e79baf51eec7e2a9955509a42663b', '0x000000000000000000000000b2d392abb24e79baf51eec7e2a9955509a42663b']",0xffffffffffffffffffffffffffffffffffffffffffffffffffffffff3bf74ae20000000000000000000000000000000000000000000000001bc16d674ec80000000000000000000000000000000000000000604da662b2ddbc92180fcf95fc70000000000000000000000000000000000000000000000001f0a6a95d779800f10000000000000000000000000000000000000000000000000000000000031617,0x112b15d,0xa97a053d38fd6486b13e1e1aca0428b604e02b8430c20f9424e3a8a833089b7e,0x64ea914b,0x286f70fdc,0x461ea,0x7d,0xd9efc1b9d20f6ffe6534be5a243971568b383aa7d70f2f4799e2c9d67811fd91,0x17,18002269,1693094219,2023-08-26 23:56:59,0xb2d392abb24e79baf51eec7e2a9955509a42663b,0xb2d392abb24e79baf51eec7e2a9955509a42663b,-3288904990,2000000000000000000,1953263384295190932549275017935984,35787477707849728241,202263
0x88e6a0c2ddd26feeb64f039a2c41296fcb3f5640,"['0xc42079f94a6350d7e6235f29174924f928cc2ac818eb64fed8004e115fbcca67', '0x000000000000000000000000ef1c6e67703c7bd7107eed8303fbe6ec2554bf6b', '0x000000000000000000000000ef1c6e67703c7bd7107eed8303fbe6ec2554bf6b']",0xffffffffffffffffffffffffffffffffffffffffffffffffffffffffcefddbd200000000000000000000000000000000000000000000000006f05b59d3b20000000000000000000000000000000000000000604da9f5de5097844b34e59dd027000000000000000000000000000000000000000000000001f0a6a95d779800f10000000000000000000000000000000000000000000000000000000000031617,0x112b15d,0xa97a053d38fd6486b13e1e1aca0428b604e02b8430c20f9424e3a8a833089b7e,0x64ea914b,0x9786026dc,0x3402e,0x13a,0x587cefcc3b55ef03d352fadca44c0f46e181cc8d95936a2db6392b4099e7a1dc,0x47,18002269,1693094219,2023-08-26 23:56:59,0xef1c6e67703c7bd7107eed8303fbe6ec2554bf6b,0xef1c6e67703c7bd7107eed8303fbe6ec2554bf6b,-822223918,500000000000000000,1953264490667496344251446515847207,35787477707849728241,202263
0x88e6a0c2ddd26feeb64f039a2c41296fcb3f5640,"['0xc42079f94a6350d7e6235f29174924f928cc2ac818eb64fed8004e115fbcca67', '0x000000000000000000000000ef1c6e67703c7bd7107eed8303fbe6ec2554bf6b', '0x000000000000000000000000ef1c6e67703c7bd7107eed8303fbe6ec2554bf6b']",0xffffffffffffffffffffffffffffffffffffffffffffffffffffffffcefddf7500000000000000000000000000000000000000000000000006f05b59d3b20000000000000000000000000000000000000000604dad8909c372767e59fba5a3de000000000000000000000000000000000000000000000001f0a6a95d779800f10000000000000000000000000000000000000000000000000000000000031617,0x112b15d,0xa97a053d38fd6486b13e1e1aca0428b604e02b8430c20f9424e3a8a833089b7e,0x64ea914b,0x32f0cd8dc,0x33cb1,0x161,0x2b100df095861da36a5261218bc5c7b82df8238b095dd20348e81ee0c91803f1,0x52,18002269,1693094219,2023-08-26 23:56:59,0xef1c6e67703c7bd7107eed8303fbe6ec2554bf6b,0xef1c6e67703c7bd7107eed8303fbe6ec2554bf6b,-822222987,500000000000000000,1953265597039801755953618013758430,35787477707849728241,202263
0x88e6a0c2ddd26feeb64f039a2c41296fcb3f5640,"['0xc42079f94a6350d7e6235f29174924f928cc2ac818eb64fed8004e115fbcca67', '0x000000000000000000000000ef1c6e67703c7bd7107eed8303fbe6ec2554bf6b', '0x000000000000000000000000ef1c6e67703c7bd7107eed8303fbe6ec2554bf6b']",0xffffffffffffffffffffffffffffffffffffffffffffffffffffffff9dfbc9d40000000000000000000000000000000000000000000000000de0b6b3a7640000000000000000000000000000000000000000604db4af60a9285ae4a427b54b4d000000000000000000000000000000000000000000000001f0a6a95d779800f10000000000000000000000000000000000000000000000000000000000031617,0x112b160,0x97654503dd4bbd729092c0a3c096fd6f0d878944f23a18999550c8911430db49,0x64ea916f,0x1032928d74,0x33d11,0x10,0xe35d70d72956c2f201c845bf2e1467ae02c91dc6177b4e7e8e0b032f85873658,0x1,18002272,1693094255,2023-08-26 23:57:35,0xef1c6e67703c7bd7107eed8303fbe6ec2554bf6b,0xef1c6e67703c7bd7107eed8303fbe6ec2554bf6b,-1644443180,1000000000000000000,1953267809784412579357961009580877,35787477707849728241,202263
0x88e6a0c2ddd26feeb64f039a2c41296fcb3f5640,"['0xc42079f94a6350d7e6235f29174924f928cc2ac818eb64fed8004e115fbcca67', '0x000000000000000000000000ef1c6e67703c7bd7107eed8303fbe6ec2554bf6b', '0x000000000000000000000000ef1c6e67703c7bd7107eed8303fbe6ec2554bf6b']",0xffffffffffffffffffffffffffffffffffffffffffffffffffffffffcefdea5f00000000000000000000000000000000000000000000000006f05b59d3b20000000000000000000000000000000000000000604db8428c1c034d17c93dbd1f04000000000000000000000000000000000000000000000001f0a6a95d779800f10000000000000000000000000000000000000000000000000000000000031617,0x112b160,0x97654503dd4bbd729092c0a3c096fd6f0d878944f23a18999550c8911430db49,0x64ea916f,0x2ed1b9374,0x37591,0x60,0x3a7b8a42ca862782eef302a6603e7dd3074d3c93b59658f01e3b0d770edd119e,0xe,18002272,1693094255,2023-08-26 23:57:35,0xef1c6e67703c7bd7107eed8303fbe6ec2554bf6b,0xef1c6e67703c7bd7107eed8303fbe6ec2554bf6b,-822220193,500000000000000000,1953268916156717991060132507492100,35787477707849728241,202263
0x88e6a0c2ddd26feeb64f039a2c41296fcb3f5640,"['0xc42079f94a6350d7e6235f29174924f928cc2ac818eb64fed8004e115fbcca67', '0x000000000000000000000000ef1c6e67703c7bd7107eed8303fbe6ec2554bf6b', '0x000000000000000000000000ef1c6e67703c7bd7107eed8303fbe6ec2554bf6b']",0x00000000000000000000000000000000000000000000000000000000fdd14677ffffffffffffffffffffffffffffffffffffffffffffffffdc194f9ea2fd6e7d000000000000000000000000000000000000604da5c12f134cf376e5112a345c000000000000000000000000000000000000000000000001f0a6a95d779800f10000000000000000000000000000000000000000000000000000000000031617,0x112b161,0x440f8bf0743023bd65de0016fcf97ce5a48464c53f38ce80b87fcdd293ad9c78,0x64ea917b,0x1e720a80a7,0x3edae,0x6,0xdff20a65624b399c92c8ceea46e3d42707ecfba408b7af371a2087c5793e3f6c,0x,18002273,1693094267,2023-08-26 23:57:47,0xef1c6e67703c7bd7107eed8303fbe6ec2554bf6b,0xef1c6e67703c7bd7107eed8303fbe6ec2554bf6b,4258350711,-2586948968189694339,1953263189035769679991975552103516,35787477707849728241,202263
0x88e6a0c2ddd26feeb64f039a2c41296fcb3f5640,"['0xc42079f94a6350d7e6235f29174924f928cc2ac818eb64fed8004e115fbcca67', '0x000000000000000000000000ef1c6e67703c7bd7107eed8303fbe6ec2554bf6b', '0x000000000000000000000000ef1c6e67703c7bd7107eed8303fbe6ec2554bf6b']",0xffffffffffffffffffffffffffffffffffffffffffffffffffffffffcefddb2d00000000000000000000000000000000000000000000000006f05b59d3b20000000000000000000000000000000000000000604da9545a8627e5aa0a27320813000000000000000000000000000000000000000000000001f0a6a95d779800f10000000000000000000000000000000000000000000000000000000000031617,0x112b164,0x57f23d9a0017f441ae7a3fd76d45d982942d3e429519fe59e79724ba327c4f5e,0x64ea919f,0xf353a6006,0x381a8,0x4,0x91814b0a1c52e34953b442c6f01b2539fae04c652fb5e512532f79e69578661d,0x,18002276,1693094303,2023-08-26 23:58:23,0xef1c6e67703c7bd7107eed8303fbe6ec2554bf6b,0xef1c6e67703c7bd7107eed8303fbe6ec2554bf6b,-822224083,500000000000000000,1953264295408075091694147050014739,35787477707849728241,202263
0x88e6a0c2ddd26feeb64f039a2c41296fcb3f5640,"['0xc42079f94a6350d7e6235f29174924f928cc2ac818eb64fed8004e115fbcca67', '0x000000000000000000000000ef1c6e67703c7bd7107eed8303fbe6ec2554bf6b', '0x000000000000000000000000ef1c6e67703c7bd7107eed8303fbe6ec2554bf6b']",0xffffffffffffffffffffffffffffffffffffffffffffffffffffffff9dfbc1440000000000000000000000000000000000000000000000000de0b6b3a7640000000000000000000000000000000000000000604db07ab16bddca10545341af82000000000000000000000000000000000000000000000001f0a6a95d779800f10000000000000000000000000000000000000000000000000000000000031617,0x112b164,0x57f23d9a0017f441ae7a3fd76d45d982942d3e429519fe59e79724ba327c4f5e,0x64ea919f,0x3221ecbc06,0x3753c,0x41,0x69ee6089c9a8d5bd56865806352d16873117f9fc56786de2d0fa97a42312f535,0x6,18002276,1693094303,2023-08-26 23:58:23,0xef1c6e67703c7bd7107eed8303fbe6ec2554bf6b,0xef1c6e67703c7bd7107eed8303fbe6ec2554bf6b,-1644445372,1000000000000000000,1953266508152685915098490045837186,35787477707849728241,202263
0x88e6a0c2ddd26feeb64f039a2c41296fcb3f5640,"['0xc42079f94a6350d7e6235f29174924f928cc2ac818eb64fed8004e115fbcca67', '0x000000000000000000000000ef1c6e67703c7bd7107eed8303fbe6ec2554bf6b', '0x000000000000000000000000ef1c6e67703c7bd7107eed8303fbe6ec2554bf6b']",0xffffffffffffffffffffffffffffffffffffffffffffffffffffffff9dfbcfd20000000000000000000000000000000000000000000000000de0b6b3a7640000000000000000000000000000000000000000604db7a1085193ae769e7f5156f1000000000000000000000000000000000000000000000001f0a6a95d779800f10000000000000000000000000000000000000000000000000000000000031617,0x112b165,0x7402f521bfc5a77bbae4b8f90d8c85e2bac473b21e38981f4224935f8eac5771,0x64ea91ab,0x4627c80b6,0x3759c,0x2b,0xec48001e22975d6a1aef3927e348afd58b99431c6617d3e68642fa5968c92880,0x6,18002277,1693094315,2023-08-26 23:58:35,0xef1c6e67703c7bd7107eed8303fbe6ec2554bf6b,0xef1c6e67703c7bd7107eed8303fbe6ec2554bf6b,-1644441646,1000000000000000000,1953268720897296738502833041659633,35787477707849728241,202263
0x88e6a0c2ddd26feeb64f039a2c41296fcb3f5640,"['0xc42079f94a6350d7e6235f29174924f928cc2ac818eb64fed8004e115fbcca67', '0x000000000000000000000000ef1c6e67703c7bd7107eed8303fbe6ec2554bf6b', '0x000000000000000000000000ef1c6e67703c7bd7107eed8303fbe6ec2554bf6b']",0xffffffffffffffffffffffffffffffffffffffffffffffffffffffff9dfbde600000000000000000000000000000000000000000000000000de0b6b3a7640000000000000000000000000000000000000000604dbec75f374992dce8ab60fe60000000000000000000000000000000000000000000000001f0a6a95d779800f10000000000000000000000000000000000000000000000000000000000031617,0x112b165,0x7402f521bfc5a77bbae4b8f90d8c85e2bac473b21e38981f4224935f8eac5771,0x64ea91ab,0x4627c80b6,0x37554,0x33,0xdae7d590c9692ccc8571a8ca5da6bd7b5fecc72170d06b3c7b1b3646aef24568,0x7,18002277,1693094315,2023-08-26 23:58:35,0xef1c6e67703c7bd7107eed8303fbe6ec2554bf6b,0xef1c6e67703c7bd7107eed8303fbe6ec2554bf6b,-1644437920,1000000000000000000,1953270933641907561907176037482080,35787477707849728241,202263
0x88e6a0c2ddd26feeb64f039a2c41296fcb3f5640,"['0xc42079f94a6350d7e6235f29174924f928cc2ac818eb64fed8004e115fbcca67', '0x000000000000000000000000ef1c6e67703c7bd7107eed8303fbe6ec2554bf6b', '0x000000000000000000000000ef1c6e67703c7bd7107eed8303fbe6ec2554bf6b']",0xffffffffffffffffffffffffffffffffffffffffffffffffffffffff9dfbecee0000000000000000000000000000000000000000000000000de0b6b3a7640000000000000000000000000000000000000000604dc5edb61cff774332d770a5cf000000000000000000000000000000000000000000000001f0a6a95d779800f10000000000000000000000000000000000000000000000000000000000031617,0x112b167,0x622dc6ec6c31b863b1a3c78335c35438666746f6c5f177646066877a5b8af702,0x64ea91c3,0x5a9782dae,0x38170,0x108,0x4699e6f6564d2a3708f0cac18d24a10f2d81efa70fa4f730667606a80c55cc8c,0x2a,18002279,1693094339,2023-08-26 23:58:59,0xef1c6e67703c7bd7107eed8303fbe6ec2554bf6b,0xef1c6e67703c7bd7107eed8303fbe6ec2554bf6b,-1644434194,1000000000000000000,1953273146386518385311519033304527,35787477707849728241,202263
0x88e6a0c2ddd26feeb64f039a2c41296fcb3f5640,"['0xc42079f94a6350d7e6235f29174924f928cc2ac818eb64fed8004e115fbcca67', '0x000000000000000000000000ef1c6e67703c7bd7107eed8303fbe6ec2554bf6b', '0x000000000000000000000000ef1c6e67703c7bd7107eed8303fbe6ec2554bf6b']",0x000000000000000000000000000000000000000000000000000000003ec6f5cafffffffffffffffffffffffffffffffffffffffffffffffff71ed563e7a80dcc000000000000000000000000000000000000604dc15a0089cfdc215837ce37e4000000000000000000000000000000000000000000000001f0a6a95d779800f10000000000000000000000000000000000000000000000000000000000031617,0x112b168,0xa95fea6f343aa5ce2e004e47369eef3026f3da1e932d74601fe81d6645776312,0x64ea91cf,0x446ed820c,0x3de7a,0x48,0xbb2f25491362f750a761be70e868271cb8e07389b67c0e1deee3c221b6b365c0,0x21,18002280,1693094351,2023-08-26 23:59:11,0xef1c6e67703c7bd7107eed8303fbe6ec2554bf6b,0xef1c6e67703c7bd7107eed8303fbe6ec2554bf6b,1053226442,-639839471975002676,1953271729876920181429750327031780,35787477707849728241,202263
0x88e6a0c2ddd26feeb64f039a2c41296fcb3f5640,"['0xc42079f94a6350d7e6235f29174924f928cc2ac818eb64fed8004e115fbcca67', '0x000000000000000000000000ef1c6e67703c7bd7107eed8303fbe6ec2554bf6b', '0x000000000000000000000000ef1c6e67703c7bd7107eed8303fbe6ec2554bf6b']",0x0000000000000000000000000000000000000000000000000000000040060c93fffffffffffffffffffffffffffffffffffffffffffffffff6f1b40628cb35d7000000000000000000000000000000000000604dbcaf07c08cacc8aa6a7ed897000000000000000000000000000000000000000000000001f0a6a95d779800f10000000000000000000000000000000000000000000000000000000000031617,0x112b169,0x6fc9d55c8be254f338a62707a95eb1e0cdc082fb3964f334e7d3660600574ec6,0x64ea91db,0xa7935b641,0x3edb6,0x6,0xbd3476821b383f26a1f1bd66fc01cef6a9350843d9e7592d01712bd4d59659f8,0x1,18002281,1693094363,2023-08-26 23:59:23,0xef1c6e67703c7bd7107eed8303fbe6ec2554bf6b,0xef1c6e67703c7bd7107eed8303fbe6ec2554bf6b,1074138259,-652542532444801577,1953270285244632037066400151296151,35787477707849728241,202263
0x88e6a0c2ddd26feeb64f039a2c41296fcb3f5640,"['0xc42079f94a6350d7e6235f29174924f928cc2ac818eb64fed8004e115fbcca67', '0x000000000000000000000000ef1c6e67703c7bd7107eed8303fbe6ec2554bf6b', '0x000000000000000000000000ef1c6e67703c7bd7107eed8303fbe6ec2554bf6b']",0xfffffffffffffffffffffffffffffffffffffffffffffffffffffffffb1964e400000000000000000000000000000000000000000000000000b1a2bc2ec50000000000000000000000000000000000000000604dbd0a8c18d5c500faecb2d429000000000000000000000000000000000000000000000001f0a6a95d779800f10000000000000000000000000000000000000000000000000000000000031617,0x112b169,0x6fc9d55c8be254f338a62707a95eb1e0cdc082fb3964f334e7d3660600574ec6,0x64ea91db,0x42fe26841,0x37581,0x2c,0x88710f43192393fdd8a0375f7f63a681ca75181f268eb76ae6e940b3cac1f353,0x8,18002281,1693094363,2023-08-26 23:59:23,0xef1c6e67703c7bd7107eed8303fbe6ec2554bf6b,0xef1c6e67703c7bd7107eed8303fbe6ec2554bf6b,-82221852,50000000000000000,1953270395881862578236617301087273,35787477707849728241,202263
0x88e6a0c2ddd26feeb64f039a2c41296fcb3f5640,"['0xc42079f94a6350d7e6235f29174924f928cc2ac818eb64fed8004e115fbcca67', '0x0000000000000000000000003fc91a3afd70395cd496c647d5a6cc9d4b2b7fad', '0x0000000000000000000000003fc91a3afd70395cd496c647d5a6cc9d4b2b7fad']",0xffffffffffffffffffffffffffffffffffffffffffffffffffffffff3bf7e1550000000000000000000000000000000000000000000000001bc16d674ec80000000000000000000000000000000000000000604dcb5739e4418dcd8f44d22307000000000000000000000000000000000000000000000001f0a6a95d779800f10000000000000000000000000000000000000000000000000000000000031617,0x112b16a,0x83ab63b8bcced118bab50a61ce7c41a806f987adface1d8e42d22a2232b95802,0x64ea91e7,0x35654b4bc,0x32af3,0xa,0x453eab9b8085d9148974716eef50d2af68e08731f415894a1d949fb381a5ab2d,0x1,18002282,1693094375,2023-08-26 23:59:35,0x3fc91a3afd70395cd496c647d5a6cc9d4b2b7fad,0x3fc91a3afd70395cd496c647d5a6cc9d4b2b7fad,-3288866475,2000000000000000000,1953274821371084225045303292732167,35787477707849728241,202263
0x88e6a0c2ddd26feeb64f039a2c41296fcb3f5640,"['0xc42079f94a6350d7e6235f29174924f928cc2ac818eb64fed8004e115fbcca67', '0x000000000000000000000000ef1c6e67703c7bd7107eed8303fbe6ec2554bf6b', '0x000000000000000000000000ef1c6e67703c7bd7107eed8303fbe6ec2554bf6b']",0xffffffffffffffffffffffffffffffffffffffffffffffffffffffff9dfc06800000000000000000000000000000000000000000000000000de0b6b3a7640000000000000000000000000000000000000000604dd27d90c9f77233d970e1ca76000000000000000000000000000000000000000000000001f0a6a95d779800f10000000000000000000000000000000000000000000000000000000000031617,0x112b16a,0x83ab63b8bcced118bab50a61ce7c41a806f987adface1d8e42d22a2232b95802,0x64ea91e7,0x7eb6d7d26,0x3751e,0x29,0x5bf0deec5bb4111d6cef9259820b39cff7758ab33b670e8b8e4136f566665a88,0x5,18002282,1693094375,2023-08-26 23:59:35,0xef1c6e67703c7bd7107eed8303fbe6ec2554bf6b,0xef1c6e67703c7bd7107eed8303fbe6ec2554bf6b,-1644427648,1000000000000000000,1953277034115695048449646288554614,35787477707849728241,202263
0x88e6a0c2ddd26feeb64f039a2c41296fcb3f5640,"['0xc42079f94a6350d7e6235f29174924f928cc2ac818eb64fed8004e115fbcca67', '0x000000000000000000000000ef1c6e67703c7bd7107eed8303fbe6ec2554bf6b', '0x000000000000000000000000ef1c6e67703c7bd7107eed8303fbe6ec2554bf6b']",0xfffffffffffffffffffffffffffffffffffffffffffffffffffffffffb19671c00000000000000000000000000000000000000000000000000b1a2bc2ec50000000000000000000000000000000000000000604dd2d91522408a6c29f315c608000000000000000000000000000000000000000000000001f0a6a95d779800f10000000000000000000000000000000000000000000000000000000000031617,0x112b16a,0x83ab63b8bcced118bab50a61ce7c41a806f987adface1d8e42d22a2232b95802,0x64ea91e7,0x3f6261326,0x37508,0x4f,0x606ccf5204b1445db1d7b6387fa724a93cceec7d0b7d44459dc172a03aa88bb1,0xa,18002282,1693094375,2023-08-26 23:59:35,0xef1c6e67703c7bd7107eed8303fbe6ec2554bf6b,0xef1c6e67703c7bd7107eed8303fbe6ec2554bf6b,-82221284,50000000000000000,1953277144752925589619863438345736,35787477707849728241,202263
0x88e6a0c2ddd26feeb64f039a2c41296fcb3f5640,"['0xc42079f94a6350d7e6235f29174924f928cc2ac818eb64fed8004e115fbcca67', '0x000000000000000000000000ef1c6e67703c7bd7107eed8303fbe6ec2554bf6b', '0x000000000000000000000000ef1c6e67703c7bd7107eed8303fbe6ec2554bf6b']",0x000000000000000000000000000000000000000000000000000000006bfb0b0afffffffffffffffffffffffffffffffffffffffffffffffff0b9ffdd7db81722000000000000000000000000000000000000604dcaf9a9c07079f7aaf1dae099000000000000000000000000000000000000000000000001f0a6a95d779800f10000000000000000000000000000000000000000000000000000000000031617,0x112b16c,0xd7200be4bb89578d632b8b734d7f7fa32504db8cd31f409cf7f593fb707a4d87,0x64ea91ff,0x3c3922f37,0x3ab08,0x1e,0x94c82b6928ccbc08da7cef27ef0013fafde596b88bdc825fb0d6cc755023fbd4,0x5,18002284,1693094399,2023-08-26 23:59:59,0xef1c6e67703c7bd7107eed8303fbe6ec2554bf6b,0xef1c6e67703c7bd7107eed8303fbe6ec2554bf6b,1811614474,-1100567307153303774,1953274708260301525688626194342041,35787477707849728241,202263
0x88e6a0c2ddd26feeb64f039a2c41296fcb3f5640,"['0xc42079f94a6350d7e6235f29174924f928cc2ac818eb64fed8004e115fbcca67', '0x0000000000000000000000003fc91a3afd70395cd496c647d5a6cc9d4b2b7fad', '0x0000000000000000000000003fc91a3afd70395cd496c647d5a6cc9d4b2b7fad']",0xfffffffffffffffffffffffffffffffffffffffffffffffffffffffff14c33230000000000000000000000000000000000000000000000000214e8348c4f0000000000000000000000000000000000000000604dcc0c36c94bc2a09c7876d350000000000000000000000000000000000000000000000001f0a6a95d779800f10000000000000000000000000000000000000000000000000000000000031617,0x112b16c,0xd7200be4bb89578d632b8b734d7f7fa32504db8cd31f409cf7f593fb707a4d87,0x64ea91ff,0x36c303300,0x32af3,0x28,0x183fabad024b751ee7af86ea87680abe90365d0199cbd79695f04c8bdfe96f40,0x7,18002284,1693094399,2023-08-26 23:59:59,0x3fc91a3afd70395cd496c647d5a6cc9d4b2b7fad,0x3fc91a3afd70395cd496c647d5a6cc9d4b2b7fad,-246664413,150000000000000000,1953275040171993149199277643715408,35787477707849728241,202263
0x88e6a0c2ddd26feeb64f039a2c41296fcb3f5640,"['0xc42079f94a6350d7e6235f29174924f928cc2ac818eb64fed8004e115fbcca67', '0x000000000000000000000000ef1c6e67703c7bd7107eed8303fbe6ec2554bf6b', '0x000000000000000000000000ef1c6e67703c7bd7107eed8303fbe6ec2554bf6b']",0xfffffffffffffffffffffffffffffffffffffffffffffffffffffffff14c33770000000000000000000000000000000000000000000000000214e8348c4f0000000000000000000000000000000000000000604dcd1ec3d2270b498dff12c607000000000000000000000000000000000000000000000001f0a6a95d779800f10000000000000000000000000000000000000000000000000000000000031617,0x112b16d,0x8e76fd468abce23afb6562f5d2c83a7c4dbad75d036828eb4b9b8b0373384fc6,0x64ea920b,0x4bce7a46f,0x37593,0x59,0xfdeb002f64b572905415f4fe4b9a4468005d0631964f023ab30df1f07baaabc5,0x9,18002285,1693094411,2023-08-27 00:00:11,0xef1c6e67703c7bd7107eed8303fbe6ec2554bf6b,0xef1c6e67703c7bd7107eed8303fbe6ec2554bf6b,-246664329,150000000000000000,1953275372083684772709929093088775,35787477707849728241,202263
0x88e6a0c2ddd26feeb64f039a2c41296fcb3f5640,"['0xc42079f94a6350d7e6235f29174924f928cc2ac818eb64fed8004e115fbcca67', '0x0000000000000000000000003fc91a3afd70395cd496c647d5a6cc9d4b2b7fad', '0x0000000000000000000000003fc91a3afd70395cd496c647d5a6cc9d4b2b7fad']",0xfffffffffffffffffffffffffffffffffffffffffffffffffffffffff328f33000000000000000000000000000000000000000000000000001d167ce51938000000000000000000000000000000000000000604dce0e8a159edf3942357c3f8b000000000000000000000000000000000000000000000001f0a6a95d779800f10000000000000000000000000000000000000000000000000000000000031617,0x112b16d,0x8e76fd468abce23afb6562f5d2c83a7c4dbad75d036828eb4b9b8b0373384fc6,0x64ea920b,0x2e607356f,0x46206,0x1d4,0x2022f3776ffb79433dd240e3bca553ded97ab81ca60381cfee701d6f4f0b2c52,0x158,18002285,1693094411,2023-08-27 00:00:11,0x3fc91a3afd70395cd496c647d5a6cc9d4b2b7fad,0x3fc91a3afd70395cd496c647d5a6cc9d4b2b7fad,-215420112,131000000000000000,1953275661953228790575898025541515,35787477707849728241,202263
0x88e6a0c2ddd26feeb64f039a2c41296fcb3f5640,"['0xc42079f94a6350d7e6235f29174924f928cc2ac818eb64fed8004e115fbcca67', '0x000000000000000000000000e592427a0aece92de3edee1f18e0157c05861564', '0x000000000000000000000000e592427a0aece92de3edee1f18e0157c05861564']",0xfffffffffffffffffffffffffffffffffffffffffffffffffffffffdb3e9227500000000000000000000000000000000000000000000000053444835ec580000000000000000000000000000000000000000604df8f49377e2399eff3dda2c26000000000000000000000000000000000000000000000001f0a6a95d779800f10000000000000000000000000000000000000000000000000000000000031617,0x112b16f,0xd6393507d3c99a43966ceac5edde80aad20543d9f722f2433f290b1d5299f376,0x64ea9223,0x7b90057bc,0x35323,0x9,0x7f520227eced2a30b48a3f731310eb5881d31108d1afbe06638b34b8aa4d1792,0x2,18002287,1693094435,2023-08-27 00:00:35,0xe592427a0aece92de3edee1f18e0157c05861564,0xe592427a0aece92de3edee1f18e0157c05861564,-9866501515,6000000000000000000,1953288938420893731001956000476198,35787477707849728241,202263
0x88e6a0c2ddd26feeb64f039a2c41296fcb3f5640,"['0xc42079f94a6350d7e6235f29174924f928cc2ac818eb64fed8004e115fbcca67', '0x00000000000000000000000068b3465833fb72a70ecdf485e0e4c7bd8665fc45', '0x000000000000000000000000a9cffe466ba8a72707d1104de239c9ab477e2493']",0x000000000000000000000000000000000000000000000000000000001bcccc8ffffffffffffffffffffffffffffffffffffffffffffffffffc1157edc4ceb4f5000000000000000000000000000000000000604df6edb14421c831e23e375335000000000000000000000000000000000000000000000001f0a6a95d779800f10000000000000000000000000000000000000000000000000000000000031617,0x112b16f,0xd6393507d3c99a43966ceac5edde80aad20543d9f722f2433f290b1d5299f376,0x64ea9223,0x38e1404bc,0x21a06d,0x80,0xe70072df1e920a953e179ba24046b8adafcae661778e739014c47854e44242e2,0x20,18002287,1693094435,2023-08-27 00:00:35,0x68b3465833fb72a70ecdf485e0e4c7bd8665fc45,0xa9cffe466ba8a72707d1104de239c9ab477e2493,466406543,-283348622826883851,1953288311129109694563045531407157,35787477707849728241,202263
0x88e6a0c2ddd26feeb64f039a2c41296fcb3f5640,"['0xc42079f94a6350d7e6235f29174924f928cc2ac818eb64fed8004e115fbcca67', '0x0000000000000000000000003208684f96458c540eb08f6f01b9e9afb2b7d4f0', '0x0000000000000000000000003208684f96458c540eb08f6f01b9e9afb2b7d4f0']",0x00000000000000000000000000000000000000000000000000000000d0896baaffffffffffffffffffffffffffffffffffffffffffffffffe280c35bd9b8cadf000000000000000000000000000000000000604de7b96380b3c999893712f351000000000000000000000000000000000000000000000001f0a6a95d779800f10000000000000000000000000000000000000000000000000000000000031617,0x112b16f,0xd6393507d3c99a43966ceac5edde80aad20543d9f722f2433f290b1d5299f376,0x64ea9223,0x31f1c0e7e,0x36a65,0xcd,0xfe4f13e9e706a2e912f2525565d959d3e41fa782e7d98d9a611d8337aa752011,0x59,18002287,1693094435,2023-08-27 00:00:35,0x3208684f96458c540eb08f6f01b9e9afb2b7d4f0,0x3208684f96458c540eb08f6f01b9e9afb2b7d4f0,3498666922,-2125484224856667425,1953283605622592494211059172963153,35787477707849728241,202263
0x88e6a0c2ddd26feeb64f039a2c41296fcb3f5640,"['0xc42079f94a6350d7e6235f29174924f928cc2ac818eb64fed8004e115fbcca67', '0x0000000000000000000000003fc91a3afd70395cd496c647d5a6cc9d4b2b7fad', '0x0000000000000000000000003fc91a3afd70395cd496c647d5a6cc9d4b2b7fad']",0xfffffffffffffffffffffffffffffffffffffffffffffffffffffffff632d293000000000000000000000000000000000000000000000000016345785d8a0000000000000000000000000000000000000000604de8706c3145fa0a2a3b7aea75000000000000000000000000000000000000000000000001f0a6a95d779800f10000000000000000000000000000000000000000000000000000000000031617,0x112b16f,0xd6393507d3c99a43966ceac5edde80aad20543d9f722f2433f290b1d5299f376,0x64ea9223,0x31744ac9c,0x32add,0xd4,0x355c512fe10902890c27e4b0bc6a4b3b941077265b1d9d92db3665a04f3f1e6b,0x65,18002287,1693094435,2023-08-27 00:00:35,0x3fc91a3afd70395cd496c647d5a6cc9d4b2b7fad,0x3fc91a3afd70395cd496c647d5a6cc9d4b2b7fad,-164441453,100000000000000000,1953283826897053576551493472545397,35787477707849728241,202263
0x88e6a0c2ddd26feeb64f039a2c41296fcb3f5640,"['0xc42079f94a6350d7e6235f29174924f928cc2ac818eb64fed8004e115fbcca67', '0x000000000000000000000000ef1c6e67703c7bd7107eed8303fbe6ec2554bf6b', '0x000000000000000000000000ef1c6e67703c7bd7107eed8303fbe6ec2554bf6b']",0xfffffffffffffffffffffffffffffffffffffffffffffffffffffffff97de81000000000000000000000000000000000000000000000000000ebe672bd160000000000000000000000000000000000000000604de8e9f508d20dea746138c7e7000000000000000000000000000000000000000000000001f0a6a95d779800f10000000000000000000000000000000000000000000000000000000000031617,0x112b170,0xe851adf80f476ae90ee84cf58acbea2e66545f29dc2fcc019b72e1a23f978880,0x64ea922f,0x3cd3ab51b,0x3758c,0x59,0xdc02c4ca3eafab13068626ce0c1c9ab17ac11ee732d92af090250f33acff6a57,0x18,18002288,1693094447,2023-08-27 00:00:47,0xef1c6e67703c7bd7107eed8303fbe6ec2554bf6b,0xef1c6e67703c7bd7107eed8303fbe6ec2554bf6b,-109189104,66400000000000000,1953283973823295735225541847468007,35787477707849728241,202263
0x88e6a0c2ddd26feeb64f039a2c41296fcb3f5640,"['0xc42079f94a6350d7e6235f29174924f928cc2ac818eb64fed8004e115fbcca67', '0x000000000000000000000000ef1c6e67703c7bd7107eed8303fbe6ec2554bf6b', '0x000000000000000000000000ef1c6e67703c7bd7107eed8303fbe6ec2554bf6b']",0xfffffffffffffffffffffffffffffffffffffffffffffffffffffffffb19696400000000000000000000000000000000000000000000000000b1a2bc2ec50000000000000000000000000000000000000000604de94579611b2622c4e36cc379000000000000000000000000000000000000000000000001f0a6a95d779800f10000000000000000000000000000000000000000000000000000000000031617,0x112b171,0x0f2009533e8f58ec2e416ec9dbfe71d3c1def7111dd192c32510b4fdcc418241,0x64ea923b,0x3af6e8f10,0x37521,0x29,0xe9ac407c54b01a66110f0401c9f210db26007087835e128bada18842d2b178d1,0x9,18002289,1693094459,2023-08-27 00:00:59,0xef1c6e67703c7bd7107eed8303fbe6ec2554bf6b,0xef1c6e67703c7bd7107eed8303fbe6ec2554bf6b,-82220700,50000000000000000,1953284084460526276395758997259129,35787477707849728241,202263
0x88e6a0c2ddd26feeb64f039a2c41296fcb3f5640,"['0xc42079f94a6350d7e6235f29174924f928cc2ac818eb64fed8004e115fbcca67', '0x000000000000000000000000ef1c6e67703c7bd7107eed8303fbe6ec2554bf6b', '0x000000000000000000000000ef1c6e67703c7bd7107eed8303fbe6ec2554bf6b']",0xfffffffffffffffffffffffffffffffffffffffffffffffffffffffdb3ea6ed400000000000000000000000000000000000000000000000053444835ec580000000000000000000000000000000000000000604e142b82c35e808881ebcab014000000000000000000000000000000000000000000000001f0a6a95d779800f10000000000000000000000000000000000000000000000000000000000031618,0x112b172,0x57eb0a7ea4dac8f342c6ff6527103adc6db6eac3db5e38958aa9b9b6eb2778e6,0x64ea9247,0x35eca1122,0x39955,0x47,0x1b7835e7a0f10c60aeb3146f96ffce0556c58193e069ed0ccb9ce497be6c12c6,0x34,18002290,1693094471,2023-08-27 00:01:11,0xef1c6e67703c7bd7107eed8303fbe6ec2554bf6b,0xef1c6e67703c7bd7107eed8303fbe6ec2554bf6b,-9866416428,6000000000000000000,1953297360928191216821816972193812,35787477707849728241,202264
0x88e6a0c2ddd26feeb64f039a2c41296fcb3f5640,"['0xc42079f94a6350d7e6235f29174924f928cc2ac818eb64fed8004e115fbcca67', '0x000000000000000000000000ef1c6e67703c7bd7107eed8303fbe6ec2554bf6b', '0x000000000000000000000000ef1c6e67703c7bd7107eed8303fbe6ec2554bf6b']",0xffffffffffffffffffffffffffffffffffffffffffffffffffffffffcefe4b8e00000000000000000000000000000000000000000000000006f05b59d3b20000000000000000000000000000000000000000604e17beae363972bba701d283cb000000000000000000000000000000000000000000000001f0a6a95d779800f10000000000000000000000000000000000000000000000000000000000031618,0x112b173,0x1b4adca36c264d107fbdcd2a307d08acefd8a309dd7f3389cfd4f9c35ada2e45,0x64ea9253,0x5160fa481,0x37e88,0x18,0xdce3891366265760e786dc0bbc32e10c3bf391974d6effa2f8db38a1ffef049c,0x3,18002291,1693094483,2023-08-27 00:01:23,0xef1c6e67703c7bd7107eed8303fbe6ec2554bf6b,0xef1c6e67703c7bd7107eed8303fbe6ec2554bf6b,-822195314,500000000000000000,1953298467300496628523988470105035,35787477707849728241,202264
0x88e6a0c2ddd26feeb64f039a2c41296fcb3f5640,"['0xc42079f94a6350d7e6235f29174924f928cc2ac818eb64fed8004e115fbcca67', '0x0000000000000000000000003fc91a3afd70395cd496c647d5a6cc9d4b2b7fad', '0x0000000000000000000000003fc91a3afd70395cd496c647d5a6cc9d4b2b7fad']",0xffffffffffffffffffffffffffffffffffffffffffffffffffffffffec65b8d700000000000000000000000000000000000000000000000002c68af0bb140000000000000000000000000000000000000000604e192cbf975dd39ce90aa27214000000000000000000000000000000000000000000000001f0a6a95d779800f10000000000000000000000000000000000000000000000000000000000031618,0x112b173,0x1b4adca36c264d107fbdcd2a307d08acefd8a309dd7f3389cfd4f9c35ada2e45,0x64ea9253,0x2c82f0579,0x2e465,0xc6,0x44f2d5b87d49d47449d16e03f78f4005954d24d287a4281cd2f373dc222100cd,0x72,18002291,1693094483,2023-08-27 00:01:23,0x3fc91a3afd70395cd496c647d5a6cc9d4b2b7fad,0x3fc91a3afd70395cd496c647d5a6cc9d4b2b7fad,-328877865,200000000000000000,1953298909849418793204857069269524,35787477707849728241,202264
0x88e6a0c2ddd26feeb64f039a2c41296fcb3f5640,"['0xc42079f94a6350d7e6235f29174924f928cc2ac818eb64fed8004e115fbcca67', '0x0000000000000000000000001111111254fb6c44bac0bed2854e76f90643097d', '0x0000000000000000000000001111111254fb6c44bac0bed2854e76f90643097d']",0xffffffffffffffffffffffffffffffffffffffffffffffffffffffff3bf958690000000000000000000000000000000000000000000000001bc16d674ec80000000000000000000000000000000000000000604e27796d62c99c697d62c1c0f2000000000000000000000000000000000000000000000001f0a6a95d779800f10000000000000000000000000000000000000000000000000000000000031618,0x112b173,0x1b4adca36c264d107fbdcd2a307d08acefd8a309dd7f3389cfd4f9c35ada2e45,0x64ea9253,0x2c82f0579,0x2cc14,0xe9,0x09e986f972dac6af25d73344d6069d3c36c159914ae44b770a428f6092fbbc10,0x7e,18002291,1693094483,2023-08-27 00:01:23,0x1111111254fb6c44bac0bed2854e76f90643097d,0x1111111254fb6c44bac0bed2854e76f90643097d,-3288770455,2000000000000000000,1953303335338640440013543060914418,35787477707849728241,202264
0x88e6a0c2ddd26feeb64f039a2c41296fcb3f5640,"['0xc42079f94a6350d7e6235f29174924f928cc2ac818eb64fed8004e115fbcca67', '0x000000000000000000000000ef1c6e67703c7bd7107eed8303fbe6ec2554bf6b', '0x000000000000000000000000ef1c6e67703c7bd7107eed8303fbe6ec2554bf6b']",0xffffffffffffffffffffffffffffffffffffffffffffffffffffffff9dfcc2090000000000000000000000000000000000000000000000000de0b6b3a7640000000000000000000000000000000000000000604e2e9fc4487f80cfc78ed16861000000000000000000000000000000000000000000000001f0a6a95d779800f10000000000000000000000000000000000000000000000000000000000031618,0x112b174,0x28b24aee57867e6d61197d38602176f2aa266411da2a471de9b30d0136151dc8,0x64ea925f,0x10d5e60c73,0x34931,0x4,0x8554965aac667744d574aa5caaf0bfb21d5a4414b43c2cebd75c3310cacf1e9f,0x,18002292,1693094495,2023-08-27 00:01:35,0xef1c6e67703c7bd7107eed8303fbe6ec2554bf6b,0xef1c6e67703c7bd7107eed8303fbe6ec2554bf6b,-1644379639,1000000000000000000,1953305548083251263417886056736865,35787477707849728241,202264
0x88e6a0c2ddd26feeb64f039a2c41296fcb3f5640,"['0xc42079f94a6350d7e6235f29174924f928cc2ac818eb64fed8004e115fbcca67', '0x000000000000000000000000ef1c6e67703c7bd7107eed8303fbe6ec2554bf6b', '0x000000000000000000000000ef1c6e67703c7bd7107eed8303fbe6ec2554bf6b']",0xfffffffffffffffffffffffffffffffffffffffffffffffffffffffe15f0a4780000000000000000000000000000000000000000000000004563918244f40000000000000000000000000000000000000000604e525f76c50cf6cf3a6b1fad8d000000000000000000000000000000000000000000000001f0a6a95d779800f10000000000000000000000000000000000000000000000000000000000031618,0x112b174,0x28b24aee57867e6d61197d38602176f2aa266411da2a471de9b30d0136151dc8,0x64ea925f,0xfabe01a73,0x3726c,0xc,0x3f5102ce7a18ed70d5a42db5aac17a5be65c33e917cfd5111cadc4fa2386086a,0x1,18002292,1693094495,2023-08-27 00:01:35,0xef1c6e67703c7bd7107eed8303fbe6ec2554bf6b,0xef1c6e67703c7bd7107eed8303fbe6ec2554bf6b,-8221842312,5000000000000000000,1953316611806305380439601035849101,35787477707849728241,202264
0x88e6a0c2ddd26feeb64f039a2c41296fcb3f5640,"['0xc42079f94a6350d7e6235f29174924f928cc2ac818eb64fed8004e115fbcca67', '0x000000000000000000000000ef1c6e67703c7bd7107eed8303fbe6ec2554bf6b', '0x000000000000000000000000ef1c6e67703c7bd7107eed8303fbe6ec2554bf6b']",0xfffffffffffffffffffffffffffffffffffffffffffffffffffffffc2be58c630000000000000000000000000000000000000000000000008ac7230489e80000000000000000000000000000000000000000604e99dedbbe27e2ce2023bc37e5000000000000000000000000000000000000000000000001f0a6a95d779800f10000000000000000000000000000000000000000000000000000000000031618,0x112b175,0x255a0c3d6c5a8ef36db104daa93d30ad64206eef2f10c815657df2fd3524b2b5,0x64ea926b,0xe9505d9c3,0x37e9e,0x4,0x5527531f4a8303342657a7c55549d2bd14949e0ea2e7cf306241e5b69999bb3c,0x,18002293,1693094507,2023-08-27 00:01:47,0xef1c6e67703c7bd7107eed8303fbe6ec2554bf6b,0xef1c6e67703c7bd7107eed8303fbe6ec2554bf6b,-16443405213,10000000000000000000,1953338739252413614483030994073573,35787477707849728241,202264
0x88e6a0c2ddd26feeb64f039a2c41296fcb3f5640,"['0xc42079f94a6350d7e6235f29174924f928cc2ac818eb64fed8004e115fbcca67', '0x000000000000000000000000ef1c6e67703c7bd7107eed8303fbe6ec2554bf6b', '0x000000000000000000000000ef1c6e67703c7bd7107eed8303fbe6ec2554bf6b']",0xfffffffffffffffffffffffffffffffffffffffffffffffffffffffed9f92c4a00000000000000000000000000000000000000000000000029a2241af62c0000000000000000000000000000000000000000604eaf51e06f499000fea7eb2e32000000000000000000000000000000000000000000000001f0a6a95d779800f10000000000000000000000000000000000000000000000000000000000031618,0x112b175,0x255a0c3d6c5a8ef36db104daa93d30ad64206eef2f10c815657df2fd3524b2b5,0x64ea926b,0x367fff9c3,0x3722e,0x41,0xc3e529aed4296eb174e676a20e152990a486bdf5ea02c3df0f5355bcf1518cc2,0x11,18002293,1693094507,2023-08-27 00:01:47,0xef1c6e67703c7bd7107eed8303fbe6ec2554bf6b,0xef1c6e67703c7bd7107eed8303fbe6ec2554bf6b,-4932948918,3000000000000000000,1953345377486246084696059981540914,35787477707849728241,202264
0x88e6a0c2ddd26feeb64f039a2c41296fcb3f5640,"['0xc42079f94a6350d7e6235f29174924f928cc2ac818eb64fed8004e115fbcca67', '0x000000000000000000000000ef1c6e67703c7bd7107eed8303fbe6ec2554bf6b', '0x000000000000000000000000ef1c6e67703c7bd7107eed8303fbe6ec2554bf6b']",0xffffffffffffffffffffffffffffffffffffffffffffffffffffffffcefee97300000000000000000000000000000000000000000000000006f05b59d3b20000000000000000000000000000000000000000604eb2e50be224823423bdf301e9000000000000000000000000000000000000000000000001f0a6a95d779800f10000000000000000000000000000000000000000000000000000000000031618,0x112b176,0xbfb73cf9121749e19cff612737cbf2378390e3d8684ed387db75f3dfdf16478d,0x64ea9277,0x1a02c54514,0x3724c,0x55,0x4cc22549a762bec8314e0e58bfcf0a97288556d200f6f4a06dc45af362e1513f,0xe,18002294,1693094519,2023-08-27 00:01:59,0xef1c6e67703c7bd7107eed8303fbe6ec2554bf6b,0xef1c6e67703c7bd7107eed8303fbe6ec2554bf6b,-822154893,500000000000000000,1953346483858551496398231479452137,35787477707849728241,202264
0x88e6a0c2ddd26feeb64f039a2c41296fcb3f5640,"['0xc42079f94a6350d7e6235f29174924f928cc2ac818eb64fed8004e115fbcca67', '0x000000000000000000000000ef1c6e67703c7bd7107eed8303fbe6ec2554bf6b', '0x000000000000000000000000ef1c6e67703c7bd7107eed8303fbe6ec2554bf6b']",0x000000000000000000000000000000000000000000000000000000000b7ca755fffffffffffffffffffffffffffffffffffffffffffffffffe6006a9daf0c01d000000000000000000000000000000000000604eb20ea1b0e3192211ffd5e530000000000000000000000000000000000000000000000001f0a6a95d779800f10000000000000000000000000000000000000000000000000000000000031618,0x112b176,0xbfb73cf9121749e19cff612737cbf2378390e3d8684ed387db75f3dfdf16478d,0x64ea9277,0x36d1ebb14,0x3c82a,0x73,0x80235a246cb36453c43ad9f71bc7a8242ec3dd3a3ece1a52f1f65fc1163eaee6,0x1f,18002294,1693094519,2023-08-27 00:01:59,0xef1c6e67703c7bd7107eed8303fbe6ec2554bf6b,0xef1c6e67703c7bd7107eed8303fbe6ec2554bf6b,192718677,-117086263719182307,1953346224646946647905441498391856,35787477707849728241,202264
0x88e6a0c2ddd26feeb64f039a2c41296fcb3f5640,"['0xc42079f94a6350d7e6235f29174924f928cc2ac818eb64fed8004e115fbcca67', '0x0000000000000000000000003fc91a3afd70395cd496c647d5a6cc9d4b2b7fad', '0x0000000000000000000000003fc91a3afd70395cd496c647d5a6cc9d4b2b7fad']",0xffffffffffffffffffffffffffffffffffffffffffffffffffffffff3bfbc6c30000000000000000000000000000000000000000000000001bc16d674ec80000000000000000000000000000000000000000604ec05b4f7c4ee1eea657f5340e000000000000000000000000000000000000000000000001f0a6a95d779800f10000000000000000000000000000000000000000000000000000000000031618,0x112b177,0x436af7ee30651159323b3f1847785874bc49cb15c96caf288789f864459a5a21,0x64ea9283,0x4fd29dd13,0x33679,0x4,0x64d5f0e3be16ff795acbd66d5b91efeeceff425273f67e1e9b14dc0f78f9d6d6,0x1,18002295,1693094531,2023-08-27 00:02:11,0x3fc91a3afd70395cd496c647d5a6cc9d4b2b7fad,0x3fc91a3afd70395cd496c647d5a6cc9d4b2b7fad,-3288611133,2000000000000000000,1953350650136168294714127490036750,35787477707849728241,202264
0x88e6a0c2ddd26feeb64f039a2c41296fcb3f5640,"['0xc42079f94a6350d7e6235f29174924f928cc2ac818eb64fed8004e115fbcca67', '0x000000000000000000000000e592427a0aece92de3edee1f18e0157c05861564', '0x000000000000000000000000e592427a0aece92de3edee1f18e0157c05861564']",0xffffffffffffffffffffffffffffffffffffffffffffffffffffffff0afb0a4f00000000000000000000000000000000000000000000000022b1c8c1227a0000000000000000000000000000000000000000604ed23b28ba959cee5fc61c56a4000000000000000000000000000000000000000000000001f0a6a95d779800f10000000000000000000000000000000000000000000000000000000000031618,0x112b178,0xd0e56db4b100d4bcbce0449ef16727c60e01bbcc40c98597e36341d801ec9539,0x64ea928f,0x148c427680,0x33e3f,0x216,0x3371db98f436cd98d7a5b16f583882d80f332707fcc5196222ce7716719e407c,0x3f,18002296,1693094543,2023-08-27 00:02:23,0xe592427a0aece92de3edee1f18e0157c05861564,0xe592427a0aece92de3edee1f18e0157c05861564,-4110742961,2500000000000000000,1953356181997695353224984979592868,35787477707849728241,202264
0x88e6a0c2ddd26feeb64f039a2c41296fcb3f5640,"['0xc42079f94a6350d7e6235f29174924f928cc2ac818eb64fed8004e115fbcca67', '0x00000000000000000000000068b3465833fb72a70ecdf485e0e4c7bd8665fc45', '0x00000000000000000000000038237d83555b6e46d0bcd2f56c7af8cbedcecd13']",0xffffffffffffffffffffffffffffffffffffffffffffffffffffffffceff0cfa00000000000000000000000000000000000000000000000006f05b59d3b20000000000000000000000000000000000000000604ed5ce542d708f2184dc242a5b000000000000000000000000000000000000000000000001f0a6a95d779800f10000000000000000000000000000000000000000000000000000000000031618,0x112b178,0xd0e56db4b100d4bcbce0449ef16727c60e01bbcc40c98597e36341d801ec9539,0x64ea928f,0x4fc490080,0x21e6c,0x261,0xe2db19635382e1d5b1ffa8f71e36c8e7358545aaa6ac715371d10427a31221c5,0x48,18002296,1693094543,2023-08-27 00:02:23,0x68b3465833fb72a70ecdf485e0e4c7bd8665fc45,0x38237d83555b6e46d0bcd2f56c7af8cbedcecd13,-822145798,500000000000000000,1953357288370000764927156477504091,35787477707849728241,202264
0x88e6a0c2ddd26feeb64f039a2c41296fcb3f5640,"['0xc42079f94a6350d7e6235f29174924f928cc2ac818eb64fed8004e115fbcca67', '0x000000000000000000000000e592427a0aece92de3edee1f18e0157c05861564', '0x0000000000000000000000009008d19f58aabd9ed0d60971565aa8510560ab41']",0x00000000000000000000000000000000000000000000000000000002dadbdeb1ffffffffffffffffffffffffffffffffffffffffffffffff989d78fa2ff9b386000000000000000000000000000000000000604ea0841777419e6a6ffd11bb11000000000000000000000000000000000000000000000001f0a6a95d779800f10000000000000000000000000000000000000000000000000000000000031618,0x112b178,0xd0e56db4b100d4bcbce0449ef16727c60e01bbcc40c98597e36341d801ec9539,0x64ea928f,0x2e86aa700,0x8bd10,0x2b1,0x809688250753a4bf32833b0238967e113531b9ad6b2fb45a4302301f4636e8b9,0x5a,18002296,1693094543,2023-08-27 00:02:23,0xe592427a0aece92de3edee1f18e0157c05861564,0x9008d19f58aabd9ed0d60971565aa8510560ab41,12261777073,-7449665192658881658,1953340795917266903357740859636497,35787477707849728241,202264
0x88e6a0c2ddd26feeb64f039a2c41296fcb3f5640,"['0xc42079f94a6350d7e6235f29174924f928cc2ac818eb64fed8004e115fbcca67', '0x000000000000000000000000ef1c6e67703c7bd7107eed8303fbe6ec2554bf6b', '0x000000000000000000000000ef1c6e67703c7bd7107eed8303fbe6ec2554bf6b']",0xffffffffffffffffffffffffffffffffffffffffffffffffffffffffcefeda6200000000000000000000000000000000000000000000000006f05b59d3b20000000000000000000000000000000000000000604ea41742ea1c909d9513198ec8000000000000000000000000000000000000000000000001f0a6a95d779800f10000000000000000000000000000000000000000000000000000000000031618,0x112b178,0xd0e56db4b100d4bcbce0449ef16727c60e01bbcc40c98597e36341d801ec9539,0x64ea928f,0x351841280,0x3723b,0x2e3,0xc450dcc08818882ec5063352cd9c66fda4cbfb042b0f9fd713f03ea9a99cadb1,0x73,18002296,1693094543,2023-08-27 00:02:23,0xef1c6e67703c7bd7107eed8303fbe6ec2554bf6b,0xef1c6e67703c7bd7107eed8303fbe6ec2554bf6b,-822158750,500000000000000000,1953341902289572315059912357547720,35787477707849728241,202264
0x88e6a0c2ddd26feeb64f039a2c41296fcb3f5640,"['0xc42079f94a6350d7e6235f29174924f928cc2ac818eb64fed8004e115fbcca67', '0x0000000000000000000000003fc91a3afd70395cd496c647d5a6cc9d4b2b7fad', '0x0000000000000000000000003fc91a3afd70395cd496c647d5a6cc9d4b2b7fad']",0xfffffffffffffffffffffffffffffffffffffffffffffffffffffffe15f54fea0000000000000000000000000000000000000000000000004563918244f40000000000000000000000000000000000000000604ec7d6f566aa069d07ef67d3f4000000000000000000000000000000000000000000000001f0a6a95d779800f10000000000000000000000000000000000000000000000000000000000031618,0x112b178,0xd0e56db4b100d4bcbce0449ef16727c60e01bbcc40c98597e36341d801ec9539,0x64ea928f,0x2b0955780,0x2e463,0x34c,0xcfddc711c3f426b94d6131b9281ad359646efed6737e604408a23b3d90f8c35f,0x90,18002296,1693094543,2023-08-27 00:02:23,0x3fc91a3afd70395cd496c647d5a6cc9d4b2b7fad,0x3fc91a3afd70395cd496c647d5a6cc9d4b2b7fad,-8221536278,5000000000000000000,1953352966012626432081627336659956,35787477707849728241,202264
0x88e6a0c2ddd26feeb64f039a2c41296fcb3f5640,"['0xc42079f94a6350d7e6235f29174924f928cc2ac818eb64fed8004e115fbcca67', '0x000000000000000000000000ef1c6e67703c7bd7107eed8303fbe6ec2554bf6b', '0x000000000000000000000000ef1c6e67703c7bd7107eed8303fbe6ec2554bf6b']",0xfffffffffffffffffffffffffffffffffffffffffffffffffffffffe77f879110000000000000000000000000000000000000000000000003782dace9d900000000000000000000000000000000000000000604ee47050fd819836309fa671b1000000000000000000000000000000000000000000000001f0a6a95d779800f10000000000000000000000000000000000000000000000000000000000031618,0x112b17a,0x0097c60c4afd5e38a8e3b42dcda8aac41f025829b1ecde42e5c7d69647cee64a,0x64ea92a7,0xc479fbd2c,0x37e76,0x4,0x762acb8bb30536b3861db18d32c7ff206bd42ade0c4fff4ba1880e43691662ec,0x2,18002298,1693094567,2023-08-27 00:02:47,0xef1c6e67703c7bd7107eed8303fbe6ec2554bf6b,0xef1c6e67703c7bd7107eed8303fbe6ec2554bf6b,-6577161967,4000000000000000000,1953361816991069725698999319949745,35787477707849728241,202264
0x88e6a0c2ddd26feeb64f039a2c41296fcb3f5640,"['0xc42079f94a6350d7e6235f29174924f928cc2ac818eb64fed8004e115fbcca67', '0x000000000000000000000000ef1c6e67703c7bd7107eed8303fbe6ec2554bf6b', '0x000000000000000000000000ef1c6e67703c7bd7107eed8303fbe6ec2554bf6b']",0x000000000000000000000000000000000000000000000000000000042e599effffffffffffffffffffffffffffffffffffffffffffffffff68977ac26dfd0ebd000000000000000000000000000000000000604e96651c2b38b069d586e57e92000000000000000000000000000000000000000000000001f0a6a95d779800f10000000000000000000000000000000000000000000000000000000000031618,0x112b17a,0x0097c60c4afd5e38a8e3b42dcda8aac41f025829b1ecde42e5c7d69647cee64a,0x64ea92a7,0x79f87f52c,0x3da76,0x2a,0x67302ca50949acae9d8085f093155897c6a897183173ba883c13dfd09e5e630e,0x8,18002298,1693094567,2023-08-27 00:02:47,0xef1c6e67703c7bd7107eed8303fbe6ec2554bf6b,0xef1c6e67703c7bd7107eed8303fbe6ec2554bf6b,17957494527,-10910116596794192195,1953337663612677518265835327946386,35787477707849728241,202264
0x88e6a0c2ddd26feeb64f039a2c41296fcb3f5640,"['0xc42079f94a6350d7e6235f29174924f928cc2ac818eb64fed8004e115fbcca67', '0x000000000000000000000000ef1c6e67703c7bd7107eed8303fbe6ec2554bf6b', '0x000000000000000000000000ef1c6e67703c7bd7107eed8303fbe6ec2554bf6b']",0xffffffffffffffffffffffffffffffffffffffffffffffffffffffffec65ec6600000000000000000000000000000000000000000000000002c68af0bb140000000000000000000000000000000000000000604e97d32d8c5d114b178fb56cdb000000000000000000000000000000000000000000000001f0a6a95d779800f10000000000000000000000000000000000000000000000000000000000031618,0x112b17a,0x0097c60c4afd5e38a8e3b42dcda8aac41f025829b1ecde42e5c7d69647cee64a,0x64ea92a7,0x3aa408b2c,0x33cb3,0x68,0x8ee154791eb4528b71c081e0fda74e19920154d626a31a49190dae964c02fe81,0x19,18002298,1693094567,2023-08-27 00:02:47,0xef1c6e67703c7bd7107eed8303fbe6ec2554bf6b,0xef1c6e67703c7bd7107eed8303fbe6ec2554bf6b,-328864666,200000000000000000,1953338106161599682946703927110875,35787477707849728241,202264
0x88e6a0c2ddd26feeb64f039a2c41296fcb3f5640,"['0xc42079f94a6350d7e6235f29174924f928cc2ac818eb64fed8004e115fbcca67', '0x000000000000000000000000e592427a0aece92de3edee1f18e0157c05861564', '0x000000000000000000000000638a98bbb92a7582d07c52ff407d49664dc8b3ee']",0xffffffffffffffffffffffffffffffffffffffffffffffffffffffffe9af9b0c0000000000000000000000000000000000000000000000000328db2eee46c753000000000000000000000000000000000000604e9973e5797596185f7d310b06000000000000000000000000000000000000000000000001f0a6a95d779800f10000000000000000000000000000000000000000000000000000000000031618,0x112b17a,0x0097c60c4afd5e38a8e3b42dcda8aac41f025829b1ecde42e5c7d69647cee64a,0x64ea92a7,0x3330af72c,0x761152,0x1e5,0xfb596a5e063a1e05cb863f278028949893a4e99f5a255bfd7e73627ffc5a4a35,0x32,18002298,1693094567,2023-08-27 00:02:47,0xe592427a0aece92de3edee1f18e0157c05861564,0x638a98bbb92a7582d07c52ff407d49664dc8b3ee,-374367476,227672775794804563,1953338609943307354105717489470214,35787477707849728241,202264
0x88e6a0c2ddd26feeb64f039a2c41296fcb3f5640,"['0xc42079f94a6350d7e6235f29174924f928cc2ac818eb64fed8004e115fbcca67', '0x000000000000000000000000e592427a0aece92de3edee1f18e0157c05861564', '0x000000000000000000000000638a98bbb92a7582d07c52ff407d49664dc8b3ee']",0xffffffffffffffffffffffffffffffffffffffffffffffffffffffffebeb91cf00000000000000000000000000000000000000000000000002d7de4b99ce59e1000000000000000000000000000000000000604e9aeae3ecee489cd0ab74a578000000000000000000000000000000000000000000000001f0a6a95d779800f10000000000000000000000000000000000000000000000000000000000031618,0x112b17a,0x0097c60c4afd5e38a8e3b42dcda8aac41f025829b1ecde42e5c7d69647cee64a,0x64ea92a7,0x3330af72c,0x761152,0x20a,0xfb596a5e063a1e05cb863f278028949893a4e99f5a255bfd7e73627ffc5a4a35,0x32,18002298,1693094567,2023-08-27 00:02:47,0xe592427a0aece92de3edee1f18e0157c05861564,0x638a98bbb92a7582d07c52ff407d49664dc8b3ee,-336883249,204876724352997857,1953339063283175049353847360497016,35787477707849728241,202264
0x88e6a0c2ddd26feeb64f039a2c41296fcb3f5640,"['0xc42079f94a6350d7e6235f29174924f928cc2ac818eb64fed8004e115fbcca67', '0x000000000000000000000000e592427a0aece92de3edee1f18e0157c05861564', '0x000000000000000000000000638a98bbb92a7582d07c52ff407d49664dc8b3ee']",0xfffffffffffffffffffffffffffffffffffffffffffffffffffffffffe53366c000000000000000000000000000000000000000000000000003cb7058df63cce000000000000000000000000000000000000604e9b0a2b9bd507c1a8fd3775e7000000000000000000000000000000000000000000000001f0a6a95d779800f10000000000000000000000000000000000000000000000000000000000031618,0x112b17a,0x0097c60c4afd5e38a8e3b42dcda8aac41f025829b1ecde42e5c7d69647cee64a,0x64ea92a7,0x3330af72c,0x761152,0x225,0xfb596a5e063a1e05cb863f278028949893a4e99f5a255bfd7e73627ffc5a4a35,0x32,18002298,1693094567,2023-08-27 00:02:47,0xe592427a0aece92de3edee1f18e0157c05861564,0x638a98bbb92a7582d07c52ff407d49664dc8b3ee,-28101012,17089733087083726,1953339101098389838208782826960359,35787477707849728241,202264
0x88e6a0c2ddd26feeb64f039a2c41296fcb3f5640,"['0xc42079f94a6350d7e6235f29174924f928cc2ac818eb64fed8004e115fbcca67', '0x000000000000000000000000ef1c6e67703c7bd7107eed8303fbe6ec2554bf6b', '0x000000000000000000000000ef1c6e67703c7bd7107eed8303fbe6ec2554bf6b']",0x00000000000000000000000000000000000000000000000000000001175bbad8ffffffffffffffffffffffffffffffffffffffffffffffffd87bc1ecad6d82d9000000000000000000000000000000000000604e86abba6406ac08ae6b671ddb000000000000000000000000000000000000000000000001f0a6a95d779800f10000000000000000000000000000000000000000000000000000000000031618,0x112b17b,0x21e8967d550cfeb57a64336aa22cedb4ab419ca86777560b66b7c8b4298afebf,0x64ea92b3,0xb5efa03b0,0x39848,0x12,0xc29c7c8168c187e46c791b07ef261ebe8ce6d5fa0f6cfc10f3f405f1343227e3,0x1,18002299,1693094579,2023-08-27 00:02:59,0xef1c6e67703c7bd7107eed8303fbe6ec2554bf6b,0xef1c6e67703c7bd7107eed8303fbe6ec2554bf6b,4686854872,-2847469117115628839,1953332797224509514361960952962523,35787477707849728241,202264
0x88e6a0c2ddd26feeb64f039a2c41296fcb3f5640,"['0xc42079f94a6350d7e6235f29174924f928cc2ac818eb64fed8004e115fbcca67', '0x000000000000000000000000ef1c6e67703c7bd7107eed8303fbe6ec2554bf6b', '0x000000000000000000000000ef1c6e67703c7bd7107eed8303fbe6ec2554bf6b']",0xffffffffffffffffffffffffffffffffffffffffffffffffffffffffcefec01500000000000000000000000000000000000000000000000006f05b59d3b20000000000000000000000000000000000000000604e8a3ee5d6e19e3bd3816ef192000000000000000000000000000000000000000000000001f0a6a95d779800f10000000000000000000000000000000000000000000000000000000000031618,0x112b17b,0x21e8967d550cfeb57a64336aa22cedb4ab419ca86777560b66b7c8b4298afebf,0x64ea92b3,0x6f27d05b0,0x37246,0x21,0x29f293cb0f6c45379a0f554b388f1ee4d9fff39d80ec54e68a50404980cf5ff7,0x3,18002299,1693094579,2023-08-27 00:02:59,0xef1c6e67703c7bd7107eed8303fbe6ec2554bf6b,0xef1c6e67703c7bd7107eed8303fbe6ec2554bf6b,-822165483,500000000000000000,1953333903596814926064132450873746,35787477707849728241,202264
