transactionHash,ae_anomaly,ae_label,ae_reconstruction_error,ae_threshold
0x8187139f2cf5e1d2b0a817f2951f0592fccc43dabf71ebc93de0edb648bd3413,1,normal,1.20582207684811,5.215185072115547
0x29ec08dc5eed0e1cd411b29c52607661155087ffa107bae7f5e4a79f5306be1d,1,normal,1.321348724424536,5.215185072115547
0xcf7b968094b30c7a7e1c88003e8496c621b73ef284e41019c53101548ae20825,1,normal,2.0251236534943544,5.215185072115547
0x070379239598fdeaed5cf8910f87135c55783fb75778715c16400ea4a4e96b7b,1,normal,1.0332299699831613,5.215185072115547
0xb3bb64bb54d6465a80bfa0fe396868c08c40595b84e9d49ee493ff0b056d8f34,1,normal,2.1146471146432666,5.215185072115547
0xf2a7a81d39cfa4e64b67d33a2c4e63cc7291fd931ebae2754240d9a9ecbb47b4,1,normal,1.1117499493586802,5.215185072115547
0xfb0800075a5b48d32e9766962bded29a59ed1a4231d4124c63585f035ef58f49,1,normal,1.0088763928960485,5.215185072115547
0x195b32039fe91b7d662827637e7fac59ebde269aa223cfb3164556b7d243b40c,1,normal,1.1680849226333978,5.215185072115547
0xf28c37f6f39da97a1e5d1b9df4ca35ac8dc5217fb51c587a6fd5d1c54da7741f,1,normal,0.9231034455038393,5.215185072115547
0xa8c4873c8540e31366847b146c17b7f81a8ea89399faf8f1087526ab6adb5ef0,1,normal,1.0389556133107052,5.215185072115547
0x576d098aa850b1a9a6d4cec157a3cfc1153eec103e81ed7fc055773e23eef160,1,normal,1.3255967943251625,5.215185072115547
0xa7082b7b8f569d53499eb79fca2b2c8126458727a59472af96b511d37be8066e,1,normal,1.2383741381623294,5.215185072115547
0x493308c5c6517d181e3a697f2b77a7ebd327ef9c4d616bc48dbf02e528696bdd,1,normal,1.0759025620984495,5.215185072115547
0xf880a2f80e3340a3de91561d4e071cda46ec7c9d82d679f1032d5b2d4f0dd5a6,-1,anomaly,48.15004672404535,5.215185072115547
0x66894f5531f22491de9e534d16332f2f7657ea2a4ee851184f12f8d52333aac7,1,normal,1.4353364004065987,5.215185072115547
0x6e4eda20b7cfa9b6d1e36e71fcebad75c3d03a7faaf4e490aaa1c033012d3656,-1,anomaly,15.33861844340511,5.215185072115547
0x525bde5f069dac2457e3dccda54bdbef9bf268a3ac953b49ae6f2cca7008b106,-1,anomaly,120.17110478468722,5.215185072115547
0x4cafa490b98c87c5d1867ff279e222ca01dfdb20393ce63d3533d9e2332a9050,1,normal,1.115014707533285,5.215185072115547
0x7ae4087e67a5d95f9c58afc03b282c3f5d90c4ce9d0260ecb79a7ba986220fcd,1,normal,0.6838008962076129,5.215185072115547
0x78fe21e7565ae57985b71664d79c1ec2991d0e500c5c858ef943c7279d1e298e,1,normal,0.5032442498820251,5.215185072115547
0xf30a9820f35e96a345c7385f4fc5817607dda9ba0ba3a19e18e0b7213a11d287,1,normal,0.38488405666997344,5.215185072115547
0x260b99ad20aee1eae6ab1e764ba1b3a6bf946c3da605e0a5256e90e754ec330f,1,normal,0.44487187725394106,5.215185072115547
0x380b9c771c20e3aee11096f12896a6e35335a62ff6983d60e5b7aa62e746df77,1,normal,1.4140736913643486,5.215185072115547
0x18a1e99d1e4df854f2b8d81df65f5e68355a491a80101d1c2ff74607753d2a60,1,normal,0.34163836826969485,5.215185072115547
0x22ade2cb421bc5be2c24dbbde8b89f8b9b66e4465d9cbcfe90378eee829092af,1,normal,0.603529727633972,5.215185072115547
0x22ade2cb421bc5be2c24dbbde8b89f8b9b66e4465d9cbcfe90378eee829092af,1,normal,0.27387093821994796,5.215185072115547
0xdc2426005a5726dcd39619da157d6410d3a7d0862efb5be1cab2729c8ff7e30b,1,normal,0.41168880169904426,5.215185072115547
0x5a647a4cdfa8501c729007530bfe4ad283ebbff20e624e2cb81c041481206a91,1,normal,0.45332938825737684,5.215185072115547
0x6a138e9b9dadcb92fcf5397a284c4f69c2cd556296bb47617350a1be267a2952,1,normal,0.29502232310951254,5.215185072115547
0x86f7537300feab454a095009b6f3a18193620f49e9274c48a032d9e8924b5f96,1,normal,0.3877637228715977,5.215185072115547
0x58d84eb8673cb03710908308f10440a3eff9f055583cad6933609353df84e6ff,-1,anomaly,7.238983978263528,5.215185072115547
0xd71237977566fc90f775c31715f7d443e46eb7e356726552d08600347cf0d9a5,-1,anomaly,2016.5993077102503,5.215185072115547
0x03dc807b461f4c252ee47091162c3e3f22efbcba33efc0badb8a71c5d1e0b687,1,normal,0.820188970756072,5.215185072115547
0x43a55f779e0c1f301ae486239cbbc6532071934e27143d1e2ec187be9a66744f,1,normal,0.27110160884430334,5.215185072115547
0x76971a4f00a0a836322c9825b6edf06c8c49bf4261ef86fc88893154283a7124,1,normal,2.121947901062741,5.215185072115547
0x76971a4f00a0a836322c9825b6edf06c8c49bf4261ef86fc88893154283a7124,1,normal,2.0956769720188495,5.215185072115547
0x3702ac58120bfc9f8ae33e5b09e8ba41d8a558af492ef2ffc61439ae8fb4011f,1,normal,0.23284889650573376,5.215185072115547
0xcd34ba3181b7ad68bf2af259c997089535ec1d85671101a5c3e831423fe45b59,1,normal,0.6404997665488822,5.215185072115547
0xf894655f111385850ba55f530542a86dbed9800a948ee4d6bd1db5fb8c7d3bb5,1,normal,1.8964887804635762,5.215185072115547
0x5d8ce7a9cc0a44022130c006e997d1edf71d88215cdbb3bf5ae63393fc7fdc4f,1,normal,1.2318131510370685,5.215185072115547
0xcadb0ff4f2c3a74fc03168bf290283b47dbeff068c07c9f784da8d3caf04e88f,1,normal,0.39058240672210875,5.215185072115547
0xee1b9c9440f80f0b0f6caadbc009d06195f5d8f38aa365b8fa1e7290f09d2f85,1,normal,0.41879104331516714,5.215185072115547
0xffb1cb00b80d185b8d825d6caf9ee86dbff622359cc18cd9457865a20f26fe24,1,normal,2.76248569912639,5.215185072115547
0x99f2d76d7522b8fe92295e957fc635930416e842645bdba7c44540c8c9f4cb99,1,normal,2.6457031329116147,5.215185072115547
0x732cdf51f30f7af1ccff43fd0dac476298e0cb6578a72c457e3860ef9be03429,1,normal,0.26054444681925365,5.215185072115547
0xc8ac88a39a545751dc62b112c3de1db843d56a9ca411a2b4ba8459f2bcff6541,1,normal,0.11973002769321416,5.215185072115547
0x9598e17e87c83ee5ab502311cb8063dcc3745d212385a9c305933ad8ce73897a,1,normal,1.0104834015214923,5.215185072115547
0xb329b1d898100e577ce2a09ee9e0fe32688eab4243fc5a0ead99242640242c5c,1,normal,0.3551921050683938,5.215185072115547
0x3a2a6429696d8d338cf43ff6917fffcd5518781d215e0f882a9f98b094f73d97,1,normal,0.23220690073553832,5.215185072115547
0xd4eadacf87abc21534452b083017a6f580b60790cb16387fc67aab340fe2f6bd,1,normal,0.8026080289688335,5.215185072115547
0xdf3fce9c2894bc2651657f203b7d5e21729853cf49b22e33469206b31829beba,1,normal,0.23875362982204687,5.215185072115547
0x6b151915ab904885bd144d0ebdec52f00770fcf5488979107b5a1adaad2b1ef4,1,normal,0.3157815263779594,5.215185072115547
0x1037323d011b7da15164f43ee60204a5272324fde0839ecfb381589c4cd13d85,1,normal,0.13308144515745604,5.215185072115547
0x86a0b6cc9204c53a5bc90ea979e56dcc27d88380715af598cd2048940e172165,-1,anomaly,5.239382949004758,5.215185072115547
0xcfbdc68ea784e3a4d232b5d4074c890dd00d86cfc64113f1173edfc9653f6e9b,1,normal,0.1704159874320436,5.215185072115547
0xd65039ae0a0f4067f56dc01ed0a13c216d78b77ca854dc30ba3a4e18cc8bcb9d,-1,anomaly,14.613824768732576,5.215185072115547
0x9c95e05b60f70a5304b25cd8b43d8174303466caeefb577bea489b85f9ce4c48,1,normal,0.501180653783776,5.215185072115547
0x5e9f7952f40f32892545aff4baee384e6656ff50f3ffa4bc9c07c1c4b52c66f9,1,normal,1.1944073565797317,5.215185072115547
0x970edb6941bad61ccb264f40571160ef6048b8f56cd2df19460d873e60a0c8b1,1,normal,0.7155574862391231,5.215185072115547
0xdb850d4101c6b3beb498adb3574f1b079a3dcea3318cd4e292d63a43fe862ab9,1,normal,0.34549378844933776,5.215185072115547
0x0280ac166e91306e9a5b9146b03bd3f5b2b9ad7d8c78c1b3feecfcc72d5b94ca,1,normal,0.5624405658742007,5.215185072115547
0x83fdb1a5da8d089a9593dd08b9c9f0af68bc55da37be748afd3fd2365be6e609,1,normal,0.2318339554504825,5.215185072115547
0x095747863ec868cf114920f89ed71cb6b202ba333698da42b477f67a0171ce6d,1,normal,0.2519453866228499,5.215185072115547
0x47923e680c5b276593275e006e6c32d51ff8198d8bab888ae470142b206619c7,-1,anomaly,3028.764925895095,5.215185072115547
0xf6dc2a86b386a50044a044fc19fed2a103aaa9db1c44c9982b42e2f238e5242a,1,normal,0.41900410654344394,5.215185072115547
0x5ad8517a14e46d519c033aa7625097978ce94d9d3c30d894ccc63b40d21b60cf,1,normal,4.122069068464337,5.215185072115547
0x2c95a06264cd262e670215cbdc3d41d6fa6b6a1440229791be507f2968ed0eef,1,normal,1.0477755127559827,5.215185072115547
0x4abcb2865cb5cbd6b15ae500c799479a19cdeea4745f56f6af96b0bd5d7b9890,1,normal,0.3195644887889856,5.215185072115547
0xc023cebe1da997fb2c5f7b7d27d8174a0f3e6f22945fa16d7f79a87e08e9e654,1,normal,0.35562736015075413,5.215185072115547
0x44f2a2acd80a702d83e0d8d36ac36455157cb8058bceb41c04b456d5428852e6,1,normal,0.3108256977732951,5.215185072115547
0xcd4e5e8d059b2651d75baf029b3d1397706fe8fe23def11611e81523e921d192,1,normal,0.7714291448963885,5.215185072115547
0xc8fd3ffc8b3afac75783eafb0172302d19cca6f9fed1305829589716a4efdcec,1,normal,0.2318284032442716,5.215185072115547
0xa8e795aa9b8e1ee7f5010ad32c8d724cfaaf885cdc989befb1a4313f792d67d9,1,normal,0.20025839784840718,5.215185072115547
0x37e1ffced648a18173f21afe83eb69ce9d26382b9ef08dd729d846498c645eb1,1,normal,0.26253647886040044,5.215185072115547
0x927f271764ad52255f8bc124c4b44cb834d3344f88fac666a427297267ff121e,1,normal,0.16303956545508505,5.215185072115547
0xe107ce8b47fa7d4e81f9d970858a87e68c2ae3a465a973e8372d3a117512a5ac,1,normal,0.22398082825318574,5.215185072115547
0xc8dd1ba2ff36c620c2b2e83be6c9b2cdc4d500461a454a5358c6ab3dab3aa419,1,normal,0.18166381901645168,5.215185072115547
0x4c7610aca523cd20f9585f61b6d8ddd41e55e96a8b1833974e1f0a81fee16021,1,normal,0.210681391513225,5.215185072115547
0x8fc7610cd15af439756ef90bde37a5b55c20c86c821e7488b7aa95245efb1be7,1,normal,0.43502533369433155,5.215185072115547
0xfac701f6a5840af0961d5dad1c63e3b79ff92b38793d8227c0736b3fafb5f56b,1,normal,0.181443229884126,5.215185072115547
0xa38bb754f88e9bee528beaa76258d4e4dca91cdf1b8d529cf78f24ffc9700128,1,normal,0.16421639012707234,5.215185072115547
0xee157e8a2ace74d9b18c4abdcfbff431ab49d0026f6049dc5620112ad024881c,1,normal,0.628475148857693,5.215185072115547
0x7169335cbb860f6e2c7d2ade89de2c1f47d442fbc3cdb8912d686b27d8fc253b,1,normal,0.6682131716589715,5.215185072115547
0x40b43a49dcde771393da385f6c6e117d13debf42c34ca109b1530980804412cd,1,normal,0.44450907431052,5.215185072115547
0x00d52c676ef34a986fce6449064b3f09292255c14723346170e089c215150089,1,normal,0.24718081987711965,5.215185072115547
0xae2f933f0b5c0300e9db7c14f3082bd00d949b58a23296c31e38092e4011d892,1,normal,0.15889397310549638,5.215185072115547
0x888bc67d49a47506555453a4d05d8b1ae78d90ce2f6a400052e3534ba776a894,1,normal,0.5992597953277157,5.215185072115547
0x7cb6acd783ba1ae309624fe951708b7a0976edc22876abd21151bfb13e0c1412,1,normal,0.2477426848672693,5.215185072115547
0xb6efbc2203d64fc6a954ca6b6567ac29288245f545c013df5dd67a7336dbcc64,1,normal,1.084239874572944,5.215185072115547
0x9823bea583f340e2f68bc24a22b1658e4039da2be10a13cef6168bc62ac5f984,1,normal,0.17357442566975986,5.215185072115547
0x85705b8e3354bd2c6f9cfb5d721e356bd648b35727daf8d63c6b6bda5b378839,1,normal,0.1988276010980444,5.215185072115547
0x7874151f1afc3a9039774aa8a631470d50b453958ecbf138c3a8734100fb49ce,1,normal,0.40592769183124977,5.215185072115547
0xf54cbfe1220c0ad4f9eea2175787fc872b66b3e6cf84af27b7bf7c8348ffb8b5,1,normal,0.5797262900600352,5.215185072115547
0x734f144821fa621360673c5321f24a923d5c237fa325565db7f80f6e72942eaa,1,normal,0.628425814375139,5.215185072115547
0x8eefcb14bdd2bf21a51b6ee5d78dd7af8445a34eda0a9f1e7bd8b93792ebef25,1,normal,0.6419134960070634,5.215185072115547
0x1cdcba53bc0db8e7f5103a5ef18fb10ff0367871a0422ce4bce88f30c36d0a57,1,normal,0.17626169405111738,5.215185072115547
0x8e13f117ce28e90bb2af2556c3281c5d302fd73a0703e5ecde0090e6330fdc73,1,normal,0.17479425166002677,5.215185072115547
0x4e52d6e610ab61697570ba1ae35ae70b637e1deb663dc6429b747c7ffa0c1dae,1,normal,0.3151265993806408,5.215185072115547
0xc7758b27d0f9ca08b6e89ef5e52de54a98b27a8d8c379c2f05a23042f3593447,1,normal,1.0632001709604315,5.215185072115547
0xf0ded0afaad60954689e9f7b522cce9699ae4ba716bdd519199040f56dd6c404,1,normal,0.4747014597990815,5.215185072115547
0xb7c21bf9046e85469642212f2f7d54af9fe8aa12145839525369fb5fc63f049e,1,normal,0.3842359100007748,5.215185072115547
0xb9f51b7e21bbc085c1fc461f2ce2862bf4fbb77664c73080d436ab9f9f3b6b12,1,normal,0.2856870203816754,5.215185072115547
0x886f602129a4ac35d9d84963cc8aa7cb34b23e23a6559a0503f2f31bdacdb667,1,normal,0.3128708137073998,5.215185072115547
0xf035dbd383a11b403d2a2345698170f71b2a9c59abe0a3f5984fb36d90a3b2a9,1,normal,0.9423657431173266,5.215185072115547
0xd3ed40d860aceeb057f6f0bbc15a9845c0fb23ec4052ce200cac7b1cdb3f603b,1,normal,0.33274926463355314,5.215185072115547
0x2f0dbe52e60e61f6a51c3bbb87e5d56cda13fde4cb872cfc7773ffbfffee9bdf,1,normal,0.20070220293014776,5.215185072115547
0x9ec5c87effb833c1c72cdcbdaea38b78db14ad66cd7cd1bbe3f0584c43d1e9e7,1,normal,0.2613314099966729,5.215185072115547
0xbc3223aa8ae14e1c453ff1e44d4c0ad25285f70115d154f380ec30cb0a0e1a0b,1,normal,0.2028504142090153,5.215185072115547
0x763ac2c9bc5cebe9cc988ec5d7f6477ec3265682af4ccca15f7dbc7537a18fc4,1,normal,0.34139163517941223,5.215185072115547
0x0cea66eea0cb1d2e0e47c8893d612920e5d29f532b2b54cc7a9738b5ab3ec09f,1,normal,0.29415717445552536,5.215185072115547
0x65e97aea2723fa3d7dcac3f1e16b2e5c5ea36ceb1332e02a28ed0de14a7eebd1,1,normal,0.39735594994012696,5.215185072115547
0xcb8274871f2049f23ca995fee0248bc0e1c2112571810673d8d22f13f8f7d3b7,1,normal,0.25908907590593583,5.215185072115547
0x6809610dba7611a1bebfa4b41d91b03781476ed52545f69913ef7b64c50b0bce,1,normal,0.5985385451467737,5.215185072115547
0x9be5d36bac1f592090e4aef370ba82230495d65879076129f12e8d401d907e66,1,normal,1.0904948432143824,5.215185072115547
0xebf7e1bbbfea45d75088dd4c60bdac69ef235e59f191e2c6d58c67e1f60a4027,1,normal,1.1765655705209277,5.215185072115547
0x87ca3789964c941907506d4717df2b0f57fc354cbb9378e682f8e55f9e993ab9,1,normal,0.33858458419573506,5.215185072115547
0xf18fe167685ad3d915b2e2102bf4844ec3595eba1f35b7fe948e1ed97faddaec,1,normal,0.48226880948223766,5.215185072115547
0x9d109084b90efd1d2c9e44bd668bb3177fa5525d670d8a39f566e4c99c6bd395,1,normal,0.37816077067319814,5.215185072115547
0x260398b8246b60c58f652b4ba14e897b26f1093eb511f3242af84411bb5d9936,1,normal,0.18561270186625398,5.215185072115547
0x1e9ac737726f56b905e1812e04665967f35904ffd5ed33c3bf28c8c3e4e6a2fe,1,normal,0.30679891191453185,5.215185072115547
0x7e93d28e6147bde5d45a635cad5b165fac2aab65f800740f3b6155d1d1d9d154,1,normal,0.7641632740030213,5.215185072115547
0xfd6d18354d694b7730386980ca696509ebac7e0aa7fcd2002f4626a31bd2b5f5,1,normal,0.4349840888005431,5.215185072115547
0x2916ec11be95c558ec19dc2ce31422f6dc424e53a93c93c90027bf4ba76fe29e,1,normal,0.1950945962933534,5.215185072115547
0xe24b27392adb9d96fc8eaee48b1a1e4580d7d537e984aae25e0e23197178f98a,1,normal,2.428330891429424,5.215185072115547
0x03003223099163e6ce2dfebd3c4ef691c6aa68fc22e59faf9cd824ca70448627,1,normal,1.6939221939489923,5.215185072115547
0x1b47852ee249cf5d95c34ca4b24b1fe2ac22ad75dd2576548b221c232ce6345c,-1,anomaly,59.91384439296812,5.215185072115547
0xa175103c0a59eb239417f64e323cbe263f41ad3b6fb3dc583c654face2ef5d62,1,normal,0.10432830010044816,5.215185072115547
0x12665665eaa61b69107d5b646ae404961e3a1dff9828612be7733b6db9258fce,1,normal,0.6421765697740474,5.215185072115547
0xa1af6dc67e8aab348a283c7e390b57e24a40c320c363403ee8d74a0a610fa8be,1,normal,1.445595274863933,5.215185072115547
0xef59c863eb3b5d99cdeb393850890ee1882e38c6f8b9dcef2efe1fa514bc1da2,1,normal,1.5732091218336919,5.215185072115547
0x7edb9f8195d3da78e20305b4877187dbd03605e7e16701ae7a82b5f183d6f0e1,1,normal,0.5268129211909779,5.215185072115547
0xd16fc3be88add16a6ab40915188a08feca5c17da344db60b5b6e5e7ac44ff7e8,1,normal,1.011874760235198,5.215185072115547
0x1dc89006065dd8d752f374722b12badd4b4ee6b9666d2642a015167295140cc8,1,normal,2.2510357637789857,5.215185072115547
0xcf03831658d3b2084cdc1149f57aa6f13298e6ab1ba15dc5040bb30733f8654d,1,normal,0.07438390551528554,5.215185072115547
0xf721ef884a08332139876dd3e0b50cde1ecd61250906b00c22b1edb8dabbf7a1,1,normal,0.17848789333592244,5.215185072115547
0x4f72251f16ec57b6f497a4eec9f77e3731f52a2f66d8d2b30c99ee608f7001db,1,normal,1.9568550040997885,5.215185072115547
0x9bef805f5f7974ed226c3f2a25a9c0544217132a8d3d3e8b0b3dba2efc819bd2,1,normal,0.23900136643852746,5.215185072115547
0x32e056bfa71389f067dbe2fca552a4ee696f833d45330e99c77153573f9a3a9a,1,normal,0.13989489097997518,5.215185072115547
0xa163053ce9539cb15cd23068b2a0d23ddf662da2543a9440520fddbb434f88ba,1,normal,0.12917326610160226,5.215185072115547
0x5968ae2dc36c23ee9f681ea2f0fa16e7edc55a830668755ea23ef90e626c257a,1,normal,0.28265054124255756,5.215185072115547
0xe9c57da0327fe47665dd0be782030faff674436f0d96ecfdead4acba449e7ecc,1,normal,0.07102412492879626,5.215185072115547
0x5d70fc4fd264d8e0071d64d444b4906a4949e7a63e7a6f815f9ed27f93b0b638,1,normal,0.1142973639778705,5.215185072115547
0xb8b58f9e2c1de2e0e8403dc0d4fc8e25b6b526f60828da6657dc3ee46e46ac29,1,normal,0.0876194299275862,5.215185072115547
0x89a1ac6b54792e45a2662dc3262bf6824f924b0752218f544e41afca885b31ad,1,normal,0.220039274334182,5.215185072115547
0x22205d41579d4c83772e1829e0093faa3b4d878d7685533fd10fe2bf9103ba36,1,normal,0.4524470425356763,5.215185072115547
0x4a9b840f618dfc08bcd3f6ee41e3fbe7ec6add37d55bd7fde625af267b23a96e,1,normal,2.6165389648219386,5.215185072115547
0xe0608f3cf95f967685813c6aacac344583ad2f8c47411dd410a37dab0027cb17,1,normal,0.16368824760658066,5.215185072115547
0x37f9d7d5e3be12363e1fa508d065864b11c1e6141e49a1b054dba536b268f1a3,1,normal,0.5570592024612223,5.215185072115547
0xd6e7f7a8c4fb94154bddb7b6aceb2a4b4f448c8dff331817edbddefd7ccabd0a,1,normal,0.8536507412698408,5.215185072115547
0x9d8c832cbb7a8851e1c388f95699905743aebfa2b0805344df6de13c5568f99b,1,normal,0.11892175797095493,5.215185072115547
0xdc6607026225773adbfec94384b9339cada5aa4f7d2752f26f63a9d8da22cd16,-1,anomaly,5.239469132119509,5.215185072115547
0xecd4dd57b380b6dfe9df38e453d61ebe1f6bbdc71ea10bf1f218881cfdc405e2,1,normal,0.16046577311776233,5.215185072115547
0xd4260c417599fc18ff99e9116a157a08be191b5be2f8e1645660016871bfd4bd,-1,anomaly,1076.8590330798784,5.215185072115547
0x013ea455b1165d99dad0b01333f72e27b832f5c5d24108b39bb919bb0b00bbcb,1,normal,1.065086417190796,5.215185072115547
0x1790be2ccf75ca200209611a03e3d838ba2f446eeee1a70b26f0cd731407e476,1,normal,0.8744104726538591,5.215185072115547
0x083a48ca9ba126e4d8976028b845d779c5e26514ff0a9b23805bca782fb3588d,1,normal,0.2500196444753186,5.215185072115547
0x12331e4e40b86c6b2fffbae7cfbc2631f81a4efa41080dc7598669d215e54039,1,normal,0.2564746408982625,5.215185072115547
0x92febe6cfdbd2b1726e1498cbf45f498077dfa839632c7fd95263451bd016b6b,1,normal,0.3388903183223266,5.215185072115547
0x7e00e6f2cd865d3a4770fe537b2e2564d82be60654fae710d0611887e4e08b70,1,normal,0.1502147516383845,5.215185072115547
0x5b82e3f1e9c3164de492c0f813e91052827d74485e74720f7e4d7239ddc28437,1,normal,0.781287076255535,5.215185072115547
0xb206f297b52330a813b215aa19a44372a2f8c0c89953a2e12ffaa88559ac471e,1,normal,0.17738525565796787,5.215185072115547
0xfa6e3e6db6a56d9f0b0338dc5a2917d5906f4246c5dc920d08deb8a73fd66abb,1,normal,0.14343406001592335,5.215185072115547
0x6140fecf7b012452f9f34080d1e7fde9f6f0734527b6a3cb754507ffc253ab7f,1,normal,0.22309797210400886,5.215185072115547
0x24188bbca2408c8c1212b141df0f42e6a7d9138cab7cd28a01cc7c0cd8b4fcd7,1,normal,0.20560855392428903,5.215185072115547
0xd7bb9cdd6b9982d379f4db2e2b9e746ae0ee665f64a24ec733c97526971fc63c,1,normal,0.16382030820238688,5.215185072115547
0xeece3147671f513da174e9d22025322ef2c57729c015e41986f8611be0dd4426,1,normal,0.1391592359759093,5.215185072115547
0xaeae31f0acd0a29b5b979180131c7363b50181eda9db81a1d6e14cd09e224437,1,normal,0.9217455084678919,5.215185072115547
0xc13e6d4d6ab6e2e8612e40e0bb3792be8e6c6e74104be8259f835c2b0a878e12,1,normal,0.23528436857125426,5.215185072115547
0x91302fe70b73b14f267217f3983cd838f0b2cc53d174c7fa4860366d5bedb1ea,1,normal,0.19640645251445205,5.215185072115547
0x0ca682ec07f145d8a93e1a0cf7caa1bdf4e0c91b53703cace3089313c3f03efb,1,normal,0.1005642147189616,5.215185072115547
0xff65101ea5c2b1ff19adf971d9d096316b6b0883688d6761b4cf266522d8d092,1,normal,0.10987233918532457,5.215185072115547
0xbc0f7a58d0b427500088819ba00623f2ab006d75d85dc71d2e43ef41015265e8,1,normal,0.17295299015625837,5.215185072115547
0x9e5d8a87e1a4fa03fd57941a49f973bd7b1d729f7f7280405bd147cc1e97ab19,1,normal,0.11610773938385376,5.215185072115547
0xe1fa25dd764516d75611423b30c39b65b81f2750fb1df6f2b21d6920a0fb7c6f,1,normal,0.1170894278668909,5.215185072115547
0x7bc8841b5872fb25e3316186f735de04f9f59431ace8c13302d9eaa197eb2997,1,normal,0.1967916280384454,5.215185072115547
0x49c1db1605c4d6613fbf7dabe7e31b6b8efc7b77cb43e94e3a87ec986c4910f9,1,normal,0.2289179069570256,5.215185072115547
0x68e34e7d70c45982c2834a5d885c9d1140682392be9e4902a0e7912247f7fe1e,1,normal,0.11840608951461509,5.215185072115547
0x34408622c258481ddd52c8f28efbe33c66f93a806c5a8644e8eae5f451fe3e20,1,normal,0.16538364567933575,5.215185072115547
0x43df448ccfcc6b06e8bfaefc794c0dae19b92318f02d002be3706a23374e034d,1,normal,0.12696132104603486,5.215185072115547
0x3c197e62f27275dfb8ab4bcce738822cfc641e151ed508b23f67486f9e8b4f99,1,normal,0.6243130573358469,5.215185072115547
0x0c8f2007c8d2d8a02ed84712678dbd1c2ece9242f5addfa35a9fe6c72d552f26,1,normal,0.09892090813626062,5.215185072115547
0x290014cb8383aeeadcc6e0759373aef0744369e02cc2acf9f089c4d406ebdcf8,1,normal,0.20490010049164517,5.215185072115547
0x4dee34a52f9804131ff7a5e6f8954b778d74c0a8a6436aa89b88c607a4bcf9ec,1,normal,0.13309854460510337,5.215185072115547
0x7af97df7ec434ae669ba3aa07a966c28bf0488bd4e1ace3189b36cbc2294789e,1,normal,0.4173692478911533,5.215185072115547
0x298fe60f4264d01d0f533c8bdb4ec5674a30a62ebc7984fc034743032750a0d4,1,normal,0.4080322979159922,5.215185072115547
0xecca5a350170ab0b01d3e4b7911d5d9ed48639405b950a0545abbd6e3846034d,1,normal,0.15281997625583887,5.215185072115547
0x2bbfaf21194ee76c04beceb33f3852867b0475758372d526e8703930c0740619,-1,anomaly,84.71116812175619,5.215185072115547
0x52dc5d94a1ab6220188f0598ce9bfab931c576161cd18e5bd894d031836d8fc0,1,normal,0.2670247386173337,5.215185072115547
0x08d3669a760d32064e65a3f1285eb99925790334a6916fa1ba39bb1e6310b7bb,1,normal,2.2639423275375696,5.215185072115547
0x1e743a084db41ed1ebd01aef20c9c510dce2c19cbcfe8ceaa7a43b025a4dd706,1,normal,0.0556397420735261,5.215185072115547
0x92b8f4be0af6afc20fe45da0b045375e519189671547e2525632c2da4793ea35,1,normal,0.05443997058753528,5.215185072115547
0xa1321c393e08098b1f734efad4dd5119cb5ea18f99972d7d68cfc9e95e649db2,1,normal,0.22368089402167768,5.215185072115547
0xe2decb515dac4fee08d709e9d210d2d3266cd8287a7d87914c59d22c38899d3f,1,normal,0.22798506319385425,5.215185072115547
0xbca2e8e9d049359b4ccde9247bca001a470ae6d1917c32c0185ec0a74cb50857,1,normal,0.12948294221005022,5.215185072115547
0x4c1ad11247d0e349a0d7c286ec7a5c940fd7f373d8e4711b468945b7c9264a85,1,normal,0.30924087582105136,5.215185072115547
0xea60eebeb797fdd66cd743d43380ff29b81139839efac8001ac71f4728ad6f45,1,normal,0.09547710329935695,5.215185072115547
0x3e97f96f98eedf25c52fba6001a8b5c5fbfd116abe6e6752a1e3a7f8d66431f7,1,normal,0.0637381349405391,5.215185072115547
0xe43ecf9ba9b6f4035dfe37a886b785dbd4d9370a0e5ede5b85e3add799985b60,1,normal,0.11499790575414474,5.215185072115547
0xd6da5e612a56f76cc354c53c02960d9c8768fcc4ec266aaa55c9eaf7adbf18d8,1,normal,0.14990231593172224,5.215185072115547
0xc0bfeb49f2669e164397ca6ac17ef81d5e5e4a74c3c4318e6e8ba4c0b027788f,1,normal,0.2519440709507549,5.215185072115547
0x289ceea3ebd1eb947ac023fb44e72eff9e8d7f08ff70ea93d5d01f7457df2e76,1,normal,4.920323406571302,5.215185072115547
0x588f1fcac2c63f3307511ea61999579311555d9418df9c96c09104191a0afc55,1,normal,0.04165275979060451,5.215185072115547
0xd2bb09b8c642453e2035d98f992edd57e60a9bfcb4fb1961a735de16a84c46c0,1,normal,0.08081624339685142,5.215185072115547
0x5bb742dcc503b711c0a9eae17fa8fdd9e9c2c0dacad2622c107b342f845bbb54,1,normal,0.03597882737896788,5.215185072115547
0x43550b810ecc5a2e6f1990b1e1dc91d7368221446549468a41d5991add33361c,1,normal,0.05777587964463412,5.215185072115547
0x75bf05ac67ae0877269f028112a24c2031a6a2719795c8477e67bf24ca027958,1,normal,1.0321251440754142,5.215185072115547
0xc4302beb4101335319fcac1322662c057b88b250543a86dd93b360fee4ebab99,1,normal,0.18241372453722318,5.215185072115547
0x7dc7d18b449c03bad5d9c2903fe6c02b28668465966a9563c8a08ffce63b7199,1,normal,0.014032507371624503,5.215185072115547
0x7a6084f9917c6c26fa5debc56c5ebf7037ae92924fef09f2345401f087314687,1,normal,0.06877795735840757,5.215185072115547
0x5e953b5f121ebb8ea1ad5daee6aaf3f43e71bcdab39bb1f7a46894eaedc39d5a,1,normal,0.031788667675284064,5.215185072115547
0x58b080f6107b7fbaaa5ae5b52787bfa73db3bd7d2dfd2eaad432a2a8d0d6fca7,1,normal,0.15137243765687008,5.215185072115547
0xd573089d76cf636141b3570fd2b8f5c1e0cf6b710b3d349f4147d06edaec464c,1,normal,0.06686226961663716,5.215185072115547
0xd5713e1bbfb05262b4e634aa9f8c3f4cd40967658ce3c9ad8d613269fc8dab3b,1,normal,0.5748181023648092,5.215185072115547
0x09ad1ea718180b466a429e2bf1451669be9b60edd83daa7d5bd52631c47d7965,1,normal,0.5447120102258461,5.215185072115547
0x067449a2be70ef0f411435571f44b65ce9218eb3863e03862c9575f82dd4245c,1,normal,0.2464902542483506,5.215185072115547
0x97d26263d8a9a691e5c46f1ecede368ad0282855a6f86086793a5345b1a9370e,1,normal,0.7299685658400722,5.215185072115547
0x036e9e432732f07e404aaec1cd9f6f002de4c3e884ef733ab306626bd897a001,1,normal,0.05589101114406785,5.215185072115547
0x8e25d54c39d32d463b9529e00d649f68e382b1fda17479ce5f1ec365cfccc663,1,normal,0.18319728290664727,5.215185072115547
0x04f603e6c7978f5f08a9898587a464e82e6a83874de87c97dc363d0e149b78a3,1,normal,3.771840267707095,5.215185072115547
0x58c3c0bdc4eb418c0e41ea3e162cfec8281038ef2492b3eb877222e4667db9e8,1,normal,1.7696808388559233,5.215185072115547
0xe67022f20f39e228bbb9cee4ffe3244962975db878878e86a1ee7924c725fc59,1,normal,0.8814777757788678,5.215185072115547
0xcd251b1d9afadd17775667f4b0542f492656ed1641aff2b4c57b59440d36810d,1,normal,0.18579724878169995,5.215185072115547
0x90e93bb37d364a15c1235fd343503de749dd318379b9b4468112fa4d6e464414,1,normal,0.15607322440900603,5.215185072115547
0xcb4514500c4a06c9ed2be661c59239c1ec336ef20447764c0eb639c71963c08e,1,normal,0.08815065581688504,5.215185072115547
0x68a3a074c642f4ba999a4784d553ac3e71a7433b792177cc0334e2cc7641e05e,1,normal,0.12456210067523787,5.215185072115547
0x28f4b4aefdebb41994f151554a854736d3c62d653a6c931d7544c199b121b598,-1,anomaly,488.8729785524305,5.215185072115547
0xfca4552ca62d185c8dd58094fdaa7ccb95301dd47b38f729a340020df8ad8423,1,normal,0.1684787326849569,5.215185072115547
0x35f2245b5d9ff54d308d305c372f5861cf5d834b11d69d42cea5fa35d09376ac,1,normal,0.05553949033890591,5.215185072115547
0x65c8087ca6f8df899d6ca7fdd7fdfc7426f31e751ba32de34d63cccfa98a6bec,1,normal,0.242192512596662,5.215185072115547
0x48f4b7a2ee3bce654ba521d49f16793dddd4f5a7c391ee1673ed03949e71e887,1,normal,0.06681592345043254,5.215185072115547
0xcfba9e98e7b0820a0d816e9d4cf684fb829d1dbfce8bc68604e6ab2f19d43acf,1,normal,0.17139380633780857,5.215185072115547
0x27414a4cb3802e8990c90b5cbe7dc8468beb4908f6cc735db02fce7284387adb,1,normal,0.06331019002126537,5.215185072115547
0xb915e81cac6ac6ad4307e601c7df2aba908dd9891c5c4bfffc17b73a0cdbff8d,1,normal,0.0901786906932265,5.215185072115547
0x86ea24dcfa047d488532462b25436f750c7c09dcb7f568c1863f1ac279a334fd,1,normal,0.25672816929815045,5.215185072115547
0x2424c2b6f1e886e2e0b09993fe56dc65a622a0284386318f9123b4a0dcdac2f2,1,normal,0.07977528266685442,5.215185072115547
0x1ec8af8d414c244bfd42a833af431c810e884f867a22d2d49efb15baedd93d43,1,normal,0.1042329741324058,5.215185072115547
0x3745bbb6571bcf9467958572dbeef2d83d581ae0c02538b823e7af0693473473,1,normal,0.15352951150044294,5.215185072115547
0xc586625c97dac05c61ae0fb0dc46d0702b511a479d73f91e8cfc4a0e53245929,1,normal,0.06587813313671678,5.215185072115547
0x12fbd89f0121f3cac121cb299f9dddabfa8a58a425dd3a42f33f1c9de0758e0e,1,normal,0.08362708321342478,5.215185072115547
0x19e6fe2e422d97e99e1b9a2e7c32d9c0d1ed3bb73ea6e1157cc14a2921414c81,1,normal,0.14537040378896723,5.215185072115547
0xd1d6f61cd6eb12657b543ae763fc91a182e1e37e9597aaadb4c377365c0fdb6b,1,normal,0.08642566759594623,5.215185072115547
0x523b7b92804a410c1b49907b8e8d8256807f746acc0e6beeb8da2fdba14be8cf,1,normal,0.07445770648829271,5.215185072115547
0xcb793b4f0cafdf9f1acb0b90aa4694aa34c38cd5a986f68e9690084394e6051e,1,normal,0.10564263108332174,5.215185072115547
0x371821d4535e5412fd1e239ec4dc9cf0c51059375b321f53eacc1fe49b5bd8e5,1,normal,0.42901818279283915,5.215185072115547
0x1be9d12a6dc0752caaf056d7dddf91f063f08bcd2c0aa1c125be923cc2819980,1,normal,0.2280049501035131,5.215185072115547
0x110a02f6592b36fa2b66cfc0cccbe6a21d27b730114035b44c8b33ad5ca99c89,1,normal,0.06439510275352052,5.215185072115547
0xd3fdcaa539ec762a68be888daf3209e158238764a2d7e53bb39c8779951bfe43,1,normal,0.10238635465717552,5.215185072115547
0x7f1d43870958c4092304425268fffdb7599928e32522eee7b425db4caa583679,1,normal,0.4620708283233335,5.215185072115547
0x9235267e9970ea6610ffd380f528361bdeb77ff393fcda3e8f2e05890b10268c,1,normal,0.36234317592244825,5.215185072115547
0x695d133a3dd8032e05a26b39677484c7ab98ffc5abdeb972d205030b8d46876b,1,normal,0.1812959354859287,5.215185072115547
0x2ab054a35a04d5c1517ec8b43e0f9cddc1d5fdd61dd362dfd84573cd9c144b7a,1,normal,0.1190969136851906,5.215185072115547
0x6392ade2ea778f9d1a52606cb6e697599e66725bee546c5acdb08e58cd88568a,1,normal,0.12775922802917972,5.215185072115547
0x17d41fa1c6edc3e2b8495321cfb8f9584f181f23b2d15aaba87fd2536e51d6d5,1,normal,0.2048016205970256,5.215185072115547
0x43ac4813d831b5cf751fd71f0638506166eebc08ffeff82187f32573cd36ad95,1,normal,0.03730320379184378,5.215185072115547
0x23b59448f8fc805b8f633bb15688af70b7290da9b8eb660d53c9efb30cddf408,-1,anomaly,872.3132598521521,5.215185072115547
0xf89cedf2fde646d67c68762cb114703f084e58ea6c3f8955c47f1e7dc8799217,1,normal,1.1900637063105017,5.215185072115547
0xf8afe68220c7a9ebc05b6d40fab1bcbf413d20a6838b29612080750c8b55bad8,1,normal,0.1712852496541594,5.215185072115547
0x209d64a7de0d047cbf227005d7caabccb685839fd42df1ddae4b13d30097a871,1,normal,0.6374161354285385,5.215185072115547
0xd63b8eb74b71d04b27ac313761e287fe9812352d4f91e86961abb2df621c5561,1,normal,0.20115415726006086,5.215185072115547
0xb25d68a0f6423bc99c1a4cc0d21714a24caa35a021de866fa528aafe7ffae8b3,1,normal,0.12473655699621089,5.215185072115547
0x8ac0147fe099f13bf4789d3c443381117c144cd34e10a42adb352eedfa293eee,1,normal,0.07922565870085384,5.215185072115547
0x8ac0147fe099f13bf4789d3c443381117c144cd34e10a42adb352eedfa293eee,1,normal,0.07763854506781143,5.215185072115547
0xf59cc64307275051a2c5074ec58746c7fdf648090ec870277665d268a2f42f66,1,normal,0.1545702064146743,5.215185072115547
0xd8195891720c3c63b60d1e7083482c82f7ea69b7023ef45f65c713a25a5c09de,1,normal,0.1348926572032362,5.215185072115547
0x615b698cf520fd0c6e85426244157544845447704f64a5ddd5f4571632dbb8eb,1,normal,0.12818831241577275,5.215185072115547
0xec820c48cf48759af6de84db8a903ced5447852111948572f99817b25c58d5da,1,normal,0.14158275774465837,5.215185072115547
0x8d6dc9e417d74fa81cbc21cca9854ba7ab65b382ae8bb73a5fb18bc2ba675c47,1,normal,0.2333612175288367,5.215185072115547
0x79b97e935c9e57f6fc5cd2ae5e7072b0b20e6a50b67626fa91e0df21e532249a,1,normal,0.14109657213632668,5.215185072115547
0xbae08b727a6e695df1cf0d7b2c523abbde9b0d223ef686f7f00517b24855c8bf,1,normal,0.16949443725668925,5.215185072115547
0xea746cf98298398a487c271c8cbee32e1b828f364fd73ee59b92c105943e4470,1,normal,0.23297176033535447,5.215185072115547
0xbaac62b2fc37392c39bc6d8572d710618f10ab05a6741d3ce71b357255806ed7,1,normal,0.07169697312164199,5.215185072115547
0xebecb002ef005460af291c77a90ffe1abe1be4efabd90b97089c5a28685da89a,1,normal,0.2762309450960716,5.215185072115547
0x2d586d7c953bac60bd85f21cb7c7d8c0a560448471657e6d0040c3a2a8635ad5,1,normal,0.268926503534603,5.215185072115547
0xc01e509c2558977053ce4bac9b3903ad78e157b0ce0c22eb1fea0c9b3caffd54,1,normal,0.0890507706886867,5.215185072115547
0x15f6f7edd21f5f86d8a76e743263806894c8e97ae97a248dbfecfe4373aea889,1,normal,0.13606800149611906,5.215185072115547
0x5fbe56c0e38f85b68bae24939c7091da36eb731222ee5ea3b3d55908ebd3f8d1,1,normal,1.0135507637884997,5.215185072115547
0xe9e30c64b020b5bb50e298260aa352e730c2f7de4c3dc7bc4a1478ecb136039e,1,normal,0.12003732981371637,5.215185072115547
0xbc5135e04a2c21e1d2859969f222dc30852855ffa96dec37980c0ad0aa40179d,1,normal,0.10726944370121809,5.215185072115547
0x110916b7b50378b78ef4e3f74dd30c2d99c43a451506730654ada000f4d14505,1,normal,0.20326307326577275,5.215185072115547
0xd181ba52c578d2ffe9ff38e109697e522f016c2b851cb3ca859e19838b78e23d,1,normal,0.09637074287485416,5.215185072115547
0x27f61fb075aef555b2427d2656eb6383977ae8984f449855682789bdcd0e136e,1,normal,0.40557426529144536,5.215185072115547
0xfa9d4c81e574cff5682bdbcaf1a9d25b1d1cab7067a43cde42f6de18cd266d34,1,normal,0.09371849647946055,5.215185072115547
0x2ea6789fabf13f5009ff5d3b2dd3cbd18c81fb9836aac2c3c59410857d8976d6,1,normal,0.18660117622360226,5.215185072115547
0xa9cab3a8a83163c95da445b7cb354f33dcaa131cd1a2b4c024b6979f4a332e24,1,normal,0.10598835958563001,5.215185072115547
0x940030887d5b407c66873ff47b89d3a054ab765603ba4d1104127f423b1d379c,1,normal,0.07779007949883103,5.215185072115547
0x72a7c510fa9339452a54fdabb7868545f5f19350277bd02f14c2bfa4596007dc,1,normal,0.16504196303774882,5.215185072115547
0x48d811b8f2c71fe2cee83d79a2eb7d2d7539aa94829c0e5f88b0c0d7f23c4ff9,1,normal,0.2370261701181426,5.215185072115547
0x9b80852dbb1d510d5c7320f0806f15837c2c5b39614f754da0e6267eb678285c,1,normal,0.0820605273301285,5.215185072115547
0x2f29ad48fea88aaa57421ecb9457b5736c79abb3fb4aa33cf4d7841ea69ca30a,1,normal,0.1148113030234849,5.215185072115547
0x4549ca3aed3dc668ce1b88c31483e6990bb2eaf31959776e83f80c259dcccf3e,1,normal,0.40448883221713494,5.215185072115547
0xa021a078893ad95ba4b52ac558f72df810ffba13ced18a2cc85b78abc616b98a,1,normal,0.14230522104528825,5.215185072115547
0x8ccac7302ce6624db326e289a18f0e92fac670f704a7df9f5010853ce99a7758,1,normal,0.24770050087885329,5.215185072115547
0xa57c19693fb17702c56203b1f9bcbf46672a72acc60e0f8e02bfd6510eb32cba,1,normal,0.44347771505120953,5.215185072115547
0x6745a56fb55f153279a7df59198e2648dd294aa8183781b3837c2656499339b3,1,normal,0.2607032059026692,5.215185072115547
0xf60bd55425970c5cb4d72712596e00807a1255c02de4b59981b17bc8f19d89e0,1,normal,0.07151909456611834,5.215185072115547
0x554fcd222806fe0445e4ffa8d03d09bf72b0ff303d5c3f2f2de2d40609603f4d,1,normal,0.05188372466104731,5.215185072115547
0xf447f16f08dd39435b6ff937331c751412a3b26835377938e87997a1a5bef124,1,normal,0.056939313102641456,5.215185072115547
0xbe9918d05f21bffef680185925e9b9a2ac6f885ec317169fde94da0337d9be8a,1,normal,0.07938885220450395,5.215185072115547
0xb867ff1cb23bddad68eef36b948f61750aa5221d024affe380e1e69ad0492b9f,1,normal,0.07823882888102886,5.215185072115547
0xc214052bd0d779b2fb4c201c5d4716ba0f5c5ef5ed227fdbd1ac22b291ec4813,1,normal,0.054778863387495366,5.215185072115547
0xf9b5f156fecc4cda4375f2c5b56e92232a87d373b6a76863108a28c4c0feadb5,1,normal,0.16937622678077977,5.215185072115547
0x9f48f08822b16086d7d8278f0c1c5bdc396856e6278976ccb900c2e0166d6b28,1,normal,0.08263096816983342,5.215185072115547
0x7a817124d695643fd480de4268c5886e97545466a2d1735e139243a41aafa5d0,1,normal,0.2724688461972059,5.215185072115547
0x738343f136e6db662a8928e27f35d486599e10f47a34f288229b3f4cf8830271,1,normal,0.08650940562903875,5.215185072115547
0x3a712a5f30dfab1321e09bf38fc78df3da3f5dc4f58eddc7f4b81765f64f4336,1,normal,0.17615044113782727,5.215185072115547
0xebd9e73395c384cfd71c15718df96ff0880bfc5f697107c5eb7c4a0bd88ab7f0,1,normal,0.16902469836585876,5.215185072115547
0xbac3e9c8e9b5d124af7654801c19f69b9435cf782e484ab0a98c32aa1d86301a,1,normal,0.12447199316428241,5.215185072115547
0xe3264ce7c2b125923df85770d182200968ae2c8ac37e862b3050639c4c068a16,1,normal,0.07432638950605287,5.215185072115547
0x5229a6f2cfd4bb211ca7f787cc894dc39e376de9aa3642ed18b54e04070f5151,1,normal,0.15298434091036478,5.215185072115547
0x6425668b0b5399c6fc46842d1d7a6e05fb7ac9def3018ea99866f706ee65740b,-1,anomaly,146.18128367184107,5.215185072115547
0xf80f601d2cbaff4fb5faded4536430f6652bb275216eb37419ba35dbfb5445be,1,normal,0.1273195588427155,5.215185072115547
0x83c44e1b046e62cb8e27b152a3fde6f14d5a2b36589e3f3998ff2528f202ba93,1,normal,0.05711708629152122,5.215185072115547
0x7970a10c4f5419e47b0783eb8758392b9b444b63b629fddce83112ab24f487b9,1,normal,0.5294698689935846,5.215185072115547
0x0ef02de5a8dbf72480474ae26622c56322a0f8694f504eed384540d9bb504957,1,normal,0.09871339516298613,5.215185072115547
0x6fd887b89275fe6362e31c17319a29c586e46a5d53abe80264def50fa7195526,1,normal,0.10045417296668868,5.215185072115547
0x0cef053b4aed47e0589932071d8bf4dae8b0642937db6edc8a1a8f1703d29ace,1,normal,0.11664725822546207,5.215185072115547
0x1772a572b740154f3c48c541d813cfe53fc347a044f568326be6d9a3ec29c360,1,normal,0.09016475922000243,5.215185072115547
0x5a8acd2ae76169e45e40e78e1c9a57da9b20d6aefee0ffec924aa4dea3ab6521,1,normal,0.23274639811577272,5.215185072115547
0xe3db831aaf0e66ddb5aae49009ce3ca6d674be1e7360969040ef35e9524fe746,1,normal,0.23930478698644833,5.215185072115547
0x3050eeb5bbdab92d02a99ac66edfcc767de4ae605a0172596c9bbf8e62947c4b,1,normal,1.0241902300095747,5.215185072115547
0x3d62dbcf16e4efcbf3ae22d79467a74f06b7f8fa2ce29eb4e4225854fdba4ed8,1,normal,0.16947142738896906,5.215185072115547
0x57cfdc39a7ad6ca56e0ef4d434a80b2e681ab2ecf9fb26092b8e2d827bd5977d,1,normal,0.12040156074438758,5.215185072115547
0xd46b443d94bfe9e9c896e1ecd9e2de9515cbb10b9c3ec6c1a58500c870b1b3ae,1,normal,0.22895762348661067,5.215185072115547
0xac8f517d4426233a87cad7779dbf0a6e0a5237e6cc09b5c4db85745333b36509,1,normal,0.23666144472966472,5.215185072115547
0x738d6cbadaf24a0c40a282d5e419c7f7acc24ea3bc78745a16c9b8d9b3ffcb0f,1,normal,0.3848356590336412,5.215185072115547
0xfea07b3da2ea1033f00ab14a6fe9822d99a18e301195c01a2ef6104c4ca1f143,1,normal,1.3617621996694564,5.215185072115547
0x19d173ceea4ae36ec20d4bcc42fc74415d2d2b9d40d0a215bd0e166f49a454ae,1,normal,0.4025107338517074,5.215185072115547
0xa2089ec6292569f9d61a37b181eb37816405dfe56258a909dd9c13e2d701c3c4,1,normal,0.273431248582492,5.215185072115547
0xa4f6247dca9378f5977e6668e24a123fb62e258770a20d4e08c8d06fecfad1a9,1,normal,0.09538251341244255,5.215185072115547
0x376bc6e8b007aed9127e3ea57fa5e9854c0841a394ed4f47f374c854d8b257ab,1,normal,0.2539198778094366,5.215185072115547
0xcaab5d1e2b7a601e31b9f4968b3a117b56b46109029f79161b8caa6ccdc187b3,1,normal,0.5305778835016047,5.215185072115547
0xfd086742c181edf0a7eaac2c1ea61fecf854d9618b34152de0c87789538e63fe,1,normal,0.07599259740379019,5.215185072115547
0x08e675c166238688e6b58a11fc8c0ca1fce7e3ca477bc9578739e9eebf97f707,1,normal,0.1561746386292958,5.215185072115547
0xfca27d7a81d7af4a24bcea293d67b232c000053f1fa1670ce0824d6f8bbcd899,1,normal,0.15926004494508048,5.215185072115547
0x42fd5709792548ca30c3a8ec208ca66b8a163a889176052ebcc88f1c6ebb487f,1,normal,1.4587643863916744,5.215185072115547
0x91ecac907ee49d399240d6fe830e22b9e769174fb4bedf5bfdf0b3804aed2041,1,normal,0.2281043199561163,5.215185072115547
0xc2980d7b0f18f42c3161690aef7c7e5b518f1470d4b8df96c3d9f507c54eeb2d,1,normal,0.06679291380166426,5.215185072115547
0x0b9d84cfbefc692063be02835fae3a12e0c2f072d22944c8388eb2bcab20c3c5,1,normal,2.6956142150790248,5.215185072115547
0xea89f95f37aeb727506c6b9be79639615492956efadd1489c92d9e0d88fc4991,1,normal,0.10614941879947624,5.215185072115547
0xce4186b68313123d68a0ba4bea57f7ed6ab7203d81587b79ae4ded0d48be5b48,1,normal,0.08718946850540789,5.215185072115547
0xce4186b68313123d68a0ba4bea57f7ed6ab7203d81587b79ae4ded0d48be5b48,1,normal,0.0921488626417203,5.215185072115547
0xcc1b75aedf7825118cdee46e2814ef0536d2140ed368d0bf9b46f61ecfaf4e4c,1,normal,0.13768008459015604,5.215185072115547
0x90fd5bb379c830f458694b002fb8e5e5c9e4ca23777e9f89ceb30d27a8505f83,1,normal,0.2530340748725805,5.215185072115547
0x93486ec76b8914481c58afac89e2a6ca48cae6327421e448abaa942ab03e1d3c,1,normal,0.11136147186306476,5.215185072115547
0x7985a4d5b7e94cdb089078855794eaefd85452c3656cbb56d406399989299943,1,normal,0.06565706871193737,5.215185072115547
0x367b693537d419160024448de44147dc9151199ae748294506da5e530d510f92,1,normal,2.38713315667272,5.215185072115547
0x1308890477507965c6648f59ff14883907aaef89becac4c6a36befebd7db7aa6,1,normal,0.11602926333144323,5.215185072115547
0x5d5c3652990a5a59a3ffb082f376d0058717864b18c0bcab78ef479b89f66a56,1,normal,0.14374654063747436,5.215185072115547
0xb9b5e857ee0c0bb848c5b23121ad9730331a0ce824bfb34069c2d7c90d09c7f8,1,normal,0.10430653551524406,5.215185072115547
0xada12676cdb56b71f725959a62b34533fbe5f8814538858818860017b2f269e5,1,normal,0.15173396488467653,5.215185072115547
0x5405f4e8519c062844848795fb22ae0d5be71a95ebf1b5681ca664da15672302,1,normal,0.2020127170945773,5.215185072115547
0xa2fb3f5a04e69c0e7c0b38c49f2bc779f320ea966bd05d03c0eb5395661930ec,1,normal,0.09494959551132476,5.215185072115547
0xa627b6b0533ad31cdb072399a7b0921b04fd4cedd0d3bf603bd6ca43f03be330,1,normal,0.5784544870053846,5.215185072115547
0x39d4ed88ce95c0fdeeab5b7852bb31618b2e86e8b813da0f935a66bd3875e07c,1,normal,0.08876434222831928,5.215185072115547
0xbefaa57a6059910ea7559e1a5359502e208166218cf9f202812566aafa977263,1,normal,0.06523491929053866,5.215185072115547
0x7829ebcf8074c67e134b640960d133679d31ab95c54cae4ebadbd65c3c47b41c,1,normal,0.1693142169303239,5.215185072115547
0xc6d10e475fdb77c670719b78766d6bf43c64d7775a2fd1ae263b0a26934fe475,1,normal,0.07824323241556197,5.215185072115547
0x2dfa8f47743529d450b858260f252dc43437303e7b2ed36374cbfaefbb972f96,1,normal,0.08856032579241271,5.215185072115547
0x0ba2f8153159f8f389aa98140e957f777e2d6520a8124641a1ed32225302edda,1,normal,0.45967224057488626,5.215185072115547
0x9a0d0300823a052eaf558aa1aafc0d06183c7f6e2e8a7a2d08170df5195c1dbc,1,normal,0.08775727725992939,5.215185072115547
0xc0b3d3f9ff60638274740cf2eb73f95d1de0372184fe9a1e38353453e1d79f6f,1,normal,0.08695327073581174,5.215185072115547
0x75826c05642d2f583b5cec239445af460337ea92a8dde91e0e2260167a5aafbe,1,normal,0.10191125232125975,5.215185072115547
0xe67fe943255081c37a35c90e2f535480ff952db93ed0e32ae1b784d85d435245,1,normal,0.18407108282749768,5.215185072115547
0x4e6a597c353f2f6afe2835349dcecec0ee390e89665daae29d6f37da15b63232,1,normal,0.1649603220268454,5.215185072115547
0xfea94b9b090a947a075d0e72cdaa0a455068b6e2b927d7693efdd6f10dce7033,1,normal,0.17671406448756652,5.215185072115547
0x058cb7bd661f4d964abea128866d33deed2bf70acf5b87ebdce8c1fef17e2be0,1,normal,0.1639419389556473,5.215185072115547
0x6359b21aede7203d27c2e63e667bdb371b4808060e27c544370b9c27b7434170,1,normal,0.15223337767087644,5.215185072115547
0x6e49ea638c8620534ab33a1fe0ae114eda2a527a424e59e7d4f300b457aec857,1,normal,0.09449301120879314,5.215185072115547
0x555caa61ab287fe96c44e95163a22df32aaa5de3e962e60e53463d6f8b0b83a2,1,normal,0.17974114574779562,5.215185072115547
0x74dc2d749475f3aa00ea22af4a946487fc18d19bd7fea6175b596467875a689f,1,normal,0.14458644494173623,5.215185072115547
0x8a9ed1b05aac4731763fc915c0cc7784d1c8a42598cf6a35486d016763c8c06d,1,normal,0.17757403136842193,5.215185072115547
0xcbab0fa871a7f09e98333b633958849411ef7db86f0440546e273dadb291c6cf,1,normal,0.27073386523769455,5.215185072115547
0xf83f5c9ab709afc1a3d79de335108ae798bd8babda073952baecc157002a7ff9,1,normal,0.2634408975662339,5.215185072115547
0xe9c2157a80b728546f8002bc6c03f4033cfe7fd3a7498dcfa9e9f0a8c92f01b5,1,normal,0.08463213228893042,5.215185072115547
0xd80924f148ea15d40842566293665e3f68a748655f6a1e36527b3c278c9af02e,1,normal,0.1824706477942124,5.215185072115547
0x4deaa2b14ad9e60a2cbb547692303337f04336d83baeadc6243ea09c45506946,1,normal,0.3827742154999657,5.215185072115547
0xd983d8f0c51382ed95fb2afd28ce1812fe609b0733e3f82df3887b647368bdcb,1,normal,0.2264655002193627,5.215185072115547
0xb2fd1bec5c75f8461b2c7840c566a33cf5456f957434e69ed6e326807da56daa,1,normal,0.15812134712632983,5.215185072115547
0x5dac5ebf410dc333a4f757c347ebd97556b184edbc492be02e798c3d4ac10ccd,1,normal,0.2671842039988408,5.215185072115547
0x038ee70073faa4cc9ecb288a87bd8725dc63ace4ee521d58068119bcddf66b68,1,normal,0.2531755633834102,5.215185072115547
0x61445705dee2c48d53e09fcbc46195172ae01cdf0774055a2563c884f5d2e82f,1,normal,0.08467659588737855,5.215185072115547
0x61445705dee2c48d53e09fcbc46195172ae01cdf0774055a2563c884f5d2e82f,1,normal,0.08222758340131929,5.215185072115547
0x31df62f934fc7badf2f783c48c42fa2390c120e0e9b73e8fd16c63755c40f084,1,normal,0.5025163934090189,5.215185072115547
0xdd32b0f9c302e76b84ae723b992fedb059c2ab2d462331febedf40545af835cd,1,normal,0.09922722073985289,5.215185072115547
0x1c185d2e1df8f5bc9b0cd51f81b79a7467e31a21496f1caeeb5f6590ec8b480f,1,normal,0.09366479849946255,5.215185072115547
0x0784547223b1320fc570a442be038539c96aa7de194260eddb401927fb2c7c59,1,normal,0.34922300128640643,5.215185072115547
0x9f84142a3549987b945f2960817d7f9fd5312972f5ef3bb61c8d2ee72fec8b70,1,normal,0.13235422700815674,5.215185072115547
0x4a470d783cca7cb807fca65568115e1157578793f22705f30d35eaa5e6fe2c8e,1,normal,0.21847283135965506,5.215185072115547
0x260fd506be239d7ebaa5119cdb297ff059ac0ce6ea2090518abf6608a78888e3,1,normal,0.7462185634462123,5.215185072115547
0xbb3472a6d471e504c1f721458f3dd180d4790497d827997a49ea957361698b53,-1,anomaly,1719.83603309562,5.215185072115547
0x9acb2154f31fa0915c54f3f6a97df898d10815f1568559a9a85a559618e87141,1,normal,0.13431899057861216,5.215185072115547
0x3d2f32f533cfce16c641c08c9f34be34c186955a7908d5d8777045d0704ff421,1,normal,0.13511122709039658,5.215185072115547
0x2d3cb6af2098d216190f2f071aa3da3236d1c25081f200ea9e4101be88c6fca1,1,normal,0.127710838685112,5.215185072115547
0x3ce87be53e078aa5256b9ca1a905108782fc0bdc4bf5fe002087e4a1d8202b18,1,normal,0.10837274659283233,5.215185072115547
0xb311bd39cd8674c7e856ab223a9f0233146ef797fa7afd3afc208f6e7e64374e,1,normal,0.1276161549024753,5.215185072115547
0xb7c1e1836266f4c6ccb6df5c7e246502ddabc050655a49c5b23d1469d5475303,1,normal,0.29370964561258156,5.215185072115547
0x4ec7bbb8c869d52ed87c141622f56fd1459ff0a8bbf492416b0e8b0c1618f1ae,1,normal,0.20121528302195926,5.215185072115547
0xb21bb243041456f19aefd2a086af45e88584e9e363b9dd27a2a1b945489d5787,1,normal,0.07688768408404104,5.215185072115547
0x3ac118a89794bcf90f13fed06d9572e27a4e635b718d3181de8a56600f57276b,1,normal,0.28430581475301037,5.215185072115547
0xb33f7a9ad4e71f3d6c362b260b3dc3a8680468cf43329a318fcc0ae44c8cff7a,1,normal,0.28167413273095054,5.215185072115547
0xa9ef98f09c5e3e36f9cdf86621f8482b1130cab45daa08af82393d894b8cfb61,1,normal,0.24034652556421238,5.215185072115547
0xf883c1ca8827716e50bf3188f002122c8834b5a221eea0ccfb818ae0d5401cbe,1,normal,0.30662621581160415,5.215185072115547
0x3f90424959a2d1fdba1179bc7dd99bc0e4e73f3af783fa5ff420e6e97f5a0a1d,1,normal,0.36350196851839367,5.215185072115547
0x25d2731e9a2548f853ad3beac88fee69b31c9905dbe5225bc2a4c1c7ba8a5f7f,1,normal,0.09354315808735689,5.215185072115547
0xfd8b68f53c8c767d42be002da40c3558b2cad881b6a8e4dc94fe336b15618015,1,normal,0.0832980180997752,5.215185072115547
0x3f135d637305b7595106cc6e9c283c094fe7bef4581105a56baf54315841d0de,-1,anomaly,24.91345433536203,5.215185072115547
0x6623a666822cfbe7a6a60d5c88283c1a76066f6b872d6eff4801db01681407bf,1,normal,0.23487789270059486,5.215185072115547
0x8aa6cbafec634269b2c91cacbccf6f0c65459b2a2befd52efef9f21bf7f456e5,1,normal,0.18434878193095178,5.215185072115547
0xe876d7c678a5bd2b79136f271146fc047217e4af946b294439b68dfb4471a3ee,1,normal,0.20510221730232553,5.215185072115547
0x8b2661444968147f008593c0b8ed6d8ed09a5100a64ec972eba180fd019f2afa,1,normal,0.07505385054682609,5.215185072115547
0x54ae879e7c31551c27c6956e3d4bbdd301a5240939ac1d3f4d2ea20ff1801527,1,normal,0.08011651992090296,5.215185072115547
0xf89f496db48987e7e3e655f14a97e1da5f086f9c8f8bd518329ccdfc291a498a,1,normal,0.06624892209859982,5.215185072115547
0x8b5bb2dd860ebb1c988de999cd935de806c345047a52abb75279b5449304b4bc,1,normal,0.10777855843029625,5.215185072115547
0x230b6b0fff52edad58ac21e298546fcd24d833101b878c469b46bc9654976c06,1,normal,0.04818958498451526,5.215185072115547
0x8b8fe54ef45220ead91300fbd0a120c434cfb02e0a8891dea6efec7875aa6dcf,1,normal,0.14772083617041334,5.215185072115547
0xd35e0dd691c4ee7a8ed5b7b42dd55f123019d0c2a8e6879fab45b9c2e5c224ea,1,normal,0.1843362597231843,5.215185072115547
0x0293b53360080c68ae85845bcda6235166d8edb1f1cfac432a5761726c51df42,1,normal,0.12652250779387172,5.215185072115547
0x2c2c7510608656df5147beca94fdc1d465d4ad509ec49971a0588b9a3da37451,1,normal,0.1072170697419984,5.215185072115547
0xfe81c3b33f8ac30e796e3cf23399eb841d10ce15852ff99c8b6e4bf19ba9b9b7,1,normal,0.20818905059692722,5.215185072115547
0x81232f488ffee79d02ce67cc9215bf6b47fae639e5e1c049b286108d33fe0807,1,normal,0.1440614213268227,5.215185072115547
0x14423c067bd478691b8bb9849c158141fd4c4db517eae1e4c0a6a05d15091ace,1,normal,0.08248924180670776,5.215185072115547
0x2be5f6c56d688e700204b761fe5ea5528239ad76a53b1f79e727c400eca61642,1,normal,0.11027210796462401,5.215185072115547
0x37e02879017021771a78a136d01f396d50b20f54fc323d7e9bf5cb9b106819c4,1,normal,0.14676305921217997,5.215185072115547
0x94c5511f15d1900e53d3e3f98cf2cc936dd45575b6b7141604359e756d480ecd,1,normal,0.12737354101961215,5.215185072115547
0xf2d7ff90105f2917bd2b321440c8afa334b6003156cffaea61fb3ce134ffcb9d,1,normal,0.14772850393895626,5.215185072115547
0x25ca64c7e964ff058156572f848e24a845473bf24e4452fbb12b530c1befda3b,1,normal,0.5952252406643807,5.215185072115547
0xa53a046e11c4c59646e171a6249a8fd11594339025dfd92ecd4c923476b68e5d,1,normal,0.02010981647383717,5.215185072115547
0xdb6b84056d2219a3e3bbebfaafe1775dd372685ae43d2d038e243f647a71dcd7,1,normal,0.08084697197506209,5.215185072115547
0x0b654ff52a7b7c3960e07891c719aa755f7ec97dcf289dac8ac2035798100712,1,normal,0.20324089271498758,5.215185072115547
0x64d77f3f9c24db166f994a18c7dda439fd2aac80957aafe6173a21388bf60da8,1,normal,0.04837247316768327,5.215185072115547
0x5869aa27e565935d60ee42b441fa0ff90a6de2583657cf65e990874b47127ba1,1,normal,0.045976736713711705,5.215185072115547
0x06a567709e07deb97ad77fc5dc8796fe41c4f90f71f68590d2ff796b93b1aebe,1,normal,0.2048076777621273,5.215185072115547
0x067e078460c5a450610a4e26d2425f14c62d2075cb593d8b635f0f8e204e893e,1,normal,0.12579071849132245,5.215185072115547
0x7d1484cb436ba69cb634aa8d57e2486d8a798a4f4b68bc583c69aa90ad5c7713,1,normal,0.07010855728617026,5.215185072115547
0x5d03fd419ae5216ec5f3c2f4c8ce03f52d44d937ce8aeec8e56129834814130f,1,normal,0.06024959731214508,5.215185072115547
0x1c9abf7d105dfdfb17a3dc3d4d76162438acf02d2e055e13b72fc193090f4d45,1,normal,0.17986637315359402,5.215185072115547
0x7c92b2eb02c22720bf85f9673abc23961a8072d0255057ba0691d0e483f732bb,1,normal,0.09558041037198815,5.215185072115547
0x956cb65b2e24b44e625d8c384f51a97d2f43657759092789410683871809e99d,1,normal,0.05206917532173194,5.215185072115547
0x16c367aa58a59a48df87fe6825f00a13df0d8bcdd13f3d874b1f8cc5aecaf685,1,normal,0.057513601004749504,5.215185072115547
0x83feb139807062f7737f9e5156c2ade8c267d8caf7649f7ecdc8d3768d9af84c,1,normal,0.10511406502437927,5.215185072115547
0x2a58ce5d446bcb68a2c27f2d29084cac8a6c79e430a56a26698968027f9754ad,1,normal,0.07009577788048017,5.215185072115547
0x960e23a2850a100e12027344c6f65231e92b7e8dbbf668c6c33326ff800b8f2b,1,normal,0.15887303739903555,5.215185072115547
0xf2d65ce326d77be725d0d383d23c38aca416a9184b59c07f2091f7111fd581a7,1,normal,0.11665050046654446,5.215185072115547
0x817db882a33fe71d1863f9b70dad42168f0bc06f57c970c69831bffac20d5ecc,1,normal,0.18292219732982498,5.215185072115547
0xcb9b021294ee27e4a0fbf750ab957efb39d6203726dca3d28430c5602daad8e3,1,normal,0.1381590922009453,5.215185072115547
0x2508c563f6b33ab648e0715a76b60389362aeb198274e921c624b1d4bf2c1f15,1,normal,0.23491012717934787,5.215185072115547
0xa2b91f3da8c74c2f998589402e6a024f64e46fb9e51142dd52f30d654e7b710a,1,normal,0.07598494707830006,5.215185072115547
0x09dbe90ff821f2c6fcba201dcd6c822510c129e8fa05c37193447b7844a88075,1,normal,0.2950272997134702,5.215185072115547
0x49a43879ec1e4aaa42dd24dd3841ae82dfe0b9cffe8b4b0ad8a6ae355b93f273,1,normal,0.09337464970937408,5.215185072115547
0x8c24f74bc98be138a955da09b2927061b366dbdac5982de26f6de61ff960f7ff,1,normal,0.028575216038657647,5.215185072115547
0xd95521fb88a83a584b00eff275f165496958782f572166c4a4017d36f8213066,1,normal,0.1464373546433099,5.215185072115547
0xc83f2bb3b32f23b75c7360fc7d85a2167f61d7445ce7c59b58caa66061a9eea6,1,normal,0.1377618167268814,5.215185072115547
0x1f1e1ad250544152b43e97f996d2ed0ef0567f25350a1b377c95f00953f6a5a0,1,normal,1.4536400098963829,5.215185072115547
0x0e3f45d9b202fc35573f9a425589a218592f68adab651667334a508384c62260,1,normal,0.13768560168243785,5.215185072115547
0xe4fb75542a508c8efaba0b01d5c6b97466dadf6fd94a19fb4b5c6a0d6dc798ca,1,normal,0.030837504549470384,5.215185072115547
0x47059b06c3d59b06c2ec7b89931af4531e769638607ad14353e8cedd6036c153,1,normal,0.030015348939386455,5.215185072115547
0x2e14290386e56cc798224b14be50b7de524066cbc8ccb64c70bcd4abb696dfce,1,normal,0.12628958263436774,5.215185072115547
0xa0d4db8657c4455f13c4283fcfea819ac5af523d431ad2b1a578d1ee284f4a1d,1,normal,0.12891745379875622,5.215185072115547
0xee36f8fcb14668b379deeb2f79e987704df56b019440012f5d8cb840b335911f,1,normal,0.06795886874996164,5.215185072115547
0x8c342657526ccf5757ade9c8e357b63c07d71ab2b0416cf7dd3aba6a0df197b7,1,normal,0.13369337633868766,5.215185072115547
0xafa9eb43e88abbf763e8493fcec45b5201bc8a4c779f3e355463cfb1bc749c73,1,normal,0.08152361631222475,5.215185072115547
0x5384b328759e1bbb3192fa649dd69cc569bce5dea40a0583b4e6cf061877c974,1,normal,1.5319282127238296,5.215185072115547
0x36ce565ab9689c9de7eb303d725c00469d97153387a7271a73af2cae41a6c34a,1,normal,0.03128467740427767,5.215185072115547
0xeab0c942f2632ac2ec085fb38f5ec23a235db6f025c38e3c7722cb72aa293eb4,1,normal,0.3066277844802821,5.215185072115547
0xa9a38064c52cf12350c6411dfb3c5445791e33439768362ade23a47dccd65a9d,1,normal,0.17044652364923746,5.215185072115547
0x7c0f28bac2de75c4a37c5059f950d7ae0c23dfc00af6f8b40b5cdc352d7790ce,1,normal,0.06485991634433169,5.215185072115547
0x4fa259e9b8e0111ab83cadb22886cd7de7331eb1dd9483f602cba59892a25dd0,1,normal,0.054872630424214565,5.215185072115547
0x9ae9391d4e42a4ce658a69f54bf7d4f35d9ea12f28a8b38ebfde13d3949d6071,1,normal,0.13101123886257904,5.215185072115547
0x1a565c06aa25780c52dd91dd16686085830037914026c015b78d57fa9273e5d6,1,normal,0.0940194186115849,5.215185072115547
0x047842b224fe4ecd1f094c430c9ebdac3e165bfaa00f7a7b90c7c65e7def38b1,1,normal,0.06725739332645903,5.215185072115547
0x7a163656b30e400f52434cc88c1ac236d8408cffa98f9fe0ea752ad1db5be54a,1,normal,0.2714325634661319,5.215185072115547
0x57e5ca9de2efaed6b059c07fed910f48f87903ac0b11e5b90077f8e6d65dc500,1,normal,0.22778638526694112,5.215185072115547
0x895415c9b0ce3a7f51b178ff8e5954892434dc5f40a6c28756163fb557575a95,1,normal,0.14553183214359441,5.215185072115547
0x44c96a314e8df669769e3cc2f57a5df915099ab4c48a4dea1b766ed804bf9b19,1,normal,0.07560506122995966,5.215185072115547
0xbd35c23b6b8d5d8171d2a5d81ce6b7f83d68e7b02cc56c8a07292e57ec38c0c3,1,normal,0.07705415518904347,5.215185072115547
0x7778de47f1913c489190c8abded6f91f9e3501c64323f5916c1c30845c6e81c9,1,normal,0.07412516754707399,5.215185072115547
0xa145dbba02d4fd0c5b1e75a63a2bf78ca98dd4dabfc9cd46169b9b45e42f849f,1,normal,0.06060099257710113,5.215185072115547
0x1d71b1554be21637714c4af844a527d031e44a9b407b42fe07023044e6d07bea,1,normal,0.22193653864755916,5.215185072115547
0x891a59eb12fd5d0b2499e61c11222a75ba12091427eff3f24c78d0b3abf63423,1,normal,0.049412658559225,5.215185072115547
0x887c82a57e20da75ba58577ab060f7b321ce088a70bd48ed02927be4c1666340,1,normal,0.19523499337538608,5.215185072115547
0x59b7e596dde1fe004bba1912945b975230c20bdd67617ab86020baef43880fa0,1,normal,0.6374629184182944,5.215185072115547
0x4080d43329122fbc9900e5210e2d17d72ae173d505cace0fe6ffa0dc05741a26,1,normal,0.10572343085284965,5.215185072115547
0x25863a095afd5ff55bde8a8b9a903ecb927aa1ff930cd716a9aea77dffbad0d8,1,normal,0.09982063631255718,5.215185072115547
0xe58a5127042d733420d40a8a8760c75d8e03c0d5ca96d51aafe08dd3dcc0713a,1,normal,0.4833092514977248,5.215185072115547
0x938fbebd75e93424891ea2e84211e40b675c82a925d77a28652ed831a8fb6066,1,normal,0.07357641885634668,5.215185072115547
0xf5dcf45dfd223ff0fc49b7252bb9c29c94aded8801e7fbb7cec7574d4810e8a1,1,normal,0.15884090337298465,5.215185072115547
0x5d8e2827c0d935e53477fd0b6ec91b8d4e0e0ca9fd1c43f4eb38248d964a1a5c,1,normal,0.02974283405144963,5.215185072115547
0x288cce45c7fb6dbf021f741159236a737593ad72a97309085e52d2d8ea1f6526,1,normal,0.14267576270863766,5.215185072115547
0xede5eb6b5730e9d1da0b810ddc0c12b945553696d65cc8b8c431f246267871a9,1,normal,0.07411827012044374,5.215185072115547
0xb20e47dc8d4e743b6b256b103797d6c266fafedaceded222d1421b052bd2f022,1,normal,0.060364219539810436,5.215185072115547
0xbed96f5d7c58a33a0bfbcca4d9b1a81458edcbea2f59a65ba77c656bfbf08dec,1,normal,1.7102883081978377,5.215185072115547
0xd25a7b982ef966acb950836e4125f999c50da40cdfd01f321f83212a81d892c3,1,normal,0.24159460102966776,5.215185072115547
0x430e55d85d9c7758148e5c3b25bb07feb9da3c89535ad22e9967adfb030cac4a,1,normal,0.0440399205640901,5.215185072115547
0x30217ac6429b1b1e665bde95e02f99596e6bf383d6867ef3e05ad1acc865082c,1,normal,0.9958195031561855,5.215185072115547
0xfdb385ae6b9cd89d014f9f44c15cd70675b865ad3dc0b59cde325d1ef52cb037,1,normal,0.07535429371001078,5.215185072115547
0x4f36763673f5d0240493dd5f77d0e80a777cb08a97829adce1277809236e5a61,1,normal,0.24982585584653272,5.215185072115547
0x4eb024f4ee7f4f8c5953bdc06d94d0817410c4a1d246dca975fe60b1184298c4,1,normal,1.7374087316392839,5.215185072115547
0xef09b8925d5bae753d3b68981fedd3135b51ac83ff505e4d864be63e49c9594a,1,normal,0.09222864317534447,5.215185072115547
0x20c651eb2f9e57006208c63f44d088294c0b3f11ae3a60138ce1cc797bea623f,1,normal,0.5296297471944168,5.215185072115547
0xf115a5c83759a75493bc5d5c79ca0f94761defbc11d5a547daca6107650374ea,1,normal,0.1418684064017751,5.215185072115547
0xfbb762344498e18aaed9824b26f68c52e3d77e7e1388339e3872ea04318bcb2d,1,normal,0.17706785848557507,5.215185072115547
0xf9c9090193ae899d402800c07ccb78f3f4b9da340cf7c35fb4cddf44c4db58df,1,normal,0.2572241038171346,5.215185072115547
0x6d76c3f1f70e187d6e0c98a83d46741da6af39774043eacb58cbbf27d611376a,1,normal,0.06851622087654041,5.215185072115547
0x79cbbb7f8fc32831b685163d4872292186493a323c58f05ee2a98420049b60ed,1,normal,0.08282410322190936,5.215185072115547
0xa83b4348ff50a5d1e4926fc050c23ce222e3b2c028fb91894a7ef8cd5b808042,1,normal,0.09277641340451663,5.215185072115547
0x8e0ac25725ad17ce93f2601ff0a16e2d2221a6c7f343a6da713924ab9e75e90e,1,normal,0.16239474184716304,5.215185072115547
0x643bd2090c361ac88b72db24df304c71be93e11d2b67621ef3b815b1b79e3f1f,1,normal,0.9206437573928393,5.215185072115547
0xfb48e78dcb4e33068e3bff68f589abf4ec6a0092dce7380312f2c6d3466c7a5a,1,normal,1.4648360155542774,5.215185072115547
0x73c0686e56cfaacc49f970cd953e39624c70d17ef05d5027ed5864d3a73292bc,1,normal,1.054653314763298,5.215185072115547
0x824c3fb03d7771fa43aec59649d6906744de8ba19f997c75b92eb015fc90b504,1,normal,0.2980779294164382,5.215185072115547
0xeab02808cf71d969ff9565cdba8cfff91fcb24a57a50ce3f8ec4baba01de8caf,1,normal,0.09897897126470905,5.215185072115547
0xeab02808cf71d969ff9565cdba8cfff91fcb24a57a50ce3f8ec4baba01de8caf,1,normal,0.11788314769958326,5.215185072115547
0x519850116444f181eb7c690ea77098121d09f5bca1050f1ff75d2c027834c24c,1,normal,0.143994506473051,5.215185072115547
0x483207a8d98b1175215ef5a036d440e99fdd106a874c35cc51cd42b64b6e5e01,-1,anomaly,118.99334291375318,5.215185072115547
0xa3b3101a6cc12116ad470b442d1ac527650e2a1d988fcc750d73d27ab9ffa1a1,1,normal,0.08211705676144099,5.215185072115547
0x53d9a98fb44996a4abf43b2af900454aad46b063756164bb56b6bf887940366e,1,normal,0.0835553847668408,5.215185072115547
0x3e31d800928e65c5d65395ad968fdaedf77d70005ff272b2f339d26bc4bdf1a2,1,normal,0.09683807152839684,5.215185072115547
0x3df021a06fa84405141feb7162cca59543052fd283bf94c17863b0dc3a9645e3,1,normal,0.11160005534147376,5.215185072115547
0x3d2dcb828d51906ca69e41a63bcf00e7afb9ccee3b20f1f15a30bc1aa3d2d5b2,1,normal,0.24759192437558072,5.215185072115547
0x53f711ffd3a4a07c2180c720331f8b30c9ec9eb206a6ed08d03cad4d51b59f23,1,normal,0.06765433715100776,5.215185072115547
0xc0d56fb8e2ce964076bcb5271480547e74258e773b6ecdf07479b23257a380b0,1,normal,0.7951231342086927,5.215185072115547
0xc5ad543d738b00f2e31b1c59d8fa500bdd7a16b31e7c2c7048605c261e37cff9,1,normal,0.0871096281935289,5.215185072115547
0x1669595c6e7713668ef4d0ed749aaac7437bd3291a8033fcd45f04e308590ff0,1,normal,0.7522157716993112,5.215185072115547
0x6c8ab7cd3b8381a14ed78f41c09673df6d7e2e3cb7b6e3d6a7c471364f267d4d,1,normal,0.14966223568247392,5.215185072115547
0x6d0d9042aaa664ccb70e8a58566dcc0a24c0870c450504d89c060777c82a1991,1,normal,0.10189511349405575,5.215185072115547
0x5e16f3586738973b8f6ac8ff729a1ec0c09e96aedb8b9374599bcf60709e21f1,1,normal,0.12448488703039977,5.215185072115547
0x9998fb520244ef7b7f30dc954f67817fd2b3fa78f3f2214ca745e4b3011c8020,1,normal,0.1641155680226754,5.215185072115547
0xff8dba9a6d05438f9e1e3d85be49998f086758b08b8a504041fd29b5238224d4,1,normal,0.07871887454552182,5.215185072115547
0xc8f7e426c02a74a9065a7c0e64203bc6dc45a10740e65301fa902bee9415134c,1,normal,0.42444254769120054,5.215185072115547
0xb59ddef6c9ac5772f0f50b39bd2e833a01b8ee3926c13bbe3daea5c7b626d052,1,normal,0.09575691867172316,5.215185072115547
0x35892b1902764df35bf2c943cac71940e5ed677e2a1b5b23b82f5beaf13160d5,-1,anomaly,306.7945700597069,5.215185072115547
0x719c45ddb867e3b03dd0eed344b0183697caceb438706e7904d85ff693c6c64d,1,normal,2.168179327191531,5.215185072115547
0xaf84a63eebee778e7a05ae701eefe43733942400bd49203bf41683b12c76e127,-1,anomaly,5.692425421977603,5.215185072115547
0x3eb8e761714878ea14b52e64b29179d118c34f5963f9aec9d35b46993ba023ae,1,normal,0.32833692317649443,5.215185072115547
0xc4d2bfb49e7f6be8627173ac8293ba5608c3ba624d7b4b7da04613e868765df8,1,normal,0.07782067247829891,5.215185072115547
0x7ad220cb883fd5dc8cc1d8f9403250ecfc0425479c13b9f22b0f9bd577fa4181,1,normal,0.2880751771699895,5.215185072115547
0xc4ad27d3240202137c522f14c7cd789ee1838dc0387aaf3315f28d4fabbb8ef1,1,normal,0.2492068780643352,5.215185072115547
0xb07752a89cd80e64b57bc7146428b82b5a818b5a4760709a23f5c2b6ba467b04,1,normal,0.2025460140140583,5.215185072115547
0xb4c7299ce14d401f3bf51411ca27117fdefe37d3c39fde64cae9478d9f9f362f,1,normal,0.07700251719176085,5.215185072115547
0x66c60b765e6450d42d5727df8a6568d381548a35c967ff83d6287be7e387212d,1,normal,0.10815399370471503,5.215185072115547
0xed1970b92bb936aa480e54fd66c13de5b3a3fa959be09ce28ee7d0115a5034a7,1,normal,0.08184179379882803,5.215185072115547
0xb76444400a44e3cf5924b5d31df377d9770d826a9e760c0d7d57ca3854c18f29,1,normal,0.04515567355116617,5.215185072115547
0xc4da74d14d26ae18296d620be0f6dc22a4c5356a64e12ecb429313cc5ca534fd,1,normal,0.11924561678722098,5.215185072115547
0x0137e54191cf673bda985acdcb5f6e262cc61eb27baefa75f5f2bfa6cf706839,1,normal,0.048407312213181744,5.215185072115547
0x101c6d031b0a0ae01f916101ddc08b640a35bb66b8129c0b904c4c5165cff0d5,1,normal,0.1715158871378704,5.215185072115547
0xa033b3942b2f312f60b4449d59782527491eefa64eb6b67dfe0ebfddaded3642,1,normal,0.11997918299298495,5.215185072115547
0x8bdfe11780948b6815aa4dadd2a0e83155502b95addd27d3120d4b42e7817703,1,normal,0.15222119519742108,5.215185072115547
0x237ed45e4edd8e6cc6667d86e479ec877252c8383b1756e5264b34a033d0b0fb,1,normal,0.14470005491484716,5.215185072115547
0x927955673b83745abb508b12ca993d42234ada9943a29257e038828da2469580,1,normal,0.060254211558977464,5.215185072115547
0x70988386646e4207998e0c9a21ba140bbd98078e858a3f30494879a02aee8cc0,1,normal,1.3474250933992522,5.215185072115547
0x9a15d4498fabf4ab84edafc379c1275af78f7f04f6aa90e9abff40cdc8b5d36b,1,normal,0.21319675927329612,5.215185072115547
0xe478325c98a156a7e2c34a2c46a6ad990777ddd0a12fee3559c143af1b6dad8b,1,normal,0.10952198777318801,5.215185072115547
0x227e3a0d7fd5032138dfac83c29753ee03cae6dc68f8479f26739dca341493f3,1,normal,1.972106867262896,5.215185072115547
0x993ef0bb07b913d9ab75617519410c9c610e780f473d03a36de70270a1dabcb6,1,normal,0.08286185271902329,5.215185072115547
0xfda3bc6dfc79e65bb5adc5bf3855d2b250894eabbb6de73ad175e78bc47b85e6,1,normal,0.1014583253482428,5.215185072115547
0x918070166aceec413786f37f05004cee02ae71edce122b92dd53d95bd8b4f504,1,normal,0.09687980777230729,5.215185072115547
0x463021300160ce2ef93090b2c1689bb905f8e16fae958af48c5e15c926dc50ce,1,normal,0.120552766259713,5.215185072115547
0x2e195cd152833114bbdf0d882b9c9be7649f0ff40e9d4c65c9e5b20d3169f3b1,1,normal,0.3447298509222555,5.215185072115547
0x9333089d235f079e3735d0dc0f1a1038c44c394c54343a7ca6a6f4cf3860fd15,1,normal,0.3621081808454964,5.215185072115547
0xa5f96ef97dce0c451ddf317e61321492b14273b24a5b04c95302dd1bff4bb731,1,normal,0.1164127463520344,5.215185072115547
0x28703cc1024f9fa467e7e5b9d25225695035a29d7dbeb79524a00cad9f2a7ad5,-1,anomaly,255.27974930490524,5.215185072115547
0x2cf6b07ecdc2fd5494584b9d6404f72dd4c0ff6be25f33f74126442268690a8e,1,normal,0.0903838134121447,5.215185072115547
0x73f2f5614c89f33997c82d4df358a83aeca505a6b63aea22e173203d2e09db82,1,normal,0.11163836744585118,5.215185072115547
0x0e6c11161cb54fa2fd57a813ac822f03c045766518070ca34df626c3b7a52e7b,1,normal,0.23000643309371085,5.215185072115547
0x869b7d4d71e879c35fbaa7dbe45a381f6d7651b63f7c50d1a334043394234947,1,normal,0.19826229272865487,5.215185072115547
0x776476e1b00b15e00a1ae3d8d8d2829eaf94c4e972ff16048a523ae735ad1405,1,normal,0.5035486821982824,5.215185072115547
0xf7648f3f6b2ad7de5bf8f9e601024982775936606e7e145450a275464db128cd,1,normal,0.07403304029787125,5.215185072115547
0xc6af191c26178b861c99c0d318081505cb4109c4161318e4890efc07aa357af9,-1,anomaly,124.44696821535392,5.215185072115547
0x5f2b54ea3698d3cf123e2ab46790fd68be8b8279945a7dd02fe5d8d6e66cf14e,1,normal,0.5881477132887396,5.215185072115547
0x8c9aa4516df615b5ef5455e17edc85feced359dd3cd4ca6a5ca86b27e789ad57,1,normal,0.1512926401176459,5.215185072115547
0x5556d03c9f1a78e76d4f24d907d750fc408fa1f13af9c3dd61154305be33f4bc,1,normal,1.1258905019895447,5.215185072115547
0x86de3817b5e834204ff21a6b88e9a090df8c4d5e33aa5af44faeab0f1eefe5d0,1,normal,0.35910420016739053,5.215185072115547
0x405dd20eeeccb421bb2bcf99bf62cba0149f3fc7ebd334dd1508d74d3df2c64d,1,normal,4.406532932613081,5.215185072115547
0xe801783e81385a65bf18b565369294887c6af961edfa7a61c439051c52b6c8ab,1,normal,0.2887856363768991,5.215185072115547
0x70e89b9ad87bb7bc61d903c2034659c4258d69019cbf813d877101f53b5afe47,1,normal,0.1208056822946504,5.215185072115547
0xbfbb411d5f4dd3ee0d6cf17555da9a4a9d4a41513580422f3d8d6e00baac82e9,1,normal,0.3733397283360551,5.215185072115547
0xc681a13bbc2912c54fcddf191fb6a3a4248e4cdc4ac83f6862f1067866a9ab7d,1,normal,0.16291128519953607,5.215185072115547
0x60c15f4dab5254a9c80715c4313da8169933073953d10a99f373155a2a976688,1,normal,0.8529891291107081,5.215185072115547
0x3ac2b02651ecd8a4339380a0445e8e96c1542bb8725f90fdf832a4b980cac2f1,1,normal,1.1660894171532752,5.215185072115547
0xfd1d8dc9d09fd543819d941910d863295c311aeadedeb490c76850e22e318dde,1,normal,1.5545368491722626,5.215185072115547
0xabce35f63de1c89f7141c0bce4876a2e761b01f2d183d63a8081ab848bdbc276,1,normal,1.9428958831520815,5.215185072115547
0x4d2f264d24f0e6de951fb574d5b93f75d0f60096f8fa90a17a5186cfd3458ed8,1,normal,0.15285232688753483,5.215185072115547
0x850d89bb38efb67caa420389628d9c27374b1195553ef8e13b8157328c824cb4,1,normal,0.1266628998621032,5.215185072115547
0xcfee4956ff084223061f9bd99d9cce3128bd9edd854bfa6684c1330bdc507d06,1,normal,0.14219871820120308,5.215185072115547
0xae9c33710a0d3fe21ba6923d8676dd6e02d659ee0aa2a164ac6937efe0b6b772,-1,anomaly,8.90698663055704,5.215185072115547
0x0ec7bcbffada6a9afa1e31ade392114b64e66b4e8fb7fa8c3c1feb8bbe6d295f,1,normal,0.1337571585273987,5.215185072115547
0x6e7bcf7cf84fbe9522d8cb3c74d3e1b5e67f6d1b8c15ee407baa62d5c8d32451,1,normal,2.0734881208269487,5.215185072115547
0x4728d4ce16b69512ea7afc031b96f6fb0934b8a48f3f10f04cd84a2c3829204f,-1,anomaly,5.576629201858593,5.215185072115547
0x9d704ec5f8d123669dd361f45ea96b0a1eafee530c5a4cafe3c1d28be6b2becb,1,normal,0.38633254400253747,5.215185072115547
0x9fad3a3d6452586cc6f0b6e06971ae0f5ccd5a3d91aee8465c9a43bf4d95b41c,-1,anomaly,10.405149972229,5.215185072115547
0x5315bf7123188cd731d125bf611af055038fc8787424eb1db30a20bdf321f7c9,1,normal,0.8223801130137741,5.215185072115547
0x06c237998c27eef2c92d99727704226233f32b3419db2d43771aa27fefff89d5,1,normal,1.0790519413455362,5.215185072115547
0xc7873d18dd842e79211f382e5a1175955190f7078a1a97fb4dffa412cdf29886,1,normal,0.5249854472905319,5.215185072115547
0x45262224f16e3e8577f64bbc1b6ee5b14c1a9251a2b3e82f0367367aa4ccd8ab,1,normal,0.9971564036319843,5.215185072115547
0x0c96401cac4277286edec6ae596f4f284f26c9c61f229650f21b3d64cfdd617a,1,normal,0.5765070708619835,5.215185072115547
0x75a968f9202ecc54911859a1db94a10c71fe766c9c414ca698f0f25e21c960b3,1,normal,0.28177613477283964,5.215185072115547
0xaeb2134cecee0c0a2f4f8cacc7e31f74361c35d53270f2ad1c92e0bf9bf9c1a5,1,normal,0.42760841318004555,5.215185072115547
0x0165de463fba57fbbaa589a72395d39f6640f1c7dc1525802ae01dc9516e1932,1,normal,0.3218994135862877,5.215185072115547
0x4349147edc5e29574216737bf4780cba2d92abc61ba12ade67f3d775d198cfe7,1,normal,0.9229390322655154,5.215185072115547
0xb4f6d752a4cb1e9c0dc74b4053b9edfe073dd657f81828a44277b49af6f8dda2,1,normal,0.41566399237772783,5.215185072115547
0xad8bd7f517e3b0f47c3d585c3f42cb7673d88689126ed0bdaad7e268bccd90c3,1,normal,0.48682376204131533,5.215185072115547
0x7ca810a035b7fde5cd3d530aa905b029b8f940fa91163af3cc6bcfc05ec80921,1,normal,0.5635096408752116,5.215185072115547
0x3e4c2087c24bb816dd2f054969c150b36cc9f23ea72bd09a2c674ed58a00e02f,1,normal,0.34450944502264386,5.215185072115547
0x36fca7564cff1f80aa1b0c7bc2d920466af4484e36c62094dea071ab1c91c439,1,normal,0.32594994974484187,5.215185072115547
0x29dbe94db6a0ab3b71b737ae4faa54a08e982ec9bac1906206b592abf688f511,1,normal,0.5547491659107257,5.215185072115547
0x8c0044e58640ae0937901b5d1b6828828b81401c2cbc592326526ebff68ada31,1,normal,0.3516325405232107,5.215185072115547
0x2b95c02dfee4449b584e99bfd5fd68825f9e1d047f828116f2fffacd93b33e37,1,normal,0.25899567404811946,5.215185072115547
0x91780f5d2cee330b22f31ab46cacac76e9fee46773ed53177fe5d84341f6aed1,1,normal,0.287028638173122,5.215185072115547
0xb3bb2f3f8d8b255631c951aa9dfdc7095a2597141f4c018d072aaea1a647e035,1,normal,0.4550256764873781,5.215185072115547
0x247ad2b7aef2fcb9f1e2cc7380789d190384321150733874f3eaa4140475cf5f,1,normal,4.39629181277397,5.215185072115547
0x3b9878a1557948dfaa47e2c491b06a76859669d2030bacffd451b492619f477f,1,normal,0.38424818280156753,5.215185072115547
0xa0167e3113b5a49ca54d6b9d7e24a9a3078e50ed1cff63b212621a85dcd9d656,1,normal,1.5220218997155632,5.215185072115547
0x29ae2a85cfcfebe8176471e657ec16d17dd1110af87a9ed30d0427304594f4a8,1,normal,0.2855729084271442,5.215185072115547
0x26f11682a8f9c9ac0249195474b67af56818cf588851eda38e5346f7dbbe8cd9,-1,anomaly,8.91594500927622,5.215185072115547
0xd445b92429db4020a6b2a16e82397bec333735750ed4b7f57d0dc81c2237777d,1,normal,0.31407910238414705,5.215185072115547
0x8e0ac083a73594eb1eea052342b6a55231b173e1f48d543dfc19ecff6fffba5a,-1,anomaly,11.663406727101172,5.215185072115547
0x922700d60edc5b51687139405296aee2e7a7d77bcd1c44b2f4593ceb55e49495,1,normal,0.580238814125739,5.215185072115547
0x6649a4046761c417e3f56fa74826f21721742c732b6913bc5eff09e894701cec,1,normal,0.18550194424723163,5.215185072115547
0x1d7658d61fa6b98b36767e048cc6c6a45f403c6a58c0faba3c0365978639f07c,1,normal,0.22848091928847894,5.215185072115547
0x968aef92fa8bb47daa6594bfb4b101e158c07804e63489de979066b46cdb29fc,1,normal,0.2815375270121833,5.215185072115547
0x85cc85d0dff946c243df5a8d9b661b8f13a5d35cc0af103e21a9b626e11e5cf0,1,normal,0.4017189250771582,5.215185072115547
0xeac41df7b7b07885285d56c34bcad104742331876a7f072bed9cc32bad9183cf,1,normal,0.4656560224868564,5.215185072115547
0xc0c65c679b8ed0fb983ff263acae628df22220217f79a239e8cc793a6933b426,1,normal,0.14038330136822935,5.215185072115547
0xb3340bd5ba9a2925d7f4fd813ee05954ce1f27111ec0c26a4b01efc8e994f5ee,1,normal,0.20187725096254697,5.215185072115547
0x4d8e5acc463421581efe141dd4716f968e30a3d4fd45a2e4c6f9eea4909e6875,1,normal,0.8405995817686227,5.215185072115547
0xfab55b8807327b37d2bae2622512c097c9c313f71ae285f8df7f4c34f23cdfd2,1,normal,0.6129118499998688,5.215185072115547
0xbda27194980f92335eee5a348157af50d6e38fc3565a9fb14e19a5e0989607df,1,normal,0.17222960216041727,5.215185072115547
0x5933c4bc5265f13294b2f35f76c749b4ae78a9044b752bb0d82e4c256f076d4f,1,normal,0.14728803115043052,5.215185072115547
0xd8fea3748de5970c27d182cdfa6d70731cd9bc9e73917c4c410329b2f8d3ebaa,1,normal,0.1464820582437077,5.215185072115547
0xf63ca6e2d3b4cc3408bff4b352bb9bda5a111fdc97ca3b1ff0e52aa4cff63849,1,normal,1.3044392116208363,5.215185072115547
0x7bc5a1303416531bd63e56c0a13dcf8f04ac859c84bb4049ece11380bcafea06,1,normal,0.1746094710157343,5.215185072115547
0x36cd70185239186821a761d9fada463c1db3f0100bf38e27b141051828d3f5c2,1,normal,0.1321945515311563,5.215185072115547
0x6ca9d096157a1d60cd69cbaf0fdb48d03c85032366507d763b72fe2eaba43d7e,1,normal,0.17676023168258653,5.215185072115547
0x6722a26855e09d40e3c3f9a54fd1d8754672df404971e2a51b7d3b7f1bfb9334,1,normal,0.19645979239072447,5.215185072115547
0x7028594c3f3e9c34afa37dd5eebc36adef9711db456e82a361508c759a989da9,1,normal,0.14389304788814353,5.215185072115547
0xde517dee483cd6dccf8df4a81e1d9d24ae0b13f28d01920397e610aa441e3f1a,1,normal,0.1659322114794566,5.215185072115547
0x272d94085f75a4758324579aa7289ec4aa96ac6f636260237fefb58575f89744,1,normal,0.28584934769509657,5.215185072115547
0x7024d1c96705890ed3794f26ba1b1f00ad293697e06adab92c653cd38a6ac7f8,1,normal,0.28220757075143965,5.215185072115547
0x0aaf7523677cef92098416bfe18cb0478d1f8b2867e5fff6b6e00dad4d50045e,1,normal,0.41573955675801555,5.215185072115547
0xe492b2a200a81de61bfe9360c8c89c1c680f30edf968666230efaed9ba878977,1,normal,0.19308795771331208,5.215185072115547
0xc98bbbd3774ede8128076b536bb2abc2ec35861e35f09f0a11b8cfd64bd60f3e,1,normal,0.23931308767660545,5.215185072115547
0x8ab73a69903bfba5eeb5a25cfadbe9ce4913f14c8ec5679eb2e8340b8c72eabd,1,normal,0.1654166793094521,5.215185072115547
0xf34f1f73eb443d9df9fc339a0e80af14717370f3c4422107711540e219d732e9,1,normal,0.20930420718866669,5.215185072115547
0x501ebd5d66a458c62a5a155c77666f8b0704e5aa645838fba9066819a41e7e03,1,normal,0.49995768625660814,5.215185072115547
0x3d14aa98255e97d635c6aab0a25a02285bab444838ebeb300858749d5b0cd8c2,1,normal,0.21732518490431524,5.215185072115547
0x16d8fa483ded5780adfd37f5cd836d0030277819883eefd9fd5702d484280ead,1,normal,0.1629779635825878,5.215185072115547
0xa3aa44567002d042060fe2c529b26e3648ef2503fd3fbdf16923fb2e5856e8ea,1,normal,0.16946629764724386,5.215185072115547
0x45b8b284e2e8e07e42f7fd84c5d8aab7f01536871cc440fb4e2490511fb9a6b6,-1,anomaly,963.1027682508654,5.215185072115547
0xb2c25e00f89ecf612b9058cc0bfdc750e759eabdbbd6eca0ef58639ab14f6aa4,1,normal,0.5266696511473338,5.215185072115547
0x7d0c03d396ea8bfb6ebc5a4da673f9af0f73c051d5ab9b1d2f3d8243782be0ab,1,normal,0.21539469032640232,5.215185072115547
0x6176490b1d89d700a48283629b2d6a019f9fd0cb7d7c53fc8f045cbe68d331d7,1,normal,0.15310856426150773,5.215185072115547
0x143822a7744c405849305afeb3168aa53831e939fce07e62af3220489e9bfe0b,1,normal,0.20053392105513085,5.215185072115547
0x858c11f1cd02fd515b611d1ab0bf318a776abd47b46609b041985747a4cdf7ce,1,normal,0.21477993519868255,5.215185072115547
0x5abc3280793b6127aec9b952e6da069192f256700392d1c391974a7200726e2e,1,normal,0.15786420915716917,5.215185072115547
0x931ed88972ef02a21e5cb14061cb3acea348dcce2e23beda09c9eafd5974b808,1,normal,0.1732092406945311,5.215185072115547
0x5f2853cdcca91bb3037095370e2ad3de13561e4eedf0b8649fbb4d44ba58d524,1,normal,0.2691017145951529,5.215185072115547
0x163514bcf4cb8f0fbfaaa43740d26bea4eba7cad19ac52387340e1c413d5434b,1,normal,0.16039992376736367,5.215185072115547
0x985b2354657c3db4e7c6000f2ca605454af2ef4b57ed47897e94d636d042b375,1,normal,0.747906006072415,5.215185072115547
0x2782d6daf94936959ca1d6b63f3027fd32aff787ae467a1d2bd328b3ce53a853,1,normal,0.5770803258028193,5.215185072115547
0x57ac81535ac3a6b35bb36117312f1ddb820a49b34edd39edfeb96e1964811644,1,normal,0.640665338515579,5.215185072115547
0x1c463af45809653f443eb3fe58a7ac61b1793771e21affb2ee6a904055b99466,1,normal,0.504889976487895,5.215185072115547
0x33a360dcc0c637fa3c01a007455090a0353e96cd691d209330e4f79f5dbcfabc,1,normal,0.25559015462253176,5.215185072115547
0x1425e7cf302a5df53cd98d851a591edb9138864ddcda5145947cebe1423bf2a5,1,normal,0.4518977426695495,5.215185072115547
0x39353985c794ce3bc899dd8184b8420c4b3425c5c42d6ba8effba5db76485ff4,1,normal,0.47840793541866083,5.215185072115547
0x49ea1e4a714e6b3e4f803650ee01d38117941cadb184e70bf827225135a0d362,1,normal,0.17703891325817048,5.215185072115547
0x65f7154eb2709879175505360cf75d2d51f511bbbc99c0b508cee2051218b18b,1,normal,0.13198439422493446,5.215185072115547
0xa4ed6cf049eddfcaf46c216a991479057ebe6efd619ac8d5be7b70617761fb77,1,normal,0.2094077026651826,5.215185072115547
0xd66a429dfd8dab3faff7ca75f86cd38920a91426bd29cd8194bb8c557cc0d164,1,normal,0.6436946575119746,5.215185072115547
0x96dad852425430ea774c5bc7c105082b73d73e4ecc67fbfefff3d251381217a0,1,normal,0.2737505231599883,5.215185072115547
0x9f1a32e1e96fb2db735805e18defade5d5edf0854fb4cf3a800e4bb7a50c8dfe,1,normal,0.16103175516059984,5.215185072115547
0x95b71233ecef03d66e33f47e65f38572a3b9ed19b8e90b869d38d9933738e63c,1,normal,0.2305718610521043,5.215185072115547
0x2eaea6023dc22659c5064ea379650c5467796d6aeba8c4f77c0a51b6e42c3df5,1,normal,0.17026392733163379,5.215185072115547
0x5215c9440d16f1c83b323ea21265752839969977de8ee8a309e686e126eff776,1,normal,0.2738568221980136,5.215185072115547
0x2873cdb391205b06d6da93446007c3761b24e6e8e1b5ec355037faba55200b3d,1,normal,0.4851602000305265,5.215185072115547
0x912587d1a4f4f08d1a70cd942fb246517f1c32ecd09050642ff9a2e97c19c3b8,1,normal,0.26757729787570367,5.215185072115547
0xd7400df32a8959eece10b867766b87bd301758bc43ce23f89dcf14bc2961d7a5,1,normal,0.1982654170857554,5.215185072115547
0x05f604a12b377e7db584ef6f62ac9e59a1a5a22667815039c363b97d7cd4e192,1,normal,0.2872431526262514,5.215185072115547
0xb39e954c9dd3477f2882a4fab7015d1ca5a248fc7a284ba3dfce499012e9ea94,1,normal,0.14487417218238482,5.215185072115547
0x06b602ba45f7a4272080bea64df2aa72d6c1230ac433fef6ab55c055abde8023,1,normal,0.9126800987640223,5.215185072115547
0x3b23a728e7e07cd433034946322f6f35fe2b7d00c7c185717bc34c1d4ce477c9,1,normal,0.19327754639383218,5.215185072115547
0x962a48e9e8f0afddd08fb1b2ce44e2864a74f65e9ce54f043a9a336df0287fa1,1,normal,0.20715140449667674,5.215185072115547
0x04a6c54fc1002afb8b7290e424246e965cc8c776ecc8ac9cc7732ff46dd986c3,1,normal,0.36671823445325774,5.215185072115547
0x07896eb1c549c4722d1db4322c02dbc2eb5e4c20c0690c7f1bbc679f13b50375,1,normal,0.5378302143935335,5.215185072115547
0x3994fdf3e00c7c0ff7274ac4261262325e8c58e34a3fd8ad769741edfde369d3,1,normal,0.2349767736368104,5.215185072115547
0xa31d10d2f6adcf46026bb4a7e98c9a445f91c4c676b9addcca0ed87d5d77ba61,1,normal,0.20261976573466306,5.215185072115547
0xefee021b2cfae7be253c9113c20e2c2aea80b63026b3f27bc8d795bbeb337d37,1,normal,0.5848989781529866,5.215185072115547
0x7f32162f869b9704d85e0e18872d37b679930bb95409dbf78e0732c16e5c99ad,1,normal,0.18608312535991417,5.215185072115547
0x02060bb34162eee00c9fc130668c7b6476cd3c9963b8384b4d66f896b5504c34,-1,anomaly,119.87303128863482,5.215185072115547
0x7cfbe6d3384dae65b90819824d538288d6cd44f874985aa6e76f2d209db52217,1,normal,0.6924345092546105,5.215185072115547
0xf9fab64ee7d763445e8c8d2001afbd057066fabfbedc57511c4f4d3ed23159c1,1,normal,0.24046468030987875,5.215185072115547
0xa4502147c51457c512c51a7ac967c2a682f9d36b3074888196d7c0569506728f,1,normal,0.1875583123362203,5.215185072115547
0x8fd125436ae6eaa442587bf4652478fa76c8999ce3ee73458a98f16e6c883487,1,normal,0.3026115949331213,5.215185072115547
0xa0bdf00dd67861eae4b82e57ddd73034b6b41c2f3bf96d64c374fc0574b6bba8,1,normal,0.5619578040461122,5.215185072115547
0x944b645ef35510e1b37bd307387920a74b6afa174506007177b48d332d0d5932,1,normal,0.42254703721805054,5.215185072115547
0x30c2e890d0e8600bdb11ca7c43cc2a86c4deb712baa2d2b2eaaaaca436bec7a8,1,normal,0.22739174398614895,5.215185072115547
0x37bd81270550599c89bd02855ca0b44c1328cdd711f161c34dad3328760f9cd7,1,normal,0.23546757767284157,5.215185072115547
0x3df341a7ac2987d53d94f86c443b8fcf18a306136b52bb27543f9d5ad4792b74,1,normal,0.16621262036243614,5.215185072115547
0x4708ac12f92d7b164e37090af9fb638ee121844019accea609a2939213857ef9,1,normal,0.2095284243944018,5.215185072115547
0x3c6386e5205995ef6ef94102b2eef46cd781f1d574abc1dcbe41ad576dce4c9b,1,normal,0.5410622048997407,5.215185072115547
0xf9b46cbb7890bc2b9bd3865f4b2788194314d789aff24dddf195c1cba6614552,1,normal,0.14753319294154815,5.215185072115547
0x7e72943d1c0b5bc139ac0f12d453495750ded7656dced4ac7144dbc6f9e227a0,1,normal,0.3650299490871595,5.215185072115547
0x97aec9f9a8d2b80d1990ff5ad27c3c294ed5927f15456ba54650287f8baa12d0,1,normal,0.17302218770788963,5.215185072115547
0xcb4309d88eae2a62b295562bcc31aaa904fb8ba275268a6476e8d9366e1a3be8,1,normal,0.14581402354331766,5.215185072115547
0xcb4309d88eae2a62b295562bcc31aaa904fb8ba275268a6476e8d9366e1a3be8,1,normal,0.13686374744220392,5.215185072115547
0x3f2cb4016e8b0d80678ec2a1720dd651d287555c3904e51cd415d6622d3c1acb,1,normal,0.17826383154673592,5.215185072115547
0xa50241e5782fef052c6271c2210e0d1b17f51464d27a8b8bb95135b813303f7d,1,normal,0.47729178854637244,5.215185072115547
0x6b08e22c49748770e9a33d649e84ed987863167cfe04cb2ccbd1dff4a1250685,1,normal,0.16480094542869247,5.215185072115547
0x6b08e22c49748770e9a33d649e84ed987863167cfe04cb2ccbd1dff4a1250685,1,normal,0.1496165413710914,5.215185072115547
0xec79eef761eb8828f9b7ebf03dd11eb5fefada3da83a08f9a3c010275f801b45,1,normal,0.18890562335608377,5.215185072115547
0x0ca79d2f8e6e1deacefd023b1348a5f7e84cb1cea4b52ec51db50cf9a15427b3,1,normal,0.3730377726815198,5.215185072115547
0xe6e04a42f0fdc2c5c2efbf86b834ecc0e6cf4ab1ca9e4a6a5fb9e05a1abb7788,1,normal,0.6654317606185645,5.215185072115547
0x103245995c77c4dee66ce3f4000e555b0bf523409d5ac0049a29d9a3da609a94,1,normal,0.18452968664329455,5.215185072115547
0x9a7d51103c30578467700aa3fc919cc5f3bf224589dc8084d7e31d85e7eda707,1,normal,0.15058463104492237,5.215185072115547
0x9a7d51103c30578467700aa3fc919cc5f3bf224589dc8084d7e31d85e7eda707,1,normal,0.1597525090556858,5.215185072115547
0x4a7e3848591f2430b8902715ab57c4d6162e32ba6c789620f6632421bb5fd080,1,normal,0.6407694869149009,5.215185072115547
0x2c5b51c9ddb26cf61eb93b24c33645385595dd0a9f0a13969cd5be0547367e17,1,normal,0.2072513223951566,5.215185072115547
0x64d0adf053099d013062e98f010582253aa9aa247d911655932a5b327d5bce13,1,normal,0.6311600293686446,5.215185072115547
0x609d5782a6058e935c51065bfb47231c3b56fe72af3348c2aa55f238298d5aaa,1,normal,0.24232090811189735,5.215185072115547
0x2a83e9aa120aa3cb4dd20ed7f4d4d2d3e582e5fd0b2ad5a7b7b4a5c8c0731578,1,normal,0.29478587779904536,5.215185072115547
0x424018a83e32ed7ed01a212020c7b9ce27071536655a363a78f1d129c395985f,1,normal,0.15020429595157442,5.215185072115547
0x424018a83e32ed7ed01a212020c7b9ce27071536655a363a78f1d129c395985f,1,normal,0.14326054486541923,5.215185072115547
0xc7c4d956b3d8e82644c2d7c6a24ea0088b5f52655e39a6a8ec32930109370f7a,1,normal,1.066440878013381,5.215185072115547
0x6e2ca30c149dd1c9dd6c4ae551075b3b45bc22badf621647577600c64530685d,1,normal,0.6866091230677736,5.215185072115547
0xa5c12b7754732f211201a1a4573acc00abadab4e02da2e0248ee382989618889,1,normal,0.17628378208972223,5.215185072115547
0xfa276181c1285eedb1c9b7118eaf89eb27f0a4f62303b1ef66fa19791a3d9997,1,normal,0.34610943570256786,5.215185072115547
0xe38c2f38791b8dd587527dbd849b9a6b11cb3c9fe16bf6de260ef97db8dc05a6,1,normal,0.1772936370633223,5.215185072115547
0xa6a5b042174a6fe93c7c00e533d050f0e874b62baa63fb464303bc3054d64589,1,normal,0.1755572270017349,5.215185072115547
0x0c119a6d7fc8a6ed1a05bc907bb5dde865a7a89e3da72ae8f4dcbf5b5136e8c2,1,normal,0.3305898093886454,5.215185072115547
0x9de2dd69282857a74c1a364b53b95378db11c86f8729194da2f2fe42a28a6566,1,normal,0.4491286603042051,5.215185072115547
0x1f8743cab5a15f6300906e370aa37d79ed169bfbe778158a573f6f1bedd7c6b3,1,normal,0.1930867846439527,5.215185072115547
0xfd01e1f5072db19bb8a7a71962c72af89dbcc9b73fda2aa853a65d1e1286f78c,1,normal,0.4963579463286188,5.215185072115547
0x179544c21ec169784096169b90364f3be94e48209f9f1e4aaf9ef6b961f7a56b,1,normal,0.42227739189819186,5.215185072115547
0x2418713479e27ab5dbbcc501f0ce6beecabe80f2091b35136076b5408a77eb06,1,normal,0.7136131558284328,5.215185072115547
0xdd2f1ab1dc7985704b2796b073d1f9cf758a6dc9c5f3c393b1b7db8509d33720,1,normal,0.8329503010130077,5.215185072115547
0x7abb9ef492b71240ac61e962128704cbf0237db8b5aa5c12e41ab6027d06523f,1,normal,1.2235260518771436,5.215185072115547
0xbc3e1d6901ec7fa294dd1c7c76865c5edf61f65e8657c773be889725d89460ce,1,normal,0.9096185942209521,5.215185072115547
0x7608c374eda4664b12ae9088588776646f651705ea80c565aed55f7d21dd4534,1,normal,0.22023099121811307,5.215185072115547
0xdddc285685ff02488df89b51661aa2ac871ce57a55f9bbcac00949c52ef56e1c,1,normal,0.21740808835570505,5.215185072115547
0x400789dfa925c384ef4a380db7be12ed7364915e1729cfeaf42f4da88ae0d31e,1,normal,0.21772624389644227,5.215185072115547
0xf8de29db162a74b0a552ae4cf6ba7c2ec7d5578b35c25fe7f004ca1f29df9b25,1,normal,0.165382140184787,5.215185072115547
0x499666ab25f253e75f1577a7000af94c6afbf6382bc583dae509e7d38811d4ce,1,normal,0.19206320888473646,5.215185072115547
0x55b7d2fc24628ed5f929f0bae91a07fb20aee86c14cdab4e99dc3bff15618011,1,normal,0.4584468353941536,5.215185072115547
0xd2a4e99d5a35d4cdb9629fefb5d7f45632c64071b1c9992acce2a69cbd326e51,1,normal,0.1503917509775854,5.215185072115547
0xd4749614c401aa8891252649907995dd317a6712598b2486c184a7099f72b5ad,1,normal,0.1421860233402898,5.215185072115547
0xe32b6cffa4ce8eb70bfdec809c980df25c7ef99e7eb9c3f25a8f82a47de3f51b,1,normal,0.3037969992947508,5.215185072115547
0x2e9ae9d5e49a44dc612b284c4a4f6be1b70844e9ea6c857178c1a4d1af99bf7d,1,normal,0.34598693552980414,5.215185072115547
0x0a859ed294520581fb033bc62ef61699e69ba39c789662c7882b5eca53f6a38d,1,normal,0.7542773135269994,5.215185072115547
0xc6ae5bdb72fbcd944b7b07b4bbcaab969ca2601ed495576480db99bb23af4143,1,normal,0.36160989143405836,5.215185072115547
0xbb5df580b62c379d8fbb18558272b4b87bc0b79ba34184e144beefc30f913f5a,1,normal,0.538440009835138,5.215185072115547
0x0c386db9aacfdfc960498b278f38980e628dd448cfbbeb419fb7fcc80f16ed8b,1,normal,0.4293894147361513,5.215185072115547
0xf4b3941b8b3c81e1819956d497e1e47d63036aa5e24efaf7774bd6c0d96db54d,1,normal,0.37974772975817156,5.215185072115547
0x23d3fc9374f497e927bcf705280a81971bf658b01cb89e125d2633a7b2427778,1,normal,0.4486984970616192,5.215185072115547
0xa5eaab440270943aa2f38376437fe8663aa666d706a8657aea8303549e9127fc,1,normal,0.5052858633825484,5.215185072115547
0x1e0f0059efcfdafe388f98df3c1e47c336288409d6e0a0842f45e2b01fbadff6,1,normal,0.16462322757630646,5.215185072115547
0x5eb62feb4b0d9314a78620fa0c0caec2bd37bd25c8442eef17683bb7d2a2edbd,1,normal,0.19961175216069482,5.215185072115547
0x89ddf7c04d8e3c97ab83e8f61f8fb8b767a733f6674664c31e5e007f10b18ca4,1,normal,0.2333290561227064,5.215185072115547
0xfd8c37bea03491befcf7124f3646eb0cd63bef44e88fcee78adb54b654ec9cdb,1,normal,0.1510726884336388,5.215185072115547
0xc5830e6404accb026f5448bfd8b93c2ae022ce9c6541a1d51412070ec2b7844e,1,normal,2.858068065053108,5.215185072115547
0xbca40352d05e5467ab301c9be2c32d4deeeb60737836ba4aa34efd5cbd01cef8,1,normal,0.5190042998266239,5.215185072115547
0x8b513319fb877ca5a5f5b22c83204ec5211f5f43e608108d78a30d9a80d0f6b0,1,normal,0.30127085424537003,5.215185072115547
0x8b95b3ae06dbf530076dbe2299b49c2a72f46e8b96078a3062de6502263500ed,1,normal,0.3417321290939875,5.215185072115547
0x5b4452766327049af5c6c373bf2881a81f8a833595ad3c9629019c28136b5cee,1,normal,0.1690960091898151,5.215185072115547
0xb56844bc2afdddcb9775b2dbb50e7dd415fba02839e76bcb775df12edf30a7c9,1,normal,0.14245937614490006,5.215185072115547
0x746497bf07628dd7fbbc82f8d23a494cf60d8c1d5f6070d15dc4a0f8e4c0eb1c,1,normal,0.3509523119105912,5.215185072115547
0xe4584dab4d8bc9c10dd031e219810623c8db7d3248cb12ab74f22e61f5ca8e68,1,normal,0.18557436390425167,5.215185072115547
0x1965b6f236def0e2f05a0a8eb774521ac4c909235c4c2c8eccfd9e6cdb024060,1,normal,0.17986739272771277,5.215185072115547
0xcba755705578abf2ac215faef6fd6617bf0c12115220d76313ac4efa19e5e56c,1,normal,0.30329533406723724,5.215185072115547
0xfb50af90976bc029b74c8d5b79265cb16b19ea0b87ae51112aef263e2d2f3317,1,normal,0.22221592929256093,5.215185072115547
0xebee4a1f3b89ad8806cef477ac9e11cdda93296f4ea409f48514ce0baf692a01,1,normal,0.1338437778439668,5.215185072115547
0x8dfaf9329933fad7c352031adc7d6a96395e153546142faf95fda0024dd8c1da,1,normal,1.3900227673929064,5.215185072115547
0x1abc1ffd2738ce0ed44df1305c1aadf6ff2a496df9e6c536399a0dbb842ca77b,1,normal,0.21732650612176263,5.215185072115547
0x979065569a2c5f0aab5af9892a1bf4b6d1c5bc74931ecd03ccd62029107c728c,1,normal,0.1454096851665203,5.215185072115547
0x1e156d6f08525fca8308ed0fc057b1de83216f22a4d10ed4772b85c801cb6e33,1,normal,0.16367309936528815,5.215185072115547
0xab3897ffd2e0de2db8a345a9e5e013654a44ebccc42cad04dfc428cb02c58a00,1,normal,0.1829218200141452,5.215185072115547
0x64c7e0cbde6be03ab0577d04adda480d4b545ce495a3a1401474c76f52779934,1,normal,0.4925597812357937,5.215185072115547
0x6e8a2623a7dc8d0ead1667371dfd1e7e884a82ba3c76020f59882bec504e6892,1,normal,0.1954769944748395,5.215185072115547
0x4a03da9e6fab39e8cc9b34c13dd14499e5d931f205e26e6e27f399551e99585f,1,normal,0.2196704106815768,5.215185072115547
0x5caf47728318dd8004594a6bc374e9c2da2d35efa1a1979822d423ef9d778ca4,1,normal,0.17074975763655914,5.215185072115547
0x4900c1cd49bc4f0bab4df65c64420cbff434551762ea1e8370e09f4487fc53b0,1,normal,0.4259949298803351,5.215185072115547
0x521e273d4223767e43aa22b6f289077d22b92e246a4428ccb143b6ce38705938,1,normal,0.4684808788414142,5.215185072115547
0xce44f03945dfb3aacb44437e994622c2f18bc86a94b5f980724001f44c2d54f2,1,normal,0.42487904273855415,5.215185072115547
0x675a4b1d7a79031631ad4c4628e6234ae795ea7189b868fe9cdf5f1cd8ef73bc,1,normal,0.1785091514972009,5.215185072115547
0x0655c56ceb390eeaa0a54b9abe656f8cec53131febf02864fd4af6914433cea9,1,normal,0.15617039838455646,5.215185072115547
0x7e38bf9f27deef56d22b0dfd0c9baee6aa20958c40799490ea229e1f4b27850d,1,normal,0.16843994992502306,5.215185072115547
0x435d80c474f5a4d5bdd5a03420a3ffcc3da0a0cedd359fb01a8ad19970dc3735,1,normal,0.6137853230829426,5.215185072115547
0x39287be2ff950bb3c734a05b70c07f2a02ef7ddd771630f071d92724e0d3a151,1,normal,0.6554149347735888,5.215185072115547
0xbee8a49a3631e3976824dbb08925e82de9b6ca670818a5ff92bdf126c1b06b53,1,normal,3.9558984524080025,5.215185072115547
0xa31952add2a70b56bf29e623f6da662d94b6b9c5be52a29a4426da909bf0d16f,1,normal,1.6097036377054594,5.215185072115547
0xde2d8cd33b5e624cc18c6cc8b4a2be50b0f23e9f17b80d710ac35ba5e678603d,1,normal,0.18236013615182048,5.215185072115547
0x96d44cecb0f71c201aaf020e698d1f36f57169fbe9dc85dedde780a56bc2e8f3,1,normal,0.2003541079049083,5.215185072115547
0xe12652525692f37e5c2efc3ca342175e782a76978f2ae6cf81533d9162fe00e3,1,normal,0.15691598127742543,5.215185072115547
0x8cf3a3615af8974ce73874bc2573c8326fa46bf42e8eaa33788456d95b0b374f,1,normal,0.18789025703219947,5.215185072115547
0xf048f2d6c2a42a1f412a857d0a5e612e55caf88da325b90c5ce055e09bb555c1,1,normal,0.6400081792588036,5.215185072115547
0x7d8df800dc8de0524a18f55b16818ccd375d5e2b31487b84f9d1a1d5d099fb52,1,normal,0.18892750839626005,5.215185072115547
0xabd9b571182241e471635ec298ac9313c59dd9d5f9be2c1ba2053c39c42a3128,1,normal,0.21183688141790244,5.215185072115547
0x635cfad2b1d0ed504ddf58bc45120dd33aab02d5ba308d692fe938d61e04540c,1,normal,0.15632939008466445,5.215185072115547
0xcc9368acbdc7e9eb10cfb5c2251a9715ce499a79dd533a1c06127c0ce3cca569,1,normal,0.2373431014264193,5.215185072115547
0x2322bdf61c96a28fc22a5e19ef7b56b44370364af16dc97e956d5a2f40181aaa,1,normal,0.30675058353028634,5.215185072115547
0x4590cc8ca10d57af232b71c713e05f84c5a7b8ab998627cece64b2f3bdacf83b,1,normal,0.5802064012154113,5.215185072115547
0x81b5e5852ed14e6966b46ec45f02f507ed1a5057f24fea4ec4e471dbffccf445,1,normal,0.14989753197072725,5.215185072115547
0x81b5e5852ed14e6966b46ec45f02f507ed1a5057f24fea4ec4e471dbffccf445,1,normal,0.13769075571668107,5.215185072115547
0x817e1f3bca72f66bae41af98794b04db8cdbda55be730c6c82a3b99925a5a2e0,1,normal,0.16857531448786353,5.215185072115547
0x803de5cb227304229925eb651b05b54f22638b31e05edbc3ebe6e917a3bf18d3,1,normal,0.1812578067948329,5.215185072115547
0x59062b330a6979d33bb5952fbc4d74f0090f65852cdd9b87f091a7c59708c426,1,normal,0.20551938596607397,5.215185072115547
0x16308b63e8e88e4d054e0251839b44c113fee24165295dfca5fc9efc1cc9107c,1,normal,0.16015755445491256,5.215185072115547
0x33e19b68373d6dc2f231143a0cbaf4f287bd410c4bb60168252b867a43574575,1,normal,0.17614877912178337,5.215185072115547
0x5a01be0c3c378a3fb9ca6055fc23dcf5566dc77cdf3b06b183e542abdfa2ac36,1,normal,0.23801535730245668,5.215185072115547
0xac30b6730cc0f61a9f6f68822ace0f902a1a8bfb077c9d062215bf40eb378b44,1,normal,5.213911499647695,5.215185072115547
0x98c23b1a73059e7bebdb13650d135f67241730a044c5ab1ad561672ea993c26d,-1,anomaly,6.561280652694146,5.215185072115547
0xcb88d040207555884129623a6bb7af22eab3ac3f03238f1d6d87521dc207f426,1,normal,0.8425800543752985,5.215185072115547
0xc46dcd009da256581ab12dd69e721cdc54ffb7f0e63bb6548b0b6dfe2ae2e308,1,normal,0.20595945126392354,5.215185072115547
0xcb02f497175f86cfabcfc931e1286641547cf3c49120e71a30f3f57066eaac92,1,normal,0.48695177207434653,5.215185072115547
0x9be4d58e5e09dab7e9e776dfc2e5c39850905375ccce7a3c08227da9d65544ef,1,normal,0.2555603637487856,5.215185072115547
0xe475d45559c323b34041ede052a361df1b6f2bde3dfbd613e016c0193407d6de,1,normal,0.39039411329738855,5.215185072115547
0xa7f23509bbd9dbc7de467937805c72a272e8f59b98b1787ff6c94686798cbf1b,1,normal,0.17510216476596183,5.215185072115547
0xf9327a3057dd312a4f8b5695f856a357841945f41357522ddccd0e8c1d674813,1,normal,0.41690908164141327,5.215185072115547
0x6b90fe213ac032ecc79e5a1d0a8ad0d19c13e3efc6fa3976e87f0d55d59a6393,1,normal,1.5603957050912758,5.215185072115547
0x8867e2c2067044d2a48d97964e586f8832f528a08f60b9069d44dac969acff3b,-1,anomaly,61.101685693368154,5.215185072115547
0x0b32737105a0eebdc53d2cb5b6b50aa6ffcb1e2857d0cf421a5a5f48b5457762,1,normal,0.5588227914816405,5.215185072115547
0xbc1c1e85c491a467945794a0b75ebc5ca3626ea66f4083f2bb3752982330a8e6,-1,anomaly,425.0720012789751,5.215185072115547
0xdcb4e4b69b4bd9b12e37210d382c704ea63fe69bd55d5c579d0d90fa6d14dc9c,1,normal,0.04005127474313376,5.215185072115547
0x8c1838b7494026dc8b834b6c8524c156c887d6dc8865cf5562f44891e78fe305,1,normal,0.21350296864162077,5.215185072115547
0x122ae355a3cc9ea97946106855d1284c3ef4efa6763ebaaede1a71b825347b14,-1,anomaly,763.871341707698,5.215185072115547
0x9347c031aeb12c6ff05918db385c565ddd18944263b0e9a007f3f6e0c0bd1bee,1,normal,0.6183964224643332,5.215185072115547
0xa6ad3072341f593832ebe9875b95ad55239c76c9152933262afcde3986385076,-1,anomaly,798.7399764419226,5.215185072115547
0xf3dbd6c3ab0517ca00bb3cd8ec6515152fa17c6552c905631be6422167e7e820,1,normal,0.9661822281620484,5.215185072115547
0x4ea6496142148e61edfbf22d64085ab77b08e504bb06019b3b6b3fbc0310b092,1,normal,0.337595502713478,5.215185072115547
0xe86110e5fd89dc70a9a557be053558b5bc22c224b27345cf907361a07d52406b,1,normal,0.03943097513069625,5.215185072115547
0x9f1645ae3f3d8f808e31755c5dd0f89d3b13a273e2e85de54a103066bda8328a,-1,anomaly,1588.1794494383487,5.215185072115547
0x1e56c79ae62644ec30e01a8f2f97d96caa948c71e1f2fdcda4043ea5b30f4696,1,normal,0.07729695826542768,5.215185072115547
0x642c86990048fda5b6ef83fb920b03e5ac12042e76770de5f0d6d09b5aef014a,1,normal,0.13278902019877256,5.215185072115547
0x89a8c9d27c626b097ebc30d32df34f59bb2c9def99d61c153997c1b1a25755e8,1,normal,0.0694783185912373,5.215185072115547
0xf0245fbf5c445254c8b618e207ce5a1838eb9877515b3258be060d34707056a0,1,normal,0.06452279026010167,5.215185072115547
0x4b10cbe756582e28e45936497e045b5efa736405ba7d7a2eafabf1b3c2199065,1,normal,0.07594814370773224,5.215185072115547
0x8e188ceb3d1cea2fce7c9162e65d75ad7c5942efe9dc96178815cfc82926bc96,1,normal,0.14317569462630722,5.215185072115547
0x7c19250ec7b68541be502743635128b00092b3d78887a616dcc96e20a7ba64cf,1,normal,0.21378865839737143,5.215185072115547
0x0a6bd6c34d3dfb11e24799b7294edfd8f69d0395f9981d1acc2bce579ccab74e,1,normal,0.3443692477198132,5.215185072115547
0x2c1dfd8b06276eb1dbce9f82459d33e53b291c9b55fd234580c3d12cae4e2398,1,normal,0.06728862605040443,5.215185072115547
0xf6b6186427151d89af6fcc8691df27b5d09ae4061ce6d0f62eb86883d95eddb4,1,normal,0.04125099159628453,5.215185072115547
0xa48886a4485dc7eb180c2cd31c07cdbaa30e8dae0d3cedfab6e749391f714885,1,normal,0.08393214379752705,5.215185072115547
0xcd5352d60a8c3aca72fc50335003fa5f1e68c56871107fff4181f15d529bb076,1,normal,0.4837263076467087,5.215185072115547
0x55870b25aef8b72d74d421928862506efbf550c416c0bcdcd69b53f90b6dd711,-1,anomaly,1417.050990258862,5.215185072115547
0xf546162753d236c0c2e3643922f425b9a33db911001b98c2c8915b5a9dde5748,1,normal,0.10623038558521015,5.215185072115547
0x3b61de3c926f7db1407adb7e1294ceaedced8d7e758cee4de335f6925ecf172a,1,normal,0.16877602395123834,5.215185072115547
0x727e9888732959662088f9e5414d87a3c3a2a7f0819a8f68af34f029cf4a2764,1,normal,0.40830766760361364,5.215185072115547
0x8255dda2b02d6b1c79b6c0ef30020828b7fd941881d20367d51809b7d1a9219c,1,normal,0.07885868744494029,5.215185072115547
0x887a82028581a509985268ee747e99dd33832c417abe3d3100ef823dfbf44a9d,1,normal,3.2849573423136778,5.215185072115547
0x5bf8a1daf395768a5e245a06b8a2d7cb2fd86a2a737eeded7827e6e6bacabdb5,1,normal,0.32014441413284594,5.215185072115547
0x50888cfa65930c48488f0297c75de1dad6491e838459d8caebdda90e2ff0d80c,1,normal,0.18789653054482294,5.215185072115547
0xff824bcf9612a866d7ea35f4359412c88c1a5a045069075545288649d8c61366,1,normal,0.2126867294496019,5.215185072115547
0xa0628ade1b23b43b347bec5a728e3e3e011d75e08998de397427e1c123bdc8ca,1,normal,0.17428164955471998,5.215185072115547
0x8280fe2a35005b25ddd0dc407fa91d6c5f3585c899cb2d40abb1994804ecf79e,1,normal,0.026515686693874437,5.215185072115547
0x9e50362892278174fdf023a36eee98bb731ed732101e3c35439e11ac5d2ca0da,1,normal,0.49154471652171944,5.215185072115547
0xdb3bc656a3e6bc41bc81079d3910e0c0d1399444ac89e47a7c26770fe9f61ff4,1,normal,1.7776366564444426,5.215185072115547
0x8aede0da71de5a350a358bebd83b1f313624f06c62cf1a4599bd3da3151ae820,-1,anomaly,39.77843771475976,5.215185072115547
0xb708e8b12c75f2b62da0e348b5b9eba57c13056b82151c7d9db729af1a8a36af,-1,anomaly,11.779606552866001,5.215185072115547
0xdb076e1f957ed484d824f186623cdffe2bc1f95723376e17e524f7a61ec59dcb,1,normal,0.14783104585697954,5.215185072115547
0x7cc53239346f26d9b31cfd07d587bfe46a69bc55fad3853fefe4a0e142ce210c,1,normal,2.4062471132161076,5.215185072115547
0x0265f9f532e2c858bbfdfabafacd69e94c5a7375602ab2787f1304c011b84f06,1,normal,0.2502981227801115,5.215185072115547
0x44aa7e1f9cea7e3b142491ba3f67ff73c14be6ed67d7f89d031e5babc2a5183b,1,normal,3.4199211839003842,5.215185072115547
0x2e4d98cebc99dcc374dfa34943ccd45cb99e85f1497ff96dc416fbd4c0e66538,1,normal,0.11924361358436139,5.215185072115547
0x993d2f8b6425011b7b71db7d53ba9867ea82ccb9cadbf734d2640189b0555b73,1,normal,0.21925960028653885,5.215185072115547
0xed18c3126f6dd04cb48a18a5b5f85783d5fdeabeb73be06191ea2be608960635,1,normal,0.6440624821614732,5.215185072115547
0x72a987f77477688967351b3c74b0db2f181a1cbea639d6f700e99f15f60e6f20,1,normal,0.21586814292943587,5.215185072115547
0x1eede6d5bf8d8612f8268dfca35647d874efdf48c1dc7b41efab32558172d399,1,normal,0.1849072229811375,5.215185072115547
0x42204f91bfdeb5dbc7667273372221b5794b9fa8bbf9af07d30977287cf2643e,1,normal,0.18478942030813336,5.215185072115547
0xf0a28017ffa242946b236ca652ff06085fdb4386d7d587710cbdce007f1708b1,1,normal,0.03227951555292432,5.215185072115547
0x168f7c5a7647f5ab1ac7fb3186a98d5669e394081dab72b3c1186075d7461d2d,1,normal,3.247739644058402,5.215185072115547
0xeaa58742ae43a9941c62dd901e131a341ac6d947b9317dfefefc0d3b0defe280,1,normal,0.382478857834773,5.215185072115547
0x843f639e9a8fb6258a25831340b317ea09fa61f172a8d6a97f4d689497cf45e4,1,normal,0.0677921179234369,5.215185072115547
0xf240ea338a96f501cf382e6e828ce2d56f878a2057952567fe4e76481ebde015,1,normal,0.17483958260493385,5.215185072115547
0x4c9a8a479a48e609478095857e14e2d6f0c686cd3b5895a39ef88d020d79dd2a,1,normal,3.5151401201007135,5.215185072115547
0x879f5f84f99b9853a204da68926dab9cea91e196fc2f74fdee8311a00a896f1a,1,normal,0.05438004725597656,5.215185072115547
0xec3c1fd0c9dfba4baf51a75630477c489d810e32e9d9d0a3abe6482f6db2cf9e,1,normal,0.2508097755644306,5.215185072115547
0x08dfa9ab2a814d8e80a9c0f652839ec004158eee0fbe1243dbdc0f418cd53cb5,1,normal,0.14358778093291885,5.215185072115547
0xd6194a210831c00f4a10c44179453e970c32500d35a897153ccb3c864f9b44df,1,normal,0.04734338181872989,5.215185072115547
0xf7ada7243ffd5e4b58c48e5d9803f8262812b6c592aaa72ce17178790e7c7f69,1,normal,0.17078015527270707,5.215185072115547
0xe7c3ff3ce4387773b416b4a8409561237528867325e08ac4ed7c0de5e22ed4ae,1,normal,1.3893318082938186,5.215185072115547
0xc8758718e540ae64f1505f4c75389bbea278b05c0d23c809f5bb6612e4d29d48,1,normal,0.3529852021337212,5.215185072115547
0xbb6ff3c442e8f3ba5a4779cb1825d76366cc0e8231a72a4137c773237cf570a8,1,normal,0.04328210667422639,5.215185072115547
0xea2d5af50a9680a854fbd324fc26649cbfa21f50106f007a81d6f39dd9472f9f,1,normal,0.041292379875670596,5.215185072115547
0x4a7225254d1cdd4c21845b4dec93c4a3ab36433563bee276f7b93c0b0d44b454,1,normal,0.13209702758755051,5.215185072115547
0x3e645ea97778f4259a1d17232769bd31b960ec000bb84c2436cea79286c8ea44,1,normal,0.4680058277667638,5.215185072115547
0x16bcb826c9ac660ff4f84c81f671816f43dbbeb928eebf7c328ca2b857739040,1,normal,0.09517623233383617,5.215185072115547
0x379cd7756d92f9ac3c92de17b345b34de63b4ca58dd74f1b06377c57d991a5fc,1,normal,0.1981101649364299,5.215185072115547
0x11d98ab201f437eb7f3a46b527c0081058f8d6be810458ece3d20e049a2c4862,1,normal,0.07683490381085119,5.215185072115547
0x0f5cb104af3d535fd2132c73db176bc1c585f90d705884689534d3353696ed8e,1,normal,0.17538182097728333,5.215185072115547
0x8ce6eba2a26ceb17afbba709fbb00251822ffd69295f3ab7a79946a2261dfbaf,1,normal,0.07253298031934345,5.215185072115547
0x201d3d3da29620bee2658a61922a08fa6f587d58c10238d9db700c45771e221b,1,normal,0.09375510392360328,5.215185072115547
0x4f19c6d7add8496b0f6c7816a20ec79f5fc1d223c4e67856c9f903f4c9b84306,-1,anomaly,2149.802140591122,5.215185072115547
0x309138372a9e789d67ef9cb6be550d98e4ba323cf67f1b408113db908eaab851,1,normal,0.22690042839080807,5.215185072115547
0xa9eb5c41f2a7b5318f59acea989955b54d2d4e9fe2e7caee9bd419ff13788b07,1,normal,0.03338118327013411,5.215185072115547
0x11aa57039b6d3913af5f167fe36c7ab5661426326e51fcf05acafc7c8771bb82,1,normal,4.078839716634038,5.215185072115547
0x906c87dfc10add3947e88b32d7c8ab0982f93b77b6b7a0bacd36b58e03446b3f,-1,anomaly,1609.9588940982132,5.215185072115547
0x704644e26f381b428aaa8f840dfc013a22f07588d3affa0a1e041b98ca5a21e2,1,normal,0.04170847558603619,5.215185072115547
0xda31e4f7b384ee5736ba3f77e8c276c1f70c062c2d27c5ae3347289c6e2a390b,-1,anomaly,915.3514820902482,5.215185072115547
0x3a9586605891d90283d15f4cca9fe768db54225380ced2d784a2bb58149de038,1,normal,0.5418079377832884,5.215185072115547
0xe2d4cf5fe880c609e7b0963b3e3e243882b8b3a6d0c85f5819e4105f8b8abb13,1,normal,0.13894113752728351,5.215185072115547
0x7cbea4fbe3efd38c25dbd8d29feb628989959a814c549dac9ebca31f081a5259,1,normal,0.2020724465546666,5.215185072115547
0x74245c37b115f71c32f2ef517029e7ce6c5eebdfe210dd87954881b9eaeb7bfa,1,normal,0.06835448921524186,5.215185072115547
0xffd23cda88c700dff79d8184af12815e22394a7478324231391aef8843d99601,1,normal,0.15315652248769876,5.215185072115547
0xa663daaf6615cc29397ad38f8fdfa3f7e7505c7f6a95842673335d2074e78716,-1,anomaly,2231.572700489538,5.215185072115547
0xfac9cd3faaea1d5eabcc0316937c0990cf2c9cb1ca72b7518fa2c901d8024128,1,normal,0.4976229662269893,5.215185072115547
0x8399531d4f21347302749f147435942498fc8c41ec53f2e646d06128b3de5b54,1,normal,3.7585242015943057,5.215185072115547
0xe03730b4779bba988b4d67c2212499875aad18b9264c5a2191a7b55abf8ae1b0,1,normal,0.04604637299093443,5.215185072115547
0xf29649089e07daed48257650835eb787ec95e0dd451212195069837fc24b5fc5,1,normal,0.04581648061035086,5.215185072115547
0x0f8cf6954df36b7b4fc139a496416a8717a544c8ce9c1f627270b1984f3addfc,1,normal,0.3016427136025122,5.215185072115547
0xf3b7eb04d6df77ce93dbe992cf5518d534566549ee5aea78e6434ad429c09881,-1,anomaly,15.517812104115617,5.215185072115547
0xdff149da2b50c6271082b7f01ce67865035583c354dd143cd38758a41f6710d3,1,normal,0.5299189237146785,5.215185072115547
0x2df53e6e5153d792531dbfc67a66f3494ca4e3fa4d316dd519dc7513a6fed59d,1,normal,0.16291993710506883,5.215185072115547
0xfdc4a6b8b9047e3f88da12371f3e9049fbdcdf01079083d52026b8cd3cc08ecf,1,normal,0.07355621203879092,5.215185072115547
0x3a3cf9ad51c280d8c74d72aed15a041d78ae21dc2f8ade1b3a4d7edcd7d78808,1,normal,0.05396147048474498,5.215185072115547
0xbb72bc75a5ba3b87530fc5c696f93cef681e7061d6cb517f0613cfd4590294e0,1,normal,0.14968117686174542,5.215185072115547
0x7c2834eec958d8fab9c4deb2538d40977533a674a66e95a87e691e9b291745a2,1,normal,0.04024472017480928,5.215185072115547
0x23cccff9df43691ce8418f01409a8f63ce8e23f3936b3d1fa494fe58fcd606a4,1,normal,1.4368943900539326,5.215185072115547
0xfbf9d113d43b3d0cc342cc2d17ac72a8b7016cdba7682064e7335cdefe23f65b,1,normal,0.13438968429819856,5.215185072115547
0xdbb30a53987d44f708c96f080ec7a3e02ce2de333da4944523a50fc23c4fa7db,1,normal,0.07323397992493816,5.215185072115547
0x72175066493a3c08ce42bfd6e19558740591a4fd796de01f770c20d12bb47a19,1,normal,0.013150777992387178,5.215185072115547
0x3ed7f5c882c364ad39a31489fea990e8141b92937d940ef7f9fb93f368a08efe,1,normal,0.025184199981165088,5.215185072115547
0xb9cc6b78a13097785523ee866e48848f5f050acd54b9e5213d3076f2a239f1f1,1,normal,0.0785963132291145,5.215185072115547
0x86d5e22e7905b1136d7bfcd34c30236fd4a4fb6231fea0a598ddea90402c4bee,1,normal,0.05080608563368658,5.215185072115547
0xcd45057119c79a807e0471433f01d59ab659ec8c0e95f24579ab23f1fcbccdbf,1,normal,0.026872040031455467,5.215185072115547
0x6776213fdcfe53740bc43ba28b8b889bb00e7cf13af53164416e25df01dd29cf,1,normal,1.1968565593766785,5.215185072115547
0xa2ff5ee556e0576256b8227eeb3055cb7cb3b5a99ccd043ce85830b27c558d1d,1,normal,0.5835811405384944,5.215185072115547
0x70f5b013137d4a0638c97b15e523e343f47d7febe9bdf113b4052e1df7cc108c,1,normal,0.0732691824510002,5.215185072115547
0x08f4dd011a7ff9fdf7fd2ce5b0ead47f7d5808da9ecf9b016966b88b7b09542e,1,normal,0.08264105118539078,5.215185072115547
0x2a8125001da82edbf71bff8d36004475784bc68d55f3eec2bb5f239eae373423,1,normal,1.4803485293569079,5.215185072115547
0x602d355ef9f0cd2fc765fdbe66be728bfa3d35ab4a4b714942497a38b304e5b6,1,normal,1.1911194457087375,5.215185072115547
0x6d3fc04182b4ae3904b550acf25fdb0d519bcc036af800fb8201343792bd328f,1,normal,0.954849748846443,5.215185072115547
0xca4f29071cefc54fb73d8c7da4db644802e68d0542ab48d5499bc966c658fc38,1,normal,0.17907493142220438,5.215185072115547
0x9bb73e8e8a0d13a64e1edcc93a419fde0716b4e91fcd0b39116102b49c18ee68,1,normal,0.07975896649683357,5.215185072115547
0x4650888227279152844910214963ce0142112da93cfbb479357570a7c309c839,1,normal,0.18932062330678925,5.215185072115547
0x284d7d037ab408c20c9694821f8cc772082ae498f5405c69534c2ede07ef3276,1,normal,0.09860065765285672,5.215185072115547
0x1cae9b864d55162d596c26f352b3e84850376bc4d17c45b27f6029fad7c60365,1,normal,0.03225055845008366,5.215185072115547
0x03130b7ba4567e20581c839b226e09dab2c63da9d5632f38a6093a062d6ea229,1,normal,0.09272659662277123,5.215185072115547
0x6403840895ad47995a802dc7a7704cefe419c64359bd35fa2a8d7accd38f8f84,1,normal,0.025386812583391268,5.215185072115547
0xc2eeed147511d63604afab6608f272d707c8120c658f6504fcb0cf9ee9c7d702,1,normal,0.05634043856794801,5.215185072115547
0x2987020c822d91a12233ef76c03b8df1308bab443bb718ddc9f5d10a9cfb7d4a,1,normal,0.6393437909442411,5.215185072115547
0x89067dd9d00e739bf848f11f5cff3cecf7576eb421efa1508bbe22fb8e4d765e,1,normal,0.5078591982220156,5.215185072115547
0xce1648da10810179ac14d3e247e58b112db6a339b88fc4c9b4844d2e3e37a792,1,normal,1.2839943070415158,5.215185072115547
0x3ae8587707541a2158698bd377970caeb9a733903ae2f87e3ab823855b6034e3,1,normal,0.5670772600305929,5.215185072115547
0x5840b72bf856331417523d7f8fde66f15503555b95e654d711d6a798dc7e3e09,1,normal,0.2332167379608792,5.215185072115547
0x055c116a7040411f137ae7eccc0450198f9d5e9a92221c21833249612775f923,1,normal,0.25269227999453486,5.215185072115547
0x5db0147132e2e6350b4dcc2519307c3921acf071af9354f1cc484520c32fa5b3,1,normal,0.04309439930172454,5.215185072115547
0xa0e18e5f856fda3d455c63af1e69196f2efe0f6472fc4663b83a8de13af2ab45,1,normal,0.09717675140531477,5.215185072115547
0x110357e6440b50021db03cd8cf8450a729e2fe168d00519e5ef30a8aaa6d35f0,1,normal,0.10328651509590281,5.215185072115547
0x03febf871e756af14522f509ed7b8c68cc695b584131f33af619ee50b161dec3,1,normal,0.6038529784472306,5.215185072115547
0xcff1222842337f6f796fde3bc31793496cd035024e597b441b46ef5339739783,-1,anomaly,16.39883133835358,5.215185072115547
0x1f95a597d2e1978fc7e2c0d48ace065bb906b2b98be0643d4af2f510cef2b621,1,normal,1.6541658955602319,5.215185072115547
0xd9efc1b9d20f6ffe6534be5a243971568b383aa7d70f2f4799e2c9d67811fd91,1,normal,0.07813497159732548,5.215185072115547
0x587cefcc3b55ef03d352fadca44c0f46e181cc8d95936a2db6392b4099e7a1dc,1,normal,0.1305318760111355,5.215185072115547
0x2b100df095861da36a5261218bc5c7b82df8238b095dd20348e81ee0c91803f1,1,normal,0.02878725965421417,5.215185072115547
0xe35d70d72956c2f201c845bf2e1467ae02c91dc6177b4e7e8e0b032f85873658,1,normal,0.5534675802948824,5.215185072115547
0x3a7b8a42ca862782eef302a6603e7dd3074d3c93b59658f01e3b0d770edd119e,1,normal,0.029271824259225844,5.215185072115547
0xdff20a65624b399c92c8ceea46e3d42707ecfba408b7af371a2087c5793e3f6c,1,normal,1.282298531426099,5.215185072115547
0x91814b0a1c52e34953b442c6f01b2539fae04c652fb5e512532f79e69578661d,1,normal,0.3798093112991103,5.215185072115547
0x69ee6089c9a8d5bd56865806352d16873117f9fc56786de2d0fa97a42312f535,-1,anomaly,5.849598433323211,5.215185072115547
0xec48001e22975d6a1aef3927e348afd58b99431c6617d3e68642fa5968c92880,1,normal,0.1175851902724796,5.215185072115547
0xdae7d590c9692ccc8571a8ca5da6bd7b5fecc72170d06b3c7b1b3646aef24568,1,normal,0.11743900594671272,5.215185072115547
0x4699e6f6564d2a3708f0cac18d24a10f2d81efa70fa4f730667606a80c55cc8c,1,normal,0.10910186327105749,5.215185072115547
0xbb2f25491362f750a761be70e868271cb8e07389b67c0e1deee3c221b6b365c0,1,normal,0.04170469271064947,5.215185072115547
0xbd3476821b383f26a1f1bd66fc01cef6a9350843d9e7592d01712bd4d59659f8,1,normal,0.0861457470603846,5.215185072115547
0x88710f43192393fdd8a0375f7f63a681ca75181f268eb76ae6e940b3cac1f353,1,normal,0.030561386890189998,5.215185072115547
0x453eab9b8085d9148974716eef50d2af68e08731f415894a1d949fb381a5ab2d,1,normal,0.04230768456545946,5.215185072115547
0x5bf0deec5bb4111d6cef9259820b39cff7758ab33b670e8b8e4136f566665a88,1,normal,0.13109055689168647,5.215185072115547
0x606ccf5204b1445db1d7b6387fa724a93cceec7d0b7d44459dc172a03aa88bb1,1,normal,0.02815174641883384,5.215185072115547
0x94c82b6928ccbc08da7cef27ef0013fafde596b88bdc825fb0d6cc755023fbd4,1,normal,0.05195625874657135,5.215185072115547
0x183fabad024b751ee7af86ea87680abe90365d0199cbd79695f04c8bdfe96f40,1,normal,0.023754882819143702,5.215185072115547
0xfdeb002f64b572905415f4fe4b9a4468005d0631964f023ab30df1f07baaabc5,1,normal,0.036860462585413034,5.215185072115547
0x2022f3776ffb79433dd240e3bca553ded97ab81ca60381cfee701d6f4f0b2c52,1,normal,0.024048935403322824,5.215185072115547
0x7f520227eced2a30b48a3f731310eb5881d31108d1afbe06638b34b8aa4d1792,1,normal,1.936842822974559,5.215185072115547
0xe70072df1e920a953e179ba24046b8adafcae661778e739014c47854e44242e2,-1,anomaly,44.88327851384599,5.215185072115547
0xfe4f13e9e706a2e912f2525565d959d3e41fa782e7d98d9a611d8337aa752011,1,normal,0.0827427963202277,5.215185072115547
0x355c512fe10902890c27e4b0bc6a4b3b941077265b1d9d92db3665a04f3f1e6b,1,normal,0.030595713409610353,5.215185072115547
0xdc02c4ca3eafab13068626ce0c1c9ab17ac11ee732d92af090250f33acff6a57,1,normal,0.02718608385061572,5.215185072115547
0xe9ac407c54b01a66110f0401c9f210db26007087835e128bada18842d2b178d1,1,normal,0.025801026863809955,5.215185072115547
0x1b7835e7a0f10c60aeb3146f96ffce0556c58193e069ed0ccb9ce497be6c12c6,1,normal,0.04735826001507008,5.215185072115547
0xdce3891366265760e786dc0bbc32e10c3bf391974d6effa2f8db38a1ffef049c,1,normal,0.05433585276364166,5.215185072115547
0x44f2d5b87d49d47449d16e03f78f4005954d24d287a4281cd2f373dc222100cd,1,normal,0.07369145338102868,5.215185072115547
0x09e986f972dac6af25d73344d6069d3c36c159914ae44b770a428f6092fbbc10,1,normal,0.09841282715374358,5.215185072115547
0x8554965aac667744d574aa5caaf0bfb21d5a4414b43c2cebd75c3310cacf1e9f,1,normal,0.5995419505214292,5.215185072115547
0x3f5102ce7a18ed70d5a42db5aac17a5be65c33e917cfd5111cadc4fa2386086a,1,normal,2.2162226462140873,5.215185072115547
0x5527531f4a8303342657a7c55549d2bd14949e0ea2e7cf306241e5b69999bb3c,-1,anomaly,8.895991404608598,5.215185072115547
0xc3e529aed4296eb174e676a20e152990a486bdf5ea02c3df0f5355bcf1518cc2,1,normal,0.05297514745569503,5.215185072115547
0x4cc22549a762bec8314e0e58bfcf0a97288556d200f6f4a06dc45af362e1513f,1,normal,1.3303410137678118,5.215185072115547
0x80235a246cb36453c43ad9f71bc7a8242ec3dd3a3ece1a52f1f65fc1163eaee6,1,normal,0.014726898417107063,5.215185072115547
0x64d5f0e3be16ff795acbd66d5b91efeeceff425273f67e1e9b14dc0f78f9d6d6,1,normal,0.29516979411996136,5.215185072115547
0x3371db98f436cd98d7a5b16f583882d80f332707fcc5196222ce7716719e407c,1,normal,1.3521009846852448,5.215185072115547
0xe2db19635382e1d5b1ffa8f71e36c8e7358545aaa6ac715371d10427a31221c5,1,normal,0.0852439394624791,5.215185072115547
0x809688250753a4bf32833b0238967e113531b9ad6b2fb45a4302301f4636e8b9,1,normal,1.2431273033574401,5.215185072115547
0xc450dcc08818882ec5063352cd9c66fda4cbfb042b0f9fd713f03ea9a99cadb1,1,normal,0.02585134528705082,5.215185072115547
0xcfddc711c3f426b94d6131b9281ad359646efed6737e604408a23b3d90f8c35f,1,normal,0.12037850014732847,5.215185072115547
0x762acb8bb30536b3861db18d32c7ff206bd42ade0c4fff4ba1880e43691662ec,1,normal,1.3606037793264159,5.215185072115547
0x67302ca50949acae9d8085f093155897c6a897183173ba883c13dfd09e5e630e,1,normal,1.325032459657325,5.215185072115547
0x8ee154791eb4528b71c081e0fda74e19920154d626a31a49190dae964c02fe81,1,normal,0.025780759477685634,5.215185072115547
0xfb596a5e063a1e05cb863f278028949893a4e99f5a255bfd7e73627ffc5a4a35,-1,anomaly,679.5863772993332,5.215185072115547
0xfb596a5e063a1e05cb863f278028949893a4e99f5a255bfd7e73627ffc5a4a35,-1,anomaly,679.3954331932638,5.215185072115547
0xfb596a5e063a1e05cb863f278028949893a4e99f5a255bfd7e73627ffc5a4a35,-1,anomaly,677.816684299276,5.215185072115547
0xc29c7c8168c187e46c791b07ef261ebe8ce6d5fa0f6cfc10f3f405f1343227e3,1,normal,0.24622678982850363,5.215185072115547
0x29f293cb0f6c45379a0f554b388f1ee4d9fff39d80ec54e68a50404980cf5ff7,1,normal,0.06588721010730288,5.215185072115547
