transactionHash,if_is_anomaly,ae_is_anomaly,fusion_union_anom,fusion_intersection_anom,fusion_ensemble_anom,if_anom_score,ae_anom_score,fusion_score
0x8187139f2cf5e1d2b0a817f2951f0592fccc43dabf71ebc93de0edb648bd3413,True,True,True,True,True,0.5376837237890892,0.0016142184971256652,0.26964897114310743
0x29ec08dc5eed0e1cd411b29c52607661155087ffa107bae7f5e4a79f5306be1d,True,False,True,False,True,0.5390764949272542,0.0014928642414287544,0.2702846795843415
0xcf7b968094b30c7a7e1c88003e8496c621b73ef284e41019c53101548ae20825,True,False,True,False,True,0.536590081790988,0.0009009391183000902,0.26874551045464407
0x070379239598fdeaed5cf8910f87135c55783fb75778715c16400ea4a4e96b7b,False,False,False,False,False,0.5040854035385142,0.0008640485833233767,0.25247472606091875
0xb3bb64bb54d6465a80bfa0fe396868c08c40595b84e9d49ee493ff0b056d8f34,True,False,True,False,True,0.5404727200879427,0.0009592314288940097,0.2707159757584183
0xf2a7a81d39cfa4e64b67d33a2c4e63cc7291fd931ebae2754240d9a9ecbb47b4,False,False,False,False,False,0.5066874226348379,0.0010025111584010629,0.2538449668966195
0xfb0800075a5b48d32e9766962bded29a59ed1a4231d4124c63585f035ef58f49,False,False,False,False,False,0.5066838569255399,0.0009713775583056341,0.25382761724192276
0x195b32039fe91b7d662827637e7fac59ebde269aa223cfb3164556b7d243b40c,True,False,True,False,True,0.5486849133775918,0.0012337535537748836,0.27495933346568335
0xf28c37f6f39da97a1e5d1b9df4ca35ac8dc5217fb51c587a6fd5d1c54da7741f,False,False,False,False,False,0.5159433531276655,0.0009834279826135214,0.2584633905551395
0xa8c4873c8540e31366847b146c17b7f81a8ea89399faf8f1087526ab6adb5ef0,False,False,False,False,False,0.5133979851399307,0.0009490738948498083,0.25717352951739025
0x576d098aa850b1a9a6d4cec157a3cfc1153eec103e81ed7fc055773e23eef160,True,False,True,False,True,0.5356271240108627,0.001170991494201282,0.268399057752532
0xa7082b7b8f569d53499eb79fca2b2c8126458727a59472af96b511d37be8066e,True,False,True,False,True,0.5629439490189261,0.0015212551856365161,0.2822326021022813
0x493308c5c6517d181e3a697f2b77a7ebd327ef9c4d616bc48dbf02e528696bdd,False,False,False,False,False,0.5090397069519684,0.0010712334406149237,0.25505547019629166
0xf880a2f80e3340a3de91561d4e071cda46ec7c9d82d679f1032d5b2d4f0dd5a6,True,True,True,True,True,0.730518378573545,0.019422093053066972,0.37497023581330596
0x66894f5531f22491de9e534d16332f2f7657ea2a4ee851184f12f8d52333aac7,False,False,False,False,True,0.5282842631752114,0.0012103776772138955,0.26474732042621263
0x6e4eda20b7cfa9b6d1e36e71fcebad75c3d03a7faaf4e490aaa1c033012d3656,True,True,True,True,True,0.5594377104506444,0.010200508549133994,0.2848191094998892
0x525bde5f069dac2457e3dccda54bdbef9bf268a3ac953b49ae6f2cca7008b106,True,True,True,True,True,0.9999999999976436,0.07761356035776003,0.5388067801777018
0x4cafa490b98c87c5d1867ff279e222ca01dfdb20393ce63d3533d9e2332a9050,False,False,False,False,False,0.4489138361129272,0.0009242208962478428,0.2249190285045875
0x7ae4087e67a5d95f9c58afc03b282c3f5d90c4ce9d0260ecb79a7ba986220fcd,False,False,False,False,False,0.4045575896755284,0.0006548167227276932,0.20260620319912806
0x78fe21e7565ae57985b71664d79c1ec2991d0e500c5c858ef943c7279d1e298e,False,False,False,False,False,0.2835770978218413,5.864027773325273e-05,0.1418178690497873
0xf30a9820f35e96a345c7385f4fc5817607dda9ba0ba3a19e18e0b7213a11d287,False,False,False,False,False,0.2921775824756331,9.926156675594595e-05,0.1461384220211945
0x260b99ad20aee1eae6ab1e764ba1b3a6bf946c3da605e0a5256e90e754ec330f,False,False,False,False,False,0.27762111436305914,6.89006426812025e-05,0.13884500750287018
0x380b9c771c20e3aee11096f12896a6e35335a62ff6983d60e5b7aa62e746df77,False,False,False,False,False,0.4533306084994048,0.00022755573545331045,0.22677908211742906
0x18a1e99d1e4df854f2b8d81df65f5e68355a491a80101d1c2ff74607753d2a60,False,False,False,False,False,0.22947974849558403,2.4198452863215123e-05,0.11475197347422363
0x22ade2cb421bc5be2c24dbbde8b89f8b9b66e4465d9cbcfe90378eee829092af,False,False,False,False,False,0.2322591620843492,5.840681309026618e-05,0.11615878444871974
0x22ade2cb421bc5be2c24dbbde8b89f8b9b66e4465d9cbcfe90378eee829092af,False,False,False,False,False,0.2322591620843492,6.225325902382844e-05,0.11616070767168653
0x22ade2cb421bc5be2c24dbbde8b89f8b9b66e4465d9cbcfe90378eee829092af,False,False,False,False,False,0.2363154595157419,5.840681309026618e-05,0.11818693316441609
0x22ade2cb421bc5be2c24dbbde8b89f8b9b66e4465d9cbcfe90378eee829092af,False,False,False,False,False,0.2363154595157419,6.225325902382844e-05,0.11818885638738287
0x22ade2cb421bc5be2c24dbbde8b89f8b9b66e4465d9cbcfe90378eee829092af,False,False,False,False,False,0.2322591620843492,5.840681309026618e-05,0.11615878444871974
0x22ade2cb421bc5be2c24dbbde8b89f8b9b66e4465d9cbcfe90378eee829092af,False,False,False,False,False,0.2322591620843492,6.225325902382844e-05,0.11616070767168653
0x22ade2cb421bc5be2c24dbbde8b89f8b9b66e4465d9cbcfe90378eee829092af,False,False,False,False,False,0.2363154595157419,5.840681309026618e-05,0.11818693316441609
0x22ade2cb421bc5be2c24dbbde8b89f8b9b66e4465d9cbcfe90378eee829092af,False,False,False,False,False,0.2363154595157419,6.225325902382844e-05,0.11818885638738287
0xdc2426005a5726dcd39619da157d6410d3a7d0862efb5be1cab2729c8ff7e30b,False,False,False,False,False,0.2519631151359294,5.701619053484861e-05,0.1260100656632321
0x5a647a4cdfa8501c729007530bfe4ad283ebbff20e624e2cb81c041481206a91,False,False,False,False,False,0.2319232165645672,4.502148957030049e-05,0.11598411902706875
0x6a138e9b9dadcb92fcf5397a284c4f69c2cd556296bb47617350a1be267a2952,False,False,False,False,False,0.22383884189845357,1.8379911948252327e-05,0.11192861090520091
0x86f7537300feab454a095009b6f3a18193620f49e9274c48a032d9e8924b5f96,False,False,False,False,False,0.2292651230717779,5.256056871931346e-05,0.1146588418202486
0x58d84eb8673cb03710908308f10440a3eff9f055583cad6933609353df84e6ff,True,True,True,True,True,0.6960386889687808,0.0040822896983286755,0.35006048933355477
0xd71237977566fc90f775c31715f7d443e46eb7e356726552d08600347cf0d9a5,True,True,True,True,True,0.9409955078019612,0.42956822944829764,0.6852818686251294
0x03dc807b461f4c252ee47091162c3e3f22efbcba33efc0badb8a71c5d1e0b687,False,False,False,False,False,0.18602678234259218,0.0001977027362061273,0.09311224253939915
0x43a55f779e0c1f301ae486239cbbc6532071934e27143d1e2ec187be9a66744f,False,False,False,False,False,0.11854181628532143,0.00033007405765149276,0.05943594517148646
0x76971a4f00a0a836322c9825b6edf06c8c49bf4261ef86fc88893154283a7124,False,True,True,False,False,0.4380915598227632,0.001612317185092106,0.21985193850392765
0x76971a4f00a0a836322c9825b6edf06c8c49bf4261ef86fc88893154283a7124,False,True,True,False,False,0.4380915598227632,0.0016335109131443758,0.2198625353679538
0x76971a4f00a0a836322c9825b6edf06c8c49bf4261ef86fc88893154283a7124,False,True,True,False,False,0.4385055835894371,0.001612317185092106,0.22005895038726458
0x76971a4f00a0a836322c9825b6edf06c8c49bf4261ef86fc88893154283a7124,False,True,True,False,False,0.4385055835894371,0.0016335109131443758,0.22006954725129074
0x76971a4f00a0a836322c9825b6edf06c8c49bf4261ef86fc88893154283a7124,False,True,True,False,False,0.4380915598227632,0.001612317185092106,0.21985193850392765
0x76971a4f00a0a836322c9825b6edf06c8c49bf4261ef86fc88893154283a7124,False,True,True,False,False,0.4380915598227632,0.0016335109131443758,0.2198625353679538
0x76971a4f00a0a836322c9825b6edf06c8c49bf4261ef86fc88893154283a7124,False,True,True,False,False,0.4385055835894371,0.001612317185092106,0.22005895038726458
0x76971a4f00a0a836322c9825b6edf06c8c49bf4261ef86fc88893154283a7124,False,True,True,False,False,0.4385055835894371,0.0016335109131443758,0.22006954725129074
0x3702ac58120bfc9f8ae33e5b09e8ba41d8a558af492ef2ffc61439ae8fb4011f,False,False,False,False,False,0.09690174983613127,0.0002514071510567697,0.04857657849359402
0xcd34ba3181b7ad68bf2af259c997089535ec1d85671101a5c3e831423fe45b59,False,False,False,False,False,0.16462530638761486,0.00019552237964239595,0.08241041438362863
0xf894655f111385850ba55f530542a86dbed9800a948ee4d6bd1db5fb8c7d3bb5,False,False,False,False,False,0.28313761971720053,0.0010297405994373517,0.14208368015831893
0x5d8ce7a9cc0a44022130c006e997d1edf71d88215cdbb3bf5ae63393fc7fdc4f,False,False,False,False,False,0.145935545639056,0.00015444012876642772,0.07304499288391121
0xcadb0ff4f2c3a74fc03168bf290283b47dbeff068c07c9f784da8d3caf04e88f,False,False,False,False,False,0.10311660613677046,0.0002382445491633559,0.051677425342966904
0xee1b9c9440f80f0b0f6caadbc009d06195f5d8f38aa365b8fa1e7290f09d2f85,False,False,False,False,False,0.10166162761680765,0.000234391207233978,0.050948009412020816
0xffb1cb00b80d185b8d825d6caf9ee86dbff622359cc18cd9457865a20f26fe24,True,True,True,True,True,0.5835294548260338,0.0029696948381497225,0.29324957483209174
0x99f2d76d7522b8fe92295e957fc635930416e842645bdba7c44540c8c9f4cb99,True,False,True,False,True,0.5626832164482161,0.001019511799646233,0.28185136412393114
0x732cdf51f30f7af1ccff43fd0dac476298e0cb6578a72c457e3860ef9be03429,False,False,False,False,False,0.09183119081936926,0.00014181825597589867,0.04598650453767258
0xc8ac88a39a545751dc62b112c3de1db843d56a9ca411a2b4ba8459f2bcff6541,False,False,False,False,False,0.07752171630584097,4.844745644115688e-05,0.03878508188114106
0x9598e17e87c83ee5ab502311cb8063dcc3745d212385a9c305933ad8ce73897a,False,False,False,False,False,0.21152710343854983,0.00029927540152273845,0.10591318942003629
0xb329b1d898100e577ce2a09ee9e0fe32688eab4243fc5a0ead99242640242c5c,False,False,False,False,False,0.1021453667835376,0.0003203116416581682,0.051232839212597886
0x3a2a6429696d8d338cf43ff6917fffcd5518781d215e0f882a9f98b094f73d97,False,False,False,False,False,0.09301810650585464,0.00016820361598756075,0.0465931550609211
0xd4eadacf87abc21534452b083017a6f580b60790cb16387fc67aab340fe2f6bd,False,False,False,False,False,0.1121487359612927,6.212590361859776e-05,0.056105430932455645
0xdf3fce9c2894bc2651657f203b7d5e21729853cf49b22e33469206b31829beba,False,False,False,False,False,0.11991426476924025,0.00027118204018623516,0.06009272340471324
0x6b151915ab904885bd144d0ebdec52f00770fcf5488979107b5a1adaad2b1ef4,False,False,False,False,False,0.09525014486527192,8.489813713154917e-05,0.04766752150120174
0x1037323d011b7da15164f43ee60204a5272324fde0839ecfb381589c4cd13d85,False,False,False,False,False,0.08225008050543749,7.475342816663136e-05,0.04116241696680206
0x86a0b6cc9204c53a5bc90ea979e56dcc27d88380715af598cd2048940e172165,False,False,False,False,False,0.4661475880876505,0.0012543264986182153,0.23370095729313436
0xcfbdc68ea784e3a4d232b5d4074c890dd00d86cfc64113f1173edfc9653f6e9b,False,False,False,False,False,0.06355530256584695,0.00011899647053386397,0.0318371495181904
0xd65039ae0a0f4067f56dc01ed0a13c216d78b77ca854dc30ba3a4e18cc8bcb9d,True,True,True,True,True,0.7026092958347577,0.0021748861009859752,0.35239209096787183
0x9c95e05b60f70a5304b25cd8b43d8174303466caeefb577bea489b85f9ce4c48,False,False,False,False,False,0.10037266602116322,0.00020907778983533264,0.05029087190549928
0x5e9f7952f40f32892545aff4baee384e6656ff50f3ffa4bc9c07c1c4b52c66f9,False,False,False,False,False,0.10939422945064395,0.00020499959345479023,0.05479961452204937
0x970edb6941bad61ccb264f40571160ef6048b8f56cd2df19460d873e60a0c8b1,False,False,False,False,False,0.119104468028963,0.00016380924581311943,0.05963413863738806
0xdb850d4101c6b3beb498adb3574f1b079a3dcea3318cd4e292d63a43fe862ab9,False,False,False,False,False,0.11745684242357626,0.00020794474412511306,0.05883239358385069
0x0280ac166e91306e9a5b9146b03bd3f5b2b9ad7d8c78c1b3feecfcc72d5b94ca,False,False,False,False,False,0.10314577513556832,0.00010810686166456404,0.05162694099861644
0x83fdb1a5da8d089a9593dd08b9c9f0af68bc55da37be748afd3fd2365be6e609,False,False,False,False,False,0.10120231360142495,0.0001450582461187946,0.050673685923771875
0x095747863ec868cf114920f89ed71cb6b202ba333698da42b477f67a0171ce6d,False,False,False,False,False,0.10772694216090595,0.0001486592616903388,0.053937800711298146
0x47923e680c5b276593275e006e6c32d51ff8198d8bab888ae470142b206619c7,True,True,True,True,True,0.819665594334634,0.5269224948469392,0.6732940445907867
0xf6dc2a86b386a50044a044fc19fed2a103aaa9db1c44c9982b42e2f238e5242a,False,False,False,False,False,0.0947534232907962,0.00024691447009699897,0.0475001688804466
0x5ad8517a14e46d519c033aa7625097978ce94d9d3c30d894ccc63b40d21b60cf,False,False,False,False,False,0.33370727529520355,0.0014697931868906005,0.16758853424104708
0x2c95a06264cd262e670215cbdc3d41d6fa6b6a1440229791be507f2968ed0eef,False,False,False,False,False,0.33368496148002313,0.0004635232653225197,0.16707424237267282
0x4abcb2865cb5cbd6b15ae500c799479a19cdeea4745f56f6af96b0bd5d7b9890,False,False,False,False,False,0.07552238544674995,0.0001519570348832437,0.0378371712408166
0xc023cebe1da997fb2c5f7b7d27d8174a0f3e6f22945fa16d7f79a87e08e9e654,False,False,False,False,False,0.07611230240294818,0.00020249830870914618,0.038157400355828666
0x44f2a2acd80a702d83e0d8d36ac36455157cb8058bceb41c04b456d5428852e6,False,False,False,False,False,0.14868448788388727,0.00021168326019255744,0.07444808557203991
0xcd4e5e8d059b2651d75baf029b3d1397706fe8fe23def11611e81523e921d192,False,False,False,False,False,0.08124966077142594,0.00014370248152059673,0.04069668162647327
0xc8fd3ffc8b3afac75783eafb0172302d19cca6f9fed1305829589716a4efdcec,False,False,False,False,False,0.0680858679402807,0.00012920394311896573,0.03410753594169983
0xa8e795aa9b8e1ee7f5010ad32c8d724cfaaf885cdc989befb1a4313f792d67d9,False,False,False,False,False,0.06783408838878012,9.694361643612583e-05,0.03396551600260812
0x37e1ffced648a18173f21afe83eb69ce9d26382b9ef08dd729d846498c645eb1,False,False,False,False,False,0.07646145463156438,0.00019856025447478792,0.038330007443019586
0x927f271764ad52255f8bc124c4b44cb834d3344f88fac666a427297267ff121e,False,False,False,False,False,0.0740856040028569,0.00019036638333062993,0.03713798519309376
0xe107ce8b47fa7d4e81f9d970858a87e68c2ae3a465a973e8372d3a117512a5ac,False,False,False,False,False,0.07806340539388115,0.00017376591342544898,0.0391185856536533
0xc8dd1ba2ff36c620c2b2e83be6c9b2cdc4d500461a454a5358c6ab3dab3aa419,False,False,False,False,False,0.06336957645446727,0.00017462371950890975,0.03177210008698809
0x4c7610aca523cd20f9585f61b6d8ddd41e55e96a8b1833974e1f0a81fee16021,False,False,False,False,False,0.06962074108405425,0.00012770577008019372,0.034874223427067225
0x8fc7610cd15af439756ef90bde37a5b55c20c86c821e7488b7aa95245efb1be7,False,False,False,False,False,0.19299723876585329,0.0003449711914664577,0.09667110497865987
0xfac701f6a5840af0961d5dad1c63e3b79ff92b38793d8227c0736b3fafb5f56b,False,False,False,False,False,0.06075680081873311,0.00010290385459552157,0.030429852336664315
0xa38bb754f88e9bee528beaa76258d4e4dca91cdf1b8d529cf78f24ffc9700128,False,False,False,False,False,0.05746888367970809,0.00015134005897590272,0.028810111869341994
0xee157e8a2ace74d9b18c4abdcfbff431ab49d0026f6049dc5620112ad024881c,False,False,False,False,False,0.07111793047227269,0.00017154683764471513,0.0356447386549587
0x7169335cbb860f6e2c7d2ade89de2c1f47d442fbc3cdb8912d686b27d8fc253b,False,False,False,False,False,0.12656349101168934,0.00028446553234145485,0.0634239782720154
0x40b43a49dcde771393da385f6c6e117d13debf42c34ca109b1530980804412cd,False,False,False,False,False,0.07150043953762628,0.0001250649568965735,0.03581275224726142
0x00d52c676ef34a986fce6449064b3f09292255c14723346170e089c215150089,False,False,False,False,False,0.08460320661292375,0.00014055523267559046,0.04237188092279967
0xae2f933f0b5c0300e9db7c14f3082bd00d949b58a23296c31e38092e4011d892,False,False,False,False,False,0.059447681242832714,0.00015244417127171866,0.029800062707052218
0x888bc67d49a47506555453a4d05d8b1ae78d90ce2f6a400052e3534ba776a894,False,False,False,False,False,0.1250364758045387,0.0004874309715237489,0.06276195338803123
0x7cb6acd783ba1ae309624fe951708b7a0976edc22876abd21151bfb13e0c1412,False,False,False,False,False,0.0791946990032016,0.00026649449682543375,0.03973059675001352
0xb6efbc2203d64fc6a954ca6b6567ac29288245f545c013df5dd67a7336dbcc64,False,False,False,False,False,0.10301081304790188,0.00017755328048734442,0.05159418316419461
0x9823bea583f340e2f68bc24a22b1658e4039da2be10a13cef6168bc62ac5f984,False,False,False,False,False,0.056721489769293094,0.0001353230135051867,0.028428406391399142
0x85705b8e3354bd2c6f9cfb5d721e356bd648b35727daf8d63c6b6bda5b378839,False,False,False,False,False,0.05901702981711822,6.414585831944696e-05,0.029540587837718832
0x7874151f1afc3a9039774aa8a631470d50b453958ecbf138c3a8734100fb49ce,False,False,False,False,False,0.06339096439287185,6.718476175748338e-05,0.03172907457731467
0xf54cbfe1220c0ad4f9eea2175787fc872b66b3e6cf84af27b7bf7c8348ffb8b5,False,False,False,False,False,0.07140140025258176,6.31756686607437e-05,0.03573228796062126
0x734f144821fa621360673c5321f24a923d5c237fa325565db7f80f6e72942eaa,False,False,False,False,False,0.07417133768471826,8.373733198742471e-05,0.03712753750835284
0x8eefcb14bdd2bf21a51b6ee5d78dd7af8445a34eda0a9f1e7bd8b93792ebef25,False,False,False,False,False,0.08613332297393833,0.00017245985042125105,0.04315289141217979
0x1cdcba53bc0db8e7f5103a5ef18fb10ff0367871a0422ce4bce88f30c36d0a57,False,False,False,False,False,0.061834650394053385,0.00012196871957251385,0.03097830955681295
0x8e13f117ce28e90bb2af2556c3281c5d302fd73a0703e5ecde0090e6330fdc73,False,False,False,False,False,0.0671734607327919,9.041394164421764e-05,0.03363193733721806
0x4e52d6e610ab61697570ba1ae35ae70b637e1deb663dc6429b747c7ffa0c1dae,False,False,False,False,False,0.07091862926372912,0.00017261679049086813,0.03554562302710999
0xc7758b27d0f9ca08b6e89ef5e52de54a98b27a8d8c379c2f05a23042f3593447,False,False,False,False,False,0.15365388446921255,0.0004181514172157044,0.07703601794321413
0xf0ded0afaad60954689e9f7b522cce9699ae4ba716bdd519199040f56dd6c404,False,False,False,False,False,0.07875237701455814,8.640063084697214e-05,0.03941938882270256
0xb7c21bf9046e85469642212f2f7d54af9fe8aa12145839525369fb5fc63f049e,False,False,False,False,False,0.08346507573889511,0.00021415694747739799,0.04183961634318625
0xb9f51b7e21bbc085c1fc461f2ce2862bf4fbb77664c73080d436ab9f9f3b6b12,False,False,False,False,False,0.09820886758004749,0.00019161771749326483,0.049200242648770376
0x886f602129a4ac35d9d84963cc8aa7cb34b23e23a6559a0503f2f31bdacdb667,False,False,False,False,False,0.07018459566586016,0.00018168197179251638,0.035183138818826336
0xf035dbd383a11b403d2a2345698170f71b2a9c59abe0a3f5984fb36d90a3b2a9,False,False,False,False,False,0.2586397558899335,0.0005564970496133317,0.12959812646977342
0xd3ed40d860aceeb057f6f0bbc15a9845c0fb23ec4052ce200cac7b1cdb3f603b,False,False,False,False,False,0.06854586487217873,5.393948362670759e-05,0.03429990217790272
0x2f0dbe52e60e61f6a51c3bbb87e5d56cda13fde4cb872cfc7773ffbfffee9bdf,False,False,False,False,False,0.06751143905531742,0.00011316571246825366,0.03381230238389284
0x9ec5c87effb833c1c72cdcbdaea38b78db14ad66cd7cd1bbe3f0584c43d1e9e7,False,False,False,False,False,0.07378964697865402,0.00013503300704960426,0.03696233999285181
0xbc3223aa8ae14e1c453ff1e44d4c0ad25285f70115d154f380ec30cb0a0e1a0b,False,False,False,False,False,0.07948993200655476,0.00011655578131715355,0.039803243893935955
0x763ac2c9bc5cebe9cc988ec5d7f6477ec3265682af4ccca15f7dbc7537a18fc4,False,False,False,False,False,0.06830953565560127,5.830092121257734e-05,0.034183918288406924
0x0cea66eea0cb1d2e0e47c8893d612920e5d29f532b2b54cc7a9738b5ab3ec09f,False,False,False,False,False,0.07528096827246351,0.00014873932814706882,0.037714853800305294
0x65e97aea2723fa3d7dcac3f1e16b2e5c5ea36ceb1332e02a28ed0de14a7eebd1,False,False,False,False,False,0.09434501378292248,0.00020949808372431057,0.047277255933323395
0xcb8274871f2049f23ca995fee0248bc0e1c2112571810673d8d22f13f8f7d3b7,False,False,False,False,False,0.0685449545732224,0.00015462011520289817,0.03434978734421265
0x6809610dba7611a1bebfa4b41d91b03781476ed52545f69913ef7b64c50b0bce,False,False,False,False,False,0.07285323655621129,0.00010040250547247433,0.03647681953084188
0x9be5d36bac1f592090e4aef370ba82230495d65879076129f12e8d401d907e66,False,False,False,False,False,0.16287841521845006,0.0004095702734106537,0.08164399274593036
0xebf7e1bbbfea45d75088dd4c60bdac69ef235e59f191e2c6d58c67e1f60a4027,False,False,False,False,False,0.20946789752359646,0.0007228876004905075,0.10509539256204348
0x87ca3789964c941907506d4717df2b0f57fc354cbb9378e682f8e55f9e993ab9,False,False,False,False,False,0.07536696884253828,0.00020205898178396136,0.03778451391216112
0xf18fe167685ad3d915b2e2102bf4844ec3595eba1f35b7fe948e1ed97faddaec,False,False,False,False,False,0.10962782426587309,0.0001429182967117669,0.05488537128129243
0x9d109084b90efd1d2c9e44bd668bb3177fa5525d670d8a39f566e4c99c6bd395,False,False,False,False,False,0.06417782980373891,0.0001546681940606254,0.03216624899889977
0x260398b8246b60c58f652b4ba14e897b26f1093eb511f3242af84411bb5d9936,False,False,False,False,False,0.062699462427495,0.00010007735079966798,0.03139976988914733
0x1e9ac737726f56b905e1812e04665967f35904ffd5ed33c3bf28c8c3e4e6a2fe,False,False,False,False,False,0.06839022020297936,0.00021397010359807848,0.03430209515328872
0x7e93d28e6147bde5d45a635cad5b165fac2aab65f800740f3b6155d1d1d9d154,False,False,False,False,False,0.07053589196237664,8.561920238668462e-05,0.03531075558238166
0xfd6d18354d694b7730386980ca696509ebac7e0aa7fcd2002f4626a31bd2b5f5,False,False,False,False,False,0.06509432477139031,0.0001475157955584809,0.032620920283474394
0x2916ec11be95c558ec19dc2ce31422f6dc424e53a93c93c90027bf4ba76fe29e,False,False,False,False,False,0.06341992586613997,0.00012275480357747413,0.03177134033485872
0xe24b27392adb9d96fc8eaee48b1a1e4580d7d537e984aae25e0e23197178f98a,False,False,False,False,False,0.42493549994447943,0.0007548123117754288,0.21284515612812743
0x03003223099163e6ce2dfebd3c4ef691c6aa68fc22e59faf9cd824ca70448627,False,False,False,False,False,0.24921488352387552,0.0009385787630057748,0.12507673114344064
0x1b47852ee249cf5d95c34ca4b24b1fe2ac22ad75dd2576548b221c232ce6345c,True,True,True,True,True,0.7392222738722313,0.022659395758591966,0.38094083481541163
0xa175103c0a59eb239417f64e323cbe263f41ad3b6fb3dc583c654face2ef5d62,False,False,False,False,False,0.057821495279128936,5.734291876759274e-05,0.028939419098948264
0x12665665eaa61b69107d5b646ae404961e3a1dff9828612be7733b6db9258fce,False,False,False,False,False,0.1024384928344695,0.0001894928102863783,0.05131399282237794
0xa1af6dc67e8aab348a283c7e390b57e24a40c320c363403ee8d74a0a610fa8be,False,False,False,False,False,0.4747675189887181,0.001003597206468724,0.2378855580975934
0xef59c863eb3b5d99cdeb393850890ee1882e38c6f8b9dcef2efe1fa514bc1da2,False,False,False,False,False,0.19704359681991349,0.0003824035317583755,0.09871300017583592
0x7edb9f8195d3da78e20305b4877187dbd03605e7e16701ae7a82b5f183d6f0e1,False,False,False,False,False,0.22027545933842377,0.00028412281875598254,0.11027979107858987
0xd16fc3be88add16a6ab40915188a08feca5c17da344db60b5b6e5e7ac44ff7e8,False,False,False,False,False,0.15264209108862165,0.00017572654124808643,0.07640890881493487
0x1dc89006065dd8d752f374722b12badd4b4ee6b9666d2642a015167295140cc8,False,False,False,False,False,0.507422687314738,0.0002736397359602359,0.25384816352534917
0xcf03831658d3b2084cdc1149f57aa6f13298e6ab1ba15dc5040bb30733f8654d,False,False,False,False,False,0.07262106603907188,3.3213162402507744e-05,0.0363271396007372
0xf721ef884a08332139876dd3e0b50cde1ecd61250906b00c22b1edb8dabbf7a1,False,False,False,False,False,0.08524279411877125,8.264572145047665e-05,0.042662719920110864
0x4f72251f16ec57b6f497a4eec9f77e3731f52a2f66d8d2b30c99ee608f7001db,False,False,False,False,False,0.45459135185415966,0.00020777671233757202,0.22739956428324862
0x9bef805f5f7974ed226c3f2a25a9c0544217132a8d3d3e8b0b3dba2efc819bd2,False,False,False,False,False,0.0684879923138323,2.1932681344101015e-05,0.0342549624975882
0x32e056bfa71389f067dbe2fca552a4ee696f833d45330e99c77153573f9a3a9a,False,False,False,False,False,0.055461753324759,6.371318245310385e-05,0.02776273325360605
0xa163053ce9539cb15cd23068b2a0d23ddf662da2543a9440520fddbb434f88ba,False,False,False,False,False,0.07191151856565511,0.00010913681123422974,0.03601032768844467
0x5968ae2dc36c23ee9f681ea2f0fa16e7edc55a830668755ea23ef90e626c257a,False,False,False,False,False,0.08198701957980058,5.326620108664456e-05,0.04102014289044361
0xe9c57da0327fe47665dd0be782030faff674436f0d96ecfdead4acba449e7ecc,False,False,False,False,False,0.053990519184012896,4.3357495213488446e-05,0.027016938339613192
0x5d70fc4fd264d8e0071d64d444b4906a4949e7a63e7a6f815f9ed27f93b0b638,False,False,False,False,False,0.05608091143852065,2.0672906102639827e-05,0.028050792172311642
0xb8b58f9e2c1de2e0e8403dc0d4fc8e25b6b526f60828da6657dc3ee46e46ac29,False,False,False,False,False,0.05292926502065834,4.783256092198874e-05,0.026488548790790163
0x89a1ac6b54792e45a2662dc3262bf6824f924b0752218f544e41afca885b31ad,False,False,False,False,False,0.06590655437822986,4.1818462469337455e-05,0.0329741864203496
0x22205d41579d4c83772e1829e0093faa3b4d878d7685533fd10fe2bf9103ba36,False,False,False,False,False,0.14531225425283023,0.00017146791716419183,0.07274186108499721
0x4a9b840f618dfc08bcd3f6ee41e3fbe7ec6add37d55bd7fde625af267b23a96e,False,False,False,False,False,0.2070341992184155,0.0006602729835055373,0.10384723610096053
0xe0608f3cf95f967685813c6aacac344583ad2f8c47411dd410a37dab0027cb17,False,False,False,False,False,0.061796999147531874,7.865199682008614e-05,0.03093782557217598
0x37f9d7d5e3be12363e1fa508d065864b11c1e6141e49a1b054dba536b268f1a3,False,False,False,False,False,0.25747162606279467,9.07259658903812e-05,0.12878117601434252
0xd6e7f7a8c4fb94154bddb7b6aceb2a4b4f448c8dff331817edbddefd7ccabd0a,False,False,False,False,False,0.10822919787291803,0.00018493951750063887,0.05420706869520933
0x9d8c832cbb7a8851e1c388f95699905743aebfa2b0805344df6de13c5568f99b,False,False,False,False,False,0.06449473600237558,3.122279167072088e-05,0.032262979397023155
0xdc6607026225773adbfec94384b9339cada5aa4f7d2752f26f63a9d8da22cd16,True,True,True,True,True,0.6303937401572753,0.00266876861758432,0.31653125438742985
0xecd4dd57b380b6dfe9df38e453d61ebe1f6bbdc71ea10bf1f218881cfdc405e2,False,False,False,False,False,0.10994515182005027,7.886861538018974e-05,0.05501201021771523
0xd4260c417599fc18ff99e9116a157a08be191b5be2f8e1645660016871bfd4bd,True,True,True,True,True,0.6755042877520837,0.12784315264314441,0.40167372019761405
0x013ea455b1165d99dad0b01333f72e27b832f5c5d24108b39bb919bb0b00bbcb,False,False,False,False,False,0.27943369548446595,0.00035268555915822416,0.1398931905218121
0x1790be2ccf75ca200209611a03e3d838ba2f446eeee1a70b26f0cd731407e476,False,False,False,False,False,0.4119664807156281,0.0001073932169810674,0.20603693696630457
0x083a48ca9ba126e4d8976028b845d779c5e26514ff0a9b23805bca782fb3588d,False,False,False,False,False,0.1847347020702176,7.04320263041621e-05,0.09240256704826089
0x12331e4e40b86c6b2fffbae7cfbc2631f81a4efa41080dc7598669d215e54039,False,False,False,False,False,0.18071197946186723,0.00015473284495907003,0.09043335615341315
0x92febe6cfdbd2b1726e1498cbf45f498077dfa839632c7fd95263451bd016b6b,False,False,False,False,False,0.18608633147741577,0.00017769843970100207,0.09313201495855838
0x7e00e6f2cd865d3a4770fe537b2e2564d82be60654fae710d0611887e4e08b70,False,False,False,False,False,0.22432617701121835,5.496015792722013e-05,0.11219056858457278
0x5b82e3f1e9c3164de492c0f813e91052827d74485e74720f7e4d7239ddc28437,False,False,False,False,False,0.1978550464527974,0.0001770394858061178,0.09901604296930175
0xb206f297b52330a813b215aa19a44372a2f8c0c89953a2e12ffaa88559ac471e,False,False,False,False,False,0.15242484277697388,0.00011217468030694085,0.07626850872864041
0xfa6e3e6db6a56d9f0b0338dc5a2917d5906f4246c5dc920d08deb8a73fd66abb,False,False,False,False,False,0.13981290326869936,2.638282262559913e-05,0.06991964304566248
0x6140fecf7b012452f9f34080d1e7fde9f6f0734527b6a3cb754507ffc253ab7f,False,False,False,False,False,0.15017552881381618,0.00013858955808345428,0.07515705918594982
0x24188bbca2408c8c1212b141df0f42e6a7d9138cab7cd28a01cc7c0cd8b4fcd7,False,False,False,False,False,0.13851999698322898,0.00010771713211896556,0.06931385705767397
0xd7bb9cdd6b9982d379f4db2e2b9e746ae0ee665f64a24ec733c97526971fc63c,False,False,False,False,False,0.14126424688003714,3.7815717399185396e-05,0.07065103129871816
0xeece3147671f513da174e9d22025322ef2c57729c015e41986f8611be0dd4426,False,False,False,False,False,0.1422310812127967,2.665973023297864e-05,0.07112887047151484
0xaeae31f0acd0a29b5b979180131c7363b50181eda9db81a1d6e14cd09e224437,False,False,False,False,False,0.2188724054533177,0.00024145367787301375,0.10955692956559536
0xc13e6d4d6ab6e2e8612e40e0bb3792be8e6c6e74104be8259f835c2b0a878e12,False,False,False,False,False,0.1722753427191457,0.0001679657979952301,0.08622165425857047
0x91302fe70b73b14f267217f3983cd838f0b2cc53d174c7fa4860366d5bedb1ea,False,False,False,False,False,0.14092970450995557,8.076976214147543e-05,0.07050523713604852
0x0ca682ec07f145d8a93e1a0cf7caa1bdf4e0c91b53703cace3089313c3f03efb,False,False,False,False,False,0.15734352449149158,2.3443638501681163e-05,0.07868348406499663
0xff65101ea5c2b1ff19adf971d9d096316b6b0883688d6761b4cf266522d8d092,False,False,False,False,False,0.14358295983933692,4.602947734530859e-05,0.07181449465834111
0xbc0f7a58d0b427500088819ba00623f2ab006d75d85dc71d2e43ef41015265e8,False,False,False,False,False,0.17280342243881155,6.076177210393006e-05,0.08643209210545774
0x9e5d8a87e1a4fa03fd57941a49f973bd7b1d729f7f7280405bd147cc1e97ab19,False,False,False,False,False,0.13069059959465223,3.443705583378154e-05,0.06536251832524301
0xe1fa25dd764516d75611423b30c39b65b81f2750fb1df6f2b21d6920a0fb7c6f,False,False,False,False,False,0.13114861879940617,4.30413271911933e-05,0.06559583006329868
0x7bc8841b5872fb25e3316186f735de04f9f59431ace8c13302d9eaa197eb2997,False,False,False,False,False,0.14245376318606512,0.00012706303049671498,0.07129041310828092
0x49c1db1605c4d6613fbf7dabe7e31b6b8efc7b77cb43e94e3a87ec986c4910f9,False,False,False,False,False,0.18643333890068647,0.00019843906828268323,0.09331588898448458
0x68e34e7d70c45982c2834a5d885c9d1140682392be9e4902a0e7912247f7fe1e,False,False,False,False,False,0.13728803871685888,4.8479272505905205e-05,0.06866825899468239
0x34408622c258481ddd52c8f28efbe33c66f93a806c5a8644e8eae5f451fe3e20,False,False,False,False,False,0.14309554613215303,0.0001183718743403697,0.07160695900324669
0x43df448ccfcc6b06e8bfaefc794c0dae19b92318f02d002be3706a23374e034d,False,False,False,False,False,0.14749159355005573,6.530175495363608e-05,0.07377844765250469
0x3c197e62f27275dfb8ab4bcce738822cfc641e151ed508b23f67486f9e8b4f99,False,False,False,False,False,0.18007661035739758,0.00016162692865864063,0.09011911864302811
0x0c8f2007c8d2d8a02ed84712678dbd1c2ece9242f5addfa35a9fe6c72d552f26,False,False,False,False,False,0.13516048594712587,3.8718880639984395e-05,0.06759960241388292
0x290014cb8383aeeadcc6e0759373aef0744369e02cc2acf9f089c4d406ebdcf8,False,False,False,False,False,0.14053733819887174,3.2093474947600684e-05,0.07028471583690966
0x4dee34a52f9804131ff7a5e6f8954b778d74c0a8a6436aa89b88c607a4bcf9ec,False,False,False,False,False,0.1383362112590824,4.171275438976027e-05,0.06918896200673609
0x7af97df7ec434ae669ba3aa07a966c28bf0488bd4e1ace3189b36cbc2294789e,False,False,False,False,False,0.25245318685549856,0.00013870972390640524,0.12629594828970248
0x298fe60f4264d01d0f533c8bdb4ec5674a30a62ebc7984fc034743032750a0d4,False,False,False,False,False,0.3520052243214487,0.0001513734740250674,0.17607829889773688
0xecca5a350170ab0b01d3e4b7911d5d9ed48639405b950a0545abbd6e3846034d,False,False,False,False,False,0.10028562251802191,0.00010082332227427204,0.05019322292014809
0x2bbfaf21194ee76c04beceb33f3852867b0475758372d526e8703930c0740619,True,True,True,True,True,0.7394041993956352,0.01165199720723387,0.3755280983014345
0x52dc5d94a1ab6220188f0598ce9bfab931c576161cd18e5bd894d031836d8fc0,False,False,False,False,False,0.03003799217051756,6.604506952626373e-05,0.015052018620021913
0x08d3669a760d32064e65a3f1285eb99925790334a6916fa1ba39bb1e6310b7bb,False,False,False,False,False,0.30554395455663635,0.00025110596832415464,0.15289753026248026
0x1e743a084db41ed1ebd01aef20c9c510dce2c19cbcfe8ceaa7a43b025a4dd706,False,False,False,False,False,0.00766866390830142,1.73870902230919e-05,0.003843025499262256
0x92b8f4be0af6afc20fe45da0b045375e519189671547e2525632c2da4793ea35,False,False,False,False,False,0.01282132978270902,1.0173159051070478e-05,0.006415751470880045
0xa1321c393e08098b1f734efad4dd5119cb5ea18f99972d7d68cfc9e95e649db2,False,False,False,False,False,0.02475929255130761,2.2370726654504764e-05,0.012390831638981057
0xe2decb515dac4fee08d709e9d210d2d3266cd8287a7d87914c59d22c38899d3f,False,False,False,False,False,0.0305415357726636,8.895665326534936e-05,0.015315246212964475
0xbca2e8e9d049359b4ccde9247bca001a470ae6d1917c32c0185ec0a74cb50857,False,False,False,False,False,0.016308749783955884,8.748368346802937e-05,0.008198116733711956
0x4c1ad11247d0e349a0d7c286ec7a5c940fd7f373d8e4711b468945b7c9264a85,False,False,False,False,False,0.05944166671953404,4.1201632610602934e-05,0.02974143417607232
0xea60eebeb797fdd66cd743d43380ff29b81139839efac8001ac71f4728ad6f45,False,False,False,False,False,0.017470608500792007,4.1802676077562644e-05,0.008756205588434785
0x3e97f96f98eedf25c52fba6001a8b5c5fbfd116abe6e6752a1e3a7f8d66431f7,False,False,False,False,False,0.01127240265026155,5.128052173908081e-06,0.005638765351217729
0xe43ecf9ba9b6f4035dfe37a886b785dbd4d9370a0e5ede5b85e3add799985b60,False,False,False,False,False,0.023416208423967463,5.599740242516139e-05,0.011736102913196312
0xd6da5e612a56f76cc354c53c02960d9c8768fcc4ec266aaa55c9eaf7adbf18d8,False,False,False,False,False,0.019551498319098064,1.2393006295522651e-05,0.009781945662696793
0xc0bfeb49f2669e164397ca6ac17ef81d5e5e4a74c3c4318e6e8ba4c0b027788f,False,False,False,False,False,0.02748536386636391,5.199382464095037e-05,0.01376867884550243
0x289ceea3ebd1eb947ac023fb44e72eff9e8d7f08ff70ea93d5d01f7457df2e76,False,True,True,False,False,0.29664141527213794,0.0019772956638852545,0.1493093554680116
0x588f1fcac2c63f3307511ea61999579311555d9418df9c96c09104191a0afc55,False,False,False,False,False,0.008691789427950448,2.2027201370687914e-05,0.004356908314660568
0xd2bb09b8c642453e2035d98f992edd57e60a9bfcb4fb1961a735de16a84c46c0,False,False,False,False,False,0.007419110345281757,3.1755021887797595e-05,0.003725432683584777
0x5bb742dcc503b711c0a9eae17fa8fdd9e9c2c0dacad2622c107b342f845bbb54,False,False,False,False,False,0.0027586007518684424,1.4228876450132115e-05,0.0013864148141592872
0x43550b810ecc5a2e6f1990b1e1dc91d7368221446549468a41d5991add33361c,False,False,False,False,False,0.02011843953608807,2.885150197773543e-05,0.010073645519032904
0x75bf05ac67ae0877269f028112a24c2031a6a2719795c8477e67bf24ca027958,False,False,False,False,False,0.09325268814753779,0.00022271740775288058,0.046737702777645336
0xc4302beb4101335319fcac1322662c057b88b250543a86dd93b360fee4ebab99,False,False,False,False,False,0.023711811135484366,7.884818164743104e-05,0.0118953296585659
0x7dc7d18b449c03bad5d9c2903fe6c02b28668465966a9563c8a08ffce63b7199,False,False,False,False,False,0.0,2.2147261551672317e-06,1.1073630775836158e-06
0x7a6084f9917c6c26fa5debc56c5ebf7037ae92924fef09f2345401f087314687,False,False,False,False,False,0.006588077666070255,2.9120101820995505e-05,0.0033085988839456253
0x5e953b5f121ebb8ea1ad5daee6aaf3f43e71bcdab39bb1f7a46894eaedc39d5a,False,False,False,False,False,0.0020295951188728963,1.1385052652244152e-05,0.0010204900857625702
0x58b080f6107b7fbaaa5ae5b52787bfa73db3bd7d2dfd2eaad432a2a8d0d6fca7,False,False,False,False,False,0.014416107638608728,6.338470719532819e-05,0.007239746172902028
0xd573089d76cf636141b3570fd2b8f5c1e0cf6b710b3d349f4147d06edaec464c,False,False,False,False,False,0.006866248606199356,2.941920014786926e-05,0.0034478339031736123
0xd5713e1bbfb05262b4e634aa9f8c3f4cd40967658ce3c9ad8d613269fc8dab3b,False,False,False,False,False,0.09528427267539857,0.00015994004771546688,0.04772210636155702
0x09ad1ea718180b466a429e2bf1451669be9b60edd83daa7d5bd52631c47d7965,False,False,False,False,False,0.048415006394911315,0.00012887346497954055,0.02427193992994543
0x067449a2be70ef0f411435571f44b65ce9218eb3863e03862c9575f82dd4245c,False,False,False,False,False,0.04219708700388003,8.89849846128155e-05,0.021143035994246422
0x97d26263d8a9a691e5c46f1ecede368ad0282855a6f86086793a5345b1a9370e,False,False,False,False,False,0.08378412928422158,0.00025844867025873435,0.042021288977240154
0x036e9e432732f07e404aaec1cd9f6f002de4c3e884ef733ab306626bd897a001,False,False,False,False,False,0.006582830034610263,1.9226549368618066e-05,0.0033010282919894406
0x8e25d54c39d32d463b9529e00d649f68e382b1fda17479ce5f1ec365cfccc663,False,False,False,False,False,0.01838885593627528,2.747071298522552e-05,0.009208163324630252
0x04f603e6c7978f5f08a9898587a464e82e6a83874de87c97dc363d0e149b78a3,False,False,False,False,False,0.2595534940159632,0.0014286234451352626,0.13049105873054925
0x58c3c0bdc4eb418c0e41ea3e162cfec8281038ef2492b3eb877222e4667db9e8,False,False,False,False,False,0.43874232000165797,0.00020522273253238628,0.21947377136709517
0xe67022f20f39e228bbb9cee4ffe3244962975db878878e86a1ee7924c725fc59,False,False,False,False,False,0.09647401298815217,0.00013107314476846766,0.04830254306646032
0xcd251b1d9afadd17775667f4b0542f492656ed1641aff2b4c57b59440d36810d,False,False,False,False,False,0.057515262126695374,0.00010689542447244864,0.02881107877558391
0x90e93bb37d364a15c1235fd343503de749dd318379b9b4468112fa4d6e464414,False,False,False,False,False,0.09447299915526733,6.902829446269066e-05,0.04727101372486501
0xcb4514500c4a06c9ed2be661c59239c1ec336ef20447764c0eb639c71963c08e,False,False,False,False,False,0.036074564423004774,2.2891145384546793e-05,0.01804872778419466
0x68a3a074c642f4ba999a4784d553ac3e71a7433b792177cc0334e2cc7641e05e,False,False,False,False,False,0.04742992820727962,7.499101394736997e-05,0.023752459610613494
0x28f4b4aefdebb41994f151554a854736d3c62d653a6c931d7544c199b121b598,False,True,True,False,True,0.5263088561661962,0.10465756982380106,0.3154832129949986
0xfca4552ca62d185c8dd58094fdaa7ccb95301dd47b38f729a340020df8ad8423,False,False,False,False,False,0.043550032784383914,0.00011908443666318704,0.021834558610523552
0x35f2245b5d9ff54d308d305c372f5861cf5d834b11d69d42cea5fa35d09376ac,False,False,False,False,False,0.030724159914051773,1.9158510328120615e-05,0.015371659212189947
0x65c8087ca6f8df899d6ca7fdd7fdfc7426f31e751ba32de34d63cccfa98a6bec,False,False,False,False,False,0.10008205589671823,0.00017492836920238823,0.050128492132960306
0x48f4b7a2ee3bce654ba521d49f16793dddd4f5a7c391ee1673ed03949e71e887,False,False,False,False,False,0.031182906691818602,1.7656538026813658e-05,0.015600281614922709
0xcfba9e98e7b0820a0d816e9d4cf684fb829d1dbfce8bc68604e6ab2f19d43acf,False,False,False,False,False,0.05637160317286318,9.389429408590974e-05,0.028232748733474547
0x27414a4cb3802e8990c90b5cbe7dc8468beb4908f6cc735db02fce7284387adb,False,False,False,False,False,0.03738663481892101,3.8457902867761845e-05,0.018712546360894384
0xb915e81cac6ac6ad4307e601c7df2aba908dd9891c5c4bfffc17b73a0cdbff8d,False,False,False,False,False,0.052146876659654284,3.667448749415735e-05,0.02609177557357422
0x86ea24dcfa047d488532462b25436f750c7c09dcb7f568c1863f1ac279a334fd,False,False,False,False,False,0.04629910265803115,4.412663432984536e-05,0.023171614646180498
0x2424c2b6f1e886e2e0b09993fe56dc65a622a0284386318f9123b4a0dcdac2f2,False,False,False,False,False,0.04092701517523083,2.613152776985654e-05,0.02047657335150034
0x1ec8af8d414c244bfd42a833af431c810e884f867a22d2d49efb15baedd93d43,False,False,False,False,False,0.04236808534935702,5.413938866564939e-05,0.021211112369011336
0x3745bbb6571bcf9467958572dbeef2d83d581ae0c02538b823e7af0693473473,False,False,False,False,False,0.11586385723417317,4.5590213394556714e-05,0.05795472372378386
0xc586625c97dac05c61ae0fb0dc46d0702b511a479d73f91e8cfc4a0e53245929,False,False,False,False,False,0.0371592623781799,1.0528841482415876e-05,0.01858489560983116
0x12fbd89f0121f3cac121cb299f9dddabfa8a58a425dd3a42f33f1c9de0758e0e,False,False,False,False,False,0.03841806652084434,5.393780243118041e-05,0.01923600216163776
0x19e6fe2e422d97e99e1b9a2e7c32d9c0d1ed3bb73ea6e1157cc14a2921414c81,False,False,False,False,False,0.10193070052740794,4.786553998099142e-05,0.05098928303369446
0xd1d6f61cd6eb12657b543ae763fc91a182e1e37e9597aaadb4c377365c0fdb6b,False,False,False,False,False,0.04003560833857642,4.5016037808839776e-05,0.02004031218819263
0x523b7b92804a410c1b49907b8e8d8256807f746acc0e6beeb8da2fdba14be8cf,False,False,False,False,False,0.026883407216768046,2.1293132970456475e-05,0.013452350174869251
0xcb793b4f0cafdf9f1acb0b90aa4694aa34c38cd5a986f68e9690084394e6051e,False,False,False,False,False,0.034053413324794266,1.6859381043910972e-05,0.01703513635291909
0x371821d4535e5412fd1e239ec4dc9cf0c51059375b321f53eacc1fe49b5bd8e5,False,False,False,False,False,0.09102212930663273,0.00018131327529914042,0.04560172129096594
0x1be9d12a6dc0752caaf056d7dddf91f063f08bcd2c0aa1c125be923cc2819980,False,False,False,False,False,0.040889203081789754,0.00012720573558779215,0.020508204408688772
0x110a02f6592b36fa2b66cfc0cccbe6a21d27b730114035b44c8b33ad5ca99c89,False,False,False,False,False,0.029139098234416787,1.2736214206463932e-05,0.014575917224311626
0xd3fdcaa539ec762a68be888daf3209e158238764a2d7e53bb39c8779951bfe43,False,False,False,False,False,0.02527036699922598,5.281721992080439e-05,0.012661592109573391
0x7f1d43870958c4092304425268fffdb7599928e32522eee7b425db4caa583679,False,False,False,False,False,0.05510190509356269,0.00013615566166124186,0.027619030377611965
0x9235267e9970ea6610ffd380f528361bdeb77ff393fcda3e8f2e05890b10268c,False,False,False,False,False,0.1381901713532749,8.401498348650881e-05,0.06913709316838071
0x695d133a3dd8032e05a26b39677484c7ab98ffc5abdeb972d205030b8d46876b,False,False,False,False,False,0.032712475442640075,3.5301300190283614e-05,0.01637388837141518
0x2ab054a35a04d5c1517ec8b43e0f9cddc1d5fdd61dd362dfd84573cd9c144b7a,False,False,False,False,False,0.04697668582772355,7.161782777196203e-05,0.023524151827747756
0x6392ade2ea778f9d1a52606cb6e697599e66725bee546c5acdb08e58cd88568a,False,False,False,False,False,0.02911990431172365,7.476131894698701e-05,0.014597332815335318
0x17d41fa1c6edc3e2b8495321cfb8f9584f181f23b2d15aaba87fd2536e51d6d5,False,False,False,False,False,0.037612609314224714,0.00013246073424809973,0.018872535024236407
0x43ac4813d831b5cf751fd71f0638506166eebc08ffeff82187f32573cd36ad95,False,False,False,False,False,0.024938087255733897,2.0532923352558122e-05,0.012479310089543227
0x23b59448f8fc805b8f633bb15688af70b7290da9b8eb660d53c9efb30cddf408,True,True,True,True,True,0.8112105134911703,0.27576842671711593,0.5434894701041432
0xf89cedf2fde646d67c68762cb114703f084e58ea6c3f8955c47f1e7dc8799217,False,False,False,False,False,0.3147769264108821,6.191578436724915e-05,0.1574194210976247
0xf8afe68220c7a9ebc05b6d40fab1bcbf413d20a6838b29612080750c8b55bad8,False,False,False,False,False,0.038844080191257596,3.657212783355896e-05,0.01944032615954558
0x209d64a7de0d047cbf227005d7caabccb685839fd42df1ddae4b13d30097a871,False,False,False,False,False,0.11449769208102502,0.00019846906815778467,0.0573480805745914
0xd63b8eb74b71d04b27ac313761e287fe9812352d4f91e86961abb2df621c5561,False,False,False,False,False,0.03645968548139244,3.70062401819061e-05,0.018248345860787173
0xb25d68a0f6423bc99c1a4cc0d21714a24caa35a021de866fa528aafe7ffae8b3,False,False,False,False,False,0.036423469323680145,8.101381409083314e-05,0.01825224156888549
0x8ac0147fe099f13bf4789d3c443381117c144cd34e10a42adb352eedfa293eee,False,False,False,False,False,0.027243398849824973,4.391589969394142e-05,0.013643657374759458
0x8ac0147fe099f13bf4789d3c443381117c144cd34e10a42adb352eedfa293eee,False,False,False,False,False,0.027243398849824973,5.8917062275782254e-05,0.013651157956050378
0x8ac0147fe099f13bf4789d3c443381117c144cd34e10a42adb352eedfa293eee,False,False,False,False,False,0.02668054559279835,4.391589969394142e-05,0.013362230746246146
0x8ac0147fe099f13bf4789d3c443381117c144cd34e10a42adb352eedfa293eee,False,False,False,False,False,0.02668054559279835,5.8917062275782254e-05,0.013369731327537066
0x8ac0147fe099f13bf4789d3c443381117c144cd34e10a42adb352eedfa293eee,False,False,False,False,False,0.027243398849824973,4.391589969394142e-05,0.013643657374759458
0x8ac0147fe099f13bf4789d3c443381117c144cd34e10a42adb352eedfa293eee,False,False,False,False,False,0.027243398849824973,5.8917062275782254e-05,0.013651157956050378
0x8ac0147fe099f13bf4789d3c443381117c144cd34e10a42adb352eedfa293eee,False,False,False,False,False,0.02668054559279835,4.391589969394142e-05,0.013362230746246146
0x8ac0147fe099f13bf4789d3c443381117c144cd34e10a42adb352eedfa293eee,False,False,False,False,False,0.02668054559279835,5.8917062275782254e-05,0.013369731327537066
0xf59cc64307275051a2c5074ec58746c7fdf648090ec870277665d268a2f42f66,False,False,False,False,False,0.03168534092360979,2.4618011550894126e-05,0.015854979467580344
0xd8195891720c3c63b60d1e7083482c82f7ea69b7023ef45f65c713a25a5c09de,False,False,False,False,False,0.030194832500067544,7.944785413247402e-05,0.015137140177100009
0x615b698cf520fd0c6e85426244157544845447704f64a5ddd5f4571632dbb8eb,False,False,False,False,False,0.058315426768285085,4.250254773470083e-05,0.02917896465800989
0xec820c48cf48759af6de84db8a903ced5447852111948572f99817b25c58d5da,False,False,False,False,False,0.024915664185665695,4.741638857815123e-05,0.012481540287121923
0x8d6dc9e417d74fa81cbc21cca9854ba7ab65b382ae8bb73a5fb18bc2ba675c47,False,False,False,False,False,0.042137379013736743,0.0001297156245889427,0.021133547319162845
0x79b97e935c9e57f6fc5cd2ae5e7072b0b20e6a50b67626fa91e0df21e532249a,False,False,False,False,False,0.03169440955062573,5.3014714785785226e-05,0.015873712132705758
0xbae08b727a6e695df1cf0d7b2c523abbde9b0d223ef686f7f00517b24855c8bf,False,False,False,False,False,0.13085659095063423,2.5105091912818998e-05,0.06544084802127352
0xea746cf98298398a487c271c8cbee32e1b828f364fd73ee59b92c105943e4470,False,False,False,False,False,0.04097139295752655,0.00013988711236994806,0.02055564003494825
0xbaac62b2fc37392c39bc6d8572d710618f10ab05a6741d3ce71b357255806ed7,False,False,False,False,False,0.02211801265088276,2.4044148187362353e-05,0.011071028399535061
0xebecb002ef005460af291c77a90ffe1abe1be4efabd90b97089c5a28685da89a,False,False,False,False,False,0.04316985174665872,6.980850289098858e-05,0.021619830124774857
0x2d586d7c953bac60bd85f21cb7c7d8c0a560448471657e6d0040c3a2a8635ad5,False,False,False,False,False,0.04199676686857694,5.7686879420364265e-05,0.02102722687399865
0xc01e509c2558977053ce4bac9b3903ad78e157b0ce0c22eb1fea0c9b3caffd54,False,False,False,False,False,0.024090457834467352,4.474301942028992e-05,0.012067600426943822
0x15f6f7edd21f5f86d8a76e743263806894c8e97ae97a248dbfecfe4373aea889,False,False,False,False,False,0.05544547859538241,5.7539262906361414e-05,0.027751508929144384
0x5fbe56c0e38f85b68bae24939c7091da36eb731222ee5ea3b3d55908ebd3f8d1,False,False,False,False,False,0.09746815205599779,0.00026485972781483156,0.04886650589190631
0xe9e30c64b020b5bb50e298260aa352e730c2f7de4c3dc7bc4a1478ecb136039e,False,False,False,False,False,0.06370962131068343,4.219788829657754e-05,0.03187590959949001
0xbc5135e04a2c21e1d2859969f222dc30852855ffa96dec37980c0ad0aa40179d,False,False,False,False,False,0.06425551530927437,7.23917013692908e-05,0.03216395350532183
0x110916b7b50378b78ef4e3f74dd30c2d99c43a451506730654ada000f4d14505,False,False,False,False,False,0.03670306050327289,9.959184473988253e-05,0.018401326174006388
0xd181ba52c578d2ffe9ff38e109697e522f016c2b851cb3ca859e19838b78e23d,False,False,False,False,False,0.025846187421996118,2.2103238920303597e-05,0.01293414533045821
0x27f61fb075aef555b2427d2656eb6383977ae8984f449855682789bdcd0e136e,False,False,False,False,False,0.053548518417309586,0.0001168028598847313,0.02683266063859716
0xfa9d4c81e574cff5682bdbcaf1a9d25b1d1cab7067a43cde42f6de18cd266d34,False,False,False,False,False,0.03515188428991481,4.045322646531445e-05,0.01759616875819006
0x2ea6789fabf13f5009ff5d3b2dd3cbd18c81fb9836aac2c3c59410857d8976d6,False,False,False,False,False,0.08584396227674441,8.715176509437182e-05,0.04296555702091939
0xa9cab3a8a83163c95da445b7cb354f33dcaa131cd1a2b4c024b6979f4a332e24,False,False,False,False,False,0.02755734108725708,2.580715257060007e-05,0.01379157411991384
0x940030887d5b407c66873ff47b89d3a054ab765603ba4d1104127f423b1d379c,False,False,False,False,False,0.05701472413120855,3.580954183988063e-05,0.028525266836524215
0x72a7c510fa9339452a54fdabb7868545f5f19350277bd02f14c2bfa4596007dc,False,False,False,False,False,0.03534135405242381,9.78035921699152e-05,0.017719578822296862
0x48d811b8f2c71fe2cee83d79a2eb7d2d7539aa94829c0e5f88b0c0d7f23c4ff9,False,False,False,False,False,0.09718132845318249,8.826176780590509e-05,0.0486347951104942
0x9b80852dbb1d510d5c7320f0806f15837c2c5b39614f754da0e6267eb678285c,False,False,False,False,False,0.02948143184318704,1.5166008451063046e-05,0.014748298925819052
0x2f29ad48fea88aaa57421ecb9457b5736c79abb3fb4aa33cf4d7841ea69ca30a,False,False,False,False,False,0.03456154478975657,4.601171565535556e-05,0.017303778252705963
0x4549ca3aed3dc668ce1b88c31483e6990bb2eaf31959776e83f80c259dcccf3e,False,False,False,False,False,0.047499545402223765,8.046281643219838e-05,0.02379000410932798
0xa021a078893ad95ba4b52ac558f72df810ffba13ced18a2cc85b78abc616b98a,False,False,False,False,False,0.028868682172366784,8.004728594309642e-05,0.01447436472915494
0x8ccac7302ce6624db326e289a18f0e92fac670f704a7df9f5010853ce99a7758,False,False,False,False,False,0.04013892516939065,0.00013865285514229388,0.020138789012266473
0xa57c19693fb17702c56203b1f9bcbf46672a72acc60e0f8e02bfd6510eb32cba,False,False,False,False,False,0.05333063200427306,0.00010578444922570804,0.026718208226749383
0x6745a56fb55f153279a7df59198e2648dd294aa8183781b3837c2656499339b3,False,False,False,False,False,0.04590726177035032,0.00015519144975753568,0.02303122661005393
0xf60bd55425970c5cb4d72712596e00807a1255c02de4b59981b17bc8f19d89e0,False,False,False,False,False,0.024718473617228634,1.0661460893621616e-05,0.012364567539061127
0x554fcd222806fe0445e4ffa8d03d09bf72b0ff303d5c3f2f2de2d40609603f4d,False,False,False,False,False,0.02596379563877103,1.6402313011689413e-05,0.01299009897589136
0xf447f16f08dd39435b6ff937331c751412a3b26835377938e87997a1a5bef124,False,False,False,False,False,0.020667474147095237,2.8563859098214423e-05,0.010348019003096726
0xbe9918d05f21bffef680185925e9b9a2ac6f885ec317169fde94da0337d9be8a,False,False,False,False,False,0.02154679672910247,1.6681909693323035e-05,0.010781739319397896
0xb867ff1cb23bddad68eef36b948f61750aa5221d024affe380e1e69ad0492b9f,False,False,False,False,False,0.023277780196812998,4.137673552420208e-05,0.0116595784661686
0xc214052bd0d779b2fb4c201c5d4716ba0f5c5ef5ed227fdbd1ac22b291ec4813,False,False,False,False,False,0.028292958300875328,1.624503518077485e-05,0.014154601668028052
0xf9b5f156fecc4cda4375f2c5b56e92232a87d373b6a76863108a28c4c0feadb5,False,False,False,False,False,0.040801406792851935,0.00011068739021202165,0.020456047091531978
0x9f48f08822b16086d7d8278f0c1c5bdc396856e6278976ccb900c2e0166d6b28,False,False,False,False,False,0.022471776698096208,1.6937306605029272e-05,0.011244357002350618
0x7a817124d695643fd480de4268c5886e97545466a2d1735e139243a41aafa5d0,False,False,False,False,False,0.11813539991555425,7.192497540703159e-05,0.05910366244548064
0x738343f136e6db662a8928e27f35d486599e10f47a34f288229b3f4cf8830271,False,False,False,False,False,0.02275492193463081,4.9142844307068315e-05,0.01140203238946894
0x3a712a5f30dfab1321e09bf38fc78df3da3f5dc4f58eddc7f4b81765f64f4336,False,False,False,False,False,0.044279921891239374,0.00010088526483920613,0.02219040357803929
0xebd9e73395c384cfd71c15718df96ff0880bfc5f697107c5eb7c4a0bd88ab7f0,False,False,False,False,False,0.03202591943364522,0.00010863042669208606,0.01606727493016865
0xbac3e9c8e9b5d124af7654801c19f69b9435cf782e484ab0a98c32aa1d86301a,False,False,False,False,False,0.025412949434345362,8.006919451359351e-05,0.012746509314429479
0xe3264ce7c2b125923df85770d182200968ae2c8ac37e862b3050639c4c068a16,False,False,False,False,False,0.019698165015102492,2.9376362693262862e-05,0.009863770688897877
0x5229a6f2cfd4bb211ca7f787cc894dc39e376de9aa3642ed18b54e04070f5151,False,False,False,False,False,0.061952781816287814,6.586921413362217e-05,0.03100932551521072
0x6425668b0b5399c6fc46842d1d7a6e05fb7ac9def3018ea99866f706ee65740b,False,True,True,False,False,0.4728642293742913,0.02773755785265897,0.25030089361347513
0xf80f601d2cbaff4fb5faded4536430f6652bb275216eb37419ba35dbfb5445be,False,False,False,False,False,0.04461708740924221,2.0160136999154283e-05,0.02231862377312068
0x83c44e1b046e62cb8e27b152a3fde6f14d5a2b36589e3f3998ff2528f202ba93,False,False,False,False,False,0.028570838020133885,1.0005720795975481e-05,0.01429042187046493
0x7970a10c4f5419e47b0783eb8758392b9b444b63b629fddce83112ab24f487b9,False,False,False,False,False,0.05933379965759852,0.00013870303185447194,0.029736251344726496
0x0ef02de5a8dbf72480474ae26622c56322a0f8694f504eed384540d9bb504957,False,False,False,False,False,0.023747765950779338,3.565994448996043e-05,0.011891712947634648
0x6fd887b89275fe6362e31c17319a29c586e46a5d53abe80264def50fa7195526,False,False,False,False,False,0.036062757743799106,5.951420746651992e-05,0.018061135975632813
0x0cef053b4aed47e0589932071d8bf4dae8b0642937db6edc8a1a8f1703d29ace,False,False,False,False,False,0.027084458361450972,6.264620141140873e-05,0.01357355228143119
0x1772a572b740154f3c48c541d813cfe53fc347a044f568326be6d9a3ec29c360,False,False,False,False,False,0.02455382323919675,3.867009299090832e-05,0.01229624666609383
0x5a8acd2ae76169e45e40e78e1c9a57da9b20d6aefee0ffec924aa4dea3ab6521,False,False,False,False,False,0.08767104701348423,7.244987641245241e-05,0.043871748444948344
0xe3db831aaf0e66ddb5aae49009ce3ca6d674be1e7360969040ef35e9524fe746,False,False,False,False,False,0.1039714367392259,4.829972776793035e-05,0.05200986823349692
0x3050eeb5bbdab92d02a99ac66edfcc767de4ae605a0172596c9bbf8e62947c4b,False,False,False,False,False,0.2699468327208293,0.00027408123330431393,0.1351104569770668
0x3d62dbcf16e4efcbf3ae22d79467a74f06b7f8fa2ce29eb4e4225854fdba4ed8,False,False,False,False,False,0.07696900563372679,0.00012204707748433947,0.03854552635560556
0x57cfdc39a7ad6ca56e0ef4d434a80b2e681ab2ecf9fb26092b8e2d827bd5977d,False,False,False,False,False,0.0378182393694445,2.078730777633926e-05,0.01891951333861042
0xd46b443d94bfe9e9c896e1ecd9e2de9515cbb10b9c3ec6c1a58500c870b1b3ae,False,False,False,False,False,0.06951109754428816,0.00013695457951187363,0.03482402606190002
0xac8f517d4426233a87cad7779dbf0a6e0a5237e6cc09b5c4db85745333b36509,False,False,False,False,False,0.06767480895507223,0.0001368846001400361,0.033905846777606136
0x738d6cbadaf24a0c40a282d5e419c7f7acc24ea3bc78745a16c9b8d9b3ffcb0f,False,False,False,False,False,0.1391638702874793,0.00014339824347212122,0.06965363426547572
0xfea07b3da2ea1033f00ab14a6fe9822d99a18e301195c01a2ef6104c4ca1f143,False,False,False,False,False,0.19810722859079738,0.000682527582713689,0.09939487808675554
0x19d173ceea4ae36ec20d4bcc42fc74415d2d2b9d40d0a215bd0e166f49a454ae,False,False,False,False,False,0.05361548462588725,8.246937940815543e-05,0.0268489770026477
0xa2089ec6292569f9d61a37b181eb37816405dfe56258a909dd9c13e2d701c3c4,False,False,False,False,False,0.03557806545890477,0.00013815017480912553,0.017858107816856945
0xa4f6247dca9378f5977e6668e24a123fb62e258770a20d4e08c8d06fecfad1a9,False,False,False,False,False,0.028672200447071288,2.3974567490968684e-05,0.01434808750728113
0x376bc6e8b007aed9127e3ea57fa5e9854c0841a394ed4f47f374c854d8b257ab,False,False,False,False,False,0.05103839210703883,0.00015076530435165352,0.02559457870569524
0xcaab5d1e2b7a601e31b9f4968b3a117b56b46109029f79161b8caa6ccdc187b3,False,False,False,False,False,0.06736028565009666,7.988696859160295e-05,0.03372008630934413
0xfd086742c181edf0a7eaac2c1ea61fecf854d9618b34152de0c87789538e63fe,False,False,False,False,False,0.022676784363872448,3.4272387897423485e-05,0.011355528375884936
0x08e675c166238688e6b58a11fc8c0ca1fce7e3ca477bc9578739e9eebf97f707,False,False,False,False,False,0.050875374872509774,8.945451806007408e-05,0.025482414695284925
0xfca27d7a81d7af4a24bcea293d67b232c000053f1fa1670ce0824d6f8bbcd899,False,False,False,False,False,0.03409583404907915,9.545413584064784e-05,0.017095644092459897
0x42fd5709792548ca30c3a8ec208ca66b8a163a889176052ebcc88f1c6ebb487f,False,False,False,False,False,0.13296236098332448,0.00037767796948810263,0.06667001947640629
0x91ecac907ee49d399240d6fe830e22b9e769174fb4bedf5bfdf0b3804aed2041,False,False,False,False,False,0.044943838518225455,0.0001405004274572877,0.02254216947284137
0xc2980d7b0f18f42c3161690aef7c7e5b518f1470d4b8df96c3d9f507c54eeb2d,False,False,False,False,False,0.02714007548356581,2.592197040633339e-05,0.013582998726986071
0x0b9d84cfbefc692063be02835fae3a12e0c2f072d22944c8388eb2bcab20c3c5,False,False,False,False,False,0.20039686556000413,0.0007317480639529565,0.10056430681197855
0xea89f95f37aeb727506c6b9be79639615492956efadd1489c92d9e0d88fc4991,False,False,False,False,False,0.026539028420516513,1.7629758501265455e-05,0.01327832908950889
0xce4186b68313123d68a0ba4bea57f7ed6ab7203d81587b79ae4ded0d48be5b48,False,False,False,False,False,0.02413679422840696,4.716604094032744e-05,0.012091980134673644
0xce4186b68313123d68a0ba4bea57f7ed6ab7203d81587b79ae4ded0d48be5b48,False,False,False,False,False,0.02413679422840696,5.4998725392748294e-05,0.012095896476899855
0xce4186b68313123d68a0ba4bea57f7ed6ab7203d81587b79ae4ded0d48be5b48,False,False,False,False,False,0.02297901906282844,4.716604094032744e-05,0.011513092551884384
0xce4186b68313123d68a0ba4bea57f7ed6ab7203d81587b79ae4ded0d48be5b48,False,False,False,False,False,0.02297901906282844,5.4998725392748294e-05,0.011517008894110595
0xce4186b68313123d68a0ba4bea57f7ed6ab7203d81587b79ae4ded0d48be5b48,False,False,False,False,False,0.02413679422840696,4.716604094032744e-05,0.012091980134673644
0xce4186b68313123d68a0ba4bea57f7ed6ab7203d81587b79ae4ded0d48be5b48,False,False,False,False,False,0.02413679422840696,5.4998725392748294e-05,0.012095896476899855
0xce4186b68313123d68a0ba4bea57f7ed6ab7203d81587b79ae4ded0d48be5b48,False,False,False,False,False,0.02297901906282844,4.716604094032744e-05,0.011513092551884384
0xce4186b68313123d68a0ba4bea57f7ed6ab7203d81587b79ae4ded0d48be5b48,False,False,False,False,False,0.02297901906282844,5.4998725392748294e-05,0.011517008894110595
0xcc1b75aedf7825118cdee46e2814ef0536d2140ed368d0bf9b46f61ecfaf4e4c,False,False,False,False,False,0.02696650846036727,2.4513483624597743e-05,0.013495510971995934
0x90fd5bb379c830f458694b002fb8e5e5c9e4ca23777e9f89ceb30d27a8505f83,False,False,False,False,False,0.05099932025314546,0.000158196050987978,0.025578758152066717
0x93486ec76b8914481c58afac89e2a6ca48cae6327421e448abaa942ab03e1d3c,False,False,False,False,False,0.07022583462603994,7.657020018052992e-05,0.03515120241311024
0x7985a4d5b7e94cdb089078855794eaefd85452c3656cbb56d406399989299943,False,False,False,False,False,0.02444649409715752,1.6605434434192363e-05,0.012231549765795857
0x367b693537d419160024448de44147dc9151199ae748294506da5e530d510f92,False,False,False,False,False,0.22373319187172117,0.0008769903659945775,0.11230509111885788
0x1308890477507965c6648f59ff14883907aaef89becac4c6a36befebd7db7aa6,False,False,False,False,False,0.025588856079001077,6.251137222548168e-05,0.012825683725613279
0x5d5c3652990a5a59a3ffb082f376d0058717864b18c0bcab78ef479b89f66a56,False,False,False,False,False,0.03631843611343818,0.00010447522956021706,0.018211455671499198
0xb9b5e857ee0c0bb848c5b23121ad9730331a0ce824bfb34069c2d7c90d09c7f8,False,False,False,False,False,0.03774709446564319,5.834736582216855e-05,0.018902720915732682
0xada12676cdb56b71f725959a62b34533fbe5f8814538858818860017b2f269e5,False,False,False,False,False,0.03981074209539043,9.882704018570777e-05,0.019954784567788066
0x5405f4e8519c062844848795fb22ae0d5be71a95ebf1b5681ca664da15672302,False,False,False,False,False,0.09868210976088944,8.712549849335638e-05,0.049384617629691395
0xa2fb3f5a04e69c0e7c0b38c49f2bc779f320ea966bd05d03c0eb5395661930ec,False,False,False,False,False,0.026767098119001322,5.1372042475640174e-05,0.01340923508073848
0xa627b6b0533ad31cdb072399a7b0921b04fd4cedd0d3bf603bd6ca43f03be330,False,False,False,False,False,0.058858884810971186,0.00011281039179106793,0.029485847601381128
0x39d4ed88ce95c0fdeeab5b7852bb31618b2e86e8b813da0f935a66bd3875e07c,False,False,False,False,False,0.032349552297625074,6.076855539979115e-05,0.016205160426512433
0xbefaa57a6059910ea7559e1a5359502e208166218cf9f202812566aafa977263,False,False,False,False,False,0.03078024506228316,3.680626184459941e-05,0.015408525662063879
0x7829ebcf8074c67e134b640960d133679d31ab95c54cae4ebadbd65c3c47b41c,False,False,False,False,False,0.03713168534852235,0.00012434889981598839,0.018628017124169168
0xc6d10e475fdb77c670719b78766d6bf43c64d7775a2fd1ae263b0a26934fe475,False,False,False,False,False,0.023187767741931237,2.1244511065575024e-05,0.011604506126498406
0x2dfa8f47743529d450b858260f252dc43437303e7b2ed36374cbfaefbb972f96,False,False,False,False,False,0.026781173446646378,1.972510941271477e-05,0.013400449278029546
0x0ba2f8153159f8f389aa98140e957f777e2d6520a8124641a1ed32225302edda,False,False,False,False,False,0.13245945208597307,0.00011719726439171842,0.06628832467518239
0x9a0d0300823a052eaf558aa1aafc0d06183c7f6e2e8a7a2d08170df5195c1dbc,False,False,False,False,False,0.02394617111664065,1.613632062988685e-05,0.011981153718635269
0xc0b3d3f9ff60638274740cf2eb73f95d1de0372184fe9a1e38353453e1d79f6f,False,False,False,False,False,0.02439037046159766,3.0278560595988213e-05,0.012210324511096824
0x75826c05642d2f583b5cec239445af460337ea92a8dde91e0e2260167a5aafbe,False,False,False,False,False,0.024385732027063182,2.185262475872547e-05,0.012203792325910954
0xe67fe943255081c37a35c90e2f535480ff952db93ed0e32ae1b784d85d435245,False,False,False,False,False,0.06444868220844566,6.976999666979109e-05,0.03225922610255772
0x4e6a597c353f2f6afe2835349dcecec0ee390e89665daae29d6f37da15b63232,False,False,False,False,False,0.03635266950919749,2.8039607553986847e-05,0.018190354558375737
0xfea94b9b090a947a075d0e72cdaa0a455068b6e2b927d7693efdd6f10dce7033,False,False,False,False,False,0.03386405579633707,3.0751912504737954e-05,0.016947403854420905
0x058cb7bd661f4d964abea128866d33deed2bf70acf5b87ebdce8c1fef17e2be0,False,False,False,False,False,0.031177859492045695,4.457317349646077e-05,0.015611216332771077
0x6359b21aede7203d27c2e63e667bdb371b4808060e27c544370b9c27b7434170,False,False,False,False,False,0.03183613656252472,2.037967389815466e-05,0.015928258118211438
0x6e49ea638c8620534ab33a1fe0ae114eda2a527a424e59e7d4f300b457aec857,False,False,False,False,False,0.044912532185229406,6.9913052464103e-05,0.022491222618846753
0x555caa61ab287fe96c44e95163a22df32aaa5de3e962e60e53463d6f8b0b83a2,False,False,False,False,False,0.04474963243606633,9.660058544652957e-05,0.02242311651075643
0x74dc2d749475f3aa00ea22af4a946487fc18d19bd7fea6175b596467875a689f,False,False,False,False,False,0.02899103823445509,3.699305319341403e-05,0.014514015643824252
0x8a9ed1b05aac4731763fc915c0cc7784d1c8a42598cf6a35486d016763c8c06d,False,False,False,False,False,0.06497948081836208,6.849615807017766e-05,0.03252398848821613
0xcbab0fa871a7f09e98333b633958849411ef7db86f0440546e273dadb291c6cf,False,False,False,False,False,0.04267031429319348,0.00015282207130412666,0.0214115681822488
0xf83f5c9ab709afc1a3d79de335108ae798bd8babda073952baecc157002a7ff9,False,False,False,False,False,0.04609733458384677,0.0001593485973100555,0.023128341590578413
0xe9c2157a80b728546f8002bc6c03f4033cfe7fd3a7498dcfa9e9f0a8c92f01b5,False,False,False,False,False,0.024685025406600475,4.511364822390925e-05,0.012365069527412191
0xd80924f148ea15d40842566293665e3f68a748655f6a1e36527b3c278c9af02e,False,False,False,False,False,0.06469179700524057,6.832202322380114e-05,0.03238005951423219
0x4deaa2b14ad9e60a2cbb547692303337f04336d83baeadc6243ea09c45506946,False,False,False,False,False,0.05269124656373719,8.134327733222696e-05,0.02638629492053471
0xd983d8f0c51382ed95fb2afd28ce1812fe609b0733e3f82df3887b647368bdcb,False,False,False,False,False,0.036587731618781365,0.00012617640925332378,0.018356954014017345
0xb2fd1bec5c75f8461b2c7840c566a33cf5456f957434e69ed6e326807da56daa,False,False,False,False,False,0.03608743097073094,2.06567748562505e-05,0.018054043872793593
0x5dac5ebf410dc333a4f757c347ebd97556b184edbc492be02e798c3d4ac10ccd,False,False,False,False,False,0.1635460844067266,2.2982835420221663e-05,0.08178453362107341
0x038ee70073faa4cc9ecb288a87bd8725dc63ace4ee521d58068119bcddf66b68,False,False,False,False,False,0.057890199571681684,0.00014670924848307802,0.02901845441008238
0x61445705dee2c48d53e09fcbc46195172ae01cdf0774055a2563c884f5d2e82f,False,False,False,False,False,0.04722866635215339,4.7587747221172995e-05,0.023638127049687284
0x61445705dee2c48d53e09fcbc46195172ae01cdf0774055a2563c884f5d2e82f,False,False,False,False,False,0.04722866635215339,5.837549227844971e-05,0.02364352092221592
0x61445705dee2c48d53e09fcbc46195172ae01cdf0774055a2563c884f5d2e82f,False,False,False,False,False,0.04611244321341567,4.7587747221172995e-05,0.023080015480318423
0x61445705dee2c48d53e09fcbc46195172ae01cdf0774055a2563c884f5d2e82f,False,False,False,False,False,0.04611244321341567,5.837549227844971e-05,0.02308540935284706
0x61445705dee2c48d53e09fcbc46195172ae01cdf0774055a2563c884f5d2e82f,False,False,False,False,False,0.04722866635215339,4.7587747221172995e-05,0.023638127049687284
0x61445705dee2c48d53e09fcbc46195172ae01cdf0774055a2563c884f5d2e82f,False,False,False,False,False,0.04722866635215339,5.837549227844971e-05,0.02364352092221592
0x61445705dee2c48d53e09fcbc46195172ae01cdf0774055a2563c884f5d2e82f,False,False,False,False,False,0.04611244321341567,4.7587747221172995e-05,0.023080015480318423
0x61445705dee2c48d53e09fcbc46195172ae01cdf0774055a2563c884f5d2e82f,False,False,False,False,False,0.04611244321341567,5.837549227844971e-05,0.02308540935284706
0x31df62f934fc7badf2f783c48c42fa2390c120e0e9b73e8fd16c63755c40f084,False,False,False,False,False,0.3236684997773073,7.466751111534255e-05,0.1618715836442113
0xdd32b0f9c302e76b84ae723b992fedb059c2ab2d462331febedf40545af835cd,False,False,False,False,False,0.10605209885561648,3.853754833474309e-05,0.05304531820197561
0x1c185d2e1df8f5bc9b0cd51f81b79a7467e31a21496f1caeeb5f6590ec8b480f,False,False,False,False,False,0.10939133763152202,4.8358726957463214e-05,0.05471984817923974
0x0784547223b1320fc570a442be038539c96aa7de194260eddb401927fb2c7c59,False,False,False,False,False,0.13912704616585186,6.724583848066132e-05,0.06959714600216627
0x9f84142a3549987b945f2960817d7f9fd5312972f5ef3bb61c8d2ee72fec8b70,False,False,False,False,False,0.1117140642002476,3.0033741560103605e-05,0.05587204897090385
0x4a470d783cca7cb807fca65568115e1157578793f22705f30d35eaa5e6fe2c8e,False,False,False,False,False,0.11662322423278564,0.00014748117804967646,0.058385352705417656
0x260fd506be239d7ebaa5119cdb297ff059ac0ce6ea2090518abf6608a78888e3,False,False,False,False,False,0.16676800275907683,0.00023321056892358565,0.08350060666400021
0xbb3472a6d471e504c1f721458f3dd180d4790497d827997a49ea957361698b53,True,True,True,True,True,0.6728289010636905,0.24035579804969467,0.4565923495566926
0x9acb2154f31fa0915c54f3f6a97df898d10815f1568559a9a85a559618e87141,False,False,False,False,False,0.0988059997815982,8.155727705014314e-05,0.04944377852932417
0x3d2f32f533cfce16c641c08c9f34be34c186955a7908d5d8777045d0704ff421,False,False,False,False,False,0.14210388002208796,5.567799724591258e-05,0.07107977900966693
0x2d3cb6af2098d216190f2f071aa3da3236d1c25081f200ea9e4101be88c6fca1,False,False,False,False,False,0.1011344706649075,8.012916700400289e-05,0.05060729991595575
0x3ce87be53e078aa5256b9ca1a905108782fc0bdc4bf5fe002087e4a1d8202b18,False,False,False,False,False,0.09905110208675065,5.0425387415199116e-05,0.04955076373708293
0xb311bd39cd8674c7e856ab223a9f0233146ef797fa7afd3afc208f6e7e64374e,False,False,False,False,False,0.09975669146650594,2.3399102617992307e-05,0.049890045284561965
0xb7c1e1836266f4c6ccb6df5c7e246502ddabc050655a49c5b23d1469d5475303,False,False,False,False,False,0.11945687704425878,0.00018525010189912567,0.05982106357307895
0x4ec7bbb8c869d52ed87c141622f56fd1459ff0a8bbf492416b0e8b0c1618f1ae,False,False,False,False,False,0.10561531094510286,0.0001085868157220711,0.052861948880412464
0xb21bb243041456f19aefd2a086af45e88584e9e363b9dd27a2a1b945489d5787,False,False,False,False,False,0.10148266768903569,1.8956140708504506e-05,0.050750811914872095
0x3ac118a89794bcf90f13fed06d9572e27a4e635b718d3181de8a56600f57276b,False,False,False,False,False,0.11323591713327616,0.0001619849925113799,0.05669895106289377
0xb33f7a9ad4e71f3d6c362b260b3dc3a8680468cf43329a318fcc0ae44c8cff7a,False,False,False,False,False,0.11448819670160879,5.561963405355333e-05,0.05727190816783117
0xa9ef98f09c5e3e36f9cdf86621f8482b1130cab45daa08af82393d894b8cfb61,False,False,False,False,False,0.12500786006019546,0.00013969429610264964,0.06257377717814905
0xf883c1ca8827716e50bf3188f002122c8834b5a221eea0ccfb818ae0d5401cbe,False,False,False,False,False,0.28220684111447086,0.00010510615679661686,0.14115597363563373
0x3f90424959a2d1fdba1179bc7dd99bc0e4e73f3af783fa5ff420e6e97f5a0a1d,False,False,False,False,False,0.46140994423169857,0.00020967296977444054,0.2308098086007365
0x25d2731e9a2548f853ad3beac88fee69b31c9905dbe5225bc2a4c1c7ba8a5f7f,False,False,False,False,False,0.03486788408622522,1.4372395841026355e-05,0.017441128241033124
0xfd8b68f53c8c767d42be002da40c3558b2cad881b6a8e4dc94fe336b15618015,False,False,False,False,False,0.032740500462856766,3.456758570467179e-05,0.01638753402428072
0x3f135d637305b7595106cc6e9c283c094fe7bef4581105a56baf54315841d0de,False,True,True,False,False,0.3751798405242829,0.006815832452429224,0.19099783648835605
0x6623a666822cfbe7a6a60d5c88283c1a76066f6b872d6eff4801db01681407bf,False,False,False,False,False,0.04367904983567734,2.9724985351346207e-05,0.02185438741051434
0x8aa6cbafec634269b2c91cacbccf6f0c65459b2a2befd52efef9f21bf7f456e5,False,False,False,False,False,0.03331726129580706,8.451475065016208e-05,0.01670088802322861
0xe876d7c678a5bd2b79136f271146fc047217e4af946b294439b68dfb4471a3ee,False,False,False,False,False,0.03884412448869839,0.00011257219624710072,0.019478348342472744
0x8b2661444968147f008593c0b8ed6d8ed09a5100a64ec972eba180fd019f2afa,False,False,False,False,False,0.0259495616523038,3.5014849282069266e-05,0.012992288250792934
0x54ae879e7c31551c27c6956e3d4bbdd301a5240939ac1d3f4d2ea20ff1801527,False,False,False,False,False,0.02517263354082923,1.1993290448712585e-05,0.01259231341563897
0xf89f496db48987e7e3e655f14a97e1da5f086f9c8f8bd518329ccdfc291a498a,False,False,False,False,False,0.02611660079518273,1.346606363811626e-05,0.013065033429410422
0x8b5bb2dd860ebb1c988de999cd935de806c345047a52abb75279b5449304b4bc,False,False,False,False,False,0.029522125956247702,1.4915293879086299e-05,0.014768520625063394
0x230b6b0fff52edad58ac21e298546fcd24d833101b878c469b46bc9654976c06,False,False,False,False,False,0.03338080814424152,1.856302518050221e-05,0.01669968558471101
0x8b8fe54ef45220ead91300fbd0a120c434cfb02e0a8891dea6efec7875aa6dcf,False,False,False,False,False,0.04035857424925355,1.5871335269842367e-05,0.020187222792261695
0xd35e0dd691c4ee7a8ed5b7b42dd55f123019d0c2a8e6879fab45b9c2e5c224ea,False,False,False,False,False,0.035948906481356485,7.392189773564563e-05,0.018011414189546066
0x0293b53360080c68ae85845bcda6235166d8edb1f1cfac432a5761726c51df42,False,False,False,False,False,0.03166959578434733,2.5487873720212206e-05,0.015847541829033772
0x2c2c7510608656df5147beca94fdc1d465d4ad509ec49971a0588b9a3da37451,False,False,False,False,False,0.03078172391151643,1.6611343333817516e-05,0.015399167627425122
0xfe81c3b33f8ac30e796e3cf23399eb841d10ce15852ff99c8b6e4bf19ba9b9b7,False,False,False,False,False,0.2794575482412875,0.0001642735339878983,0.1398109108876377
0x81232f488ffee79d02ce67cc9215bf6b47fae639e5e1c049b286108d33fe0807,False,False,False,False,False,0.05259420207131849,4.907335402052787e-05,0.02632163771266951
0x14423c067bd478691b8bb9849c158141fd4c4db517eae1e4c0a6a05d15091ace,False,False,False,False,False,0.006486434807114265,1.5705840299829555e-05,0.0032510703237070473
0x2be5f6c56d688e700204b761fe5ea5528239ad76a53b1f79e727c400eca61642,False,False,False,False,False,0.021379196051065513,3.6735732997055515e-05,0.010707965892031284
0x37e02879017021771a78a136d01f396d50b20f54fc323d7e9bf5cb9b106819c4,False,False,False,False,False,0.02205650176964713,2.3319896095204995e-05,0.011039910832871168
0x94c5511f15d1900e53d3e3f98cf2cc936dd45575b6b7141604359e756d480ecd,False,False,False,False,False,0.018531679676684825,9.025550206277347e-05,0.0093109675893738
0xf2d7ff90105f2917bd2b321440c8afa334b6003156cffaea61fb3ce134ffcb9d,False,False,False,False,False,0.02063814308466484,7.40194440269006e-05,0.01035608126434587
0x25ca64c7e964ff058156572f848e24a845473bf24e4452fbb12b530c1befda3b,False,False,False,False,False,0.06797106813794139,7.636803925060163e-05,0.03402371808859599
0xa53a046e11c4c59646e171a6249a8fd11594339025dfd92ecd4c923476b68e5d,False,False,False,False,False,0.014390715392655021,9.795103967966267e-06,0.007200255248311494
0xdb6b84056d2219a3e3bbebfaafe1775dd372685ae43d2d038e243f647a71dcd7,False,False,False,False,False,0.015300743481983698,1.834648255064113e-05,0.007659544982267169
0x0b654ff52a7b7c3960e07891c719aa755f7ec97dcf289dac8ac2035798100712,False,False,False,False,False,0.028638166687034103,3.064276878237324e-05,0.014334404727908237
0x64d77f3f9c24db166f994a18c7dda439fd2aac80957aafe6173a21388bf60da8,False,False,False,False,False,0.013063434540406602,2.108773848012792e-05,0.006542261139443365
0x5869aa27e565935d60ee42b441fa0ff90a6de2583657cf65e990874b47127ba1,False,False,False,False,False,0.011405422392241099,2.2037428708182736e-05,0.005713729910474641
0x06a567709e07deb97ad77fc5dc8796fe41c4f90f71f68590d2ff796b93b1aebe,False,False,False,False,False,0.022850719801338914,0.00010227980018403159,0.011476499800761472
0x067e078460c5a450610a4e26d2425f14c62d2075cb593d8b635f0f8e204e893e,False,False,False,False,False,0.02160114804883393,6.437511686894657e-05,0.010832761582851439
0x7d1484cb436ba69cb634aa8d57e2486d8a798a4f4b68bc583c69aa90ad5c7713,False,False,False,False,False,0.01079921219971865,1.1052003944384136e-05,0.005405132101831517
0x5d03fd419ae5216ec5f3c2f4c8ce03f52d44d937ce8aeec8e56129834814130f,False,False,False,False,False,0.013215640444681381,2.2959308625456925e-05,0.006619299876653419
0x1c9abf7d105dfdfb17a3dc3d4d76162438acf02d2e055e13b72fc193090f4d45,False,False,False,False,False,0.03306526605401718,9.169968016393279e-05,0.016578482867090558
0x7c92b2eb02c22720bf85f9673abc23961a8072d0255057ba0691d0e483f732bb,False,False,False,False,False,0.01421592136349573,4.866577556861174e-05,0.00713229356953217
0x956cb65b2e24b44e625d8c384f51a97d2f43657759092789410683871809e99d,False,False,False,False,False,0.03253134689064331,2.3907397030872158e-05,0.01627762714383709
0x16c367aa58a59a48df87fe6825f00a13df0d8bcdd13f3d874b1f8cc5aecaf685,False,False,False,False,False,0.014899507150562133,1.3989311286154943e-05,0.007456748230924144
0x83feb139807062f7737f9e5156c2ade8c267d8caf7649f7ecdc8d3768d9af84c,False,False,False,False,False,0.011192937445596449,1.2593878544292718e-05,0.005602765662070371
0x2a58ce5d446bcb68a2c27f2d29084cac8a6c79e430a56a26698968027f9754ad,False,False,False,False,False,0.008581276383405912,6.313338379300701e-06,0.004293794860892606
0x960e23a2850a100e12027344c6f65231e92b7e8dbbf668c6c33326ff800b8f2b,False,False,False,False,False,0.09020974043314622,5.268633361305237e-05,0.04513121338337964
0xf2d65ce326d77be725d0d383d23c38aca416a9184b59c07f2091f7111fd581a7,False,False,False,False,False,0.18697539884130526,0.00010774840153049066,0.09354157362141788
0x817db882a33fe71d1863f9b70dad42168f0bc06f57c970c69831bffac20d5ecc,False,False,False,False,False,0.01812872185592171,9.41106749433654e-05,0.009111416265432538
0xcb9b021294ee27e4a0fbf750ab957efb39d6203726dca3d28430c5602daad8e3,False,False,False,False,False,0.012590045477332763,5.484456263452356e-05,0.0063224450199836435
0x2508c563f6b33ab648e0715a76b60389362aeb198274e921c624b1d4bf2c1f15,False,False,False,False,False,0.019373051354311326,0.00011309684460726666,0.009743074099459296
0xa2b91f3da8c74c2f998589402e6a024f64e46fb9e51142dd52f30d654e7b710a,False,False,False,False,False,0.01178917879523973,1.582445109153377e-05,0.005902501623165632
0x09dbe90ff821f2c6fcba201dcd6c822510c129e8fa05c37193447b7844a88075,False,False,False,False,False,0.04263622512001197,0.00013394832211139298,0.021385086721061684
0x49a43879ec1e4aaa42dd24dd3841ae82dfe0b9cffe8b4b0ad8a6ae355b93f273,False,False,False,False,False,0.014902671958946154,4.550488999794247e-05,0.007474088424472048
0x8c24f74bc98be138a955da09b2927061b366dbdac5982de26f6de61ff960f7ff,False,False,False,False,False,0.010022894621090586,4.883769277039214e-06,0.005013889195183812
0xd95521fb88a83a584b00eff275f165496958782f572166c4a4017d36f8213066,False,False,False,False,False,0.024397420960024837,3.1097550274170804e-05,0.012214259255149504
0xc83f2bb3b32f23b75c7360fc7d85a2167f61d7445ce7c59b58caa66061a9eea6,False,False,False,False,False,0.029211222098808932,3.2726262590867424e-05,0.014621974180699899
0x1f1e1ad250544152b43e97f996d2ed0ef0567f25350a1b377c95f00953f6a5a0,False,False,False,False,False,0.13307113396725434,0.0005212218236721912,0.06679617789546327
0x0e3f45d9b202fc35573f9a425589a218592f68adab651667334a508384c62260,False,False,False,False,False,0.021260855946301616,8.907837142548952e-05,0.010674967158863553
0xe4fb75542a508c8efaba0b01d5c6b97466dadf6fd94a19fb4b5c6a0d6dc798ca,False,False,False,False,False,0.008461889440954537,2.2540872933348498e-05,0.004242215156943943
0x47059b06c3d59b06c2ec7b89931af4531e769638607ad14353e8cedd6036c153,False,False,False,False,False,0.005157930719786357,1.5810149023054235e-05,0.0025868704344047056
0x2e14290386e56cc798224b14be50b7de524066cbc8ccb64c70bcd4abb696dfce,False,False,False,False,False,0.015375370001566366,9.385446959727838e-05,0.007734612235581822
0xa0d4db8657c4455f13c4283fcfea819ac5af523d431ad2b1a578d1ee284f4a1d,False,False,False,False,False,0.05277114193771968,8.981319339263402e-05,0.02643047756555616
0xee36f8fcb14668b379deeb2f79e987704df56b019440012f5d8cb840b335911f,False,False,False,False,False,0.006370747421404657,1.19705829968125e-05,0.0031913590022007348
0x8c342657526ccf5757ade9c8e357b63c07d71ab2b0416cf7dd3aba6a0df197b7,False,False,False,False,False,0.014115539061924883,8.782328138299685e-05,0.0071016811716539405
0xafa9eb43e88abbf763e8493fcec45b5201bc8a4c779f3e355463cfb1bc749c73,False,False,False,False,False,0.006936016525388827,4.3725088476149935e-05,0.0034898708069324882
0x5384b328759e1bbb3192fa649dd69cc569bce5dea40a0583b4e6cf061877c974,False,False,False,False,False,0.24514406610866735,0.0005252289746136725,0.12283464754164052
0x36ce565ab9689c9de7eb303d725c00469d97153387a7271a73af2cae41a6c34a,False,False,False,False,False,0.003931314773630445,3.4411562911741188e-06,0.00196737796496081
0xeab0c942f2632ac2ec085fb38f5ec23a235db6f025c38e3c7722cb72aa293eb4,False,False,False,False,False,0.02880743521432172,7.158189821957514e-05,0.014439508556270648
0xa9a38064c52cf12350c6411dfb3c5445791e33439768362ade23a47dccd65a9d,False,False,False,False,False,0.06952081277714535,9.563934126175851e-05,0.034808226059203556
0x7c0f28bac2de75c4a37c5059f950d7ae0c23dfc00af6f8b40b5cdc352d7790ce,False,False,False,False,False,0.03879137871510109,1.6576825141057083e-05,0.019403977770121074
0x4fa259e9b8e0111ab83cadb22886cd7de7331eb1dd9483f602cba59892a25dd0,False,False,False,False,False,0.003957681474694702,1.0023903155308704e-05,0.0019838526889250055
0x9ae9391d4e42a4ce658a69f54bf7d4f35d9ea12f28a8b38ebfde13d3949d6071,False,False,False,False,False,0.014970551347557865,2.5396007351615256e-05,0.00749797367745474
0x1a565c06aa25780c52dd91dd16686085830037914026c015b78d57fa9273e5d6,False,False,False,False,False,0.010686985601276107,1.3536351978444606e-05,0.0053502609766272755
0x047842b224fe4ecd1f094c430c9ebdac3e165bfaa00f7a7b90c7c65e7def38b1,False,False,False,False,False,0.005966894979249927,1.4567605024086906e-05,0.0029907312921370072
0x7a163656b30e400f52434cc88c1ac236d8408cffa98f9fe0ea752ad1db5be54a,False,False,False,False,False,0.028630394832665027,6.211633503638321e-05,0.014346255583850704
0x57e5ca9de2efaed6b059c07fed910f48f87903ac0b11e5b90077f8e6d65dc500,False,False,False,False,False,0.018623541080725087,2.6832952396088904e-05,0.009325187016560588
0x895415c9b0ce3a7f51b178ff8e5954892434dc5f40a6c28756163fb557575a95,False,False,False,False,False,0.01160177249674665,3.4090718570871514e-05,0.005817931607658761
0x44c96a314e8df669769e3cc2f57a5df915099ab4c48a4dea1b766ed804bf9b19,False,False,False,False,False,0.008500849636287187,8.974907740843505e-06,0.004254912272014015
0xbd35c23b6b8d5d8171d2a5d81ce6b7f83d68e7b02cc56c8a07292e57ec38c0c3,False,False,False,False,False,0.005170966021345234,1.0643086850147685e-05,0.002590804554097691
0x7778de47f1913c489190c8abded6f91f9e3501c64323f5916c1c30845c6e81c9,False,False,False,False,False,0.013080532324589863,2.585878578968187e-05,0.006553195555189772
0xa145dbba02d4fd0c5b1e75a63a2bf78ca98dd4dabfc9cd46169b9b45e42f849f,False,False,False,False,False,0.006337406117260974,7.858602123681223e-06,0.0031726323596923275
0x1d71b1554be21637714c4af844a527d031e44a9b407b42fe07023044e6d07bea,False,False,False,False,False,0.06255613673905785,0.0001533651871100169,0.03135475096308393
0x891a59eb12fd5d0b2499e61c11222a75ba12091427eff3f24c78d0b3abf63423,False,False,False,False,False,0.007428418441975148,2.114132420801783e-05,0.003724779883091583
0x887c82a57e20da75ba58577ab060f7b321ce088a70bd48ed02927be4c1666340,False,False,False,False,False,0.452913735063744,0.0001465307246535565,0.22653013289419877
0x59b7e596dde1fe004bba1912945b975230c20bdd67617ab86020baef43880fa0,False,False,False,False,False,0.43619331675588924,8.455607651469156e-05,0.21813893641620197
0x4080d43329122fbc9900e5210e2d17d72ae173d505cace0fe6ffa0dc05741a26,False,False,False,False,False,0.04297513688365782,3.741823798759593e-05,0.02150627756082271
0x25863a095afd5ff55bde8a8b9a903ecb927aa1ff930cd716a9aea77dffbad0d8,False,False,False,False,False,0.04499016632127137,3.3135774480769705e-05,0.02251165104787607
0xe58a5127042d733420d40a8a8760c75d8e03c0d5ca96d51aafe08dd3dcc0713a,False,False,False,False,False,0.43783090600471886,7.530433227411496e-05,0.21895310516849648
0x938fbebd75e93424891ea2e84211e40b675c82a925d77a28652ed831a8fb6066,False,False,False,False,False,0.06233863278917535,6.792672571260545e-06,0.031172712730873305
0xf5dcf45dfd223ff0fc49b7252bb9c29c94aded8801e7fbb7cec7574d4810e8a1,False,False,False,False,False,0.0803630420369725,2.266887666989168e-05,0.0401928554568212
0x5d8e2827c0d935e53477fd0b6ec91b8d4e0e0ca9fd1c43f4eb38248d964a1a5c,False,False,False,False,False,0.05921119308119758,6.4075054254453925e-06,0.02960880029331151
0x288cce45c7fb6dbf021f741159236a737593ad72a97309085e52d2d8ea1f6526,False,False,False,False,False,0.09513696958800057,7.187997076238993e-05,0.047604424779381475
0xede5eb6b5730e9d1da0b810ddc0c12b945553696d65cc8b8c431f246267871a9,False,False,False,False,False,0.06517543112769528,1.7117607556503346e-05,0.03259627436762589
0xb20e47dc8d4e743b6b256b103797d6c266fafedaceded222d1421b052bd2f022,False,False,False,False,False,0.06715670280388202,3.919550346018729e-06,0.03358031117711402
0xbed96f5d7c58a33a0bfbcca4d9b1a81458edcbea2f59a65ba77c656bfbf08dec,False,False,False,False,False,0.4247859854213245,0.00032234387068002564,0.21255416464600227
0xd25a7b982ef966acb950836e4125f999c50da40cdfd01f321f83212a81d892c3,False,False,False,False,False,0.0814248381614696,0.00013426361068877442,0.04077955088607919
0x430e55d85d9c7758148e5c3b25bb07feb9da3c89535ad22e9967adfb030cac4a,False,False,False,False,False,0.07048995130185036,0.00012155777114581096,0.035305754536498084
0x30217ac6429b1b1e665bde95e02f99596e6bf383d6867ef3e05ad1acc865082c,False,False,False,False,False,0.12355949633775042,0.00022500489123518307,0.0618922506144928
0xfdb385ae6b9cd89d014f9f44c15cd70675b865ad3dc0b59cde325d1ef52cb037,False,False,False,False,False,0.08075850573767335,0.0001668564119112287,0.04046268107479229
0x4f36763673f5d0240493dd5f77d0e80a777cb08a97829adce1277809236e5a61,False,False,False,False,False,0.0904572670070831,9.06264326924657e-05,0.045273946719887784
0x4eb024f4ee7f4f8c5953bdc06d94d0817410c4a1d246dca975fe60b1184298c4,False,False,False,False,False,0.24562834608031134,0.0002851634999810939,0.12295675479014621
0xef09b8925d5bae753d3b68981fedd3135b51ac83ff505e4d864be63e49c9594a,False,False,False,False,False,0.07119076542896298,9.253407632549596e-05,0.035641649752644236
0x20c651eb2f9e57006208c63f44d088294c0b3f11ae3a60138ce1cc797bea623f,False,False,False,False,False,0.22102984884480856,0.00043938107313099613,0.11073461495896977
0xf115a5c83759a75493bc5d5c79ca0f94761defbc11d5a547daca6107650374ea,False,False,False,False,False,0.07655038222710127,0.00014004523871669885,0.038345213732908986
0xfbb762344498e18aaed9824b26f68c52e3d77e7e1388339e3872ea04318bcb2d,False,False,False,False,False,0.07824846442458304,0.00019276630538070098,0.03922061536498187
0xf9c9090193ae899d402800c07ccb78f3f4b9da340cf7c35fb4cddf44c4db58df,False,False,False,False,False,0.07471933271051004,0.00010059876206263268,0.037409965736286334
0x6d76c3f1f70e187d6e0c98a83d46741da6af39774043eacb58cbbf27d611376a,False,False,False,False,False,0.062230115692061064,6.947014991736435e-05,0.031149792920989215
0x79cbbb7f8fc32831b685163d4872292186493a323c58f05ee2a98420049b60ed,False,False,False,False,False,0.06518594708984084,0.00010270423521065262,0.032644325662525744
0xa83b4348ff50a5d1e4926fc050c23ce222e3b2c028fb91894a7ef8cd5b808042,False,False,False,False,False,0.06637690203178294,0.00010279928754164669,0.03323985065966229
0x8e0ac25725ad17ce93f2601ff0a16e2d2221a6c7f343a6da713924ab9e75e90e,False,False,False,False,False,0.07891311683289726,0.00010183613886366116,0.03950747648588046
0x643bd2090c361ac88b72db24df304c71be93e11d2b67621ef3b815b1b79e3f1f,False,False,False,False,False,0.12468241864569497,0.000350002716816087,0.06251621068125553
0xfb48e78dcb4e33068e3bff68f589abf4ec6a0092dce7380312f2c6d3466c7a5a,False,False,False,False,False,0.09571645593309266,0.00029591577423868944,0.04800618585366568
0x73c0686e56cfaacc49f970cd953e39624c70d17ef05d5027ed5864d3a73292bc,False,False,False,False,False,0.11128703263342032,0.00013233015442026418,0.055709681393920296
0x824c3fb03d7771fa43aec59649d6906744de8ba19f997c75b92eb015fc90b504,False,False,False,False,False,0.09605435469524853,0.00017419954561793662,0.04811427712043324
0xeab02808cf71d969ff9565cdba8cfff91fcb24a57a50ce3f8ec4baba01de8caf,False,False,False,False,False,0.06621451233604529,9.681923214674727e-05,0.03315566578409602
0xeab02808cf71d969ff9565cdba8cfff91fcb24a57a50ce3f8ec4baba01de8caf,False,False,False,False,False,0.06621451233604529,0.00010047053255774785,0.03315749143430152
0xeab02808cf71d969ff9565cdba8cfff91fcb24a57a50ce3f8ec4baba01de8caf,False,False,False,False,False,0.06628494789097418,9.681923214674727e-05,0.03319088356156046
0xeab02808cf71d969ff9565cdba8cfff91fcb24a57a50ce3f8ec4baba01de8caf,False,False,False,False,False,0.06628494789097418,0.00010047053255774785,0.03319270921176597
0xeab02808cf71d969ff9565cdba8cfff91fcb24a57a50ce3f8ec4baba01de8caf,False,False,False,False,False,0.06621451233604529,9.681923214674727e-05,0.03315566578409602
0xeab02808cf71d969ff9565cdba8cfff91fcb24a57a50ce3f8ec4baba01de8caf,False,False,False,False,False,0.06621451233604529,0.00010047053255774785,0.03315749143430152
0xeab02808cf71d969ff9565cdba8cfff91fcb24a57a50ce3f8ec4baba01de8caf,False,False,False,False,False,0.06628494789097418,9.681923214674727e-05,0.03319088356156046
0xeab02808cf71d969ff9565cdba8cfff91fcb24a57a50ce3f8ec4baba01de8caf,False,False,False,False,False,0.06628494789097418,0.00010047053255774785,0.03319270921176597
0x519850116444f181eb7c690ea77098121d09f5bca1050f1ff75d2c027834c24c,False,False,False,False,False,0.07022246048160122,8.838032208360185e-05,0.035155420401842406
0x483207a8d98b1175215ef5a036d440e99fdd106a874c35cc51cd42b64b6e5e01,False,True,True,False,False,0.44503208150809215,0.022752908217848814,0.23389249486297048
0xa3b3101a6cc12116ad470b442d1ac527650e2a1d988fcc750d73d27ab9ffa1a1,False,False,False,False,False,0.062342752292637575,7.358615981580723e-05,0.03120816922622669
0x53d9a98fb44996a4abf43b2af900454aad46b063756164bb56b6bf887940366e,False,False,False,False,False,0.05994996271454975,5.09949625810447e-05,0.030000478838565395
0x3e31d800928e65c5d65395ad968fdaedf77d70005ff272b2f339d26bc4bdf1a2,False,False,False,False,False,0.06230674080392151,4.278784975658524e-05,0.03117476432683905
0x3df021a06fa84405141feb7162cca59543052fd283bf94c17863b0dc3a9645e3,False,False,False,False,False,0.06394953232512107,5.3362788394682385e-05,0.03200144755675788
0x3d2dcb828d51906ca69e41a63bcf00e7afb9ccee3b20f1f15a30bc1aa3d2d5b2,False,False,False,False,False,0.06501166484503006,0.00015812163461009448,0.03258489323982008
0x53f711ffd3a4a07c2180c720331f8b30c9ec9eb206a6ed08d03cad4d51b59f23,False,False,False,False,False,0.057220684412086754,3.577557251027756e-05,0.028628229992298516
0xc0d56fb8e2ce964076bcb5271480547e74258e773b6ecdf07479b23257a380b0,False,False,False,False,False,0.12469549510851823,0.00021325760896561967,0.062454376358741924
0xc5ad543d738b00f2e31b1c59d8fa500bdd7a16b31e7c2c7048605c261e37cff9,False,False,False,False,False,0.06581009546105637,4.5582648269279666e-05,0.03292783905466282
0x1669595c6e7713668ef4d0ed749aaac7437bd3291a8033fcd45f04e308590ff0,False,False,False,False,False,0.0886869652761105,0.00015457790408553035,0.04442077159009802
0x6c8ab7cd3b8381a14ed78f41c09673df6d7e2e3cb7b6e3d6a7c471364f267d4d,False,False,False,False,False,0.07426413897017115,6.90124256285466e-05,0.03716657569789985
0x6d0d9042aaa664ccb70e8a58566dcc0a24c0870c450504d89c060777c82a1991,False,False,False,False,False,0.06206516787490029,5.299659708629294e-05,0.03105908223599329
0x5e16f3586738973b8f6ac8ff729a1ec0c09e96aedb8b9374599bcf60709e21f1,False,False,False,False,False,0.08099151468993378,6.494954816889402e-05,0.040528232119051336
0x9998fb520244ef7b7f30dc954f67817fd2b3fa78f3f2214ca745e4b3011c8020,False,False,False,False,False,0.061949553269127856,8.843443713077721e-05,0.031018993853129315
0xff8dba9a6d05438f9e1e3d85be49998f086758b08b8a504041fd29b5238224d4,False,False,False,False,False,0.06266914913950303,3.968003112381145e-05,0.03135441458531342
0xc8f7e426c02a74a9065a7c0e64203bc6dc45a10740e65301fa902bee9415134c,False,False,False,False,False,0.07987451567569252,8.608462484863457e-05,0.03998030015027058
0xb59ddef6c9ac5772f0f50b39bd2e833a01b8ee3926c13bbe3daea5c7b626d052,False,False,False,False,False,0.06747123807191886,5.022354668573522e-05,0.0337607308093023
0x35892b1902764df35bf2c943cac71940e5ed677e2a1b5b23b82f5beaf13160d5,False,True,True,False,False,0.45848663126792705,0.06301952039189798,0.26075307582991253
0x719c45ddb867e3b03dd0eed344b0183697caceb438706e7904d85ff693c6c64d,False,False,False,False,False,0.20296271778444847,0.0009465399804354603,0.10195462888244196
0xaf84a63eebee778e7a05ae701eefe43733942400bd49203bf41683b12c76e127,True,True,True,True,True,0.547379126980976,0.0029963394844073174,0.2751877332326917
0x3eb8e761714878ea14b52e64b29179d118c34f5963f9aec9d35b46993ba023ae,False,False,False,False,False,0.07326766218678181,0.000177154062599443,0.036722408124690624
0xc4d2bfb49e7f6be8627173ac8293ba5608c3ba624d7b4b7da04613e868765df8,False,False,False,False,False,0.13668747562043035,1.9339709284342593e-05,0.06835340766485734
0x7ad220cb883fd5dc8cc1d8f9403250ecfc0425479c13b9f22b0f9bd577fa4181,False,False,False,False,False,0.08151363395878698,9.855758654063488e-05,0.04080609577266381
0xc4ad27d3240202137c522f14c7cd789ee1838dc0387aaf3315f28d4fabbb8ef1,False,False,False,False,False,0.09244374862019146,0.00013030277401336604,0.04628702569710241
0xb07752a89cd80e64b57bc7146428b82b5a818b5a4760709a23f5c2b6ba467b04,False,False,False,False,False,0.06766809878975465,6.529396060505598e-05,0.033866696375179854
0xb4c7299ce14d401f3bf51411ca27117fdefe37d3c39fde64cae9478d9f9f362f,False,False,False,False,False,0.062311220376347266,7.424349773454219e-06,0.03115932236306036
0x66c60b765e6450d42d5727df8a6568d381548a35c967ff83d6287be7e387212d,False,False,False,False,False,0.06231384579567476,2.6673456033911138e-05,0.031170259625854336
0xed1970b92bb936aa480e54fd66c13de5b3a3fa959be09ce28ee7d0115a5034a7,False,False,False,False,False,0.0627449500294884,2.0676068912090915e-05,0.03138281304920025
0xb76444400a44e3cf5924b5d31df377d9770d826a9e760c0d7d57ca3854c18f29,False,False,False,False,False,0.05183399452858489,7.895407756956062e-07,0.025917392034680294
0xc4da74d14d26ae18296d620be0f6dc22a4c5356a64e12ecb429313cc5ca534fd,False,False,False,False,False,0.0597705068825651,2.1092778010108344e-05,0.029895799830287603
0x0137e54191cf673bda985acdcb5f6e262cc61eb27baefa75f5f2bfa6cf706839,False,False,False,False,False,0.0626975861496025,6.359078319706579e-06,0.0313519726139611
0x101c6d031b0a0ae01f916101ddc08b640a35bb66b8129c0b904c4c5165cff0d5,False,False,False,False,False,0.08389298616046001,7.527563175641159e-05,0.04198413089610821
0xa033b3942b2f312f60b4449d59782527491eefa64eb6b67dfe0ebfddaded3642,False,False,False,False,False,0.06702966271366768,6.350041771699101e-05,0.03354658156569234
0x8bdfe11780948b6815aa4dadd2a0e83155502b95addd27d3120d4b42e7817703,False,False,False,False,False,0.06328977559237635,4.486044580035755e-05,0.031667318019088356
0x237ed45e4edd8e6cc6667d86e479ec877252c8383b1756e5264b34a033d0b0fb,False,False,False,False,False,0.06482086642723306,5.038172746397647e-05,0.03243562407734852
0x927955673b83745abb508b12ca993d42234ada9943a29257e038828da2469580,False,False,False,False,False,0.05566454210563235,7.73344204458051e-06,0.027836137773838462
0x70988386646e4207998e0c9a21ba140bbd98078e858a3f30494879a02aee8cc0,False,False,False,False,False,0.1567898918954624,0.00014662937113347382,0.07846826063329794
0x9a15d4498fabf4ab84edafc379c1275af78f7f04f6aa90e9abff40cdc8b5d36b,False,False,False,False,False,0.0713394163747523,0.00011405573308551223,0.035726736053918906
0xe478325c98a156a7e2c34a2c46a6ad990777ddd0a12fee3559c143af1b6dad8b,False,False,False,False,False,0.06536333959894326,5.3700092605843205e-05,0.03270851984577455
0x227e3a0d7fd5032138dfac83c29753ee03cae6dc68f8479f26739dca341493f3,False,False,False,False,False,0.34154466177778453,0.0004426118433633834,0.17099363681057395
0x993ef0bb07b913d9ab75617519410c9c610e780f473d03a36de70270a1dabcb6,False,False,False,False,False,0.06808844953321877,4.549467235903723e-05,0.0340669721027889
0xfda3bc6dfc79e65bb5adc5bf3855d2b250894eabbb6de73ad175e78bc47b85e6,False,False,False,False,False,0.07437719819367405,4.8879740932018766e-05,0.03721303896730303
0x918070166aceec413786f37f05004cee02ae71edce122b92dd53d95bd8b4f504,False,False,False,False,False,0.07379557165597506,5.657744212224622e-05,0.03692607454904865
0x463021300160ce2ef93090b2c1689bb905f8e16fae958af48c5e15c926dc50ce,False,False,False,False,False,0.07641745163437581,5.1216412545956576e-05,0.03823433402346089
0x2e195cd152833114bbdf0d882b9c9be7649f0ff40e9d4c65c9e5b20d3169f3b1,False,False,False,False,False,0.07985802034817896,5.683429619011688e-05,0.03995742732218454
0x9333089d235f079e3735d0dc0f1a1038c44c394c54343a7ca6a6f4cf3860fd15,False,False,False,False,False,0.094585658277219,0.00020405065070444025,0.04739485446396172
0xa5f96ef97dce0c451ddf317e61321492b14273b24a5b04c95302dd1bff4bb731,False,False,False,False,False,0.07705091177669164,7.707845498768687e-05,0.03856399511583966
0x28703cc1024f9fa467e7e5b9d25225695035a29d7dbeb79524a00cad9f2a7ad5,True,True,True,True,True,0.5451709705640536,0.0721539792857619,0.3086624749249077
0x2cf6b07ecdc2fd5494584b9d6404f72dd4c0ff6be25f33f74126442268690a8e,False,False,False,False,False,0.07315236717669428,9.383599317610874e-05,0.036623101584935196
0x73f2f5614c89f33997c82d4df358a83aeca505a6b63aea22e173203d2e09db82,False,False,False,False,False,0.07402964843309325,9.273901539600833e-05,0.03706119372424463
0x0e6c11161cb54fa2fd57a813ac822f03c045766518070ca34df626c3b7a52e7b,False,False,False,False,False,0.08888149959433099,0.00017472060976616408,0.044528110102048574
0x869b7d4d71e879c35fbaa7dbe45a381f6d7651b63f7c50d1a334043394234947,False,False,False,False,False,0.06848824646067632,2.0134832453220482e-05,0.03425419064656477
0x776476e1b00b15e00a1ae3d8d8d2829eaf94c4e972ff16048a523ae735ad1405,False,False,False,False,False,0.11713352118162206,0.00018707740696616933,0.05866029929429411
0xf7648f3f6b2ad7de5bf8f9e601024982775936606e7e145450a275464db128cd,False,False,False,False,False,0.06473373493771135,2.9767153706713178e-05,0.032381751045709034
0xc6af191c26178b861c99c0d318081505cb4109c4161318e4890efc07aa357af9,False,True,True,False,False,0.4479171857777526,0.016940857414487604,0.23242902159612008
0x5f2b54ea3698d3cf123e2ab46790fd68be8b8279945a7dd02fe5d8d6e66cf14e,False,False,False,False,False,0.0901092578625862,0.0002915598363621896,0.04520040884947419
0x8c9aa4516df615b5ef5455e17edc85feced359dd3cd4ca6a5ca86b27e789ad57,False,False,False,False,False,0.072495058012837,7.66528805534529e-05,0.03628585544669522
0x5556d03c9f1a78e76d4f24d907d750fc408fa1f13af9c3dd61154305be33f4bc,False,False,False,False,False,0.09980121604922525,7.833761135914749e-05,0.049939776830292194
0x86de3817b5e834204ff21a6b88e9a090df8c4d5e33aa5af44faeab0f1eefe5d0,False,False,False,False,False,0.07164672504121423,0.00017982431239371463,0.035913274676803976
0x405dd20eeeccb421bb2bcf99bf62cba0149f3fc7ebd334dd1508d74d3df2c64d,False,False,False,False,False,0.2729113888740988,0.0015047549914591525,0.13720807193277898
0xe801783e81385a65bf18b565369294887c6af961edfa7a61c439051c52b6c8ab,False,False,False,False,False,0.07727347371068513,2.6815799748328996e-05,0.03865014475521673
0x70e89b9ad87bb7bc61d903c2034659c4258d69019cbf813d877101f53b5afe47,False,False,False,False,False,0.06832773105748144,6.665135321551705e-05,0.034197191205348476
0xbfbb411d5f4dd3ee0d6cf17555da9a4a9d4a41513580422f3d8d6e00baac82e9,False,False,False,False,False,0.08337340498310052,3.991126763154952e-05,0.04170665812536603
0xc681a13bbc2912c54fcddf191fb6a3a4248e4cdc4ac83f6862f1067866a9ab7d,False,False,False,False,False,0.0731337342252118,9.427555449756795e-05,0.03661400488985468
0x60c15f4dab5254a9c80715c4313da8169933073953d10a99f373155a2a976688,False,False,False,False,False,0.16951115631000366,0.0006771943824879575,0.0850941753462458
0x3ac2b02651ecd8a4339380a0445e8e96c1542bb8725f90fdf832a4b980cac2f1,False,False,False,False,False,0.13021961899409595,0.00027830578679437023,0.06524896239044516
0xfd1d8dc9d09fd543819d941910d863295c311aeadedeb490c76850e22e318dde,False,False,False,False,False,0.10934343981073198,0.00030917978936783285,0.054826309800049905
0xabce35f63de1c89f7141c0bce4876a2e761b01f2d183d63a8081ab848bdbc276,False,False,False,False,False,0.2037935501587084,0.0008102877542498909,0.10230191895647914
0x4d2f264d24f0e6de951fb574d5b93f75d0f60096f8fa90a17a5186cfd3458ed8,False,False,False,False,False,0.06744251090083879,1.6654120067048853e-05,0.03372958251045292
0x850d89bb38efb67caa420389628d9c27374b1195553ef8e13b8157328c824cb4,False,False,False,False,False,0.07685749612030873,8.073963493940108e-05,0.03846911787762407
0xcfee4956ff084223061f9bd99d9cce3128bd9edd854bfa6684c1330bdc507d06,False,False,False,False,False,0.0765007938214289,5.0630119791183864e-05,0.03827571197061004
0xae9c33710a0d3fe21ba6923d8676dd6e02d659ee0aa2a164ac6937efe0b6b772,True,True,True,True,True,0.6607677352379449,0.0016713378324843301,0.3312195365352146
0x0ec7bcbffada6a9afa1e31ade392114b64e66b4e8fb7fa8c3c1feb8bbe6d295f,False,False,False,False,False,0.10454461367085238,9.183240681326397e-05,0.05231822303883282
0x6e7bcf7cf84fbe9522d8cb3c74d3e1b5e67f6d1b8c15ee407baa62d5c8d32451,False,False,False,False,False,0.36775118250261146,0.000550434636126807,0.18415080856936913
0x4728d4ce16b69512ea7afc031b96f6fb0934b8a48f3f10f04cd84a2c3829204f,True,False,True,False,True,0.6091519750813262,0.0011602722432479966,0.3051561236622871
0x9d704ec5f8d123669dd361f45ea96b0a1eafee530c5a4cafe3c1d28be6b2becb,False,False,False,False,False,0.10526944505959508,0.00015659988090145665,0.05271302247024827
0x9fad3a3d6452586cc6f0b6e06971ae0f5ccd5a3d91aee8465c9a43bf4d95b41c,True,True,True,True,True,0.700250259618563,0.0017739602893884685,0.35101210995397575
0x5315bf7123188cd731d125bf611af055038fc8787424eb1db30a20bdf321f7c9,False,False,False,False,False,0.17820813413356637,0.0003884101966642429,0.08929827216511531
0x06c237998c27eef2c92d99727704226233f32b3419db2d43771aa27fefff89d5,False,False,False,False,False,0.12342686268681073,0.0002767870315752687,0.061851824859193
0xc7873d18dd842e79211f382e5a1175955190f7078a1a97fb4dffa412cdf29886,False,False,False,False,False,0.176163295576442,0.0007487462652777032,0.08845602092085986
0x45262224f16e3e8577f64bbc1b6ee5b14c1a9251a2b3e82f0367367aa4ccd8ab,False,False,False,False,False,0.12828692320205395,0.00018330714054390487,0.06423511517129893
0x0c96401cac4277286edec6ae596f4f284f26c9c61f229650f21b3d64cfdd617a,False,False,False,False,False,0.14806032874056393,0.0003138609021921921,0.07418709482137806
0x75a968f9202ecc54911859a1db94a10c71fe766c9c414ca698f0f25e21c960b3,False,False,False,False,False,0.11279860045817006,0.00013378212648541997,0.05646619129232774
0xaeb2134cecee0c0a2f4f8cacc7e31f74361c35d53270f2ad1c92e0bf9bf9c1a5,False,False,False,False,False,0.11803199927580985,0.00019517975475657166,0.059113589515283206
0x0165de463fba57fbbaa589a72395d39f6640f1c7dc1525802ae01dc9516e1932,False,False,False,False,False,0.10658449586244528,0.00016712660844813175,0.053375811235446706
0x4349147edc5e29574216737bf4780cba2d92abc61ba12ade67f3d775d198cfe7,False,False,False,False,False,0.15813048725341325,0.0001655152561808695,0.07914800125479705
0xb4f6d752a4cb1e9c0dc74b4053b9edfe073dd657f81828a44277b49af6f8dda2,False,False,False,False,False,0.11033372165924517,0.00011788848567553868,0.05522580507246035
0xad8bd7f517e3b0f47c3d585c3f42cb7673d88689126ed0bdaad7e268bccd90c3,False,False,False,False,False,0.13109729726580194,0.00019691277784356334,0.06564710502182275
0x7ca810a035b7fde5cd3d530aa905b029b8f940fa91163af3cc6bcfc05ec80921,False,False,False,False,False,0.11306833664766709,9.683957616680594e-05,0.05658258811191695
0x3e4c2087c24bb816dd2f054969c150b36cc9f23ea72bd09a2c674ed58a00e02f,False,False,False,False,False,0.1105946975443185,0.0001272264541124482,0.055360961999215474
0x36fca7564cff1f80aa1b0c7bc2d920466af4484e36c62094dea071ab1c91c439,False,False,False,False,False,0.1058489105445747,0.00018339738106954337,0.05301615396282212
0x29dbe94db6a0ab3b71b737ae4faa54a08e982ec9bac1906206b592abf688f511,False,False,False,False,False,0.11673212540926864,0.00010807106850488906,0.05842009823888676
0x8c0044e58640ae0937901b5d1b6828828b81401c2cbc592326526ebff68ada31,False,False,False,False,False,0.10946840847859728,0.00016159101135440612,0.05481499974497584
0x2b95c02dfee4449b584e99bfd5fd68825f9e1d047f828116f2fffacd93b33e37,False,False,False,False,False,0.10884121668562871,0.00013099245382530727,0.05448610456972701
0x91780f5d2cee330b22f31ab46cacac76e9fee46773ed53177fe5d84341f6aed1,False,False,False,False,False,0.11087503289358086,0.0001598290689645043,0.05551743098127268
0xb3bb2f3f8d8b255631c951aa9dfdc7095a2597141f4c018d072aaea1a647e035,False,False,False,False,False,0.1152122373237041,0.00021402782700857763,0.05771313257535634
0x247ad2b7aef2fcb9f1e2cc7380789d190384321150733874f3eaa4140475cf5f,False,False,False,False,False,0.33428959552420584,0.0015020600303269518,0.1678958277772664
0x3b9878a1557948dfaa47e2c491b06a76859669d2030bacffd451b492619f477f,False,False,False,False,False,0.11097111577502575,0.00019832485808155502,0.05558472031655365
0xa0167e3113b5a49ca54d6b9d7e24a9a3078e50ed1cff63b212621a85dcd9d656,False,False,False,False,False,0.2802355852205513,0.0005544669441540016,0.14039502608235266
0x29ae2a85cfcfebe8176471e657ec16d17dd1110af87a9ed30d0427304594f4a8,False,False,False,False,False,0.09910573890348034,0.00023031655936748874,0.04966802773142392
0x26f11682a8f9c9ac0249195474b67af56818cf588851eda38e5346f7dbbe8cd9,True,False,True,False,True,0.587700080489009,0.0005679188555172886,0.29413399967226317
0xd445b92429db4020a6b2a16e82397bec333735750ed4b7f57d0dc81c2237777d,False,False,False,False,False,0.43096529955294016,0.00014713551100684454,0.21555621753197352
0x8e0ac083a73594eb1eea052342b6a55231b173e1f48d543dfc19ecff6fffba5a,True,False,True,False,True,0.7284059012227994,0.00048212430884720834,0.3644440127658233
0x922700d60edc5b51687139405296aee2e7a7d77bcd1c44b2f4593ceb55e49495,False,False,False,False,False,0.17839424986026728,0.00015897613251336553,0.08927661299639032
0x6649a4046761c417e3f56fa74826f21721742c732b6913bc5eff09e894701cec,False,False,False,False,False,0.12523385567674694,2.1704964130701095e-05,0.06262778032043882
0x1d7658d61fa6b98b36767e048cc6c6a45f403c6a58c0faba3c0365978639f07c,False,False,False,False,False,0.1227307720789844,1.0246726006703096e-05,0.061370509402495554
0x968aef92fa8bb47daa6594bfb4b101e158c07804e63489de979066b46cdb29fc,True,False,True,False,True,0.5436985263990773,0.0002426094393133114,0.2719705679191953
0x85cc85d0dff946c243df5a8d9b661b8f13a5d35cc0af103e21a9b626e11e5cf0,False,False,False,False,False,0.37415440696888036,0.0001485311703977538,0.18715146906963906
0xeac41df7b7b07885285d56c34bcad104742331876a7f072bed9cc32bad9183cf,False,False,False,False,False,0.2002711181640681,0.0002345830146127684,0.10025285058934043
0xc0c65c679b8ed0fb983ff263acae628df22220217f79a239e8cc793a6933b426,False,False,False,False,False,0.08811758773343965,8.427248663166824e-07,0.04405921522915299
0xb3340bd5ba9a2925d7f4fd813ee05954ce1f27111ec0c26a4b01efc8e994f5ee,False,False,False,False,False,0.09008739093596306,5.1662672610531985e-06,0.045046278601612054
0x4d8e5acc463421581efe141dd4716f968e30a3d4fd45a2e4c6f9eea4909e6875,False,False,False,False,False,0.24876993512849943,0.00042372810477000106,0.12459683161663472
0xfab55b8807327b37d2bae2622512c097c9c313f71ae285f8df7f4c34f23cdfd2,False,False,False,False,False,0.22757552429853284,0.00021252361713691912,0.11389402395783488
0xbda27194980f92335eee5a348157af50d6e38fc3565a9fb14e19a5e0989607df,False,False,False,False,False,0.1031990139734383,1.1738816520069469e-05,0.05160537639497918
0x5933c4bc5265f13294b2f35f76c749b4ae78a9044b752bb0d82e4c256f076d4f,False,False,False,False,False,0.08410806523977599,6.029367023215885e-06,0.042057047303399604
0xd8fea3748de5970c27d182cdfa6d70731cd9bc9e73917c4c410329b2f8d3ebaa,False,False,False,False,False,0.08410806523977599,7.005704427272791e-06,0.04205753547210163
0xf63ca6e2d3b4cc3408bff4b352bb9bda5a111fdc97ca3b1ff0e52aa4cff63849,False,False,False,False,False,0.1637127501790672,6.39021334623192e-05,0.08188832615626476
0x7bc5a1303416531bd63e56c0a13dcf8f04ac859c84bb4049ece11380bcafea06,False,False,False,False,False,0.0905694661249457,2.6576867661982638e-05,0.04529802149630384
0x36cd70185239186821a761d9fada463c1db3f0100bf38e27b141051828d3f5c2,False,False,False,False,False,0.08437057893630798,8.214502684718291e-06,0.04218939671949635
0x6ca9d096157a1d60cd69cbaf0fdb48d03c85032366507d763b72fe2eaba43d7e,False,False,False,False,False,0.08326836437305725,1.1477734489987918e-05,0.04163992105377362
0x6722a26855e09d40e3c3f9a54fd1d8754672df404971e2a51b7d3b7f1bfb9334,False,False,False,False,False,0.118097340985582,1.6273069000095708e-05,0.05905680702729105
0x7028594c3f3e9c34afa37dd5eebc36adef9711db456e82a361508c759a989da9,False,False,False,False,False,0.08761713026119075,1.214889742193333e-05,0.04381463957930634
0xde517dee483cd6dccf8df4a81e1d9d24ae0b13f28d01920397e610aa441e3f1a,False,False,False,False,False,0.08623503944502299,3.0190197881741714e-05,0.043132614821452364
0x272d94085f75a4758324579aa7289ec4aa96ac6f636260237fefb58575f89744,False,False,False,False,False,0.11742876127156217,7.920050816503626e-05,0.058753980889863604
0x7024d1c96705890ed3794f26ba1b1f00ad293697e06adab92c653cd38a6ac7f8,False,False,False,False,False,0.16996601428163377,7.527261867637026e-05,0.08502064345015507
0x0aaf7523677cef92098416bfe18cb0478d1f8b2867e5fff6b6e00dad4d50045e,False,False,False,False,False,0.13316531458880082,7.641687139748181e-05,0.06662086573009915
0xe492b2a200a81de61bfe9360c8c89c1c680f30edf968666230efaed9ba878977,False,False,False,False,False,0.14170288958466645,2.3228344687753134e-05,0.07086305896467711
0xc98bbbd3774ede8128076b536bb2abc2ec35861e35f09f0a11b8cfd64bd60f3e,False,False,False,False,False,0.09752715947507702,2.6412568165714516e-05,0.04877678602162137
0x8ab73a69903bfba5eeb5a25cfadbe9ce4913f14c8ec5679eb2e8340b8c72eabd,False,False,False,False,False,0.09959971153169773,1.775313370984056e-05,0.04980873233270379
0xf34f1f73eb443d9df9fc339a0e80af14717370f3c4422107711540e219d732e9,False,False,False,False,False,0.09261435707847873,2.1363479357561642e-05,0.04631786027891815
0x501ebd5d66a458c62a5a155c77666f8b0704e5aa645838fba9066819a41e7e03,False,False,False,False,False,0.12360007763572711,5.634043860288942e-05,0.061828209037165
0x3d14aa98255e97d635c6aab0a25a02285bab444838ebeb300858749d5b0cd8c2,False,False,False,False,False,0.1070990320474574,3.717986680391621e-05,0.05356810595713066
0x16d8fa483ded5780adfd37f5cd836d0030277819883eefd9fd5702d484280ead,False,False,False,False,False,0.08806251329867248,2.5696909256593774e-05,0.04404410510396454
0xa3aa44567002d042060fe2c529b26e3648ef2503fd3fbdf16923fb2e5856e8ea,False,False,False,False,False,0.08946167886507253,4.1891538302050005e-05,0.04475178520168729
0x45b8b284e2e8e07e42f7fd84c5d8aab7f01536871cc440fb4e2490511fb9a6b6,True,True,True,True,True,0.6834888430665812,0.16542231707486957,0.42445558007072537
0xb2c25e00f89ecf612b9058cc0bfdc750e759eabdbbd6eca0ef58639ab14f6aa4,False,False,False,False,False,0.11718758525525813,7.852747845103122e-05,0.058633056366854584
0x7d0c03d396ea8bfb6ebc5a4da673f9af0f73c051d5ab9b1d2f3d8243782be0ab,False,False,False,False,False,0.10729678679671695,2.6062305483272747e-05,0.05366142455110011
0x6176490b1d89d700a48283629b2d6a019f9fd0cb7d7c53fc8f045cbe68d331d7,False,False,False,False,False,0.08276979309421918,3.0021916985742743e-05,0.04139990750560246
0x143822a7744c405849305afeb3168aa53831e939fce07e62af3220489e9bfe0b,False,False,False,False,False,0.10663712858025502,2.1323180823584525e-05,0.0533292258805393
0x858c11f1cd02fd515b611d1ab0bf318a776abd47b46609b041985747a4cdf7ce,False,False,False,False,False,0.1030995764154462,2.5749113427189486e-05,0.0515626627644367
0x5abc3280793b6127aec9b952e6da069192f256700392d1c391974a7200726e2e,False,False,False,False,False,0.08698007003729818,1.150376701997414e-05,0.04349578690215908
0x931ed88972ef02a21e5cb14061cb3acea348dcce2e23beda09c9eafd5974b808,False,False,False,False,False,0.10279169407283924,2.5325006386514197e-05,0.05140850953961287
0x5f2853cdcca91bb3037095370e2ad3de13561e4eedf0b8649fbb4d44ba58d524,False,False,False,False,False,0.11430623201009447,8.224495336801673e-05,0.05719423848173125
0x163514bcf4cb8f0fbfaaa43740d26bea4eba7cad19ac52387340e1c413d5434b,False,False,False,False,False,0.08718924812672295,3.1007034128349455e-05,0.04361012758042565
0x985b2354657c3db4e7c6000f2ca605454af2ef4b57ed47897e94d636d042b375,False,False,False,False,False,0.21141205829586768,0.00017196646684554704,0.10579201238135662
0x2782d6daf94936959ca1d6b63f3027fd32aff787ae467a1d2bd328b3ce53a853,False,False,False,False,False,0.15109328135479994,0.00011835062511998097,0.07560581598995995
0x57ac81535ac3a6b35bb36117312f1ddb820a49b34edd39edfeb96e1964811644,False,False,False,False,False,0.15527680575784336,0.00013510663784884358,0.07770595619784611
0x1c463af45809653f443eb3fe58a7ac61b1793771e21affb2ee6a904055b99466,False,False,False,False,False,0.13260478655019034,0.00020477353518659168,0.06640478004268846
0x33a360dcc0c637fa3c01a007455090a0353e96cd691d209330e4f79f5dbcfabc,False,False,False,False,False,0.09424315915547489,2.8864394840496107e-05,0.047136011775157693
0x1425e7cf302a5df53cd98d851a591edb9138864ddcda5145947cebe1423bf2a5,False,False,False,False,False,0.11014617084893291,0.00010722835098782364,0.05512669959996037
0x39353985c794ce3bc899dd8184b8420c4b3425c5c42d6ba8effba5db76485ff4,False,False,False,False,False,0.13955228089500796,0.0001688426156312597,0.06986056175531961
0x49ea1e4a714e6b3e4f803650ee01d38117941cadb184e70bf827225135a0d362,False,False,False,False,False,0.10179313890660001,2.5292652489384955e-05,0.05090921577954469
0x65f7154eb2709879175505360cf75d2d51f511bbbc99c0b508cee2051218b18b,False,False,False,False,False,0.08417960217695912,1.6742402830380723e-05,0.04209817228989475
0xa4ed6cf049eddfcaf46c216a991479057ebe6efd619ac8d5be7b70617761fb77,False,False,False,False,False,0.08857463371854327,4.4942226344128266e-05,0.0443097879724437
0xd66a429dfd8dab3faff7ca75f86cd38920a91426bd29cd8194bb8c557cc0d164,False,False,False,False,False,0.17013163186401317,0.00013714312485113857,0.08513438749443215
0x96dad852425430ea774c5bc7c105082b73d73e4ecc67fbfefff3d251381217a0,False,False,False,False,False,0.08933954185534684,2.7989894651966025e-05,0.04468376587499941
0x9f1a32e1e96fb2db735805e18defade5d5edf0854fb4cf3a800e4bb7a50c8dfe,False,False,False,False,False,0.0969386848770142,1.4396983019161413e-05,0.04847654093001668
0x95b71233ecef03d66e33f47e65f38572a3b9ed19b8e90b869d38d9933738e63c,False,False,False,False,False,0.13196656446193214,2.148439998350532e-05,0.06599402443095782
0x2eaea6023dc22659c5064ea379650c5467796d6aeba8c4f77c0a51b6e42c3df5,False,False,False,False,False,0.09012047186884979,1.2699189836581435e-05,0.04506658552934319
0x5215c9440d16f1c83b323ea21265752839969977de8ee8a309e686e126eff776,False,False,False,False,False,0.09097103261318847,1.890982952788231e-05,0.04549497122135818
0x2873cdb391205b06d6da93446007c3761b24e6e8e1b5ec355037faba55200b3d,False,False,False,False,False,0.1011282537314549,0.00012611461172639223,0.05062718417159064
0x912587d1a4f4f08d1a70cd942fb246517f1c32ecd09050642ff9a2e97c19c3b8,False,False,False,False,False,0.1548092652293084,3.5109006230224844e-05,0.07742218711776931
0xd7400df32a8959eece10b867766b87bd301758bc43ce23f89dcf14bc2961d7a5,False,False,False,False,False,0.08788263057132537,1.8493952074647992e-05,0.04395056226170001
0x05f604a12b377e7db584ef6f62ac9e59a1a5a22667815039c363b97d7cd4e192,False,False,False,False,False,0.11816702837643193,8.727670746553998e-05,0.05912715254194874
0xb39e954c9dd3477f2882a4fab7015d1ca5a248fc7a284ba3dfce499012e9ea94,False,False,False,False,False,0.08358932697537391,2.045897976094651e-05,0.041804892977567426
0x06b602ba45f7a4272080bea64df2aa72d6c1230ac433fef6ab55c055abde8023,False,False,False,False,False,0.1907262205602338,0.0002244816951508327,0.09547535112769232
0x3b23a728e7e07cd433034946322f6f35fe2b7d00c7c185717bc34c1d4ce477c9,False,False,False,False,False,0.09559863659555955,2.0367562121511163e-05,0.04780950207884053
0x962a48e9e8f0afddd08fb1b2ce44e2864a74f65e9ce54f043a9a336df0287fa1,False,False,False,False,False,0.10435552748137722,2.6741147029029858e-05,0.05219113431420312
0x04a6c54fc1002afb8b7290e424246e965cc8c776ecc8ac9cc7732ff46dd986c3,False,False,False,False,False,0.12025247881501122,5.1643637733412655e-05,0.060152061226372316
0x07896eb1c549c4722d1db4322c02dbc2eb5e4c20c0690c7f1bbc679f13b50375,False,False,False,False,False,0.10914543393711436,0.0001189879290491166,0.05463221093308174
0x3994fdf3e00c7c0ff7274ac4261262325e8c58e34a3fd8ad769741edfde369d3,False,False,False,False,False,0.11413674613525827,2.469287616789887e-05,0.057080719505713085
0xa31d10d2f6adcf46026bb4a7e98c9a445f91c4c676b9addcca0ed87d5d77ba61,False,False,False,False,False,0.09666750396802262,5.213391781670999e-05,0.048359818942919665
0xefee021b2cfae7be253c9113c20e2c2aea80b63026b3f27bc8d795bbeb337d37,False,False,False,False,False,0.1458226954974273,0.00025631453903071617,0.073039505018229
0x7f32162f869b9704d85e0e18872d37b679930bb95409dbf78e0732c16e5c99ad,False,False,False,False,False,0.09398702508911533,2.9553775679757804e-05,0.04700828943239754
0x02060bb34162eee00c9fc130668c7b6476cd3c9963b8384b4d66f896b5504c34,False,True,True,False,False,0.4913435791280361,0.033738212915375314,0.2625408960217057
0x7cfbe6d3384dae65b90819824d538288d6cd44f874985aa6e76f2d209db52217,False,False,False,False,False,0.12655091681823172,0.00011566137189830251,0.06333328909506501
0xf9fab64ee7d763445e8c8d2001afbd057066fabfbedc57511c4f4d3ed23159c1,False,False,False,False,False,0.14237773911872809,4.907690069356577e-05,0.07121340800971082
0xa4502147c51457c512c51a7ac967c2a682f9d36b3074888196d7c0569506728f,False,False,False,False,False,0.09238358421746967,4.6157594987893805e-05,0.046214870906228785
0x8fd125436ae6eaa442587bf4652478fa76c8999ce3ee73458a98f16e6c883487,False,False,False,False,False,0.16726949102529487,6.620577824215232e-05,0.08366784840176851
0xa0bdf00dd67861eae4b82e57ddd73034b6b41c2f3bf96d64c374fc0574b6bba8,False,False,False,False,False,0.23258976206114895,0.00024242709549460834,0.11641609457832178
0x944b645ef35510e1b37bd307387920a74b6afa174506007177b48d332d0d5932,False,False,False,False,False,0.14391563060460155,6.641163285000089e-05,0.07199102111872578
0x30c2e890d0e8600bdb11ca7c43cc2a86c4deb712baa2d2b2eaaaaca436bec7a8,False,False,False,False,False,0.10528971749426898,6.790912327407307e-05,0.05267881330877153
0x37bd81270550599c89bd02855ca0b44c1328cdd711f161c34dad3328760f9cd7,False,False,False,False,False,0.10203276957739378,4.584624322717936e-05,0.05103930791031048
0x3df341a7ac2987d53d94f86c443b8fcf18a306136b52bb27543f9d5ad4792b74,False,False,False,False,False,0.08592490310147134,2.93064377991878e-05,0.04297710476963527
0x4708ac12f92d7b164e37090af9fb638ee121844019accea609a2939213857ef9,False,False,False,False,False,0.10428596979490885,2.6896906948817644e-05,0.05215643335092884
0x3c6386e5205995ef6ef94102b2eef46cd781f1d574abc1dcbe41ad576dce4c9b,False,False,False,False,False,0.10627096681139114,0.00014913773244033904,0.05321005227191574
0xf9b46cbb7890bc2b9bd3865f4b2788194314d789aff24dddf195c1cba6614552,False,False,False,False,False,0.0843775591119954,3.5135164020014796e-05,0.04220634713800771
0x7e72943d1c0b5bc139ac0f12d453495750ded7656dced4ac7144dbc6f9e227a0,False,False,False,False,False,0.10346651058729363,0.00010152807319515978,0.051784019330244395
0x97aec9f9a8d2b80d1990ff5ad27c3c294ed5927f15456ba54650287f8baa12d0,False,False,False,False,False,0.09068225189152493,2.783992620092498e-05,0.045355045908862926
0xcb4309d88eae2a62b295562bcc31aaa904fb8ba275268a6476e8d9366e1a3be8,False,False,False,False,False,0.08119508047380647,7.250839471632859e-06,0.04060116565663905
0xcb4309d88eae2a62b295562bcc31aaa904fb8ba275268a6476e8d9366e1a3be8,False,False,False,False,False,0.08119508047380647,3.3030590978504447e-06,0.04059919176645216
0xcb4309d88eae2a62b295562bcc31aaa904fb8ba275268a6476e8d9366e1a3be8,False,False,False,False,False,0.08188750658433336,7.250839471632859e-06,0.040947378711902495
0xcb4309d88eae2a62b295562bcc31aaa904fb8ba275268a6476e8d9366e1a3be8,False,False,False,False,False,0.08188750658433336,3.3030590978504447e-06,0.0409454048217156
0xcb4309d88eae2a62b295562bcc31aaa904fb8ba275268a6476e8d9366e1a3be8,False,False,False,False,False,0.08119508047380647,7.250839471632859e-06,0.04060116565663905
0xcb4309d88eae2a62b295562bcc31aaa904fb8ba275268a6476e8d9366e1a3be8,False,False,False,False,False,0.08119508047380647,3.3030590978504447e-06,0.04059919176645216
0xcb4309d88eae2a62b295562bcc31aaa904fb8ba275268a6476e8d9366e1a3be8,False,False,False,False,False,0.08188750658433336,7.250839471632859e-06,0.040947378711902495
0xcb4309d88eae2a62b295562bcc31aaa904fb8ba275268a6476e8d9366e1a3be8,False,False,False,False,False,0.08188750658433336,3.3030590978504447e-06,0.0409454048217156
0x3f2cb4016e8b0d80678ec2a1720dd651d287555c3904e51cd415d6622d3c1acb,False,False,False,False,False,0.0912993142713772,4.4930422487479346e-05,0.04567212234693234
0xa50241e5782fef052c6271c2210e0d1b17f51464d27a8b8bb95135b813303f7d,False,False,False,False,False,0.125480976237609,7.590197324532558e-05,0.06277843910542717
0x6b08e22c49748770e9a33d649e84ed987863167cfe04cb2ccbd1dff4a1250685,False,False,False,False,False,0.08289366037141731,7.738433059685627e-06,0.0414506994022385
0x6b08e22c49748770e9a33d649e84ed987863167cfe04cb2ccbd1dff4a1250685,False,False,False,False,False,0.08289366037141731,4.753129729631733e-06,0.04144920675057347
0x6b08e22c49748770e9a33d649e84ed987863167cfe04cb2ccbd1dff4a1250685,False,False,False,False,False,0.08265259668258412,7.738433059685627e-06,0.04133016755782191
0x6b08e22c49748770e9a33d649e84ed987863167cfe04cb2ccbd1dff4a1250685,False,False,False,False,False,0.08265259668258412,4.753129729631733e-06,0.041328674906156875
0x6b08e22c49748770e9a33d649e84ed987863167cfe04cb2ccbd1dff4a1250685,False,False,False,False,False,0.08289366037141731,7.738433059685627e-06,0.0414506994022385
0x6b08e22c49748770e9a33d649e84ed987863167cfe04cb2ccbd1dff4a1250685,False,False,False,False,False,0.08289366037141731,4.753129729631733e-06,0.04144920675057347
0x6b08e22c49748770e9a33d649e84ed987863167cfe04cb2ccbd1dff4a1250685,False,False,False,False,False,0.08265259668258412,7.738433059685627e-06,0.04133016755782191
0x6b08e22c49748770e9a33d649e84ed987863167cfe04cb2ccbd1dff4a1250685,False,False,False,False,False,0.08265259668258412,4.753129729631733e-06,0.041328674906156875
0xec79eef761eb8828f9b7ebf03dd11eb5fefada3da83a08f9a3c010275f801b45,False,False,False,False,False,0.10237917820191297,2.9690201161877126e-05,0.051204434201537426
0x0ca79d2f8e6e1deacefd023b1348a5f7e84cb1cea4b52ec51db50cf9a15427b3,False,False,False,False,False,0.12518047436295,5.13239146579932e-05,0.06261589913880398
0xe6e04a42f0fdc2c5c2efbf86b834ecc0e6cf4ab1ca9e4a6a5fb9e05a1abb7788,False,False,False,False,False,0.1384526363613534,0.00010246299749757497,0.0692775496794255
0x103245995c77c4dee66ce3f4000e555b0bf523409d5ac0049a29d9a3da609a94,False,False,False,False,False,0.09901095053893956,2.982099743810129e-05,0.04952038576818883
0x9a7d51103c30578467700aa3fc919cc5f3bf224589dc8084d7e31d85e7eda707,False,False,False,False,False,0.08253903341948082,1.3946700749871363e-05,0.04127649006011535
0x9a7d51103c30578467700aa3fc919cc5f3bf224589dc8084d7e31d85e7eda707,False,False,False,False,False,0.08253903341948082,1.3472719845595886e-05,0.04127625306966321
0x9a7d51103c30578467700aa3fc919cc5f3bf224589dc8084d7e31d85e7eda707,False,False,False,False,False,0.08654971476955053,1.3946700749871363e-05,0.043281830735150205
0x9a7d51103c30578467700aa3fc919cc5f3bf224589dc8084d7e31d85e7eda707,False,False,False,False,False,0.08654971476955053,1.3472719845595886e-05,0.04328159374469807
0x9a7d51103c30578467700aa3fc919cc5f3bf224589dc8084d7e31d85e7eda707,False,False,False,False,False,0.08253903341948082,1.3946700749871363e-05,0.04127649006011535
0x9a7d51103c30578467700aa3fc919cc5f3bf224589dc8084d7e31d85e7eda707,False,False,False,False,False,0.08253903341948082,1.3472719845595886e-05,0.04127625306966321
0x9a7d51103c30578467700aa3fc919cc5f3bf224589dc8084d7e31d85e7eda707,False,False,False,False,False,0.08654971476955053,1.3946700749871363e-05,0.043281830735150205
0x9a7d51103c30578467700aa3fc919cc5f3bf224589dc8084d7e31d85e7eda707,False,False,False,False,False,0.08654971476955053,1.3472719845595886e-05,0.04328159374469807
0x4a7e3848591f2430b8902715ab57c4d6162e32ba6c789620f6632421bb5fd080,False,False,False,False,False,0.130739758705193,0.00011799759754359571,0.0654288781513683
0x2c5b51c9ddb26cf61eb93b24c33645385595dd0a9f0a13969cd5be0547367e17,False,False,False,False,False,0.10194635290819323,5.760516028271337e-05,0.051001979034237976
0x64d0adf053099d013062e98f010582253aa9aa247d911655932a5b327d5bce13,False,False,False,False,False,0.1272805579236033,0.00014807188569200872,0.06371431490464766
0x609d5782a6058e935c51065bfb47231c3b56fe72af3348c2aa55f238298d5aaa,False,False,False,False,False,0.10866024659283464,3.0870645889466105e-05,0.05434555861936206
0x2a83e9aa120aa3cb4dd20ed7f4d4d2d3e582e5fd0b2ad5a7b7b4a5c8c0731578,False,False,False,False,False,0.13568217620118436,3.194282917172576e-05,0.06785705951517805
0x424018a83e32ed7ed01a212020c7b9ce27071536655a363a78f1d129c395985f,False,False,False,False,False,0.08218444692668941,1.657960192004042e-05,0.04110051326430473
0x424018a83e32ed7ed01a212020c7b9ce27071536655a363a78f1d129c395985f,False,False,False,False,False,0.08218444692668941,4.336607827392292e-06,0.041094391767258404
0x424018a83e32ed7ed01a212020c7b9ce27071536655a363a78f1d129c395985f,False,False,False,False,False,0.08772867841874764,1.657960192004042e-05,0.04387262901033384
0x424018a83e32ed7ed01a212020c7b9ce27071536655a363a78f1d129c395985f,False,False,False,False,False,0.08772867841874764,4.336607827392292e-06,0.043866507513287516
0x424018a83e32ed7ed01a212020c7b9ce27071536655a363a78f1d129c395985f,False,False,False,False,False,0.08218444692668941,1.657960192004042e-05,0.04110051326430473
0x424018a83e32ed7ed01a212020c7b9ce27071536655a363a78f1d129c395985f,False,False,False,False,False,0.08218444692668941,4.336607827392292e-06,0.041094391767258404
0x424018a83e32ed7ed01a212020c7b9ce27071536655a363a78f1d129c395985f,False,False,False,False,False,0.08772867841874764,1.657960192004042e-05,0.04387262901033384
0x424018a83e32ed7ed01a212020c7b9ce27071536655a363a78f1d129c395985f,False,False,False,False,False,0.08772867841874764,4.336607827392292e-06,0.043866507513287516
0xc7c4d956b3d8e82644c2d7c6a24ea0088b5f52655e39a6a8ec32930109370f7a,False,False,False,False,False,0.47061522645104187,0.0008890604657521632,0.235752143458397
0x6e2ca30c149dd1c9dd6c4ae551075b3b45bc22badf621647577600c64530685d,False,False,False,False,False,0.19850530167122915,0.00018739283235760538,0.09934634725179338
0xa5c12b7754732f211201a1a4573acc00abadab4e02da2e0248ee382989618889,False,False,False,False,False,0.15088851135415965,2.6291059860709325e-05,0.07545740120701018
0xfa276181c1285eedb1c9b7118eaf89eb27f0a4f62303b1ef66fa19791a3d9997,False,False,False,False,False,0.1523497185130923,7.769081912125102e-05,0.07621370466610679
0xe38c2f38791b8dd587527dbd849b9a6b11cb3c9fe16bf6de260ef97db8dc05a6,False,False,False,False,False,0.13673899846023033,2.1765012019528004e-05,0.06838038173612493
0xa6a5b042174a6fe93c7c00e533d050f0e874b62baa63fb464303bc3054d64589,False,False,False,False,False,0.1390404424553467,1.3617808270692582e-05,0.06952703013180869
0x0c119a6d7fc8a6ed1a05bc907bb5dde865a7a89e3da72ae8f4dcbf5b5136e8c2,False,False,False,False,False,0.1799246504814043,9.452669910028151e-05,0.09000958859025229
0x9de2dd69282857a74c1a364b53b95378db11c86f8729194da2f2fe42a28a6566,False,False,False,False,False,0.2586945877112184,0.00020716944158112566,0.12945087857639975
0x1f8743cab5a15f6300906e370aa37d79ed169bfbe778158a573f6f1bedd7c6b3,False,False,False,False,False,0.1262409586708683,4.1974715923779e-05,0.06314146669339604
0xfd01e1f5072db19bb8a7a71962c72af89dbcc9b73fda2aa853a65d1e1286f78c,False,False,False,False,False,0.14658929077920632,0.0002168259991128686,0.0734030583891596
0x179544c21ec169784096169b90364f3be94e48209f9f1e4aaf9ef6b961f7a56b,False,False,False,False,False,0.1140096872372082,5.634141070040778e-05,0.0570330143239543
0x2418713479e27ab5dbbcc501f0ce6beecabe80f2091b35136076b5408a77eb06,False,False,False,False,False,0.28153327325142,0.0005057208712606757,0.14101949706134034
0xdd2f1ab1dc7985704b2796b073d1f9cf758a6dc9c5f3c393b1b7db8509d33720,False,False,False,False,False,0.2409183911496409,0.00038652035549928746,0.1206524557525701
0x7abb9ef492b71240ac61e962128704cbf0237db8b5aa5c12e41ab6027d06523f,False,False,False,False,False,0.33523228979552727,0.0002893877012791405,0.1677608387484032
0xbc3e1d6901ec7fa294dd1c7c76865c5edf61f65e8657c773be889725d89460ce,False,False,False,False,False,0.2933177000230596,0.00018765992378026535,0.14675267997341995
0x7608c374eda4664b12ae9088588776646f651705ea80c565aed55f7d21dd4534,False,False,False,False,False,0.14458008934169272,4.91124089209155e-05,0.07231460087530682
0xdddc285685ff02488df89b51661aa2ac871ce57a55f9bbcac00949c52ef56e1c,False,False,False,False,False,0.22668059097185705,6.417118960085591e-05,0.11337238108072896
0x400789dfa925c384ef4a380db7be12ed7364915e1729cfeaf42f4da88ae0d31e,False,False,False,False,False,0.1044488304814202,5.156164258865718e-05,0.05225019606200443
0xf8de29db162a74b0a552ae4cf6ba7c2ec7d5578b35c25fe7f004ca1f29df9b25,False,False,False,False,False,0.10533310978394621,1.9337557497188904e-05,0.0526762236707217
0x499666ab25f253e75f1577a7000af94c6afbf6382bc583dae509e7d38811d4ce,False,False,False,False,False,0.10398192910934137,5.1747366807589705e-05,0.05201683823807448
0x55b7d2fc24628ed5f929f0bae91a07fb20aee86c14cdab4e99dc3bff15618011,False,False,False,False,False,0.1374281778690817,5.3604931137696404e-05,0.06874089140010971
0xd2a4e99d5a35d4cdb9629fefb5d7f45632c64071b1c9992acce2a69cbd326e51,False,False,False,False,False,0.09840703891615521,1.1757990103963444e-05,0.049209398453129584
0xd4749614c401aa8891252649907995dd317a6712598b2486c184a7099f72b5ad,False,False,False,False,False,0.09508610273294782,1.529700840118049e-05,0.0475506998706745
0xe32b6cffa4ce8eb70bfdec809c980df25c7ef99e7eb9c3f25a8f82a47de3f51b,False,False,False,False,False,0.1290866638678281,3.912779861446766e-05,0.06456289583322129
0x2e9ae9d5e49a44dc612b284c4a4f6be1b70844e9ea6c857178c1a4d1af99bf7d,False,False,False,False,False,0.17379698250095138,0.00011756114668707782,0.08695727182381922
0x0a859ed294520581fb033bc62ef61699e69ba39c789662c7882b5eca53f6a38d,False,False,False,False,False,0.25368718298369697,0.00021609892371938277,0.12695164095370817
0xc6ae5bdb72fbcd944b7b07b4bbcaab969ca2601ed495576480db99bb23af4143,False,False,False,False,False,0.11032668603363643,9.800730625050107e-05,0.055212346669943464
0xbb5df580b62c379d8fbb18558272b4b87bc0b79ba34184e144beefc30f913f5a,False,False,False,False,False,0.11923415970303286,5.8880479739793144e-05,0.059646520091386324
0x0c386db9aacfdfc960498b278f38980e628dd448cfbbeb419fb7fcc80f16ed8b,False,False,False,False,False,0.14572730110438534,0.00010837776450526065,0.0729178394344453
0xf4b3941b8b3c81e1819956d497e1e47d63036aa5e24efaf7774bd6c0d96db54d,False,False,False,False,False,0.12258128674276988,9.031989397597003e-05,0.061335803318372926
0x23d3fc9374f497e927bcf705280a81971bf658b01cb89e125d2633a7b2427778,False,False,False,False,False,0.14276539505011032,0.00010464480273389743,0.07143501992642211
0xa5eaab440270943aa2f38376437fe8663aa666d706a8657aea8303549e9127fc,False,False,False,False,False,0.10903541727717513,0.00010379694951141193,0.05456960711334327
0x1e0f0059efcfdafe388f98df3c1e47c336288409d6e0a0842f45e2b01fbadff6,False,False,False,False,False,0.08847806812981955,5.57717392546556e-06,0.04424182265187251
0x5eb62feb4b0d9314a78620fa0c0caec2bd37bd25c8442eef17683bb7d2a2edbd,False,False,False,False,False,0.09614849829239312,1.3960457010929273e-05,0.04808122937470202
0x89ddf7c04d8e3c97ab83e8f61f8fb8b767a733f6674664c31e5e007f10b18ca4,False,False,False,False,False,0.1513545757045975,3.003752309909101e-05,0.0756923066138483
0xfd8c37bea03491befcf7124f3646eb0cd63bef44e88fcee78adb54b654ec9cdb,False,False,False,False,False,0.08917907361798204,7.883127604601418e-06,0.04459347837279332
0xc5830e6404accb026f5448bfd8b93c2ae022ce9c6541a1d51412070ec2b7844e,True,False,True,False,True,0.5525293961548771,0.0014499500213014712,0.27698967308808925
0xbca40352d05e5467ab301c9be2c32d4deeeb60737836ba4aa34efd5cbd01cef8,False,False,False,False,False,0.1225729727430121,0.0001550755928355617,0.06136402416792383
0x8b513319fb877ca5a5f5b22c83204ec5211f5f43e608108d78a30d9a80d0f6b0,False,False,False,False,False,0.09233993625180212,4.21821144836347e-05,0.046191059183142875
0x8b95b3ae06dbf530076dbe2299b49c2a72f46e8b96078a3062de6502263500ed,False,False,False,False,False,0.1289653354020477,8.640846257873565e-05,0.06452587193231321
0x5b4452766327049af5c6c373bf2881a81f8a833595ad3c9629019c28136b5cee,False,False,False,False,False,0.10456355715259393,2.494966459795885e-05,0.05229425340859594
0xb56844bc2afdddcb9775b2dbb50e7dd415fba02839e76bcb775df12edf30a7c9,False,False,False,False,False,0.08654059458202606,1.223070834802015e-05,0.04327641264518704
0x746497bf07628dd7fbbc82f8d23a494cf60d8c1d5f6070d15dc4a0f8e4c0eb1c,False,False,False,False,False,0.10335884700817802,2.432378362654426e-05,0.05169158539590228
0xe4584dab4d8bc9c10dd031e219810623c8db7d3248cb12ab74f22e61f5ca8e68,False,False,False,False,False,0.09584314157028842,1.0464718334007508e-05,0.04792680314431121
0x1965b6f236def0e2f05a0a8eb774521ac4c909235c4c2c8eccfd9e6cdb024060,False,False,False,False,False,0.0937792291137986,4.5446523571904824e-05,0.04691233781868525
0xcba755705578abf2ac215faef6fd6617bf0c12115220d76313ac4efa19e5e56c,False,False,False,False,False,0.11166870938714797,3.494547186074715e-05,0.05585182742950436
0xfb50af90976bc029b74c8d5b79265cb16b19ea0b87ae51112aef263e2d2f3317,False,False,False,False,False,0.09751564950713641,7.004582200253803e-05,0.048792847664569476
0xebee4a1f3b89ad8806cef477ac9e11cdda93296f4ea409f48514ce0baf692a01,False,False,False,False,False,0.18907595560259288,3.2661904565504455e-05,0.09455430875357919
0x8dfaf9329933fad7c352031adc7d6a96395e153546142faf95fda0024dd8c1da,False,False,False,False,False,0.22403812315539948,0.00032849407960745494,0.11218330861750346
0x1abc1ffd2738ce0ed44df1305c1aadf6ff2a496df9e6c536399a0dbb842ca77b,False,False,False,False,False,0.13132874276315962,2.194352040647222e-05,0.06567534314178304
0x979065569a2c5f0aab5af9892a1bf4b6d1c5bc74931ecd03ccd62029107c728c,False,False,False,False,False,0.10066668365021128,1.2577259408359993e-05,0.05033963045480982
0x1e156d6f08525fca8308ed0fc057b1de83216f22a4d10ed4772b85c801cb6e33,False,False,False,False,False,0.10541472201759984,1.015601856310552e-07,0.05270741178889274
0xab3897ffd2e0de2db8a345a9e5e013654a44ebccc42cad04dfc428cb02c58a00,False,False,False,False,False,0.10023095126225147,2.90215467335264e-06,0.05011692670846241
0x64c7e0cbde6be03ab0577d04adda480d4b545ce495a3a1401474c76f52779934,False,False,False,False,False,0.20497293966850344,0.0002608364208742945,0.10261688804468887
0x6e8a2623a7dc8d0ead1667371dfd1e7e884a82ba3c76020f59882bec504e6892,False,False,False,False,False,0.1048784675221175,2.6690710212295546e-05,0.0524525791161649
0x4a03da9e6fab39e8cc9b34c13dd14499e5d931f205e26e6e27f399551e99585f,False,False,False,False,False,0.11008948201330933,3.136471979559106e-05,0.05506042336655246
0x5caf47728318dd8004594a6bc374e9c2da2d35efa1a1979822d423ef9d778ca4,False,False,False,False,False,0.09799872428514678,3.203064486512593e-05,0.04901537746500595
0x4900c1cd49bc4f0bab4df65c64420cbff434551762ea1e8370e09f4487fc53b0,False,False,False,False,False,0.10665270324975563,6.984536064251003e-05,0.053361274305199075
0x521e273d4223767e43aa22b6f289077d22b92e246a4428ccb143b6ce38705938,False,False,False,False,False,0.10792733070938242,4.457493153358227e-05,0.053985952820458
0xce44f03945dfb3aacb44437e994622c2f18bc86a94b5f980724001f44c2d54f2,False,False,False,False,False,0.13493738600307584,0.00010274400407065903,0.06752006500357324
0x675a4b1d7a79031631ad4c4628e6234ae795ea7189b868fe9cdf5f1cd8ef73bc,False,False,False,False,False,0.1363015911458301,6.486344096369176e-05,0.06818322729339689
0x0655c56ceb390eeaa0a54b9abe656f8cec53131febf02864fd4af6914433cea9,False,False,False,False,False,0.09075654189842843,1.1386146688825121e-05,0.04538396402255863
0x7e38bf9f27deef56d22b0dfd0c9baee6aa20958c40799490ea229e1f4b27850d,False,False,False,False,False,0.14136067219329027,2.361617430742871e-05,0.07069214418379885
0x435d80c474f5a4d5bdd5a03420a3ffcc3da0a0cedd359fb01a8ad19970dc3735,False,False,False,False,False,0.25591550435338384,0.00031173114420854136,0.12811361774879618
0x39287be2ff950bb3c734a05b70c07f2a02ef7ddd771630f071d92724e0d3a151,False,False,False,False,False,0.22449093846339677,0.0004895270478027637,0.11249023275559976
0xbee8a49a3631e3976824dbb08925e82de9b6ca670818a5ff92bdf126c1b06b53,False,True,True,False,False,0.48156408806800405,0.0015969061134849323,0.2415804970907445
0xa31952add2a70b56bf29e623f6da662d94b6b9c5be52a29a4426da909bf0d16f,False,False,False,False,False,0.22340455509044668,5.969171013745611e-05,0.11173212340029207
0xde2d8cd33b5e624cc18c6cc8b4a2be50b0f23e9f17b80d710ac35ba5e678603d,False,False,False,False,False,0.12380363144665987,3.432123714993826e-05,0.06191897634190491
0x96d44cecb0f71c201aaf020e698d1f36f57169fbe9dc85dedde780a56bc2e8f3,False,False,False,False,False,0.14050243950508431,2.9973439441540732e-05,0.07026620647226292
0xe12652525692f37e5c2efc3ca342175e782a76978f2ae6cf81533d9162fe00e3,False,False,False,False,False,0.12240573240037118,1.0781770308851012e-05,0.061208257085340015
0x8cf3a3615af8974ce73874bc2573c8326fa46bf42e8eaa33788456d95b0b374f,False,False,False,False,False,0.12242544886372016,1.881135016663785e-05,0.0612221301069434
0xf048f2d6c2a42a1f412a857d0a5e612e55caf88da325b90c5ce055e09bb555c1,False,False,False,False,False,0.3800059491694721,0.00024658834884703124,0.19012626875915958
0x7d8df800dc8de0524a18f55b16818ccd375d5e2b31487b84f9d1a1d5d099fb52,False,False,False,False,False,0.13871040766989212,3.361769646436031e-05,0.06937201268317825
0xabd9b571182241e471635ec298ac9313c59dd9d5f9be2c1ba2053c39c42a3128,False,False,False,False,False,0.16900137432922657,5.176816598888639e-05,0.08452657124760773
0x635cfad2b1d0ed504ddf58bc45120dd33aab02d5ba308d692fe938d61e04540c,False,False,False,False,False,0.126430942400229,1.1361248618702731e-05,0.06322115182442385
0xcc9368acbdc7e9eb10cfb5c2251a9715ce499a79dd533a1c06127c0ce3cca569,False,False,False,False,False,0.14665310183852934,3.552531730353662e-05,0.07334431357791643
0x2322bdf61c96a28fc22a5e19ef7b56b44370364af16dc97e956d5a2f40181aaa,False,False,False,False,False,0.1481724652390278,3.072501069192201e-05,0.07410159512485986
0x4590cc8ca10d57af232b71c713e05f84c5a7b8ab998627cece64b2f3bdacf83b,False,False,False,False,False,0.15265955189763933,4.608294098015027e-05,0.07635281741930974
0x81b5e5852ed14e6966b46ec45f02f507ed1a5057f24fea4ec4e471dbffccf445,False,False,False,False,False,0.12755754416295853,8.019855577135576e-06,0.06378278200926783
0x81b5e5852ed14e6966b46ec45f02f507ed1a5057f24fea4ec4e471dbffccf445,False,False,False,False,False,0.12755754416295853,0.0,0.06377877208147927
0x81b5e5852ed14e6966b46ec45f02f507ed1a5057f24fea4ec4e471dbffccf445,False,False,False,False,False,0.1254029511653602,8.019855577135576e-06,0.06270548551046867
0x81b5e5852ed14e6966b46ec45f02f507ed1a5057f24fea4ec4e471dbffccf445,False,False,False,False,False,0.1254029511653602,0.0,0.0627014755826801
0x81b5e5852ed14e6966b46ec45f02f507ed1a5057f24fea4ec4e471dbffccf445,False,False,False,False,False,0.12755754416295853,8.019855577135576e-06,0.06378278200926783
0x81b5e5852ed14e6966b46ec45f02f507ed1a5057f24fea4ec4e471dbffccf445,False,False,False,False,False,0.12755754416295853,0.0,0.06377877208147927
0x81b5e5852ed14e6966b46ec45f02f507ed1a5057f24fea4ec4e471dbffccf445,False,False,False,False,False,0.1254029511653602,8.019855577135576e-06,0.06270548551046867
0x81b5e5852ed14e6966b46ec45f02f507ed1a5057f24fea4ec4e471dbffccf445,False,False,False,False,False,0.1254029511653602,0.0,0.0627014755826801
0x817e1f3bca72f66bae41af98794b04db8cdbda55be730c6c82a3b99925a5a2e0,False,False,False,False,False,0.13168129701362577,1.179207353877301e-05,0.06584654454358227
0x803de5cb227304229925eb651b05b54f22638b31e05edbc3ebe6e917a3bf18d3,False,False,False,False,False,0.13387438757847006,2.5128862992139864e-05,0.0669497582207311
0x59062b330a6979d33bb5952fbc4d74f0090f65852cdd9b87f091a7c59708c426,False,False,False,False,False,0.14181343802640894,5.429497362717999e-05,0.07093386650001807
0x16308b63e8e88e4d054e0251839b44c113fee24165295dfca5fc9efc1cc9107c,False,False,False,False,False,0.12380824771210569,2.7224721841254242e-05,0.061917736216973475
0x33e19b68373d6dc2f231143a0cbaf4f287bd410c4bb60168252b867a43574575,False,False,False,False,False,0.14340853445238175,1.1217595090133529e-05,0.07170987602373594
0x5a01be0c3c378a3fb9ca6055fc23dcf5566dc77cdf3b06b183e542abdfa2ac36,False,False,False,False,False,0.1471524012625653,3.512868135699087e-05,0.07359376497196114
0xac30b6730cc0f61a9f6f68822ace0f902a1a8bfb077c9d062215bf40eb378b44,True,False,True,False,True,0.6218271808558672,0.001522628807419199,0.3116749048316432
0x98c23b1a73059e7bebdb13650d135f67241730a044c5ab1ad561672ea993c26d,True,True,True,True,True,0.6419235160239841,0.005261644278155664,0.3235925801510699
0xcb88d040207555884129623a6bb7af22eab3ac3f03238f1d6d87521dc207f426,False,True,True,False,True,0.5279890500865004,0.001615688648113545,0.264802369367307
0xc46dcd009da256581ab12dd69e721cdc54ffb7f0e63bb6548b0b6dfe2ae2e308,False,False,False,False,False,0.11097254089865484,0.0001289497980933556,0.0555507453483741
0xcb02f497175f86cfabcfc931e1286641547cf3c49120e71a30f3f57066eaac92,False,False,False,False,False,0.13807695964532385,0.00027018498727619415,0.06917357231630002
0x9be4d58e5e09dab7e9e776dfc2e5c39850905375ccce7a3c08227da9d65544ef,False,False,False,False,False,0.1249864784368236,0.00016634691220990708,0.06257641267451676
0xe475d45559c323b34041ede052a361df1b6f2bde3dfbd613e016c0193407d6de,False,False,False,False,False,0.11233156651373061,0.00022443293010850443,0.056277999721919554
0xa7f23509bbd9dbc7de467937805c72a272e8f59b98b1787ff6c94686798cbf1b,False,False,False,False,False,0.0953991302062143,0.00010472885447856708,0.04775192953034643
0xf9327a3057dd312a4f8b5695f856a357841945f41357522ddccd0e8c1d674813,False,False,False,False,False,0.12837675504864723,0.000209773595609472,0.06429326432212835
0x6b90fe213ac032ecc79e5a1d0a8ad0d19c13e3efc6fa3976e87f0d55d59a6393,False,False,False,False,False,0.12736101116933515,0.00024335549417372072,0.06380218333175444
0x8867e2c2067044d2a48d97964e586f8832f528a08f60b9069d44dac969acff3b,True,True,True,True,True,0.7515468523213479,0.0230307668224953,0.3872888095719216
0x0b32737105a0eebdc53d2cb5b6b50aa6ffcb1e2857d0cf421a5a5f48b5457762,False,False,False,False,False,0.08859691085734904,0.00029694328470695217,0.04444692707102799
0xbc1c1e85c491a467945794a0b75ebc5ca3626ea66f4083f2bb3752982330a8e6,True,True,True,True,True,0.8427614254928762,0.13031462311065725,0.48653802430176674
0xdcb4e4b69b4bd9b12e37210d382c704ea63fe69bd55d5c579d0d90fa6d14dc9c,False,False,False,False,False,0.01454012259616113,8.30372285099555e-06,0.007274213159506063
0x8c1838b7494026dc8b834b6c8524c156c887d6dc8865cf5562f44891e78fe305,False,False,False,False,False,0.030551286121520853,8.305313433653177e-05,0.015317169627928692
0x122ae355a3cc9ea97946106855d1284c3ef4efa6763ebaaede1a71b825347b14,True,True,True,True,True,0.7076088942580687,0.1739135548239409,0.4407612245410048
0x9347c031aeb12c6ff05918db385c565ddd18944263b0e9a007f3f6e0c0bd1bee,False,False,False,False,False,0.08389375219012231,0.00022719549262913862,0.04206047384137573
0xa6ad3072341f593832ebe9875b95ad55239c76c9152933262afcde3986385076,True,True,True,True,True,0.5843659972494073,0.44278597619177656,0.5135759867205919
0xf3dbd6c3ab0517ca00bb3cd8ec6515152fa17c6552c905631be6422167e7e820,False,False,False,False,False,0.08802693042492463,0.00020595629697950783,0.044116443360952065
0x4ea6496142148e61edfbf22d64085ab77b08e504bb06019b3b6b3fbc0310b092,False,False,False,False,False,0.02565079866754606,9.206026446229685e-05,0.012871429466004178
0xe86110e5fd89dc70a9a557be053558b5bc22c224b27345cf907361a07d52406b,False,False,False,False,False,0.00616938965325469,6.7048952241100774e-06,0.0030880472742394
0x9f1645ae3f3d8f808e31755c5dd0f89d3b13a273e2e85de54a103066bda8328a,True,True,True,True,True,0.7271388656530541,0.6830943164361359,0.705116591044595
0x1e56c79ae62644ec30e01a8f2f97d96caa948c71e1f2fdcda4043ea5b30f4696,False,False,False,False,False,0.015803309690927563,1.6096295019328292e-05,0.007909702992973446
0x642c86990048fda5b6ef83fb920b03e5ac12042e76770de5f0d6d09b5aef014a,False,False,False,False,False,0.00933305763499881,5.7099012883825114e-05,0.0046950783239413174
0x89a8c9d27c626b097ebc30d32df34f59bb2c9def99d61c153997c1b1a25755e8,False,False,False,False,False,0.009329227506441027,6.7773752718768065e-06,0.004668002440856452
0xf0245fbf5c445254c8b618e207ce5a1838eb9877515b3258be060d34707056a0,False,False,False,False,False,0.008739182481717308,7.64389863206528e-06,0.004373413190174686
0x4b10cbe756582e28e45936497e045b5efa736405ba7d7a2eafabf1b3c2199065,False,False,False,False,False,0.003825208157259955,8.321351535994411e-06,0.0019167647543979747
0x8e188ceb3d1cea2fce7c9162e65d75ad7c5942efe9dc96178815cfc82926bc96,False,False,False,False,False,0.007047647494329958,5.111570199054058e-05,0.003549381598160249
0x7c19250ec7b68541be502743635128b00092b3d78887a616dcc96e20a7ba64cf,False,False,False,False,False,0.02299815079268189,5.238257996683945e-05,0.011525266686324365
0x0a6bd6c34d3dfb11e24799b7294edfd8f69d0395f9981d1acc2bce579ccab74e,False,False,False,False,False,0.04568834863550697,0.0001254217514510354,0.022906885193479002
0x2c1dfd8b06276eb1dbce9f82459d33e53b291c9b55fd234580c3d12cae4e2398,False,False,False,False,False,0.032151277297385004,1.2005063906981796e-05,0.016081641180645992
0xf6b6186427151d89af6fcc8691df27b5d09ae4061ce6d0f62eb86883d95eddb4,False,False,False,False,False,0.007170814645479147,3.0464403774374774e-05,0.003600639524626761
0xa48886a4485dc7eb180c2cd31c07cdbaa30e8dae0d3cedfab6e749391f714885,False,False,False,False,False,0.012579366427388798,1.5767680375115165e-05,0.006297567053881957
0xcd5352d60a8c3aca72fc50335003fa5f1e68c56871107fff4181f15d529bb076,False,False,False,False,False,0.13758506838935863,6.308641165539302e-06,0.06879568851526209
0x55870b25aef8b72d74d421928862506efbf550c416c0bcdcd69b53f90b6dd711,True,True,True,True,True,0.7289947713696712,0.5982060353339155,0.6636004033517933
0xf546162753d236c0c2e3643922f425b9a33db911001b98c2c8915b5a9dde5748,False,False,False,False,False,0.02919592189638211,1.747530849266092e-05,0.014606698602437386
0x3b61de3c926f7db1407adb7e1294ceaedced8d7e758cee4de335f6925ecf172a,False,False,False,False,False,0.016918744195970177,8.597695496999573e-05,0.008502360575470087
0x727e9888732959662088f9e5414d87a3c3a2a7f0819a8f68af34f029cf4a2764,False,False,False,False,False,0.22887623146833175,9.918106831182023e-05,0.11448770626832179
0x8255dda2b02d6b1c79b6c0ef30020828b7fd941881d20367d51809b7d1a9219c,False,False,False,False,False,0.010830995393513268,2.1105482567335374e-05,0.005426050438040302
0x887a82028581a509985268ee747e99dd33832c417abe3d3100ef823dfbf44a9d,True,False,True,False,True,0.5340415794768608,0.0002551090398541746,0.2671483442583575
0x5bf8a1daf395768a5e245a06b8a2d7cb2fd86a2a737eeded7827e6e6bacabdb5,False,False,False,False,False,0.45145346038964174,0.00019556753356830134,0.22582451396160502
0x50888cfa65930c48488f0297c75de1dad6491e838459d8caebdda90e2ff0d80c,False,False,False,False,False,0.2954716638945789,0.000141636254246018,0.14780665007441246
0xff824bcf9612a866d7ea35f4359412c88c1a5a045069075545288649d8c61366,False,False,False,False,False,0.019912119557016966,9.587901088410116e-05,0.010003999283950534
0xa0628ade1b23b43b347bec5a728e3e3e011d75e08998de397427e1c123bdc8ca,False,False,False,False,False,0.022193808952159538,3.1651186926117955e-05,0.011112730069542828
0x8280fe2a35005b25ddd0dc407fa91d6c5f3585c899cb2d40abb1994804ecf79e,False,False,False,False,False,0.0020310351600177114,1.0346404682017603e-06,0.0010160349002429566
0x9e50362892278174fdf023a36eee98bb731ed732101e3c35439e11ac5d2ca0da,False,False,False,False,False,0.049291005852188,0.0001890623874740378,0.024740034119831018
0xdb3bc656a3e6bc41bc81079d3910e0c0d1399444ac89e47a7c26770fe9f61ff4,False,False,False,False,False,0.44500061568869714,0.0001552973225004321,0.22257795650559878
0x8aede0da71de5a350a358bebd83b1f313624f06c62cf1a4599bd3da3151ae820,True,True,True,True,True,0.6389299758789355,0.007095015777618701,0.3230124958282771
0xb708e8b12c75f2b62da0e348b5b9eba57c13056b82151c7d9db729af1a8a36af,False,True,True,False,False,0.3072916707739183,0.004234529749818867,0.15576310026186857
0xdb076e1f957ed484d824f186623cdffe2bc1f95723376e17e524f7a61ec59dcb,False,False,False,False,False,0.012675868362588164,5.414064839041175e-05,0.006365004505489288
0x7cc53239346f26d9b31cfd07d587bfe46a69bc55fad3853fefe4a0e142ce210c,False,False,False,False,False,0.2782933533152435,3.971827714436767e-05,0.13916653579619395
0x0265f9f532e2c858bbfdfabafacd69e94c5a7375602ab2787f1304c011b84f06,False,False,False,False,False,0.02119092765906574,0.00010786654853367897,0.01064939710379971
0x44aa7e1f9cea7e3b142491ba3f67ff73c14be6ed67d7f89d031e5babc2a5183b,False,False,False,False,False,0.33468220191256914,7.116477143871027e-05,0.16737668334200392
0x2e4d98cebc99dcc374dfa34943ccd45cb99e85f1497ff96dc416fbd4c0e66538,False,False,False,False,False,0.057191974156054204,5.895802046754763e-06,0.02859893497905048
0x993d2f8b6425011b7b71db7d53ba9867ea82ccb9cadbf734d2640189b0555b73,False,False,False,False,False,0.020511887484781763,9.393996788438733e-05,0.010302913726333076
0xed18c3126f6dd04cb48a18a5b5f85783d5fdeabeb73be06191ea2be608960635,False,False,False,False,False,0.2553491760073257,9.870726804872464e-05,0.12772394163768722
0x72a987f77477688967351b3c74b0db2f181a1cbea639d6f700e99f15f60e6f20,False,False,False,False,False,0.034780819269674454,8.228406236457913e-05,0.017431551666019517
0x1eede6d5bf8d8612f8268dfca35647d874efdf48c1dc7b41efab32558172d399,False,False,False,False,False,0.19543150918495944,0.00012906837811668264,0.09778028878153806
0x42204f91bfdeb5dbc7667273372221b5794b9fa8bbf9af07d30977287cf2643e,False,False,False,False,False,0.0402894865681195,8.999505017820905e-05,0.020189740809148857
0xf0a28017ffa242946b236ca652ff06085fdb4386d7d587710cbdce007f1708b1,False,False,False,False,False,0.025967281167072347,1.1618016765101214e-05,0.012989449591918724
0x168f7c5a7647f5ab1ac7fb3186a98d5669e394081dab72b3c1186075d7461d2d,False,False,False,False,False,0.5247864890428258,0.00027409223272848864,0.2625302906377771
0xeaa58742ae43a9941c62dd901e131a341ac6d947b9317dfefefc0d3b0defe280,False,False,False,False,False,0.46953818349880966,0.00024921585195529993,0.23489369967538248
0x843f639e9a8fb6258a25831340b317ea09fa61f172a8d6a97f4d689497cf45e4,False,False,False,False,False,0.05103106106992713,5.91111808034847e-06,0.02551848609400374
0xf240ea338a96f501cf382e6e828ce2d56f878a2057952567fe4e76481ebde015,False,False,False,False,False,0.026772039469163622,5.724388758692947e-05,0.013414641678375276
0x4c9a8a479a48e609478095857e14e2d6f0c686cd3b5895a39ef88d020d79dd2a,False,False,False,False,False,0.49655964633091737,0.00029878110256522213,0.2484292137167413
0x879f5f84f99b9853a204da68926dab9cea91e196fc2f74fdee8311a00a896f1a,False,False,False,False,False,0.07794486342901877,5.137908877529688e-06,0.03897500066894815
0xec3c1fd0c9dfba4baf51a75630477c489d810e32e9d9d0a3abe6482f6db2cf9e,False,False,False,False,False,0.3336677169349388,0.00016634272004170848,0.16691702982749027
0x08dfa9ab2a814d8e80a9c0f652839ec004158eee0fbe1243dbdc0f418cd53cb5,False,False,False,False,False,0.11521241625657734,0.0001126811099569052,0.057662548683267124
0xd6194a210831c00f4a10c44179453e970c32500d35a897153ccb3c864f9b44df,False,False,False,False,False,0.10319206267566246,7.58663286233425e-06,0.0515998246542624
0xf7ada7243ffd5e4b58c48e5d9803f8262812b6c592aaa72ce17178790e7c7f69,False,False,False,False,False,0.08722115173236042,1.3309363994258228e-05,0.04361723054817734
0xe7c3ff3ce4387773b416b4a8409561237528867325e08ac4ed7c0de5e22ed4ae,False,False,False,False,False,0.402238900205195,8.93890248331907e-05,0.20116414461501408
0xc8758718e540ae64f1505f4c75389bbea278b05c0d23c809f5bb6612e4d29d48,False,False,False,False,False,0.46423098416974923,0.000229115966779662,0.23223005006826444
0xbb6ff3c442e8f3ba5a4779cb1825d76366cc0e8231a72a4137c773237cf570a8,False,False,False,False,False,0.05943624680414922,9.294855873691688e-06,0.029722770830011454
0xea2d5af50a9680a854fbd324fc26649cbfa21f50106f007a81d6f39dd9472f9f,False,False,False,False,False,0.057789572183228444,1.1202761933073662e-05,0.02890038747258076
0x4a7225254d1cdd4c21845b4dec93c4a3ab36433563bee276f7b93c0b0d44b454,False,False,False,False,False,0.06988592953174741,4.382633691349968e-05,0.03496487793433045
0x3e645ea97778f4259a1d17232769bd31b960ec000bb84c2436cea79286c8ea44,False,False,False,False,False,0.2606171161560539,8.322928381891337e-05,0.1303501727199364
0x16bcb826c9ac660ff4f84c81f671816f43dbbeb928eebf7c328ca2b857739040,False,False,False,False,False,0.04541374152609373,1.130686899401788e-05,0.022712524197543875
0x379cd7756d92f9ac3c92de17b345b34de63b4ca58dd74f1b06377c57d991a5fc,False,False,False,False,False,0.06379662511093417,6.201623281124666e-05,0.03192932067187271
0x11d98ab201f437eb7f3a46b527c0081058f8d6be810458ece3d20e049a2c4862,False,False,False,False,False,0.051858805191715436,8.352898678863016e-06,0.02593357904519715
0x0f5cb104af3d535fd2132c73db176bc1c585f90d705884689534d3353696ed8e,False,False,False,False,False,0.06890751558413606,7.812880626958553e-05,0.034492822195202825
0x8ce6eba2a26ceb17afbba709fbb00251822ffd69295f3ab7a79946a2261dfbaf,False,False,False,False,False,0.06084963116852026,1.2515415909239884e-05,0.030431073292214752
0x201d3d3da29620bee2658a61922a08fa6f587d58c10238d9db700c45771e221b,False,False,False,False,False,0.056892086216455647,1.3528885469545388e-05,0.028452807550962595
0x4f19c6d7add8496b0f6c7816a20ec79f5fc1d223c4e67856c9f903f4c9b84306,True,True,True,True,True,0.8708234607435438,0.4648129293727109,0.6678181950581273
0x309138372a9e789d67ef9cb6be550d98e4ba323cf67f1b408113db908eaab851,False,False,False,False,False,0.05934225328207211,8.528097902546542e-05,0.02971376713054879
0xa9eb5c41f2a7b5318f59acea989955b54d2d4e9fe2e7caee9bd419ff13788b07,False,False,False,False,False,0.04143434072065881,6.358363398053001e-06,0.02072034954202843
0x11aa57039b6d3913af5f167fe36c7ab5661426326e51fcf05acafc7c8771bb82,True,False,True,False,True,0.5355510891245534,0.0003745874012488233,0.2679628382629011
0x906c87dfc10add3947e88b32d7c8ab0982f93b77b6b7a0bacd36b58e03446b3f,True,True,True,True,True,0.7585406393264386,0.6691098688243788,0.7138252540754086
0x704644e26f381b428aaa8f840dfc013a22f07588d3affa0a1e041b98ca5a21e2,False,False,False,False,False,0.013057468874821376,1.8979982715554517e-05,0.006538224428768466
0xda31e4f7b384ee5736ba3f77e8c276c1f70c062c2d27c5ae3347289c6e2a390b,True,True,True,True,True,0.7148539348350741,0.30905651020391117,0.5119552225194927
0x3a9586605891d90283d15f4cca9fe768db54225380ced2d784a2bb58149de038,False,False,False,False,False,0.08432618438301058,0.00015697023027000346,0.04224157730664029
0xe2d4cf5fe880c609e7b0963b3e3e243882b8b3a6d0c85f5819e4105f8b8abb13,False,False,False,False,False,0.017524255124858546,2.5288414644863183e-05,0.008774771769751704
0x7cbea4fbe3efd38c25dbd8d29feb628989959a814c549dac9ebca31f081a5259,False,False,False,False,False,0.017889513456993942,8.080124297005843e-05,0.008985157349982
0x74245c37b115f71c32f2ef517029e7ce6c5eebdfe210dd87954881b9eaeb7bfa,False,False,False,False,False,0.008688595172613526,3.6560645053724955e-05,0.004362577908833626
0xffd23cda88c700dff79d8184af12815e22394a7478324231391aef8843d99601,False,False,False,False,False,0.02894927873776585,1.4240271552542553e-05,0.014481759504659197
0xa663daaf6615cc29397ad38f8fdfa3f7e7505c7f6a95842673335d2074e78716,True,True,True,True,True,0.8771634562535999,0.9999999999999994,0.9385817281267996
0xfac9cd3faaea1d5eabcc0316937c0990cf2c9cb1ca72b7518fa2c901d8024128,False,False,False,False,False,0.06586745947701123,2.1476633700212827e-05,0.03294446805535572
0x8399531d4f21347302749f147435942498fc8c41ec53f2e646d06128b3de5b54,False,True,True,False,False,0.40685929110957725,0.002084278624914278,0.20447178486724576
0xe03730b4779bba988b4d67c2212499875aad18b9264c5a2191a7b55abf8ae1b0,False,False,False,False,False,0.005747272825740996,2.1071448810841405e-05,0.0028841721372759184
0xf29649089e07daed48257650835eb787ec95e0dd451212195069837fc24b5fc5,False,False,False,False,False,0.005747272825740996,2.1358603655994092e-05,0.002884315714698495
0x0f8cf6954df36b7b4fc139a496416a8717a544c8ce9c1f627270b1984f3addfc,False,False,False,False,False,0.036268111592648,0.0001173671054916907,0.018192739349069845
0xf3b7eb04d6df77ce93dbe992cf5518d534566549ee5aea78e6434ad429c09881,False,False,False,False,False,0.49186779939094216,0.00032936522213755946,0.24609858230653986
0xdff149da2b50c6271082b7f01ce67865035583c354dd143cd38758a41f6710d3,False,False,False,False,False,0.13099515750167562,8.027507746706153e-06,0.06550159250471116
0x2df53e6e5153d792531dbfc67a66f3494ca4e3fa4d316dd519dc7513a6fed59d,False,False,False,False,False,0.17926522673100556,0.00012965344158924545,0.0896974400862974
0xfdc4a6b8b9047e3f88da12371f3e9049fbdcdf01079083d52026b8cd3cc08ecf,False,False,False,False,False,0.034485132309855185,8.341106385806489e-06,0.017246736708120495
0x3a3cf9ad51c280d8c74d72aed15a041d78ae21dc2f8ade1b3a4d7edcd7d78808,False,False,False,False,False,0.005054166539012362,1.6806935593905214e-05,0.002535486737303134
0xbb72bc75a5ba3b87530fc5c696f93cef681e7061d6cb517f0613cfd4590294e0,False,False,False,False,False,0.060604088502933764,7.445117292127518e-06,0.030305766810112947
0x7c2834eec958d8fab9c4deb2538d40977533a674a66e95a87e691e9b291745a2,False,False,False,False,False,0.004313067418073925,1.174045932027412e-05,0.0021624039386970995
0x23cccff9df43691ce8418f01409a8f63ce8e23f3936b3d1fa494fe58fcd606a4,False,False,False,False,False,0.05097913312241535,4.8192990848106765e-05,0.02551366305663173
0xfbf9d113d43b3d0cc342cc2d17ac72a8b7016cdba7682064e7335cdefe23f65b,False,False,False,False,False,0.03631856048061503,1.3530809779492231e-05,0.01816604564519726
0xdbb30a53987d44f708c96f080ec7a3e02ce2de333da4944523a50fc23c4fa7db,False,False,False,False,False,0.018858555228747947,4.7978042832097393e-05,0.009453266635790021
0x72175066493a3c08ce42bfd6e19558740591a4fd796de01f770c20d12bb47a19,False,False,False,False,False,0.00018783882871659804,1.9825627901872817e-06,9.491069575339267e-05
0x3ed7f5c882c364ad39a31489fea990e8141b92937d940ef7f9fb93f368a08efe,False,False,False,False,False,8.317453980272936e-05,8.864664174781013e-06,4.6019601988755185e-05
0xb9cc6b78a13097785523ee866e48848f5f050acd54b9e5213d3076f2a239f1f1,False,False,False,False,False,0.03655960273685326,1.0905365289790737e-05,0.018285254051071526
0x86d5e22e7905b1136d7bfcd34c30236fd4a4fb6231fea0a598ddea90402c4bee,False,False,False,False,False,0.011111241506181976,8.159491439971262e-06,0.005559700498810973
0xcd45057119c79a807e0471433f01d59ab659ec8c0e95f24579ab23f1fcbccdbf,False,False,False,False,False,8.317453980272936e-05,1.1745434849279722e-05,4.745998732600454e-05
0x6776213fdcfe53740bc43ba28b8b889bb00e7cf13af53164416e25df01dd29cf,False,False,False,False,False,0.1731206807581725,1.7320864338169238e-05,0.08656900081125533
0xa2ff5ee556e0576256b8227eeb3055cb7cb3b5a99ccd043ce85830b27c558d1d,False,False,False,False,False,0.13074558802747344,7.559428878971842e-06,0.06537657372817621
0x70f5b013137d4a0638c97b15e523e343f47d7febe9bdf113b4052e1df7cc108c,False,False,False,False,False,0.035826191843086164,9.060771482441436e-06,0.0179176263072843
0x08f4dd011a7ff9fdf7fd2ce5b0ead47f7d5808da9ecf9b016966b88b7b09542e,False,False,False,False,False,0.036258440982515405,1.0973719645804533e-05,0.018134707351080605
0x2a8125001da82edbf71bff8d36004475784bc68d55f3eec2bb5f239eae373423,False,False,False,False,False,0.22824945673099864,1.3300467361483345e-05,0.11413137859918006
0x602d355ef9f0cd2fc765fdbe66be728bfa3d35ab4a4b714942497a38b304e5b6,False,False,False,False,False,0.13967932830208307,2.512758286847879e-05,0.06985222794247578
0x6d3fc04182b4ae3904b550acf25fdb0d519bcc036af800fb8201343792bd328f,False,False,False,False,False,0.11578645281243351,3.7610073251478824e-05,0.057912031442842495
0xca4f29071cefc54fb73d8c7da4db644802e68d0542ab48d5499bc966c658fc38,False,False,False,False,False,0.1893184142575784,0.00013665507488025232,0.09472753466622932
0x9bb73e8e8a0d13a64e1edcc93a419fde0716b4e91fcd0b39116102b49c18ee68,False,False,False,False,False,0.03239076276391127,9.319159879237294e-06,0.016200040961895253
0x4650888227279152844910214963ce0142112da93cfbb479357570a7c309c839,False,False,False,False,False,0.059720244301592305,1.1151082925781873e-05,0.029865697692259045
0x284d7d037ab408c20c9694821f8cc772082ae498f5405c69534c2ede07ef3276,False,False,False,False,False,0.011339620194107756,1.4799576909903027e-05,0.005677209885508829
0x1cae9b864d55162d596c26f352b3e84850376bc4d17c45b27f6029fad7c60365,False,False,False,False,False,0.004489995672748301,2.7313100992637248e-05,0.002258654386870469
0x03130b7ba4567e20581c839b226e09dab2c63da9d5632f38a6093a062d6ea229,False,False,False,False,False,0.015952638842116795,1.4731379778906643e-05,0.00798368511094785
0x6403840895ad47995a802dc7a7704cefe419c64359bd35fa2a8d7accd38f8f84,False,False,False,False,False,0.00019629387526002074,9.034187013357376e-06,0.00010266403113668906
0xc2eeed147511d63604afab6608f272d707c8120c658f6504fcb0cf9ee9c7d702,False,False,False,False,False,0.01850994923293809,6.994337852890874e-06,0.00925847178539549
0x2987020c822d91a12233ef76c03b8df1308bab443bb718ddc9f5d10a9cfb7d4a,False,False,False,False,False,0.13670051728425683,5.759989698398991e-06,0.06835313863697762
0x89067dd9d00e739bf848f11f5cff3cecf7576eb421efa1508bbe22fb8e4d765e,False,False,False,False,False,0.10734019567892182,0.00012636069558668485,0.053733278187254256
0xce1648da10810179ac14d3e247e58b112db6a339b88fc4c9b4844d2e3e37a792,False,False,False,False,False,0.21763648957042028,2.2458792950198074e-05,0.10882947418168525
0x3ae8587707541a2158698bd377970caeb9a733903ae2f87e3ab823855b6034e3,False,False,False,False,False,0.17607625214551612,0.00010443850774427675,0.0880903453266302
0x5840b72bf856331417523d7f8fde66f15503555b95e654d711d6a798dc7e3e09,False,False,False,False,False,0.10488505530199377,5.697661423571088e-06,0.05244537648170867
0x055c116a7040411f137ae7eccc0450198f9d5e9a92221c21833249612775f923,False,False,False,False,False,0.405169845808697,0.0001711273064212835,0.20267048655755915
0x5db0147132e2e6350b4dcc2519307c3921acf071af9354f1cc484520c32fa5b3,False,False,False,False,False,0.03564715627332749,3.954966041534849e-06,0.017825555619684512
0xa0e18e5f856fda3d455c63af1e69196f2efe0f6472fc4663b83a8de13af2ab45,False,False,False,False,False,0.036009671804211094,3.5207263323275365e-05,0.018022439533767184
0x110357e6440b50021db03cd8cf8450a729e2fe168d00519e5ef30a8aaa6d35f0,False,False,False,False,False,0.03217280794890301,2.2629797126288137e-05,0.016097718873014647
0x03febf871e756af14522f509ed7b8c68cc695b584131f33af619ee50b161dec3,False,False,False,False,False,0.08219234895353612,0.0001470174277760467,0.04116968319065609
0xcff1222842337f6f796fde3bc31793496cd035024e597b441b46ef5339739783,False,False,False,False,False,0.5119756866423087,0.0002791161311480109,0.2561274013867284
0x1f95a597d2e1978fc7e2c0d48ace065bb906b2b98be0643d4af2f510cef2b621,False,False,False,False,False,0.3032750549528067,4.717871827196597e-05,0.15166111683553934
0xd9efc1b9d20f6ffe6534be5a243971568b383aa7d70f2f4799e2c9d67811fd91,False,False,False,False,False,0.042018983870656834,7.540654277189537e-06,0.02101326226246701
0x587cefcc3b55ef03d352fadca44c0f46e181cc8d95936a2db6392b4099e7a1dc,False,False,False,False,False,0.07777868813979096,6.078387581601238e-06,0.03889238326368628
0x2b100df095861da36a5261218bc5c7b82df8238b095dd20348e81ee0c91803f1,False,False,False,False,False,0.022750789349568017,2.3598084252842655e-05,0.01138719371691043
0xe35d70d72956c2f201c845bf2e1467ae02c91dc6177b4e7e8e0b032f85873658,False,False,False,False,False,0.14997055853891283,8.511110348577161e-06,0.07498953482463071
0x3a7b8a42ca862782eef302a6603e7dd3074d3c93b59658f01e3b0d770edd119e,False,False,False,False,False,0.02304506230677982,2.1523821981439908e-05,0.01153329306438063
0xdff20a65624b399c92c8ceea46e3d42707ecfba408b7af371a2087c5793e3f6c,False,False,False,False,False,0.29902857298478003,0.00011422776234826363,0.14957140037356415
0x91814b0a1c52e34953b442c6f01b2539fae04c652fb5e512532f79e69578661d,False,False,False,False,False,0.13665447842256392,6.3620846577432775e-06,0.06833042025361083
0x69ee6089c9a8d5bd56865806352d16873117f9fc56786de2d0fa97a42312f535,False,False,False,False,False,0.41286633484459917,0.00013420715743695546,0.20650027100101806
0xec48001e22975d6a1aef3927e348afd58b99431c6617d3e68642fa5968c92880,False,False,False,False,False,0.029788197850976056,1.7381167019253674e-05,0.014902789508997654
0xdae7d590c9692ccc8571a8ca5da6bd7b5fecc72170d06b3c7b1b3646aef24568,False,False,False,False,False,0.029788197850976056,1.736682319848886e-05,0.014902782337087273
0x4699e6f6564d2a3708f0cac18d24a10f2d81efa70fa4f730667606a80c55cc8c,False,False,False,False,False,0.04199833869016794,6.274913598824522e-06,0.02100230680188338
0xbb2f25491362f750a761be70e868271cb8e07389b67c0e1deee3c221b6b365c0,False,False,False,False,False,0.027763613469568325,5.044949602433222e-07,0.013882058982264285
0xbd3476821b383f26a1f1bd66fc01cef6a9350843d9e7592d01712bd4d59659f8,False,False,False,False,False,0.08374762635507922,7.65464437939879e-06,0.04187764049972931
0x88710f43192393fdd8a0375f7f63a681ca75181f268eb76ae6e940b3cac1f353,False,False,False,False,False,0.02608685470974066,2.2750581952994152e-06,0.01304456488396798
0x453eab9b8085d9148974716eef50d2af68e08731f415894a1d949fb381a5ab2d,False,False,False,False,False,0.03185907278717662,3.808093012987514e-05,0.015948576858653245
0x5bf0deec5bb4111d6cef9259820b39cff7758ab33b670e8b8e4136f566665a88,False,False,False,False,False,0.06118504781418785,9.891751764846413e-06,0.03059746978297635
0x606ccf5204b1445db1d7b6387fa724a93cceec7d0b7d44459dc172a03aa88bb1,False,False,False,False,False,0.02434884846274002,2.846828964047195e-06,0.012175847645852033
0x94c82b6928ccbc08da7cef27ef0013fafde596b88bdc825fb0d6cc755023fbd4,False,False,False,False,False,0.021929063273053016,1.1602312354283348e-05,0.01097033279270365
0x183fabad024b751ee7af86ea87680abe90365d0199cbd79695f04c8bdfe96f40,False,False,False,False,False,0.02536790440753812,1.1542381113484955e-05,0.012689723394325803
0xfdeb002f64b572905415f4fe4b9a4468005d0631964f023ab30df1f07baaabc5,False,False,False,False,False,0.028754682529142407,2.186831251715742e-06,0.01437843468019706
0x2022f3776ffb79433dd240e3bca553ded97ab81ca60381cfee701d6f4f0b2c52,False,False,False,False,False,0.026558959885046866,1.1150156663899435e-05,0.013285055020855382
0x7f520227eced2a30b48a3f731310eb5881d31108d1afbe06638b34b8aa4d1792,False,False,False,False,False,0.09054568953125565,6.906908829853556e-05,0.045307379309777095
0xe70072df1e920a953e179ba24046b8adafcae661778e739014c47854e44242e2,False,True,True,False,False,0.3762258306599361,0.013058145315331511,0.1946419879876338
0xfe4f13e9e706a2e912f2525565d959d3e41fa782e7d98d9a611d8337aa752011,False,False,False,False,False,0.025271578485917493,2.603167178520742e-05,0.01264880507885135
0x355c512fe10902890c27e4b0bc6a4b3b941077265b1d9d92db3665a04f3f1e6b,False,False,False,False,False,0.026450333069519837,1.428816153596022e-05,0.013232310615527898
0xdc02c4ca3eafab13068626ce0c1c9ab17ac11ee732d92af090250f33acff6a57,False,False,False,False,False,0.024240407602323495,3.2341493354508252e-06,0.012121820875829473
0xe9ac407c54b01a66110f0401c9f210db26007087835e128bada18842d2b178d1,False,False,False,False,False,0.023645159356636816,2.960661312507201e-06,0.011824060008974662
0x1b7835e7a0f10c60aeb3146f96ffce0556c58193e069ed0ccb9ce497be6c12c6,False,False,False,False,False,0.04376192746331252,3.8637629665007935e-05,0.021900282546488764
0xdce3891366265760e786dc0bbc32e10c3bf391974d6effa2f8db38a1ffef049c,False,False,False,False,False,0.031115184062123425,3.4495310447111758e-06,0.015559316796584068
0x44f2d5b87d49d47449d16e03f78f4005954d24d287a4281cd2f373dc222100cd,False,False,False,False,False,0.026315014966923927,2.2516597151411533e-05,0.01316876578203767
0x09e986f972dac6af25d73344d6069d3c36c159914ae44b770a428f6092fbbc10,False,False,False,False,False,0.030877237866970258,3.6563488097140005e-05,0.015456900677533698
0x8554965aac667744d574aa5caaf0bfb21d5a4414b43c2cebd75c3310cacf1e9f,False,False,False,False,False,0.1514360574864464,7.0252795474595365e-06,0.07572154138299693
0x3f5102ce7a18ed70d5a42db5aac17a5be65c33e917cfd5111cadc4fa2386086a,False,False,False,False,False,0.1492321137634204,6.852660515710497e-05,0.07465032018428876
0x5527531f4a8303342657a7c55549d2bd14949e0ea2e7cf306241e5b69999bb3c,False,False,False,False,False,0.16835266182654862,0.0007445327722396713,0.08454859729939415
0xc3e529aed4296eb174e676a20e152990a486bdf5ea02c3df0f5355bcf1518cc2,False,False,False,False,False,0.02501110262627903,3.809919478407166e-05,0.01252460091053155
0x4cc22549a762bec8314e0e58bfcf0a97288556d200f6f4a06dc45af362e1513f,False,False,False,False,False,0.23566287831774424,1.92839326732829e-05,0.11784108112520876
0x80235a246cb36453c43ad9f71bc7a8242ec3dd3a3ece1a52f1f65fc1163eaee6,False,False,False,False,False,0.015193625782045882,3.865037554135571e-07,0.007597006142900648
0x64d5f0e3be16ff795acbd66d5b91efeeceff425273f67e1e9b14dc0f78f9d6d6,False,False,False,False,False,0.03068413183808666,1.5121260959743492e-05,0.015349626549523201
0x3371db98f436cd98d7a5b16f583882d80f332707fcc5196222ce7716719e407c,False,False,False,False,False,0.19051981646996657,2.633853720482496e-05,0.0952730775035857
0xe2db19635382e1d5b1ffa8f71e36c8e7358545aaa6ac715371d10427a31221c5,False,False,False,False,False,0.040296479820951116,3.99462612981997e-05,0.020168213041124657
0x809688250753a4bf32833b0238967e113531b9ad6b2fb45a4302301f4636e8b9,False,False,False,False,False,0.14935000184618305,0.0005720267253103232,0.07496101428574668
0xc450dcc08818882ec5063352cd9c66fda4cbfb042b0f9fd713f03ea9a99cadb1,False,False,False,False,False,0.01553124104879938,1.6755308424391913e-05,0.007773998178611886
0xcfddc711c3f426b94d6131b9281ad359646efed6737e604408a23b3d90f8c35f,False,False,False,False,False,0.038301234698691324,3.663002785958313e-05,0.019168932363275454
0x762acb8bb30536b3861db18d32c7ff206bd42ade0c4fff4ba1880e43691662ec,False,False,False,False,False,0.11824003654979594,3.548917797038484e-05,0.05913776286388316
0x67302ca50949acae9d8085f093155897c6a897183173ba883c13dfd09e5e630e,False,False,False,False,False,0.12981082548554948,5.9938581534905715e-05,0.0649353820335422
0x8ee154791eb4528b71c081e0fda74e19920154d626a31a49190dae964c02fe81,False,False,False,False,False,0.016917789015718967,8.606677532072586e-06,0.00846319784662552
0xfb596a5e063a1e05cb863f278028949893a4e99f5a255bfd7e73627ffc5a4a35,True,True,True,True,True,0.550778161616311,0.2012275647132309,0.37600286316477094
0xfb596a5e063a1e05cb863f278028949893a4e99f5a255bfd7e73627ffc5a4a35,True,True,True,True,True,0.550778161616311,0.20124581707199748,0.37601198934415425
0xfb596a5e063a1e05cb863f278028949893a4e99f5a255bfd7e73627ffc5a4a35,True,True,True,True,True,0.550778161616311,0.20140114228827397,0.3760896519522925
0xfb596a5e063a1e05cb863f278028949893a4e99f5a255bfd7e73627ffc5a4a35,True,True,True,True,True,0.5503261632283509,0.2012275647132309,0.3757768639707909
0xfb596a5e063a1e05cb863f278028949893a4e99f5a255bfd7e73627ffc5a4a35,True,True,True,True,True,0.5503261632283509,0.20124581707199748,0.3757859901501742
0xfb596a5e063a1e05cb863f278028949893a4e99f5a255bfd7e73627ffc5a4a35,True,True,True,True,True,0.5503261632283509,0.20140114228827397,0.37586365275831246
0xfb596a5e063a1e05cb863f278028949893a4e99f5a255bfd7e73627ffc5a4a35,True,True,True,True,True,0.5489710851502523,0.2012275647132309,0.3750993249317416
0xfb596a5e063a1e05cb863f278028949893a4e99f5a255bfd7e73627ffc5a4a35,True,True,True,True,True,0.5489710851502523,0.20124581707199748,0.3751084511111249
0xfb596a5e063a1e05cb863f278028949893a4e99f5a255bfd7e73627ffc5a4a35,True,True,True,True,True,0.5489710851502523,0.20140114228827397,0.37518611371926314
0xfb596a5e063a1e05cb863f278028949893a4e99f5a255bfd7e73627ffc5a4a35,True,True,True,True,True,0.550778161616311,0.2012275647132309,0.37600286316477094
0xfb596a5e063a1e05cb863f278028949893a4e99f5a255bfd7e73627ffc5a4a35,True,True,True,True,True,0.550778161616311,0.20124581707199748,0.37601198934415425
0xfb596a5e063a1e05cb863f278028949893a4e99f5a255bfd7e73627ffc5a4a35,True,True,True,True,True,0.550778161616311,0.20140114228827397,0.3760896519522925
0xfb596a5e063a1e05cb863f278028949893a4e99f5a255bfd7e73627ffc5a4a35,True,True,True,True,True,0.5503261632283509,0.2012275647132309,0.3757768639707909
0xfb596a5e063a1e05cb863f278028949893a4e99f5a255bfd7e73627ffc5a4a35,True,True,True,True,True,0.5503261632283509,0.20124581707199748,0.3757859901501742
0xfb596a5e063a1e05cb863f278028949893a4e99f5a255bfd7e73627ffc5a4a35,True,True,True,True,True,0.5503261632283509,0.20140114228827397,0.37586365275831246
0xfb596a5e063a1e05cb863f278028949893a4e99f5a255bfd7e73627ffc5a4a35,True,True,True,True,True,0.5489710851502523,0.2012275647132309,0.3750993249317416
0xfb596a5e063a1e05cb863f278028949893a4e99f5a255bfd7e73627ffc5a4a35,True,True,True,True,True,0.5489710851502523,0.20124581707199748,0.3751084511111249
0xfb596a5e063a1e05cb863f278028949893a4e99f5a255bfd7e73627ffc5a4a35,True,True,True,True,True,0.5489710851502523,0.20140114228827397,0.37518611371926314
0xfb596a5e063a1e05cb863f278028949893a4e99f5a255bfd7e73627ffc5a4a35,True,True,True,True,True,0.550778161616311,0.2012275647132309,0.37600286316477094
0xfb596a5e063a1e05cb863f278028949893a4e99f5a255bfd7e73627ffc5a4a35,True,True,True,True,True,0.550778161616311,0.20124581707199748,0.37601198934415425
0xfb596a5e063a1e05cb863f278028949893a4e99f5a255bfd7e73627ffc5a4a35,True,True,True,True,True,0.550778161616311,0.20140114228827397,0.3760896519522925
0xfb596a5e063a1e05cb863f278028949893a4e99f5a255bfd7e73627ffc5a4a35,True,True,True,True,True,0.5503261632283509,0.2012275647132309,0.3757768639707909
0xfb596a5e063a1e05cb863f278028949893a4e99f5a255bfd7e73627ffc5a4a35,True,True,True,True,True,0.5503261632283509,0.20124581707199748,0.3757859901501742
0xfb596a5e063a1e05cb863f278028949893a4e99f5a255bfd7e73627ffc5a4a35,True,True,True,True,True,0.5503261632283509,0.20140114228827397,0.37586365275831246
0xfb596a5e063a1e05cb863f278028949893a4e99f5a255bfd7e73627ffc5a4a35,True,True,True,True,True,0.5489710851502523,0.2012275647132309,0.3750993249317416
0xfb596a5e063a1e05cb863f278028949893a4e99f5a255bfd7e73627ffc5a4a35,True,True,True,True,True,0.5489710851502523,0.20124581707199748,0.3751084511111249
0xfb596a5e063a1e05cb863f278028949893a4e99f5a255bfd7e73627ffc5a4a35,True,True,True,True,True,0.5489710851502523,0.20140114228827397,0.37518611371926314
0xc29c7c8168c187e46c791b07ef261ebe8ce6d5fa0f6cfc10f3f405f1343227e3,False,False,False,False,False,0.10013509404422055,5.090509797937251e-05,0.050092999571099965
0x29f293cb0f6c45379a0f554b388f1ee4d9fff39d80ec54e68a50404980cf5ff7,False,False,False,False,False,0.04689057890721205,7.147649960712726e-06,0.02344886327858638
